<?xml version="1.0" encoding="UTF-8" ?><xml><records><record><database name="NSCClibrary.enl" path="F:\NSCClibrary.enl">NSCClibrary.enl</database><source-app name="EndNote" version="17.1">EndNote</source-app><rec-number>3903</rec-number><foreign-keys><key app="EN" db-id="5s5ppfp52t55w0eadv7p5ss3vfxzs5fwwe5w">3903</key></foreign-keys><ref-type name="Journal Article">17</ref-type><contributors><authors><author><style face="normal" font="default" size="100%">Phillips, Roslyn</style></author><author><style face="normal" font="default" size="100%">Munt, Glenn</style></author><author><style face="normal" font="default" size="100%">Drury, Jan</style></author><author><style face="normal" font="default" size="100%">Stoklosa, Margaret</style></author><author><style face="normal" font="default" size="100%">Spink, Janet</style></author></authors></contributors><titles><title><style face="normal" font="default" size="100%">Dropouts in family therapy</style></title><secondary-title><style face="normal" font="default" size="100%">Australian and New Zealand Journal of Family Therapy, The</style></secondary-title></titles><periodical><full-title><style face="normal" font="default" size="100%">Australian and New Zealand Journal of Family Therapy, The</style></full-title></periodical><pages><style face="normal" font="default" size="100%">115-8</style></pages><volume><style face="normal" font="default" size="100%">18</style></volume><number><style face="normal" font="default" size="100%">2</style></number><keywords><keyword><style face="normal" font="default" size="100%">Dropout</style></keyword><keyword><style face="normal" font="default" size="100%">Engagement</style></keyword><keyword><style face="normal" font="default" size="100%">Family therapy</style></keyword><keyword><style face="normal" font="default" size="100%">Follow-up</style></keyword></keywords><dates><year><style face="normal" font="default" size="100%">1997</style></year><pub-dates><date><style face="normal" font="default" size="100%">1997 Jun</style></date></pub-dates></dates><isbn><style face="normal" font="default" size="100%">0814-723X</style></isbn><abstract><style face="normal" font="default" size="100%">The factors that are raised under this heading are varied and difficult to summarise, ranging as they do from reflections on the dropout of family therapists themselves, to the dropout of clients, the reasons for which have been variously construed.</style></abstract><urls><related-urls><url><style face="normal" font="default" size="100%">http://search.informit.com.au/documentSummary;dn=428863134282886;res=IELHEA</style></url></related-urls><pdf-urls><url>internal-pdf://Phillips et al 1997 - Dropouts in family-1420217856/Phillips et al 1997 - Dropouts in family.pdf</url></pdf-urls></urls></record><record><database name="NSCClibrary.enl" path="F:\NSCClibrary.enl">NSCClibrary.enl</database><source-app name="EndNote" version="17.1">EndNote</source-app><rec-number>3904</rec-number><foreign-keys><key app="EN" db-id="5s5ppfp52t55w0eadv7p5ss3vfxzs5fwwe5w">3904</key></foreign-keys><ref-type name="Journal Article">17</ref-type><contributors><authors><author><style face="normal" font="default" size="100%">Saxon, David</style></author><author><style face="normal" font="default" size="100%">Ricketts, Tom</style></author><author><style face="normal" font="default" size="100%">Heywood, Joanna</style></author></authors></contributors><titles><title><style face="normal" font="default" size="100%">Who drops-out? Do measures of risk to self and to others predict unplanned endings in primary care counselling?</style></title><secondary-title><style face="normal" font="default" size="100%">Counselling and Psychotherapy Research</style></secondary-title></titles><periodical><full-title><style face="normal" font="default" size="100%">Counselling and Psychotherapy Research</style></full-title></periodical><pages><style face="normal" font="default" size="100%">13-21</style></pages><volume><style face="normal" font="default" size="100%">10</style></volume><number><style face="normal" font="default" size="100%">1</style></number><keywords><keyword><style face="normal" font="default" size="100%">Counselling</style></keyword><keyword><style face="normal" font="default" size="100%">Dropout</style></keyword><keyword><style face="normal" font="default" size="100%">Engagement</style></keyword><keyword><style face="normal" font="default" size="100%">Therapy</style></keyword></keywords><dates><year><style face="normal" font="default" size="100%">2009</style></year><pub-dates><date><style face="normal" font="default" size="100%">2010/03/01</style></date></pub-dates></dates><publisher><style face="normal" font="default" size="100%">Routledge</style></publisher><isbn><style face="normal" font="default" size="100%">1473-3145</style></isbn><abstract><style face="normal" font="default" size="100%">Aims: Unplanned endings, where clients unilaterally end therapy, are of concern for psychological therapy services generally as they raise questions about the appropriateness of the treatment and it&apos;s delivery for some clients. Limited available data indicates that those who drop-out often have more severe symptoms at entry, and have poorer clinical outcomes. This raises further questions about risk to self and others for those clients who leave therapy prematurely and how these clients might be identified and kept engaged. Method: This paper uses a large dataset of CORE data collected routinely in a primary care counselling service between 2000 and 2003. Logistic regression was utilised to consider different measures of risk and other client characteristics recorded at assessment to predict drop-out from the service. Results: These indicate that younger age, greater psychological distress at assessment, an addiction problem and greater risk to others, are associated with an unplanned ending. However, no reliable logistic regression model could be produced. This may be partly due to data quality issues or important characteristics not being available in the data. Implications for practice: The paper concludes that counsellors should actively seek to minimise unplanned endings, as amongst them may be represented the more distressed and risky clients referred to primary care counselling.</style></abstract><urls><related-urls><url><style face="normal" font="default" size="100%">http://dx.doi.org/10.1080/14733140902914604</style></url></related-urls><pdf-urls><url>internal-pdf://Saxon et al 2010 - Who drops out-0615818240/Saxon et al 2010 - Who drops out.pdf</url></pdf-urls></urls><electronic-resource-num><style face="normal" font="default" size="100%">10.1080/14733140902914604</style></electronic-resource-num><access-date><style face="normal" font="default" size="100%">2013/01/20</style></access-date></record><record><database name="NSCClibrary.enl" path="F:\NSCClibrary.enl">NSCClibrary.enl</database><source-app name="EndNote" version="17.1">EndNote</source-app><rec-number>711</rec-number><foreign-keys><key app="EN" db-id="5s5ppfp52t55w0eadv7p5ss3vfxzs5fwwe5w">711</key><key app="ENWeb" db-id="ThEeKwrtqggAAHqv064">3888</key></foreign-keys><ref-type name="Journal Article">17</ref-type><contributors><authors><author><style face="normal" font="default" size="100%">Seager, James A.</style></author><author><style face="normal" font="default" size="100%">Jellicoe, Debra</style></author><author><style face="normal" font="default" size="100%">Dhaliwal, Gurmeet K.</style></author></authors></contributors><titles><title><style face="normal" font="default" size="100%">Refusers, dropouts, and completers: Measuring sex offender treatment efficacy</style></title><secondary-title><style face="normal" font="default" size="100%">International Journal of Offender Therapy and Comparative Criminology</style></secondary-title></titles><periodical><full-title><style face="normal" font="default" size="100%">International Journal of Offender Therapy and Comparative Criminology</style></full-title></periodical><pages><style face="normal" font="default" size="100%">600</style></pages><volume><style face="normal" font="default" size="100%">48</style></volume><number><style face="normal" font="default" size="100%">5</style></number><keywords><keyword><style face="normal" font="default" size="100%">Recidivism</style></keyword><keyword><style face="normal" font="default" size="100%">Sex offender</style></keyword><keyword><style face="normal" font="default" size="100%">Treatment</style></keyword><keyword><style face="normal" font="default" size="100%">Violence</style></keyword></keywords><dates><year><style face="normal" font="default" size="100%">2004</style></year></dates><isbn><style face="normal" font="default" size="100%">0306-624X</style></isbn><abstract><style face="normal" font="default" size="100%">A sex offender program delivered in a medium-security prison followed 109 treatment completers and 37 noncompleters for 2 years after release. Noncompleters, those who refused treatment or dropped out, had 6 times the rate of sexual and violent reoffending relative to completers. Among those who completed the program, however, positive evaluations of treatment change, such as quality of disclosure and enhanced victim empathy, found in posttreatment assessments did not correlate with recidivism. Furthermore, completers did not differ in their rates of recidivism from pretreatment rates predicted by the Static 99, an actuarial measure of anticipated sexual and violent recidivism. We conclude that the programdid not influence propensities for sexual and violent recidivism but rather served as a prolonged screening instrument for sex offenders whose failure to comply with treatment attendance predicted higher rates of recidivism.</style></abstract><urls><pdf-urls><url>internal-pdf://Refusers, Dropouts &amp; Completers-3095907329/Refusers, Dropouts &amp; Completers.pdf</url></pdf-urls></urls></record></records></xml>