<?xml version="1.0" encoding="UTF-8" ?><xml><records><record><database name="NSCClibrary.enl" path="F:\NSCClibrary.enl">NSCClibrary.enl</database><source-app name="EndNote" version="17.1">EndNote</source-app><rec-number>853</rec-number><foreign-keys><key app="EN" db-id="5s5ppfp52t55w0eadv7p5ss3vfxzs5fwwe5w">853</key><key app="ENWeb" db-id="ThEeKwrtqggAAHqv064">3909</key></foreign-keys><ref-type name="Book">6</ref-type><contributors><authors><author><style face="normal" font="default" size="100%">Bird, J.</style></author></authors></contributors><titles><title><style face="normal" font="default" size="100%">The heart&apos;s narrative: therapy and navigating life&apos;s contradictions</style></title></titles><pages><style face="normal" font="default" size="100%">&#xD;</style></pages><keywords><keyword><style face="normal" font="default" size="100%">Gender</style></keyword><keyword><style face="normal" font="default" size="100%">Therapy</style></keyword></keywords><dates><year><style face="normal" font="default" size="100%">2000</style></year></dates><pub-location><style face="normal" font="default" size="100%">Auckland, NZ</style></pub-location><publisher><style face="normal" font="default" size="100%">Edge Press</style></publisher><isbn><style face="normal" font="default" size="100%">0473065584</style></isbn><notes><style face="normal" font="default" size="100%">New Street and Cedar Cottage Training CD September 2008&#xD;Held at Cedar Cottage Library - 1 copy&#xD;Held at New Street, Sydney - 1 copy</style></notes><urls></urls></record><record><database name="NSCClibrary.enl" path="F:\NSCClibrary.enl">NSCClibrary.enl</database><source-app name="EndNote" version="17.1">EndNote</source-app><rec-number>2733</rec-number><foreign-keys><key app="EN" db-id="5s5ppfp52t55w0eadv7p5ss3vfxzs5fwwe5w">2733</key></foreign-keys><ref-type name="Journal Article">17</ref-type><contributors><authors><author><style face="normal" font="default" size="100%">Carey, M.</style></author><author><style face="normal" font="default" size="100%">Russell, S.</style></author></authors></contributors><titles><title><style face="normal" font="default" size="100%">Externalising: Commonly asked questions</style></title><secondary-title><style face="normal" font="default" size="100%">International Journal of Narrative Therapy and Community Work</style></secondary-title></titles><periodical><full-title><style face="normal" font="default" size="100%">International Journal of Narrative Therapy and Community Work</style></full-title></periodical><pages><style face="normal" font="default" size="100%">76-85</style></pages><volume><style face="normal" font="default" size="100%">2</style></volume><keywords><keyword><style face="normal" font="default" size="100%">Externalising</style></keyword><keyword><style face="normal" font="default" size="100%">Narrative therapy</style></keyword></keywords><dates><year><style face="normal" font="default" size="100%">2002</style></year></dates><abstract><style face="normal" font="default" size="100%">The following questions and answers about &apos;externalising&apos; have been created in response to regular requests from practitioners.</style></abstract><urls><pdf-urls><url>internal-pdf://Carey, Maggie et al 2002 - Externalising Commonly Asked Ques-1353783297/Carey, Maggie et al 2002 - Externalising Commonly Asked Ques.pdf</url></pdf-urls></urls></record><record><database name="NSCClibrary.enl" path="F:\NSCClibrary.enl">NSCClibrary.enl</database><source-app name="EndNote" version="17.1">EndNote</source-app><rec-number>2734</rec-number><foreign-keys><key app="EN" db-id="5s5ppfp52t55w0eadv7p5ss3vfxzs5fwwe5w">2734</key></foreign-keys><ref-type name="Journal Article">17</ref-type><contributors><authors><author><style face="normal" font="default" size="100%">Carey, M.</style></author><author><style face="normal" font="default" size="100%">Russell, S.</style></author></authors></contributors><titles><title><style face="normal" font="default" size="100%">Re-authoring: Some answers to commonly asked questions</style></title><secondary-title><style face="normal" font="default" size="100%">International Journal of Narrative Therapy and Community Work</style></secondary-title></titles><periodical><full-title><style face="normal" font="default" size="100%">International Journal of Narrative Therapy and Community Work</style></full-title></periodical><pages><style face="normal" font="default" size="100%">60-71</style></pages><volume><style face="normal" font="default" size="100%">3</style></volume><keywords><keyword><style face="normal" font="default" size="100%">Reauthoring</style></keyword><keyword><style face="normal" font="default" size="100%">Narrative therapy</style></keyword></keywords><dates><year><style face="normal" font="default" size="100%">2003</style></year></dates><abstract><style face="normal" font="default" size="100%">The understanding that our lives our shaped by the stories that we create about them underpins all narrative practice. This practice-based paper, which was created through collaborative processes involving narrative practitioners in a number of different countries, seeks to answer some commonly asked questions about re-authoring conversations. Practical examples are offered throughout, as are explanations of the thinking that informs re-authoring conversations.</style></abstract><urls><pdf-urls><url>internal-pdf://Carey, Maggie et al 2003 - Re Authoring Some Answers to Comm-2561854465/Carey, Maggie et al 2003 - Re Authoring Some Answers to Comm.pdf</url></pdf-urls></urls></record><record><database name="NSCClibrary.enl" path="F:\NSCClibrary.enl">NSCClibrary.enl</database><source-app name="EndNote" version="17.1">EndNote</source-app><rec-number>2755</rec-number><foreign-keys><key app="EN" db-id="5s5ppfp52t55w0eadv7p5ss3vfxzs5fwwe5w">2755</key></foreign-keys><ref-type name="Journal Article">17</ref-type><contributors><authors><author><style face="normal" font="default" size="100%">Crocket, K.</style></author></authors></contributors><titles><title><style face="normal" font="default" size="100%">Introducing counsellors to collaborative supervision</style></title><secondary-title><style face="normal" font="default" size="100%">International Journal of Narrative Therapy &amp; Community Work</style></secondary-title></titles><periodical><full-title><style face="normal" font="default" size="100%">International Journal of Narrative Therapy &amp; Community Work</style></full-title></periodical><pages><style face="normal" font="default" size="100%">19</style></pages><volume><style face="normal" font="default" size="100%">2002</style></volume><number><style face="normal" font="default" size="100%">4</style></number><keywords><keyword><style face="normal" font="default" size="100%">Counselling</style></keyword><keyword><style face="normal" font="default" size="100%">Supervision</style></keyword><keyword><style face="normal" font="default" size="100%">Narrative therapy</style></keyword></keywords><dates><year><style face="normal" font="default" size="100%">2002</style></year></dates><abstract><style face="normal" font="default" size="100%">Preparing counsellors for supervision is a long-neglected area. In this paper, Kathie Crocket explores the positioning of counsellors in supervision and offers an example of a letter she writes to students as a way of introducing them to the notion of collaborative supervision and all this can entail.</style></abstract><urls><pdf-urls><url>internal-pdf://Crocket, Kathie 2002 - Introducing Counsellors.....-1651704320/Crocket, Kathie 2002 - Introducing Counsellors......pdf</url></pdf-urls></urls></record><record><database name="NSCClibrary.enl" path="F:\NSCClibrary.enl">NSCClibrary.enl</database><source-app name="EndNote" version="17.1">EndNote</source-app><rec-number>1666</rec-number><foreign-keys><key app="EN" db-id="5s5ppfp52t55w0eadv7p5ss3vfxzs5fwwe5w">1666</key><key app="ENWeb" db-id="ThEeKwrtqggAAHqv064">4363</key></foreign-keys><ref-type name="Book">6</ref-type><contributors><authors><author><style face="normal" font="default" size="100%">Denborough, David</style></author></authors></contributors><titles><title><style face="normal" font="default" size="100%">Extending narrative therapy: A collection of practice-based papers</style></title></titles><keywords><keyword><style face="normal" font="default" size="100%">Narrative therapy</style></keyword><keyword><style face="normal" font="default" size="100%">Narrative approach</style></keyword></keywords><dates><year><style face="normal" font="default" size="100%">1999</style></year></dates><pub-location><style face="normal" font="default" size="100%">Adelaide, SA</style></pub-location><publisher><style face="normal" font="default" size="100%">Dulwich Centre Publications</style></publisher><isbn><style face="normal" font="default" size="100%">0958667896</style></isbn><abstract><style face="normal" font="default" size="100%">This book contains narrative therapy practice-based papers that extend on possibilities in relation to externalising conversations, group work, and community work. Other sections include &apos;In our own voice&apos;, in which authors write of the ways they have re-authored aspects of their own experience; &apos;Talking about sexual abuse&apos;; and &apos;New ways of introducing narrative therapy&apos;. This book has been put together for practitioners who wish to keep in touch with the latest ways in which people are extending narrative ideas.</style></abstract><notes><style face="normal" font="default" size="100%">Held at Cedar Cottage Library - 1 copy&#xD;Held at New Street, Sydney - 1 copy&#xD;Held at Rural New Street Adolescent Service, Tamworth - 1 copy</style></notes><urls></urls></record><record><database name="NSCClibrary.enl" path="F:\NSCClibrary.enl">NSCClibrary.enl</database><source-app name="EndNote" version="17.1">EndNote</source-app><rec-number>4892</rec-number><foreign-keys><key app="EN" db-id="5s5ppfp52t55w0eadv7p5ss3vfxzs5fwwe5w">4892</key></foreign-keys><ref-type name="Journal Article">17</ref-type><contributors><authors><author><style face="normal" font="default" size="100%">Denborough, David; </style></author><author><style face="normal" font="default" size="100%">Koolmatrie, Carolyn; </style></author><author><style face="normal" font="default" size="100%">Mununggirritj, Djapirri; </style></author><author><style face="normal" font="default" size="100%">Marika, Djuwalpi; </style></author><author><style face="normal" font="default" size="100%">Dhurrkay, Wayne; </style></author><author><style face="normal" font="default" size="100%">Yunupingu, Margaret</style></author></authors></contributors><titles><title><style face="normal" font="default" size="100%">Linking Stories and Initiatives: A Narrative Approach to Working with the Skills and Knowledge of Communities </style></title><secondary-title><style face="normal" font="default" size="100%">The International Journal of Narrative Therapy and Community Work</style></secondary-title></titles><periodical><full-title><style face="normal" font="default" size="100%">The International Journal of Narrative Therapy and Community Work</style></full-title></periodical><pages><style face="normal" font="default" size="100%">19-51</style></pages><number><style face="normal" font="default" size="100%">2</style></number><keywords><keyword><style face="normal" font="default" size="100%">Counselling</style></keyword><keyword><style face="normal" font="default" size="100%">Narrative therapy</style></keyword></keywords><dates><year><style face="normal" font="default" size="100%">2006</style></year></dates><isbn><style face="normal" font="default" size="100%">1446-5019</style></isbn><abstract><style face="normal" font="default" size="100%">This paper describes an approach to community work informed by narrative ideas that we hope will be of relevance to practitioners in a wide-range of contexts. Over the last year, a number of Aboriginal communities, which are experiencing hard times, have been exchanging stories. These are stories about special skills, special knowledge, about hopes and dreams and the ways that people are holding onto these. They are stories that honour history. This article describes the thinking that has informed this process. It also contains extracts of stories and messages from different communities.</style></abstract><urls><pdf-urls><url>internal-pdf://2929359844/Denborough2006Linking Stories.pdf</url></pdf-urls></urls></record><record><database name="NSCClibrary.enl" path="F:\NSCClibrary.enl">NSCClibrary.enl</database><source-app name="EndNote" version="17.1">EndNote</source-app><rec-number>1630</rec-number><foreign-keys><key app="EN" db-id="5s5ppfp52t55w0eadv7p5ss3vfxzs5fwwe5w">1630</key><key app="ENWeb" db-id="ThEeKwrtqggAAHqv064">4743</key></foreign-keys><ref-type name="Book">6</ref-type><contributors><authors><author><style face="normal" font="default" size="100%">Dulwich Centre Publications,</style></author></authors></contributors><titles><title><style face="normal" font="default" size="100%">Narrative therapy and community work: A conference collection</style></title></titles><keywords><keyword><style face="normal" font="default" size="100%">Narrative therapy</style></keyword><keyword><style face="normal" font="default" size="100%">Counselling</style></keyword><keyword><style face="normal" font="default" size="100%">indigenous Australians</style></keyword></keywords><dates><year><style face="normal" font="default" size="100%">1999</style></year></dates><pub-location><style face="normal" font="default" size="100%">Adelaide, SA</style></pub-location><publisher><style face="normal" font="default" size="100%">Dulwich Centre Publications</style></publisher><isbn><style face="normal" font="default" size="100%">0958667888</style></isbn><abstract><style face="normal" font="default" size="100%">This book represents a range of workshops, presentations and conversations that took place at the inaugural Dulwich Centre Publications Narrative Therapy and Community Work Conference in Adelaide in February 1999. From practice-based seminar papers, to the perspectives of Indigenous Australia, to hearing from the voices of young people, this collection contains a diversity of thoughtful and invigorating writings</style></abstract><notes><style face="normal" font="default" size="100%">Held at New Street, Sydney - 1 copy&#xD;Held at Rural New Street Adolescent Service, Tamworth - 1 copy</style></notes><urls></urls></record><record><database name="NSCClibrary.enl" path="F:\NSCClibrary.enl">NSCClibrary.enl</database><source-app name="EndNote" version="17.1">EndNote</source-app><rec-number>2918</rec-number><foreign-keys><key app="EN" db-id="5s5ppfp52t55w0eadv7p5ss3vfxzs5fwwe5w">2918</key></foreign-keys><ref-type name="Journal Article">17</ref-type><contributors><authors><author><style face="normal" font="default" size="100%">Elliott, Heather</style></author></authors></contributors><titles><title><style face="normal" font="default" size="100%">En-gendering distinctions: Postmodernism, feminism, and narrative therapy</style></title><secondary-title><style face="normal" font="default" size="100%">Gecko</style></secondary-title></titles><periodical><full-title><style face="normal" font="default" size="100%">Gecko</style></full-title></periodical><pages><style face="normal" font="default" size="100%">52-71</style></pages><volume><style face="normal" font="default" size="100%">1</style></volume><keywords><keyword><style face="normal" font="default" size="100%">Gender</style></keyword><keyword><style face="normal" font="default" size="100%">Narrative therapy</style></keyword></keywords><dates><year><style face="normal" font="default" size="100%">1997</style></year></dates><urls><pdf-urls><url>internal-pdf://Elliott, Heather 1997 - En - Gendering Distictions Postmoder-3715771393/Elliott, Heather 1997 - En - Gendering Distictions Postmoder.pdf</url></pdf-urls></urls></record><record><database name="NSCClibrary.enl" path="F:\NSCClibrary.enl">NSCClibrary.enl</database><source-app name="EndNote" version="17.1">EndNote</source-app><rec-number>1094</rec-number><foreign-keys><key app="EN" db-id="5s5ppfp52t55w0eadv7p5ss3vfxzs5fwwe5w">1094</key><key app="ENWeb" db-id="ThEeKwrtqggAAHqv064">4045</key></foreign-keys><ref-type name="Book">6</ref-type><contributors><authors><author><style face="normal" font="default" size="100%">Flaskas, C.</style></author><author><style face="normal" font="default" size="100%">McCarthy, I.</style></author><author><style face="normal" font="default" size="100%">Sheehan, J.</style></author></authors></contributors><titles><title><style face="normal" font="default" size="100%">Hope and despair in narrative and family therapy: Adversity, forgiveness and reconciliation</style></title></titles><dates><year><style face="normal" font="default" size="100%">2007</style></year></dates><pub-location><style face="normal" font="default" size="100%">East Sussex, UK</style></pub-location><publisher><style face="normal" font="default" size="100%">Routledge</style></publisher><isbn><style face="normal" font="default" size="100%">1583917691</style></isbn><notes><style face="normal" font="default" size="100%">Held at Cedar Cottage Library - 1 copy</style></notes><urls></urls></record><record><database name="NSCClibrary.enl" path="F:\NSCClibrary.enl">NSCClibrary.enl</database><source-app name="EndNote" version="17.1">EndNote</source-app><rec-number>2805</rec-number><foreign-keys><key app="EN" db-id="5s5ppfp52t55w0eadv7p5ss3vfxzs5fwwe5w">2805</key></foreign-keys><ref-type name="Journal Article">17</ref-type><contributors><authors><author><style face="normal" font="default" size="100%">Fox, Hugh</style></author><author><style face="normal" font="default" size="100%">Tench, Cathy</style></author></authors></contributors><titles><title><style face="normal" font="default" size="100%">Outsider-witness practices and group supervision</style></title><secondary-title><style face="normal" font="default" size="100%">International Journal of Narrative Therapy &amp; Community Work</style></secondary-title></titles><periodical><full-title><style face="normal" font="default" size="100%">International Journal of Narrative Therapy &amp; Community Work</style></full-title></periodical><pages><style face="normal" font="default" size="100%">25</style></pages><volume><style face="normal" font="default" size="100%">2002</style></volume><number><style face="normal" font="default" size="100%">4</style></number><keywords><keyword><style face="normal" font="default" size="100%">Narrative therapy</style></keyword><keyword><style face="normal" font="default" size="100%">Supervision</style></keyword></keywords><dates><year><style face="normal" font="default" size="100%">2002</style></year></dates><abstract><style face="normal" font="default" size="100%">This paper describes the work of a &apos;narrative supervision group&apos; organised and run in Sheffield, UK. It conveys how the work of supervision reached out of the room in which the group met and touched the lives of the people who were at the centre of the discussions. In doing so, this paper illustrates a possible model for the use of outsider-witness practices in group supervision.</style></abstract><urls><pdf-urls><url>internal-pdf://Fox, Hugh et al 2002 - Outsider-Witness Practices-3016912129/Fox, Hugh et al 2002 - Outsider-Witness Practices.pdf</url></pdf-urls></urls></record><record><database name="NSCClibrary.enl" path="F:\NSCClibrary.enl">NSCClibrary.enl</database><source-app name="EndNote" version="17.1">EndNote</source-app><rec-number>1097</rec-number><foreign-keys><key app="EN" db-id="5s5ppfp52t55w0eadv7p5ss3vfxzs5fwwe5w">1097</key><key app="ENWeb" db-id="ThEeKwrtqggAAHqv064">4048</key></foreign-keys><ref-type name="Book">6</ref-type><contributors><authors><author><style face="normal" font="default" size="100%">Freedman, J.</style></author><author><style face="normal" font="default" size="100%">Combs, G.</style></author></authors></contributors><titles><title><style face="normal" font="default" size="100%">Narrative therapy: The social construction of preferred realities</style></title></titles><dates><year><style face="normal" font="default" size="100%">1996</style></year></dates><pub-location><style face="normal" font="default" size="100%">New York, NY</style></pub-location><publisher><style face="normal" font="default" size="100%">WW Norton &amp; Co</style></publisher><isbn><style face="normal" font="default" size="100%">0393702073</style></isbn><notes><style face="normal" font="default" size="100%">Held at Cedar Cottage Library - 1 copy&#xD;Held at New Street, Sydney - 2 copies</style></notes><urls></urls></record><record><database name="NSCClibrary.enl" path="F:\NSCClibrary.enl">NSCClibrary.enl</database><source-app name="EndNote" version="17.1">EndNote</source-app><rec-number>1477</rec-number><foreign-keys><key app="EN" db-id="5s5ppfp52t55w0eadv7p5ss3vfxzs5fwwe5w">1477</key><key app="ENWeb" db-id="ThEeKwrtqggAAHqv064">4603</key></foreign-keys><ref-type name="Book">6</ref-type><contributors><authors><author><style face="normal" font="default" size="100%">Freeman, Jennifer C.</style></author><author><style face="normal" font="default" size="100%">Epston, David</style></author><author><style face="normal" font="default" size="100%">Lobovits, Dean</style></author></authors></contributors><titles><title><style face="normal" font="default" size="100%">Playful approaches to serious problems: Narrative therapy with children and their families</style></title></titles><keywords><keyword><style face="normal" font="default" size="100%">Narrative therapy</style></keyword></keywords><dates><year><style face="normal" font="default" size="100%">1997</style></year></dates><pub-location><style face="normal" font="default" size="100%">New York, NY</style></pub-location><publisher><style face="normal" font="default" size="100%">WW Norton &amp; Co</style></publisher><isbn><style face="normal" font="default" size="100%">0393702294</style></isbn><abstract><style face="normal" font="default" size="100%">Take a minute to imagine you are a child and you have come to see a stranger who your parents have told you is going to help with &apos;&apos;your problem.&quot; After brief introductions, everyone sits down and your parents talk about how worried they are about you. &apos;&apos;We just don&apos;t know what&apos;s wrong with her,&quot; they say. They go on to describe your bad behaviour. The therapist responds by asking, &apos;&apos;How long has this been going on?&quot; What is it like to be in your shoes as this child, to be introduced to someone this way? Now imagine that you come in to meet a therapist. What would you like to see in the waiting area? When you are introduced, how would you like that to go? When you come into the room what would happen that would make you comfortable? How do you wish you could be introduced, described and responded to in a coversation between your parents and a stranger? Try at some point taking time to enact this fantasy in your own office: Arrive at your place and imagine you are a client child (or perhaps parent.) Walk into the waiting room and sit down for a little while. Imagine what it would be like to be greeted by a clinician. What would your fantasies and fears be? What would you want to happen?</style></abstract><notes><style face="normal" font="default" size="100%">Held at New Street, Sydney - 1 copy&#xD;Chapter 1, 5 and abridged version are attached</style></notes><urls><pdf-urls><url>internal-pdf://Freeman, J et al 1997 - Playful Approaches Ch 1-0202901505/Freeman, J et al 1997 - Playful Approaches Ch 1.pdf</url><url>internal-pdf://Freeman, J et al 1997 - Playful Approaches Ch 5 and 7-0504983297/Freeman, J et al 1997 - Playful Approaches Ch 5 and 7.pdf</url><url>internal-pdf://Freeman, J et al 1997 - Playful Approaches Adapted-2853837569/Freeman, J et al 1997 - Playful Approaches Adapted.pdf</url></pdf-urls></urls></record><record><database name="NSCClibrary.enl" path="F:\NSCClibrary.enl">NSCClibrary.enl</database><source-app name="EndNote" version="17.1">EndNote</source-app><rec-number>815</rec-number><foreign-keys><key app="EN" db-id="5s5ppfp52t55w0eadv7p5ss3vfxzs5fwwe5w">815</key><key app="ENWeb" db-id="ThEeKwrtqggAAHqv064">3787</key></foreign-keys><ref-type name="Book Section">5</ref-type><contributors><authors><author><style face="normal" font="default" size="100%">James, Kerrie</style></author></authors><secondary-authors><author><style face="normal" font="default" size="100%">Flaskas, Carmel</style></author><author><style face="normal" font="default" size="100%">McCarthy, Imelda</style></author><author><style face="normal" font="default" size="100%">Sheehan, Jim</style></author></secondary-authors></contributors><titles><title><style face="normal" font="default" size="100%">The interactional process of forgiveness and responsibility: A critical assessment of the family therapy literature</style></title><secondary-title><style face="normal" font="default" size="100%">Hope and despair in narrative and family therapy: Adversity, forgiveness and reconciliation</style></secondary-title></titles><periodical><full-title><style face="normal" font="default" size="100%">Hope and despair in narrative and family therapy: Adversity, forgiveness and reconciliation</style></full-title></periodical><pages><style face="normal" font="default" size="100%">127–38</style></pages><section><style face="normal" font="default" size="100%">10</style></section><keywords><keyword><style face="normal" font="default" size="100%">Child sexual abuse</style></keyword><keyword><style face="normal" font="default" size="100%">Forgiveness</style></keyword><keyword><style face="normal" font="default" size="100%">Responsibility</style></keyword><keyword><style face="normal" font="default" size="100%">Survivors</style></keyword><keyword><style face="normal" font="default" size="100%">Victims</style></keyword></keywords><dates><year><style face="normal" font="default" size="100%">2007</style></year></dates><pub-location><style face="normal" font="default" size="100%">London</style></pub-location><publisher><style face="normal" font="default" size="100%">Routledge</style></publisher><abstract><style face="normal" font="default" size="100%">How important is it that we forgive those who have hurt us? Is forgiveness possible or even desirable in the absence of repentance on the part of the wrongdoer? By examining forgiveness on the one hand and responsibility and atonement on the other, this chapter explores forgiveness as an interactional event rather than an intra-psychic process. It is argued that in the context of therapy, facilitating an injured party to forgive when a wrongdoer is neither repentant nor taking the necessary steps to atone for the injury, may pose significant risks to the injured party. </style></abstract><urls><pdf-urls><url>internal-pdf://James 2007 - The interactional process-3145550849/James 2007 - The interactional process.pdf</url></pdf-urls></urls></record><record><database name="NSCClibrary.enl" path="F:\NSCClibrary.enl">NSCClibrary.enl</database><source-app name="EndNote" version="17.1">EndNote</source-app><rec-number>817</rec-number><foreign-keys><key app="EN" db-id="5s5ppfp52t55w0eadv7p5ss3vfxzs5fwwe5w">817</key><key app="ENWeb" db-id="ThEeKwrtqggAAHqv064">3790</key></foreign-keys><ref-type name="Book Section">5</ref-type><contributors><authors><author><style face="normal" font="default" size="100%">Jones, Elsa</style></author></authors><secondary-authors><author><style face="normal" font="default" size="100%">Flaskas, Carmel</style></author><author><style face="normal" font="default" size="100%">McCarthy, Imelda</style></author><author><style face="normal" font="default" size="100%">Sheehan, Jim</style></author></secondary-authors></contributors><titles><title><style face="normal" font="default" size="100%">Moving on: Forgiveness, vengeance and reconciliation</style></title><secondary-title><style face="normal" font="default" size="100%">Hope and despair in narrative and family therapy: Adversity, forgiveness and reconciliation</style></secondary-title></titles><periodical><full-title><style face="normal" font="default" size="100%">Hope and despair in narrative and family therapy: Adversity, forgiveness and reconciliation</style></full-title></periodical><pages><style face="normal" font="default" size="100%">150-160</style></pages><section><style face="normal" font="default" size="100%">12</style></section><keywords><keyword><style face="normal" font="default" size="100%">Childhood abuse</style></keyword><keyword><style face="normal" font="default" size="100%">Forgiveness</style></keyword><keyword><style face="normal" font="default" size="100%">Survivors</style></keyword><keyword><style face="normal" font="default" size="100%">Therapeutic intervention</style></keyword><keyword><style face="normal" font="default" size="100%">Victim intervention</style></keyword><keyword><style face="normal" font="default" size="100%">Victims</style></keyword></keywords><dates><year><style face="normal" font="default" size="100%">2007</style></year></dates><pub-location><style face="normal" font="default" size="100%">London</style></pub-location><publisher><style face="normal" font="default" size="100%">Routledge</style></publisher><isbn><style face="normal" font="default" size="100%">1583917691</style></isbn><abstract><style face="normal" font="default" size="100%">For many survivors of childhood abuse a particular dilemma is likely to arise towards te end of the therapeutic or healing period, namely how to position themselves in relation to those who abused them and how to move on.</style></abstract><urls><pdf-urls><url>internal-pdf://Chapter 12 - Moving On - Forgiveness, Vengeance &amp; Reconciliation-3603571201/Chapter 12 - Moving On - Forgiveness, Vengeance &amp; Reconciliation.pdf</url></pdf-urls></urls></record><record><database name="NSCClibrary.enl" path="F:\NSCClibrary.enl">NSCClibrary.enl</database><source-app name="EndNote" version="17.1">EndNote</source-app><rec-number>3221</rec-number><foreign-keys><key app="EN" db-id="5s5ppfp52t55w0eadv7p5ss3vfxzs5fwwe5w">3221</key></foreign-keys><ref-type name="Journal Article">17</ref-type><contributors><authors><author><style face="normal" font="default" size="100%">Lane, Kerry</style></author><author><style face="normal" font="default" size="100%">Epston, David</style></author><author><style face="normal" font="default" size="100%">Winter, Sue</style></author></authors></contributors><titles><title><style face="normal" font="default" size="100%">Mad fax Sunday: Are some virtual communities more real than virtual?</style></title><secondary-title><style face="normal" font="default" size="100%">Gecko – A Journal of Deconstruction and Narrative Ideas</style></secondary-title></titles><periodical><full-title><style face="normal" font="default" size="100%">Gecko – A Journal of Deconstruction and Narrative Ideas</style></full-title></periodical><pages><style face="normal" font="default" size="100%">45-61</style></pages><volume><style face="normal" font="default" size="100%">1</style></volume><keywords><keyword><style face="normal" font="default" size="100%">Child sexual abuse</style></keyword><keyword><style face="normal" font="default" size="100%">Disclosure</style></keyword><keyword><style face="normal" font="default" size="100%">Narrative therapy</style></keyword><keyword><style face="normal" font="default" size="100%">Self-harm</style></keyword><keyword><style face="normal" font="default" size="100%">Survivors</style></keyword><keyword><style face="normal" font="default" size="100%">Therapist</style></keyword><keyword><style face="normal" font="default" size="100%">Virtual communities</style></keyword></keywords><dates><year><style face="normal" font="default" size="100%">1998</style></year></dates><abstract><style face="normal" font="default" size="100%">This article tells the story of a therapist (KL) who was stuck, overwhelmed and isolated by a problem that seemed to defy therapeutic techniques and skills and personal commitment and determination. On the verge of giving up she reached out to access her support network. Because no other alternative seemed available at the time, this reaching out took place by fax. However, what started out as a choice of last resort revealed a range of therapeutic possibilities that deserve to be shared with a wider audience.</style></abstract><urls><pdf-urls><url>internal-pdf://Lane et al 1998 - Mad fax Sunday-0358801409/Lane et al 1998 - Mad fax Sunday.pdf</url></pdf-urls></urls></record><record><database name="NSCClibrary.enl" path="F:\NSCClibrary.enl">NSCClibrary.enl</database><source-app name="EndNote" version="17.1">EndNote</source-app><rec-number>3253</rec-number><foreign-keys><key app="EN" db-id="5s5ppfp52t55w0eadv7p5ss3vfxzs5fwwe5w">3253</key></foreign-keys><ref-type name="Journal Article">17</ref-type><contributors><authors><author><style face="normal" font="default" size="100%">McGibbon, Dave</style></author></authors></contributors><titles><title><style face="normal" font="default" size="100%">Narrative therapy with young people: What externalising practice and use of letters make possible</style></title><secondary-title><style face="normal" font="default" size="100%">International Journal of Narrative Therapy &amp; Community Work</style></secondary-title></titles><periodical><full-title><style face="normal" font="default" size="100%">International Journal of Narrative Therapy &amp; Community Work</style></full-title></periodical><pages><style face="normal" font="default" size="100%">35</style></pages><volume><style face="normal" font="default" size="100%">2004</style></volume><number><style face="normal" font="default" size="100%">4</style></number><keywords><keyword><style face="normal" font="default" size="100%">Externalising</style></keyword><keyword><style face="normal" font="default" size="100%">Identity</style></keyword><keyword><style face="normal" font="default" size="100%">Narrative therapy</style></keyword><keyword><style face="normal" font="default" size="100%">Therapeutic intervention</style></keyword></keywords><dates><year><style face="normal" font="default" size="100%">2004</style></year></dates><abstract><style face="normal" font="default" size="100%">This paper explores how preferred identities of young people can be made more visible through externalising practices and the use of therapeutic letters.</style></abstract><urls><pdf-urls><url>internal-pdf://McGibbon 2004 - Narrative therapy with young-3416674305/McGibbon 2004 - Narrative therapy with young.pdf</url></pdf-urls></urls></record><record><database name="NSCClibrary.enl" path="F:\NSCClibrary.enl">NSCClibrary.enl</database><source-app name="EndNote" version="17.1">EndNote</source-app><rec-number>3537</rec-number><foreign-keys><key app="EN" db-id="5s5ppfp52t55w0eadv7p5ss3vfxzs5fwwe5w">3537</key></foreign-keys><ref-type name="Journal Article">17</ref-type><contributors><authors><author><style face="normal" font="default" size="100%">Milner, Judith</style></author></authors></contributors><titles><title><style face="normal" font="default" size="100%">From stigma and isolation to strength and solidarity: Parents talking about their experiences of caring for children whose behaviour has been sexually concerning or harmful</style></title><secondary-title><style face="normal" font="default" size="100%">International Journal of Narrative Therapy &amp; Community Work</style></secondary-title></titles><periodical><full-title><style face="normal" font="default" size="100%">International Journal of Narrative Therapy &amp; Community Work</style></full-title></periodical><pages><style face="normal" font="default" size="100%">53</style></pages><volume><style face="normal" font="default" size="100%">2006</style></volume><number><style face="normal" font="default" size="100%">2</style></number><keywords><keyword><style face="normal" font="default" size="100%">Sexualised behaviours</style></keyword><keyword><style face="normal" font="default" size="100%">Therapy</style></keyword><keyword><style face="normal" font="default" size="100%">Young people who sexually abuse</style></keyword></keywords><dates><year><style face="normal" font="default" size="100%">2006</style></year></dates><abstract><style face="normal" font="default" size="100%">This is the story of how a group of parents who were caring for children whose behaviour had been sexually concerning or harmful, transformed their lives. In the process, they also transformed a service.</style></abstract><urls><pdf-urls><url>internal-pdf://Milner 2006 - From stigma and isolation to strength-2060542464/Milner 2006 - From stigma and isolation to strength.pdf</url></pdf-urls></urls></record><record><database name="NSCClibrary.enl" path="F:\NSCClibrary.enl">NSCClibrary.enl</database><source-app name="EndNote" version="17.1">EndNote</source-app><rec-number>1542</rec-number><foreign-keys><key app="EN" db-id="5s5ppfp52t55w0eadv7p5ss3vfxzs5fwwe5w">1542</key><key app="ENWeb" db-id="ThEeKwrtqggAAHqv064">4661</key></foreign-keys><ref-type name="Book">6</ref-type><contributors><authors><author><style face="normal" font="default" size="100%">Monk, G.E.</style></author><author><style face="normal" font="default" size="100%">Winslade, J.E.</style></author><author><style face="normal" font="default" size="100%">Crocket, K.E.</style></author><author><style face="normal" font="default" size="100%">Epston, D.E.</style></author></authors></contributors><titles><title><style face="normal" font="default" size="100%">Narrative therapy in practice: The archaeology of hope</style></title></titles><section><style face="normal" font="default" size="100%">352</style></section><keywords><keyword><style face="normal" font="default" size="100%">Narrative therapy</style></keyword></keywords><dates><year><style face="normal" font="default" size="100%">1997</style></year></dates><pub-location><style face="normal" font="default" size="100%">San Francisco, CA</style></pub-location><publisher><style face="normal" font="default" size="100%">Jossey-Bass</style></publisher><isbn><style face="normal" font="default" size="100%">0787903132</style></isbn><abstract><style face="normal" font="default" size="100%">Narrative Therapy is based on the idea that problems are manufactured in social, cultural, and political contexts. Each person produces the meaning of his or her own life from the stories that are available in these contexts. This acessible and popular book provides chapters on the theory of narrative therapy as well as a collection of papers that demonstrate its practice. These include writings on narrative approaches to psychiatry, countering alcoholic narratives, therapy with male sexual abuse survivors, school counselling, group work and narrative mediation. This book is the result of an unusual collaboration of therapists, counsellors, community and mental health workers, educators, and students who share a firm belief in the hopeful and cooperative style of this therapeutic process.&#xD;&#xD;Contents includes:&#xD;THEORY:&#xD;How Narrative Therapy Works (Gerald Monk).&#xD;The Theoretical Story of Narrative Therapy (Wendy Drewery &amp; John Winslade).&#xD;The Therapeutic Relationship (John Winslade, et al.).&#xD;Learning and Teaching Narrative Ideas (Wally McKenzie &amp; Gerald Monk).&#xD;PRACTICE:&#xD;Leila and the Tiger: Narrative Approaches to Psychiatry (Glen J. Simblett).&#xD;Countering Alcoholic Narratives (John Winslade &amp; Lorraine Smith).&#xD;Therapy with Male Sexual Abuse Survivors: Contesting Oppressive Life Stories (Tim Harker).&#xD;School Counseling in a Narrative Mode (John Winslade &amp; Aileen Cheshire).&#xD;Appreciating Indigenous Knowledge in Groups (Glen Silvester).&#xD;Moving from Problem Solving to Narrative Approaches in Mediation (John Winslade &amp; Alison Cotter).&#xD;Health-Promoting Conversation (Bev McKenzie).</style></abstract><notes><style face="normal" font="default" size="100%">Held at New Street, Sydney - 1 copy&#xD;Held at Rural New Street Adolescent Service,  Western - 1 copy&#xD;Held at Rural New Street Adolescent Service, Tamworth - 1 copy</style></notes><urls></urls></record><record><database name="NSCClibrary.enl" path="F:\NSCClibrary.enl">NSCClibrary.enl</database><source-app name="EndNote" version="17.1">EndNote</source-app><rec-number>3277</rec-number><foreign-keys><key app="EN" db-id="5s5ppfp52t55w0eadv7p5ss3vfxzs5fwwe5w">3277</key></foreign-keys><ref-type name="Journal Article">17</ref-type><contributors><authors><author><style face="normal" font="default" size="100%">Morgan, Alice</style></author></authors></contributors><titles><title><style face="normal" font="default" size="100%">Practice notes: Introducing narrative ways of working</style></title><secondary-title><style face="normal" font="default" size="100%">Gecko</style></secondary-title></titles><periodical><full-title><style face="normal" font="default" size="100%">Gecko</style></full-title></periodical><pages><style face="normal" font="default" size="100%">63-74</style></pages><volume><style face="normal" font="default" size="100%">1</style></volume><keywords><keyword><style face="normal" font="default" size="100%">Narrative therapy</style></keyword><keyword><style face="normal" font="default" size="100%">Training</style></keyword></keywords><dates><year><style face="normal" font="default" size="100%">1998</style></year></dates><abstract><style face="normal" font="default" size="100%">This paper describes an exercise the author conducted with a group of 38 people enrolled in their first year of a two year training course in narrative therapy at Dulwich Centre in Adelaide. She shares some of the participants&apos; responses to the activity and explores how they have contributed to an ongoing deconstruction of some educational practices she is interested in challenging.</style></abstract><urls><pdf-urls><url>internal-pdf://Morgan 1998 - Practice notes introducing narrative-4287213313/Morgan 1998 - Practice notes introducing narrative.pdf</url></pdf-urls></urls></record><record><database name="NSCClibrary.enl" path="F:\NSCClibrary.enl">NSCClibrary.enl</database><source-app name="EndNote" version="17.1">EndNote</source-app><rec-number>1237</rec-number><foreign-keys><key app="EN" db-id="5s5ppfp52t55w0eadv7p5ss3vfxzs5fwwe5w">1237</key><key app="ENWeb" db-id="ThEeKwrtqggAAHqv064">4182</key></foreign-keys><ref-type name="Book">6</ref-type><contributors><authors><author><style face="normal" font="default" size="100%">Morgan, Alice</style></author></authors></contributors><titles><title><style face="normal" font="default" size="100%">Once upon a time: Narrative therapy with children and their families</style></title></titles><dates><year><style face="normal" font="default" size="100%">1999</style></year></dates><pub-location><style face="normal" font="default" size="100%">Adelaide, SA</style></pub-location><publisher><style face="normal" font="default" size="100%">Dulwich Centre Publications</style></publisher><isbn><style face="normal" font="default" size="100%">0958667861</style></isbn><notes><style face="normal" font="default" size="100%">Held at Cedar Cottage Library - 1 copy</style></notes><urls></urls></record><record><database name="NSCClibrary.enl" path="F:\NSCClibrary.enl">NSCClibrary.enl</database><source-app name="EndNote" version="17.1">EndNote</source-app><rec-number>1238</rec-number><foreign-keys><key app="EN" db-id="5s5ppfp52t55w0eadv7p5ss3vfxzs5fwwe5w">1238</key><key app="ENWeb" db-id="ThEeKwrtqggAAHqv064">4183</key></foreign-keys><ref-type name="Book">6</ref-type><contributors><authors><author><style face="normal" font="default" size="100%">Morgan, Alice</style></author></authors></contributors><titles><title><style face="normal" font="default" size="100%">What is narrative therapy? An easy-to-read introduction</style></title></titles><section><style face="normal" font="default" size="100%">136</style></section><keywords><keyword><style face="normal" font="default" size="100%">Narrative therapy</style></keyword><keyword><style face="normal" font="default" size="100%">Introduction</style></keyword><keyword><style face="normal" font="default" size="100%">Narrative ideas</style></keyword><keyword><style face="normal" font="default" size="100%">Health Worker</style></keyword><keyword><style face="normal" font="default" size="100%">Community Workers</style></keyword><keyword><style face="normal" font="default" size="100%">Therapists</style></keyword><keyword><style face="normal" font="default" size="100%">Counsellors</style></keyword></keywords><dates><year><style face="normal" font="default" size="100%">2000</style></year></dates><pub-location><style face="normal" font="default" size="100%">Adelaide, SA</style></pub-location><publisher><style face="normal" font="default" size="100%">Dulwich Centre Publications</style></publisher><isbn><style face="normal" font="default" size="100%">ISBN: 1-884444-50-4&#xD;ISBN: 0-9577929-0-5</style></isbn><abstract><style face="normal" font="default" size="100%">From the back cover: &apos;What is narrative therapy? This easy-to-read introduction seeks to answer this question through the use of accessible language, a concise structure and a wide range of practical examples. This book covers a broad spectrum of narrative practices including externalisation, re-membering, therapeutic letter writing, the use of rituals, leagues, reflecting teams and much more. If you are a therapist, health worker or community worker who is trying to or wanting to apply narrative ideas in your own work context, this book has been written with you in mind.&apos;</style></abstract><notes><style face="normal" font="default" size="100%">Held at Cedar Cottage Library - 1 copy&#xD;Held at New Street, Sydney - 1 copy&#xD;Held at Rural New Street Adolescent Service,  Western - 1 copy&#xD;Held at Rural New Street Adolescent Service, Tamworth - 4 copies</style></notes><urls></urls></record><record><database name="NSCClibrary.enl" path="F:\NSCClibrary.enl">NSCClibrary.enl</database><source-app name="EndNote" version="17.1">EndNote</source-app><rec-number>3276</rec-number><foreign-keys><key app="EN" db-id="5s5ppfp52t55w0eadv7p5ss3vfxzs5fwwe5w">3276</key></foreign-keys><ref-type name="Journal Article">17</ref-type><contributors><authors><author><style face="normal" font="default" size="100%">Morgan, Alice</style></author></authors></contributors><titles><title><style face="normal" font="default" size="100%">Beginning to use a narrative approach in therapy</style></title><secondary-title><style face="normal" font="default" size="100%">International Journal of Narrative Therapy and Community Work</style></secondary-title></titles><periodical><full-title><style face="normal" font="default" size="100%">International Journal of Narrative Therapy and Community Work</style></full-title></periodical><pages><style face="normal" font="default" size="100%">85-90</style></pages><volume><style face="normal" font="default" size="100%">1</style></volume><keywords><keyword><style face="normal" font="default" size="100%">Narrative therapy</style></keyword></keywords><dates><year><style face="normal" font="default" size="100%">2002</style></year></dates><abstract><style face="normal" font="default" size="100%">We invited Alice Morgan to write the following article for this first edition of our new journal. Over the years we have had many requests for writings that describe the process of beginning to engage with narrative ideas and practices. Within the following paper Alice describes some of the ways in which she began to engage with narrative ideas and what she found helpful in the process. We believe that this piece will be of interest to those who are new to narrative ideas, and also to those who are teachers and trainers. Alice is the author of the very popular book ‘What is Narrative Therapy? An easy-to-read introduction’ (2000) and editor of ‘Once Upon a Time … Narrative therapy with children and their families’ (1999).</style></abstract><urls><pdf-urls><url>internal-pdf://Morgan 2002 - Beginning to use-3956301825/Morgan 2002 - Beginning to use.pdf</url></pdf-urls></urls></record><record><database name="NSCClibrary.enl" path="F:\NSCClibrary.enl">NSCClibrary.enl</database><source-app name="EndNote" version="17.1">EndNote</source-app><rec-number>1584</rec-number><foreign-keys><key app="EN" db-id="5s5ppfp52t55w0eadv7p5ss3vfxzs5fwwe5w">1584</key><key app="ENWeb" db-id="ThEeKwrtqggAAHqv064">4701</key></foreign-keys><ref-type name="Book">6</ref-type><contributors><authors><author><style face="normal" font="default" size="100%">Parry, Alan</style></author><author><style face="normal" font="default" size="100%">Doan, Robert E.</style></author></authors></contributors><titles><title><style face="normal" font="default" size="100%">Story re-visions: Narrative therapy in the postmodern world</style></title></titles><dates><year><style face="normal" font="default" size="100%">1994</style></year></dates><pub-location><style face="normal" font="default" size="100%">New York, NY</style></pub-location><publisher><style face="normal" font="default" size="100%">The Guilford Press</style></publisher><isbn><style face="normal" font="default" size="100%">089862570X</style></isbn><notes><style face="normal" font="default" size="100%">Held at New Street, Sydney - 1 copy</style></notes><urls></urls></record><record><database name="NSCClibrary.enl" path="F:\NSCClibrary.enl">NSCClibrary.enl</database><source-app name="EndNote" version="17.1">EndNote</source-app><rec-number>3331</rec-number><foreign-keys><key app="EN" db-id="5s5ppfp52t55w0eadv7p5ss3vfxzs5fwwe5w">3331</key></foreign-keys><ref-type name="Journal Article">17</ref-type><contributors><authors><author><style face="normal" font="default" size="100%">Russell, Shona</style></author><author><style face="normal" font="default" size="100%">Carey, Maggie</style></author></authors></contributors><titles><title><style face="normal" font="default" size="100%">Feminism, therapy and narrative ideas: Exploring some not so commonly asked questions</style></title><secondary-title><style face="normal" font="default" size="100%">The International Journal of Narrative Therapy and Community Work</style></secondary-title></titles><periodical><full-title><style face="normal" font="default" size="100%">The International Journal of Narrative Therapy and Community Work</style></full-title></periodical><pages><style face="normal" font="default" size="100%">67-91</style></pages><volume><style face="normal" font="default" size="100%">2</style></volume><keywords><keyword><style face="normal" font="default" size="100%">Feminism</style></keyword><keyword><style face="normal" font="default" size="100%">Narrative therapy</style></keyword></keywords><dates><year><style face="normal" font="default" size="100%">2003</style></year></dates><abstract><style face="normal" font="default" size="100%">In this paper we have been interested to engage with some not so commonly asked questions about feminism, therapy and narrative ideas. So we asked a number of therapists who are engaged with narrative ideas some questions about what feminism means to them, how it influences their work and what feminist issues they are currently grappling with. What followed was an invigorating and challenging process.</style></abstract><notes><style face="normal" font="default" size="100%">This paper was originally published in the 2003 No.2 issue of The International Journal of Narrative Therapy and Community Work. DCP. Adelaide </style></notes><urls><pdf-urls><url>internal-pdf://Russell et al 2003 - Feminism-3048567809/Russell et al 2003 - Feminism.pdf</url></pdf-urls></urls></record><record><database name="NSCClibrary.enl" path="F:\NSCClibrary.enl">NSCClibrary.enl</database><source-app name="EndNote" version="17.1">EndNote</source-app><rec-number>1604</rec-number><foreign-keys><key app="EN" db-id="5s5ppfp52t55w0eadv7p5ss3vfxzs5fwwe5w">1604</key><key app="ENWeb" db-id="ThEeKwrtqggAAHqv064">4721</key></foreign-keys><ref-type name="Book">6</ref-type><contributors><authors><author><style face="normal" font="default" size="100%">Russell, Shona</style></author><author><style face="normal" font="default" size="100%">Carey, Maggie</style></author></authors></contributors><titles><title><style face="normal" font="default" size="100%">Narrative therapy : Responding to your questions</style></title></titles><keywords><keyword><style face="normal" font="default" size="100%">Narrative therapy</style></keyword><keyword><style face="normal" font="default" size="100%">Therapeutic approaches</style></keyword></keywords><dates><year><style face="normal" font="default" size="100%">2004</style></year></dates><pub-location><style face="normal" font="default" size="100%">Adelaide, SA</style></pub-location><publisher><style face="normal" font="default" size="100%">Dulwich Centre Publications</style></publisher><isbn><style face="normal" font="default" size="100%">097521800X</style></isbn><abstract><style face="normal" font="default" size="100%">How do you know what to externalise? How do you begin a re-authoring conversation? Why is it important for there to be witnesses to preferred stories and what are definitional ceremonies? When are you likely to engage in a re-membering conversation? What is poststructuralism and how is it relevant to the therapy world? What is the fit between feminism and some of the practices of narrative therapy? This book offers answers to these questions and many, many others! This book as the perfect companion to Alice Morgan&apos;s What is narrative therapy? An easy-to-read introduction.</style></abstract><notes><style face="normal" font="default" size="100%">Held at New Street, Sydney - 1 copy&#xD;Held at Rural New Street Adolescent Service, Tamworth - 1 copy [Lost]</style></notes><urls></urls></record><record><database name="NSCClibrary.enl" path="F:\NSCClibrary.enl">NSCClibrary.enl</database><source-app name="EndNote" version="17.1">EndNote</source-app><rec-number>818</rec-number><foreign-keys><key app="EN" db-id="5s5ppfp52t55w0eadv7p5ss3vfxzs5fwwe5w">818</key><key app="ENWeb" db-id="ThEeKwrtqggAAHqv064">3792</key></foreign-keys><ref-type name="Book Section">5</ref-type><contributors><authors><author><style face="normal" font="default" size="100%">Sheehan, Jim</style></author></authors><secondary-authors><author><style face="normal" font="default" size="100%">Flaskas, Carmel</style></author><author><style face="normal" font="default" size="100%">McCarthy, Imelda</style></author><author><style face="normal" font="default" size="100%">Sheehan, Jim</style></author></secondary-authors></contributors><titles><title><style face="normal" font="default" size="100%">Forgiveness and the unforgivable: The resurrection of hope in family therapy </style></title><secondary-title><style face="normal" font="default" size="100%">Hope and despair in narrative and family therapy: Adversity, forgiveness and reconciliation</style></secondary-title></titles><periodical><full-title><style face="normal" font="default" size="100%">Hope and despair in narrative and family therapy: Adversity, forgiveness and reconciliation</style></full-title></periodical><pages><style face="normal" font="default" size="100%">161-172</style></pages><section><style face="normal" font="default" size="100%">13</style></section><keywords><keyword><style face="normal" font="default" size="100%">Child abuse</style></keyword><keyword><style face="normal" font="default" size="100%">Family therapy</style></keyword><keyword><style face="normal" font="default" size="100%">Forgiveness</style></keyword></keywords><dates><year><style face="normal" font="default" size="100%">2007</style></year></dates><pub-location><style face="normal" font="default" size="100%">London</style></pub-location><publisher><style face="normal" font="default" size="100%">Routledge</style></publisher><isbn><style face="normal" font="default" size="100%">1583917691</style></isbn><abstract><style face="normal" font="default" size="100%">This volume bears witness to the involvement of systemic family therapists in a multiplicity of different contexts where human lives and relationships have been struck by despair following the planned, or unplanned, abusive actions of other human beings.</style></abstract><urls><pdf-urls><url>internal-pdf://Chapter13-Forgiveness &amp; the Unforgivable...-2177830145/Chapter13-Forgiveness &amp; the Unforgivable....pdf</url></pdf-urls></urls></record><record><database name="NSCClibrary.enl" path="F:\NSCClibrary.enl">NSCClibrary.enl</database><source-app name="EndNote" version="17.1">EndNote</source-app><rec-number>3356</rec-number><foreign-keys><key app="EN" db-id="5s5ppfp52t55w0eadv7p5ss3vfxzs5fwwe5w">3356</key></foreign-keys><ref-type name="Journal Article">17</ref-type><contributors><authors><author><style face="normal" font="default" size="100%">Stacey, Kathleen</style></author></authors></contributors><titles><title><style face="normal" font="default" size="100%">Alternative metaphors for externalizing conversations</style></title><secondary-title><style face="normal" font="default" size="100%">Gecko: A Journal of Deconstruction and Narrative Ideas in Therapy</style></secondary-title></titles><periodical><full-title><style face="normal" font="default" size="100%">Gecko: A Journal of Deconstruction and Narrative Ideas in Therapy</style></full-title></periodical><pages><style face="normal" font="default" size="100%">29-51</style></pages><volume><style face="normal" font="default" size="100%">1</style></volume><keywords><keyword><style face="normal" font="default" size="100%">Externalising</style></keyword><keyword><style face="normal" font="default" size="100%">Narrative therapy</style></keyword></keywords><dates><year><style face="normal" font="default" size="100%">1997</style></year></dates><abstract><style face="normal" font="default" size="100%">This paper outlines some of the available metaphors for situating externalising conversations commonly used in narratively influenced therapeutic practice. It endeavours to question the perception that conversations about people&apos;s resistance against the effects of problems is predominantly informed by a protest metaphor. While honouring the protest metaphor, this paper addresses alternative definitions of resistance that are distinct from patriarchal notions of resistance as a protest in which there is a struggle for power requiring appositional politics. It will highlight how these alternative defmitions of resistance that act to subvert dominant beliefs and practices, inform the work that does occur within the frame of the protest metaphor as well as other available metaphors.</style></abstract><urls><pdf-urls><url>internal-pdf://Stacey 1997 - Alternative metaphors-4128295425/Stacey 1997 - Alternative metaphors.pdf</url></pdf-urls></urls></record><record><database name="NSCClibrary.enl" path="F:\NSCClibrary.enl">NSCClibrary.enl</database><source-app name="EndNote" version="17.1">EndNote</source-app><rec-number>3357</rec-number><foreign-keys><key app="EN" db-id="5s5ppfp52t55w0eadv7p5ss3vfxzs5fwwe5w">3357</key></foreign-keys><ref-type name="Journal Article">17</ref-type><contributors><authors><author><style face="normal" font="default" size="100%">Stacey, Kathleen</style></author><author><style face="normal" font="default" size="100%">Hills, Deby</style></author></authors></contributors><titles><title><style face="normal" font="default" size="100%">More than protest: Further explorations of alternative metaphors in narrative therapy</style></title><secondary-title><style face="normal" font="default" size="100%">Australian and New Zealand Journal of Family Therapy</style></secondary-title></titles><periodical><full-title><style face="normal" font="default" size="100%">Australian and New Zealand Journal of Family Therapy</style></full-title></periodical><pages><style face="normal" font="default" size="100%">120-128</style></pages><volume><style face="normal" font="default" size="100%">September</style></volume><keywords><keyword><style face="normal" font="default" size="100%">Externalising</style></keyword><keyword><style face="normal" font="default" size="100%">Narrative therapy</style></keyword></keywords><dates><year><style face="normal" font="default" size="100%">2001</style></year></dates><isbn><style face="normal" font="default" size="100%">0814-723X</style></isbn><abstract><style face="normal" font="default" size="100%">In the experience of non-narratively trained therapists, as well as some narratively trained therapists, the &apos;protest metaphor&apos; for framing externalizing conversations retains signature status. Yet this metaphor does not adequately represent the breadth of narrative work. As therapist and client reflecting on their joint work, the authors explore what using a range of metaphors offers to narratively informed therapeutic work. The concept of &apos;resistance practices&apos; from K. Stacey (1997) is revisited, alternative metaphors employed in externalizing conversations are reviewed, and power is re-examined. The authors then review the effects on practice that ensue from drawing on a range of alternative metaphors, illustrating their account with extracts from letters and comments on sessions. </style></abstract><urls><pdf-urls><url>internal-pdf://Stacey 2001 - More than protest-3306513921/Stacey 2001 - More than protest.pdf</url></pdf-urls></urls></record><record><database name="NSCClibrary.enl" path="F:\NSCClibrary.enl">NSCClibrary.enl</database><source-app name="EndNote" version="17.1">EndNote</source-app><rec-number>763</rec-number><foreign-keys><key app="EN" db-id="5s5ppfp52t55w0eadv7p5ss3vfxzs5fwwe5w">763</key><key app="ENWeb" db-id="ThEeKwrtqggAAHqv064">4493</key></foreign-keys><ref-type name="Journal Article">17</ref-type><contributors><authors><author><style face="normal" font="default" size="100%">Stillman, John R.</style></author></authors></contributors><titles><title><style face="normal" font="default" size="100%">Working with adolescents who have committed sexual abuse: Establishing a new place to stand</style></title><secondary-title><style face="normal" font="default" size="100%">International Journal of Narrative Therapy &amp; Community Work</style></secondary-title></titles><periodical><full-title><style face="normal" font="default" size="100%">International Journal of Narrative Therapy &amp; Community Work</style></full-title></periodical><pages><style face="normal" font="default" size="100%">32</style></pages><number><style face="normal" font="default" size="100%">1</style></number><keywords><keyword><style face="normal" font="default" size="100%">Adolescent sex offenders</style></keyword><keyword><style face="normal" font="default" size="100%">Adolescents who sexually abuse</style></keyword><keyword><style face="normal" font="default" size="100%">Adolescents who sexually harm</style></keyword><keyword><style face="normal" font="default" size="100%">Juvenile sex offenders</style></keyword><keyword><style face="normal" font="default" size="100%">Labelling</style></keyword><keyword><style face="normal" font="default" size="100%">Narrative therapy</style></keyword><keyword><style face="normal" font="default" size="100%">Young people who sexually abuse</style></keyword><keyword><style face="normal" font="default" size="100%">Adolescents who sexually offend</style></keyword><keyword><style face="normal" font="default" size="100%">Young people who sexually offend</style></keyword></keywords><dates><year><style face="normal" font="default" size="100%">2006</style></year></dates><abstract><style face="normal" font="default" size="100%">A central goal of treating adolescents who have committed sexual abuse is to reduce the risk of future offences. In order to achieve this goal and for the sake of the children who have experienced abuse, alternative means of treating older children who have perpetrated abuse are needed. This paper discusses a way of going about such treatment which offers these older children something different than strengthening the label they have as sex offenders. When working with young men who have perpetrated abuse, establishing a &apos;new place to stand&apos; before discussing the abuse opens up new possibilities in conversations.</style></abstract><urls><pdf-urls><url>internal-pdf://Stillman 2006 - Working with-2486437632/Stillman 2006 - Working with.pdf</url></pdf-urls></urls></record><record><database name="NSCClibrary.enl" path="F:\NSCClibrary.enl">NSCClibrary.enl</database><source-app name="EndNote" version="17.1">EndNote</source-app><rec-number>816</rec-number><foreign-keys><key app="EN" db-id="5s5ppfp52t55w0eadv7p5ss3vfxzs5fwwe5w">816</key><key app="ENWeb" db-id="ThEeKwrtqggAAHqv064">3793</key></foreign-keys><ref-type name="Book Section">5</ref-type><contributors><authors><author><style face="normal" font="default" size="100%">Tomm, Karl</style></author><author><style face="normal" font="default" size="100%">Govier, Trudy</style></author></authors><secondary-authors><author><style face="normal" font="default" size="100%">Flaskas, Carmel</style></author><author><style face="normal" font="default" size="100%">McCarthy, Imelda</style></author><author><style face="normal" font="default" size="100%">Sheehan, Jim</style></author></secondary-authors></contributors><titles><title><style face="normal" font="default" size="100%">Acknowledgement: Its significance for reconciliation and well-being</style></title><secondary-title><style face="normal" font="default" size="100%">Hope and despair in narrative and family therapy: Adversity, forgiveness and reconciliation</style></secondary-title></titles><periodical><full-title><style face="normal" font="default" size="100%">Hope and despair in narrative and family therapy: Adversity, forgiveness and reconciliation</style></full-title></periodical><pages><style face="normal" font="default" size="100%">139-149</style></pages><section><style face="normal" font="default" size="100%">11</style></section><keywords><keyword><style face="normal" font="default" size="100%">Acknowledgement</style></keyword><keyword><style face="normal" font="default" size="100%">Family therapy</style></keyword><keyword><style face="normal" font="default" size="100%">Narrative therapy</style></keyword><keyword><style face="normal" font="default" size="100%">Restorative justice</style></keyword></keywords><dates><year><style face="normal" font="default" size="100%">2007</style></year></dates><pub-location><style face="normal" font="default" size="100%">London</style></pub-location><publisher><style face="normal" font="default" size="100%">Routledge</style></publisher><isbn><style face="normal" font="default" size="100%">1583917691</style></isbn><abstract><style face="normal" font="default" size="100%">When people live in mutually supportive relationships they have a solid basis for ongoing hopefulness. However, when relationships deteriorate through disappointments, betrayals or traumatic events, interpersonal stress and conflict tend to displace the support. As a result, hope may be eroded and the persons invovled become more vulnerable to despair. Possibilities for rebuilding and maintaining hope increase when people develop behavioural competencies to recover from conflict and achieve reconciliation. We suggest that practices of acknowledgment constitute one such competency. Indeed, we regard processes of acknowledging as central, not only for enabling reconciliation (Tomm 2002), but also for generating and maintaining human wellness. This chapter focuses on the phenomenon of acknowledgement itself. The authors&apos; intent was to offer some clarifying distinctions to enhnace the reader&apos;s interest, understanding and competence in offering acknowledgement</style></abstract><urls><pdf-urls><url>internal-pdf://Tomm et al 2007 - Acknowledgement-4150593792/Tomm et al 2007 - Acknowledgement.pdf</url></pdf-urls></urls></record><record><database name="NSCClibrary.enl" path="F:\NSCClibrary.enl">NSCClibrary.enl</database><source-app name="EndNote" version="17.1">EndNote</source-app><rec-number>3482</rec-number><foreign-keys><key app="EN" db-id="5s5ppfp52t55w0eadv7p5ss3vfxzs5fwwe5w">3482</key></foreign-keys><ref-type name="Journal Article">17</ref-type><contributors><authors><author><style face="normal" font="default" size="100%">White, Michael</style></author></authors></contributors><titles><title><style face="normal" font="default" size="100%">Addressing personal failure</style></title><secondary-title><style face="normal" font="default" size="100%">International Journal of Narrative Therapy &amp; Community Work</style></secondary-title></titles><periodical><full-title><style face="normal" font="default" size="100%">International Journal of Narrative Therapy &amp; Community Work</style></full-title></periodical><pages><style face="normal" font="default" size="100%">33-76</style></pages><volume><style face="normal" font="default" size="100%">2002</style></volume><number><style face="normal" font="default" size="100%">3</style></number><keywords><keyword><style face="normal" font="default" size="100%">Foucault</style></keyword><keyword><style face="normal" font="default" size="100%">Narrative therapy</style></keyword><keyword><style face="normal" font="default" size="100%">Power</style></keyword><keyword><style face="normal" font="default" size="100%">Professionals</style></keyword></keywords><dates><year><style face="normal" font="default" size="100%">2002</style></year></dates><abstract><style face="normal" font="default" size="100%">The phenomenon of personal failure has grown exponentially over recent decades. Never before has the sense of being a failure to be an adequate person been so freely available to people, and never before has it been so willingly and routinely dispensed. This paper describes therapeutic options relevant to addressing this sense of personal failure. It also describes the operations of modern power, for it is the rise of a distinctly modern version of power that is associated with the dramatic growth of failure. Offering a map to guide therapeutic explorations in this area, and interspersed with transcripts of therapeutic conversations, this paper then concludes with a ‘failure conversations exercise’ to assist in the development of practice skills.</style></abstract><urls><pdf-urls><url>internal-pdf://White 2002 - Addressing personal failure-2613001985/White 2002 - Addressing personal failure.pdf</url></pdf-urls></urls></record><record><database name="NSCClibrary.enl" path="F:\NSCClibrary.enl">NSCClibrary.enl</database><source-app name="EndNote" version="17.1">EndNote</source-app><rec-number>3484</rec-number><foreign-keys><key app="EN" db-id="5s5ppfp52t55w0eadv7p5ss3vfxzs5fwwe5w">3484</key></foreign-keys><ref-type name="Journal Article">17</ref-type><contributors><authors><author><style face="normal" font="default" size="100%">White, Michael</style></author></authors></contributors><titles><title><style face="normal" font="default" size="100%">Working with people who are suffering the consequences of multiple trauma</style></title><secondary-title><style face="normal" font="default" size="100%">The International Journal of Narrative Therapy and Community Work</style></secondary-title></titles><periodical><full-title><style face="normal" font="default" size="100%">The International Journal of Narrative Therapy and Community Work</style></full-title></periodical><pages><style face="normal" font="default" size="100%">45-76</style></pages><volume><style face="normal" font="default" size="100%">1</style></volume><keywords><keyword><style face="normal" font="default" size="100%">Dissociative disorders</style></keyword><keyword><style face="normal" font="default" size="100%">Memory</style></keyword><keyword><style face="normal" font="default" size="100%">Narrative therapy</style></keyword><keyword><style face="normal" font="default" size="100%">Reauthoring</style></keyword><keyword><style face="normal" font="default" size="100%">Trauma</style></keyword></keywords><dates><year><style face="normal" font="default" size="100%">2004</style></year></dates><abstract><style face="normal" font="default" size="100%">In October 2003, Michael White gave a presentation at the Treatment &amp; Rehabilitation Center for Victims of Torture and Trauma (TRC) in Ramallah, Palestine. In consultation with those present, it was decided that it would be helpful to have this presentation recorded, transcribed, edited and then translated into Arabic to be made available to other Arabic-speaking workers in Palestine and elsewhere. The paper published here was created for this purpose. In doing this, we realised that it was a paper that would be of value to a wider readership and so have included it here. Jane Hales transcribed an audiotape of the presentation and David Denborough assisted in bringing this piece to its current form. The paper places an emphasis on the priority given to the redevelopment and reinvigoration of a ‘sense of myself’ in working with people who have been subject to trauma. It describes how this can be achieved through the use of definitional ceremony structures, outsider-witness practices and re-authoring conversations. The last section of the paper discusses the work of memory theorists and its relevance to work with people who have experienced trauma. More particularly it proposes that, in order to re-associate dissociated memory, we must first enable a revitalisation of the ‘sense of myself’.</style></abstract><urls><pdf-urls><url>internal-pdf://White 2004 - Working with people who are suffering-0986406145/White 2004 - Working with people who are suffering.pdf</url></pdf-urls></urls></record><record><database name="NSCClibrary.enl" path="F:\NSCClibrary.enl">NSCClibrary.enl</database><source-app name="EndNote" version="17.1">EndNote</source-app><rec-number>1391</rec-number><foreign-keys><key app="EN" db-id="5s5ppfp52t55w0eadv7p5ss3vfxzs5fwwe5w">1391</key><key app="ENWeb" db-id="ThEeKwrtqggAAHqv064">4328</key></foreign-keys><ref-type name="Book">6</ref-type><contributors><authors><author><style face="normal" font="default" size="100%">Zimmerman, Jeffrey L.</style></author><author><style face="normal" font="default" size="100%">Dickerson, Victoria C.</style></author></authors></contributors><titles><title><style face="normal" font="default" size="100%">If problems talked: Narrative therapy in action</style></title></titles><keywords><keyword><style face="normal" font="default" size="100%">Narrative therapy</style></keyword></keywords><dates><year><style face="normal" font="default" size="100%">1996</style></year></dates><pub-location><style face="normal" font="default" size="100%">London</style></pub-location><publisher><style face="normal" font="default" size="100%">The Guilford Press</style></publisher><isbn><style face="normal" font="default" size="100%">1572301295</style></isbn><notes><style face="normal" font="default" size="100%">Held at Cedar Cottage Library - 1 copy&#xD;Held at New Street, Sydney - 1 copy</style></notes><urls></urls></record></records></xml>