<?xml version="1.0" encoding="UTF-8" ?><xml><records><record><database name="NSCClibrary.enl" path="F:\NSCClibrary.enl">NSCClibrary.enl</database><source-app name="EndNote" version="17.1">EndNote</source-app><rec-number>4931</rec-number><foreign-keys><key app="EN" db-id="5s5ppfp52t55w0eadv7p5ss3vfxzs5fwwe5w">4931</key><key app="ENWeb" db-id="">0</key></foreign-keys><ref-type name="Book">6</ref-type><contributors><authors><author><style face="normal" font="default" size="100%">Lowenstein, Liana</style></author></authors><secondary-authors><author><style face="normal" font="default" size="100%">Lowenstein, Liana</style></author></secondary-authors></contributors><titles><title><style face="normal" font="default" size="100%">Favorite Therapeutic Activities for Children and Teens: Practitioners Share Their Most Effective Interventions</style></title></titles><keywords><keyword><style face="normal" font="default" size="100%">Therapeutic approaches</style></keyword><keyword><style face="normal" font="default" size="100%">Therapeutic activities</style></keyword><keyword><style face="normal" font="default" size="100%">Intervention</style></keyword><keyword><style face="normal" font="default" size="100%">Activities</style></keyword></keywords><dates><year><style face="normal" font="default" size="100%">2008</style></year></dates><pub-location><style face="normal" font="default" size="100%">Ontario, Canada</style></pub-location><publisher><style face="normal" font="default" size="100%">Champion Press</style></publisher><urls><pdf-urls><url>internal-pdf://3610030155/Lowenstein, 2008. Favorite Therapeutic Activit.pdf</url></pdf-urls></urls></record></records></xml>