<?xml version="1.0" encoding="UTF-8" ?><xml><records><record><database name="NSCClibrary.enl" path="F:\NSCClibrary.enl">NSCClibrary.enl</database><source-app name="EndNote" version="17.1">EndNote</source-app><rec-number>2891</rec-number><foreign-keys><key app="EN" db-id="5s5ppfp52t55w0eadv7p5ss3vfxzs5fwwe5w">2891</key></foreign-keys><ref-type name="Report">27</ref-type><contributors><authors><author><style face="normal" font="default" size="100%">Bourgon, Guy</style></author></authors></contributors><titles><title><style face="normal" font="default" size="100%">The ERASOR: Evaluating its psychometric properties</style></title></titles><pages><style face="normal" font="default" size="100%">31</style></pages><keywords><keyword><style face="normal" font="default" size="100%">ERASOR</style></keyword><keyword><style face="normal" font="default" size="100%">Psychometrics</style></keyword><keyword><style face="normal" font="default" size="100%">Risk assessment</style></keyword></keywords><dates><year><style face="normal" font="default" size="100%">2002</style></year><pub-dates><date><style face="normal" font="default" size="100%">October 2002</style></date></pub-dates></dates><publisher><style face="normal" font="default" size="100%">Solicitor General of Canada,</style></publisher><abstract><style face="normal" font="default" size="100%">Powerpoint presentation slides.</style></abstract><urls><pdf-urls><url>internal-pdf://Bourgon 2002 - The ERASOR-1301739777/Bourgon 2002 - The ERASOR.pdf</url></pdf-urls></urls></record><record><database name="NSCClibrary.enl" path="F:\NSCClibrary.enl">NSCClibrary.enl</database><source-app name="EndNote" version="17.1">EndNote</source-app><rec-number>3918</rec-number><foreign-keys><key app="EN" db-id="5s5ppfp52t55w0eadv7p5ss3vfxzs5fwwe5w">3918</key></foreign-keys><ref-type name="Journal Article">17</ref-type><contributors><authors><author><style face="normal" font="default" size="100%">Hempel, Inge</style></author><author><style face="normal" font="default" size="100%">Buck, Nicole</style></author><author><style face="normal" font="default" size="100%">Cima, Maaike</style></author><author><style face="normal" font="default" size="100%">van Marle, Hjalmar</style></author></authors></contributors><titles><title><style face="normal" font="default" size="100%">Review of risk assessment instruments for juvenile sex offenders: What is next?</style></title><secondary-title><style face="normal" font="default" size="100%">International Journal of Offender Therapy and Comparative Criminology</style></secondary-title></titles><periodical><full-title><style face="normal" font="default" size="100%">International Journal of Offender Therapy and Comparative Criminology</style></full-title></periodical><pages><style face="normal" font="default" size="100%">208-228</style></pages><volume><style face="normal" font="default" size="100%">57</style></volume><number><style face="normal" font="default" size="100%">2</style></number><keywords><keyword><style face="normal" font="default" size="100%">Adolescent sex offenders</style></keyword><keyword><style face="normal" font="default" size="100%">Adolescents who sexually abuse</style></keyword><keyword><style face="normal" font="default" size="100%">Adolescents who sexually harm</style></keyword><keyword><style face="normal" font="default" size="100%">J-SOAP-II</style></keyword><keyword><style face="normal" font="default" size="100%">Juvenile sex offenders</style></keyword><keyword><style face="normal" font="default" size="100%">Recidivism</style></keyword><keyword><style face="normal" font="default" size="100%">Risk assessment</style></keyword><keyword><style face="normal" font="default" size="100%">Young people who sexually abuse</style></keyword><keyword><style face="normal" font="default" size="100%">Adolescents who sexually offend</style></keyword><keyword><style face="normal" font="default" size="100%">Young people who sexually offend</style></keyword></keywords><dates><year><style face="normal" font="default" size="100%">2013</style></year><pub-dates><date><style face="normal" font="default" size="100%">February 1, 2013</style></date></pub-dates></dates><abstract><style face="normal" font="default" size="100%">Risk assessment is considered to be a key element in the prevention of recidivism among juvenile sex offenders (JSOs), often by imposing long-term consequences based on that assessment. The authors reviewed the literature on the predictive accuracy of six well-known risk assessment instruments used to appraise risk among JSOs: the Juvenile Sex Offender Assessment Protocol-II (J-SOAP-II), Juvenile Sexual Offence Recidivism Risk Assessment Tool-II (J-SORRAT-II), Estimate of Risk of Adolescent Sexual Offence Recidivism (ERASOR), Juvenile Risk Assessment Scale (JRAS), Structured Assessment of Violent Risk in Youth (SAVRY), and Hare Psychopathy Checklist:Youth Version (PCL:YV). Through a systematic search, 19 studies were reviewed. Studies showed differences in the predictive accuracies for general, violent, and sexual recidivism, and none of the instruments showed unequivocal positive results in predicting future offending. Not unexpectedly, the accuracy of the SAVRY and PCL:YV appeared to be weaker for sexual recidivism compared with specialised tools such as the J-SOAP-II or the ERASOR. Because of the rapid development of juveniles, it is questionable to impose long-term restrictions based on a risk assessment only. New challenges in improving risk assessment are discussed.</style></abstract><urls><related-urls><url><style face="normal" font="default" size="100%">http://ijo.sagepub.com/content/57/2/208.abstract</style></url></related-urls><pdf-urls><url>internal-pdf://Hempel et al 2013 - Review of risk-4197459968/Hempel et al 2013 - Review of risk.pdf</url></pdf-urls></urls><electronic-resource-num><style face="normal" font="default" size="100%">10.1177/0306624x11428315</style></electronic-resource-num></record><record><database name="NSCClibrary.enl" path="F:\NSCClibrary.enl">NSCClibrary.enl</database><source-app name="EndNote" version="17.1">EndNote</source-app><rec-number>3878</rec-number><foreign-keys><key app="EN" db-id="5s5ppfp52t55w0eadv7p5ss3vfxzs5fwwe5w">3878</key></foreign-keys><ref-type name="Journal Article">17</ref-type><contributors><authors><author><style face="normal" font="default" size="100%">Spice, Andrew</style></author><author><style face="normal" font="default" size="100%">Viljoen, Jodi L.</style></author><author><style face="normal" font="default" size="100%">Latzman, Natasha E.</style></author><author><style face="normal" font="default" size="100%">Scalora, Mario J.</style></author><author><style face="normal" font="default" size="100%">Ullman, Daniel</style></author></authors></contributors><titles><title><style face="normal" font="default" size="100%">Risk and protective factors for recidivism among juveniles who have offended sexually</style></title><secondary-title><style face="normal" font="default" size="100%">Sexual Abuse: A Journal of Research and Treatment</style></secondary-title></titles><periodical><full-title><style face="normal" font="default" size="100%">Sexual Abuse: A Journal of Research and Treatment</style></full-title></periodical><pages><style face="normal" font="default" size="100%">347-369</style></pages><volume><style face="normal" font="default" size="100%">25</style></volume><number><style face="normal" font="default" size="100%">4</style></number><keywords><keyword><style face="normal" font="default" size="100%">Adolescent sex offenders</style></keyword><keyword><style face="normal" font="default" size="100%">Adolescents who sexually abuse</style></keyword><keyword><style face="normal" font="default" size="100%">Adolescents who sexually harm</style></keyword><keyword><style face="normal" font="default" size="100%">ERASOR</style></keyword><keyword><style face="normal" font="default" size="100%">Juvenile sex offenders</style></keyword><keyword><style face="normal" font="default" size="100%">Recidivism</style></keyword><keyword><style face="normal" font="default" size="100%">Risk assessment</style></keyword><keyword><style face="normal" font="default" size="100%">Young people who sexually abuse</style></keyword><keyword><style face="normal" font="default" size="100%">Adolescents who sexually offend</style></keyword><keyword><style face="normal" font="default" size="100%">Young people who sexually offend</style></keyword></keywords><dates><year><style face="normal" font="default" size="100%">2012</style></year><pub-dates><date><style face="normal" font="default" size="100%">October 1, 2012</style></date></pub-dates></dates><abstract><style face="normal" font="default" size="100%">Literature on risk factors for recidivism among juveniles who have sexually offended (JSOs) is limited. In addition, there have been no studies published concerning protective factors among this population. The purpose of this study was to examine the relationship of risk and protective factors to sexual and nonsexual recidivism among a sample of 193 male JSOs (mean age = 15.26). Youths were followed for an average of 7.24 years following discharge from a residential sex offender treatment program. The risk factor opportunities to reoffend, as coded based on the Estimate of Risk of Adolescent Sexual Offense Recidivism, was associated with sexual recidivism. Several risk factors (e.g., prior offending; peer delinquency) were associated with nonsexual recidivism. No protective factors examined were associated with sexual recidivism, although strong attachments and bonds as measured by the Structured Assessment of Violence Risk in Youth was negatively related to nonsexual recidivism. These findings indicate that risk factors for nonsexual recidivism may be consistent across both general adolescent offender populations and JSOs, but that there may be distinct protective factors that apply to sexual recidivism among JSOs. Results also indicate important needs for further research on risk factors, protective factors, and risk management strategies for JSOs.</style></abstract><urls><pdf-urls><url>internal-pdf://4225037120/Spice2013Risk.pdf</url></pdf-urls></urls><electronic-resource-num><style face="normal" font="default" size="100%">10.1177/1079063212459086</style></electronic-resource-num></record><record><database name="NSCClibrary.enl" path="F:\NSCClibrary.enl">NSCClibrary.enl</database><source-app name="EndNote" version="17.1">EndNote</source-app><rec-number>1987</rec-number><foreign-keys><key app="EN" db-id="5s5ppfp52t55w0eadv7p5ss3vfxzs5fwwe5w">1987</key><key app="ENWeb" db-id="ThEeKwrtqggAAHqv064">4983</key></foreign-keys><ref-type name="Journal Article">17</ref-type><contributors><authors><author><style face="normal" font="default" size="100%">Worling, James R.</style></author></authors></contributors><titles><title><style face="normal" font="default" size="100%">The estimate of risk of adolescent sexual offense recidivism (ERASOR): Preliminary psychometric data</style></title><secondary-title><style face="normal" font="default" size="100%">Sexual Abuse: A Journal of Research and Treatment</style></secondary-title></titles><periodical><full-title><style face="normal" font="default" size="100%">Sexual Abuse: A Journal of Research and Treatment</style></full-title></periodical><pages><style face="normal" font="default" size="100%">235-254</style></pages><volume><style face="normal" font="default" size="100%">16</style></volume><number><style face="normal" font="default" size="100%">3</style></number><keywords><keyword><style face="normal" font="default" size="100%">Adolescent sex offender</style></keyword><keyword><style face="normal" font="default" size="100%">Adolescents who sexually abuse</style></keyword><keyword><style face="normal" font="default" size="100%">Juvenile sex offender</style></keyword><keyword><style face="normal" font="default" size="100%">Risk assessment</style></keyword><keyword><style face="normal" font="default" size="100%">Recidivism</style></keyword><keyword><style face="normal" font="default" size="100%">Adolescents who sexually offend</style></keyword><keyword><style face="normal" font="default" size="100%">Young people who sexually offend</style></keyword></keywords><dates><year><style face="normal" font="default" size="100%">2004</style></year></dates><isbn><style face="normal" font="default" size="100%">1079-0632</style></isbn><abstract><style face="normal" font="default" size="100%">The Estimate of Risk of Adolescent Sexual Offense Recidivism (ERASOR) is an empirically guided checklist designed to assist clinicians to estimate the shortterm risk of a sexual reoffense for youth aged 12–18 years of age. The ERASOR provides objective coding instructions for 25 risk factors (16 dynamic and 9 static). To investigate the psychometric properties, risk ratings were collected from 28 clinicians who evaluated 136 adolescent males (aged 12–18 years) following comprehensive, clinical assessments. Preliminary psychometric data (i.e., interrater agreement, item–total correlation, internal consistency) were found to be supportive of the reliability and item composition of the tool. ERASOR ratings also significantly discriminated adolescents based on whether or not they had previously been sanctioned for a prior sexual offense.</style></abstract><urls><pdf-urls><url>internal-pdf://ERASOR Article 2004-1182096128/ERASOR Article 2004.pdf</url></pdf-urls></urls></record><record><database name="NSCClibrary.enl" path="F:\NSCClibrary.enl">NSCClibrary.enl</database><source-app name="EndNote" version="17.1">EndNote</source-app><rec-number>4709</rec-number><foreign-keys><key app="EN" db-id="5s5ppfp52t55w0eadv7p5ss3vfxzs5fwwe5w">4709</key></foreign-keys><ref-type name="Journal Article">17</ref-type><contributors><authors><author><style face="normal" font="default" size="100%">Worling, James R.</style></author><author><style face="normal" font="default" size="100%">Bookalam, David</style></author><author><style face="normal" font="default" size="100%">Litteljohn, Ariel</style></author></authors></contributors><titles><title><style face="normal" font="default" size="100%">Prospective Validity of the Estimate of Risk of Adolescent Sexual Offense Recidivism (ERASOR)</style></title><secondary-title><style face="normal" font="default" size="100%">Sexual Abuse: A Journal of Research and Treatment</style></secondary-title></titles><periodical><full-title><style face="normal" font="default" size="100%">Sexual Abuse: A Journal of Research and Treatment</style></full-title></periodical><pages><style face="normal" font="default" size="100%">203-223</style></pages><volume><style face="normal" font="default" size="100%">24</style></volume><number><style face="normal" font="default" size="100%">3</style></number><keywords><keyword><style face="normal" font="default" size="100%">Adolescents</style></keyword><keyword><style face="normal" font="default" size="100%">Risk assessment</style></keyword><keyword><style face="normal" font="default" size="100%">Recidivism</style></keyword></keywords><dates><year><style face="normal" font="default" size="100%">2012</style></year><pub-dates><date><style face="normal" font="default" size="100%">June 1, 2012</style></date></pub-dates></dates><abstract><style face="normal" font="default" size="100%">Data from the Estimate of Risk of Adolescent Sexual Offense Recidivism (ERASOR; Worling &amp; Curwen) were collected for a sample of 191 adolescent males who had offended sexually. Adolescents were aged 12 to 19 years (M = 15.34; SD = 1.53) at the time of their participation in a comprehensive assessment. The ERASOR was completed by 1 of 22 clinicians immediately following each assessment. Forty-five adolescents were independently rated by pairs of clinicians, and significant interrater agreement was found for the ERASOR risk factors, the clinical judgment ratings (low, moderate, or high), and a total score. Recidivism data (criminal charges) were subsequently collected from three sources that spanned a follow-up period between 0.1 and 7.9 years (M = 3.66; SD = 2.08). Overall, 9.4% (18 of 191) of the adolescents were charged with a subsequent sexual offense over this time period. A shorter follow-up interval of up to 2.5 years (M = 1.4; SD = 0.71) was also examined. Recidivism data for the shorter follow-up interval were available for a subgroup of 70 adolescents, with a comparable recidivism rate of 8.6% (6 of 70). Clinical judgment ratings, the total score, and the sum of risk factors rated as present were significantly predictive of sexual reoffending for the short follow-up period. The total score and the sum of risk factors were predictive of sexual reoffending over the entire follow-up interval. These results add to the emerging research supporting the reliability and validity of structured risk assessment tools for adolescent sexual recidivism.</style></abstract><urls><pdf-urls><url>internal-pdf://3368410095/Worling2012Prospective.pdf</url></pdf-urls></urls><electronic-resource-num><style face="normal" font="default" size="100%">10.1177/1079063211407080</style></electronic-resource-num></record><record><database name="NSCClibrary.enl" path="F:\NSCClibrary.enl">NSCClibrary.enl</database><source-app name="EndNote" version="17.1">EndNote</source-app><rec-number>804</rec-number><foreign-keys><key app="EN" db-id="5s5ppfp52t55w0eadv7p5ss3vfxzs5fwwe5w">804</key><key app="ENWeb" db-id="ThEeKwrtqggAAHqv064">4861</key></foreign-keys><ref-type name="Report">27</ref-type><contributors><authors><author><style face="normal" font="default" size="100%">Worling, James R.</style></author><author><style face="normal" font="default" size="100%">Curwen, Tracey</style></author></authors></contributors><auth-address><style face="normal" font="default" size="100%">51 Panorama Court, Toronto, Ontario, Canada M9V 4L8</style></auth-address><titles><title><style face="normal" font="default" size="100%">Estimate of risk of adolescent sexual offense recidivism (ERASOR; Version 2.0)</style></title><secondary-title><style face="normal" font="default" size="100%">Sexual Abuse: Family Education and Treatment (SAFE-T) Program</style></secondary-title></titles><pages><style face="normal" font="default" size="100%">372-397</style></pages><keywords><keyword><style face="normal" font="default" size="100%">ERASOR</style></keyword><keyword><style face="normal" font="default" size="100%">Recidivism</style></keyword><keyword><style face="normal" font="default" size="100%">Risk factors</style></keyword><keyword><style face="normal" font="default" size="100%">Underwear theft</style></keyword><keyword><style face="normal" font="default" size="100%">Adolescent sex offenders</style></keyword><keyword><style face="normal" font="default" size="100%">Adolescents who sexually abuse</style></keyword><keyword><style face="normal" font="default" size="100%">Adolescents who sexually harm</style></keyword><keyword><style face="normal" font="default" size="100%">Adolescents who sexually offend</style></keyword><keyword><style face="normal" font="default" size="100%">Juvenile sex offenders</style></keyword><keyword><style face="normal" font="default" size="100%">Young people who sexually abuse</style></keyword><keyword><style face="normal" font="default" size="100%">Young people who sexually offend</style></keyword></keywords><dates><year><style face="normal" font="default" size="100%">2001</style></year></dates><pub-location><style face="normal" font="default" size="100%">Toronto, Canada</style></pub-location><publisher><style face="normal" font="default" size="100%">Thistletown Regional Centre for Children and Adolescents, Ontario Ministry of Community and Social Services</style></publisher><abstract><style face="normal" font="default" size="100%">The Estimate of Risk of Adolescent Sexual Offense Recidivism (ERASOR) is an empirically guided checklist designed to assist clinicians to estimate the short-term risk of a sexual reoffense for youth aged 12–18 years of age. The ERASOR provides objective coding instructions for 25 risk factors (16 dynamic and 9 static). Included here are the following: complete ERASOR manual, ERASOR coding form, ERASOR coding examples, suggestions for interpreting overall risk ratings, overview of research support and using the ERASOR with &apos;special&apos; populations.</style></abstract><notes><style face="normal" font="default" size="100%">New Street and Cedar Cottage Training CD September 2008</style></notes><urls><pdf-urls><url>internal-pdf://ERASOR 2.0-3127038208/ERASOR 2.0.pdf</url><url>internal-pdf://ERASOR 2.0 10 Page Coding Form-1365486336/ERASOR 2.0 10 Page Coding Form.pdf</url><url>internal-pdf://ERASOR Coding examples 2006-3865395200/ERASOR Coding examples 2006.pdf</url><url>internal-pdf://ERASOR risk rating suggested interpretations 2007-1080415744/ERASOR risk rating suggested interpretations 2007.pdf</url><url>internal-pdf://ERASOR overview of research support October 2009-3026675200/ERASOR overview of research support October 2009.pdf</url><url>internal-pdf://What about special populations-1047064064/What about special populations.pdf</url><url>internal-pdf://Worling 2001 - ERASOR-0547976961/Worling 2001 - ERASOR.pdf</url></pdf-urls></urls></record></records></xml>