<?xml version="1.0" encoding="UTF-8" ?><xml><records><record><database name="NSCClibrary.enl" path="F:\NSCClibrary.enl">NSCClibrary.enl</database><source-app name="EndNote" version="17.1">EndNote</source-app><rec-number>1984</rec-number><foreign-keys><key app="EN" db-id="5s5ppfp52t55w0eadv7p5ss3vfxzs5fwwe5w">1984</key><key app="ENWeb" db-id="ThEeKwrtqggAAHqv064">4980</key></foreign-keys><ref-type name="Book">6</ref-type><contributors><authors><author><style face="normal" font="default" size="100%">Stetson School,</style></author></authors></contributors><titles><title><style face="normal" font="default" size="100%">J-RAT Juvenile Risk Assessment Tool: Assessment of risk for sexual re-offending - Version 3</style></title></titles><keywords><keyword><style face="normal" font="default" size="100%">J-RAT V3</style></keyword><keyword><style face="normal" font="default" size="100%">Risk assessment</style></keyword><keyword><style face="normal" font="default" size="100%">Adolescent sex offender</style></keyword><keyword><style face="normal" font="default" size="100%">Juvenile sex offender</style></keyword><keyword><style face="normal" font="default" size="100%">Adolescents who sexually abuse</style></keyword></keywords><dates><year><style face="normal" font="default" size="100%">2007</style></year></dates><pub-location><style face="normal" font="default" size="100%">Barre, MA</style></pub-location><publisher><style face="normal" font="default" size="100%">Stetson School</style></publisher><abstract><style face="normal" font="default" size="100%">A Sexual Offender Risk Assessment is designed to assess the possibility that an offender will re-offend at some point in the future. Risk for re-offense always involves future potential behavior, and assessment attempts to assess the likelihood that such an offense will occur. Hence, risk assessment involves predictions of low risk, moderate risk, or high risk to reoffend</style></abstract><urls><pdf-urls><url>internal-pdf://J-RAT V3-2081074945/J-RAT V3.pdf</url></pdf-urls></urls></record></records></xml>