<?xml version="1.0" encoding="UTF-8" ?><xml><records><record><database name="NSCClibrary.enl" path="F:\NSCClibrary.enl">NSCClibrary.enl</database><source-app name="EndNote" version="17.1">EndNote</source-app><rec-number>3446</rec-number><foreign-keys><key app="EN" db-id="5s5ppfp52t55w0eadv7p5ss3vfxzs5fwwe5w">3446</key></foreign-keys><ref-type name="Journal Article">17</ref-type><contributors><authors><author><style face="normal" font="default" size="100%">Babchishin, Kelly M.</style></author><author><style face="normal" font="default" size="100%">Blais, Julie</style></author><author><style face="normal" font="default" size="100%">Helmus, Leslie</style></author></authors></contributors><titles><title><style face="normal" font="default" size="100%">Do static risk factors predict differently for Aboriginal sex offenders? A multi-site comparison using the original and revised Static-99 and Static-2002 scales</style></title><secondary-title><style face="normal" font="default" size="100%">Canadian Journal of Criminology and Criminal Justice</style></secondary-title></titles><periodical><full-title><style face="normal" font="default" size="100%">Canadian Journal of Criminology and Criminal Justice</style></full-title></periodical><pages><style face="normal" font="default" size="100%">1-43</style></pages><volume><style face="normal" font="default" size="100%">54</style></volume><number><style face="normal" font="default" size="100%">1</style></number><keywords><keyword><style face="normal" font="default" size="100%">Aboriginal Australians</style></keyword><keyword><style face="normal" font="default" size="100%">Actuarial risk scale</style></keyword><keyword><style face="normal" font="default" size="100%">Indigenous Australians</style></keyword><keyword><style face="normal" font="default" size="100%">Risk assessment</style></keyword><keyword><style face="normal" font="default" size="100%">Sex offenders</style></keyword><keyword><style face="normal" font="default" size="100%">Static-99</style></keyword><keyword><style face="normal" font="default" size="100%">Static-2002</style></keyword><keyword><style face="normal" font="default" size="100%">Recidivism</style></keyword></keywords><dates><year><style face="normal" font="default" size="100%">2012</style></year></dates><isbn><style face="normal" font="default" size="100%">1707-7753</style></isbn><abstract><style face="normal" font="default" size="100%">There is much concern about the extent to which risk assessment tools designed to predict recidivism are equally valid for both Aboriginal and non-Aboriginal offenders. The current study compared Aboriginal and non-Aboriginal male sex offenders on items and total scores of the original and revised Static-99 and Static-2002 scales. The study included five independent Canadian samples with Static-99 and Static-99R scores (319 Aboriginals and 1,269 non-Aboriginals), three of which also had Static-2002 and Static-2002R scores (209 Aboriginals and 955 non-Aboriginals). Aboriginal sex offenders scored significantly higher than non-Aboriginal sex offenders on total scores and items indicative of general criminality, and tended to score lower on items indicative of sexual deviancy. Static-99/R total scores and items generally predicted sexual recidivism with similar accuracy for Aboriginal and non-Aboriginal sex offenders. In contrast, significant differences were found for Static-2002/R total scores and several of their items, with lower predictive accuracy for Aboriginals. The results suggest that at least some items of the Static scales are not as predictive for Aboriginal than non-Aboriginal sex offenders, with differences found on Static-2002/R rather than Static-99/R scales.</style></abstract><urls><pdf-urls><url>internal-pdf://Babchishin et al 2012 - Do static risk factors predict-1217915905/Babchishin et al 2012 - Do static risk factors predict.pdf</url></pdf-urls></urls></record><record><database name="NSCClibrary.enl" path="F:\NSCClibrary.enl">NSCClibrary.enl</database><source-app name="EndNote" version="17.1">EndNote</source-app><rec-number>5094</rec-number><foreign-keys><key app="EN" db-id="5s5ppfp52t55w0eadv7p5ss3vfxzs5fwwe5w">5094</key><key app="ENWeb" db-id="">0</key></foreign-keys><ref-type name="Journal Article">17</ref-type><contributors><authors><author><style face="normal" font="default" size="100%">Babchishin, K. M.</style></author><author><style face="normal" font="default" size="100%">Hanson, R. K.</style></author><author><style face="normal" font="default" size="100%">Blais, J.</style></author></authors></contributors><auth-address><style face="normal" font="default" size="100%">Public Safety Canada, Ottawa, Ontario, Canada Royal Ottawa Hospital, Ontario, Canada kelly.babchishin@theroyal.ca.&#xD;Public Safety Canada, Ottawa, Ontario, Canada.&#xD;Public Safety Canada, Ottawa, Ontario, Canada Carleton University, Ottawa, Ontario, Canada.</style></auth-address><titles><title><style face="normal" font="default" size="100%">Less Is More: Using Static-2002R Subscales to Predict Violent and General Recidivism Among Sexual Offenders</style></title><secondary-title><style face="normal" font="default" size="100%">Sex Abuse</style></secondary-title><alt-title><style face="normal" font="default" size="100%">Sexual abuse : a journal of research and treatment</style></alt-title></titles><periodical><full-title><style face="normal" font="default" size="100%">Sex Abuse</style></full-title></periodical><alt-periodical><full-title><style face="normal" font="default" size="100%">Sexual abuse : a journal of research and treatment</style></full-title></alt-periodical><pages><style face="normal" font="default" size="100%">187-217</style></pages><volume><style face="normal" font="default" size="100%">28</style></volume><number><style face="normal" font="default" size="100%">3</style></number><dates><year><style face="normal" font="default" size="100%">2016</style></year><pub-dates><date><style face="normal" font="default" size="100%">Apr</style></date></pub-dates></dates><isbn><style face="normal" font="default" size="100%">1573-286X (Electronic)&#xD;1079-0632 (Linking)</style></isbn><accession-num><style face="normal" font="default" size="100%">25667228</style></accession-num><abstract><style face="normal" font="default" size="100%">Given that sexual offenders are more likely to reoffend with a nonsexual offense than a sexual offense, it is useful to have risk scales that predict general recidivism among sexual offenders. In the current study, we examined the extent to which two commonly used risk scales for sexual offenders (Static-99R and Static-2002R) predict violent and general recidivism, and whether it would be possible to improve predictive accuracy for these outcomes by revising their items. Based on an aggregated sample of 3,536 adult male sex offenders from Canada, the United States, and Europe (average age of 39 years), we found that a scale created from the Age at Release item and the General Criminality subscale of Static-2002R predicted nonsexual violent, any violent, and general recidivism significantly better than Static-99R or Static-2002R total scores. The convergent validity of this new scale (Brief Assessment of Recidivism Risk-2002R [BARR-2002R]) was examined in a new, independent data set of Canadian high-risk adult male sex offenders (N = 360) where it was found to be highly correlated with other risk assessment tools for general recidivism and the Psychopathy Checklist-Revised (PCL-R), as well as demonstrated similar discrimination and calibration as in the development sample. Instead of using total scores from the Static-99R or Static-2002R, we recommend that evaluators use the BARR-2002R for predicting violent and general recidivism among sex offenders, and for screening for the psychological dimension of antisocial orientation.</style></abstract><notes><style face="normal" font="default" size="100%">Babchishin, Kelly M&#xD;Hanson, R Karl&#xD;Blais, Julie&#xD;eng&#xD;2015/02/11 06:00&#xD;Sex Abuse. 2016 Apr;28(3):187-217. doi: 10.1177/1079063215569544. Epub 2015 Feb 9.</style></notes><urls><related-urls><url><style face="normal" font="default" size="100%">http://www.ncbi.nlm.nih.gov/pubmed/25667228</style></url></related-urls><pdf-urls><url>internal-pdf://2486198010/Babchishin 2016 - Using Static-2002R Subscales.pdf</url></pdf-urls></urls><electronic-resource-num><style face="normal" font="default" size="100%">10.1177/1079063215569544</style></electronic-resource-num></record><record><database name="NSCClibrary.enl" path="F:\NSCClibrary.enl">NSCClibrary.enl</database><source-app name="EndNote" version="17.1">EndNote</source-app><rec-number>3427</rec-number><foreign-keys><key app="EN" db-id="5s5ppfp52t55w0eadv7p5ss3vfxzs5fwwe5w">3427</key></foreign-keys><ref-type name="Report">27</ref-type><contributors><authors><author><style face="normal" font="default" size="100%">Babchishin, Kelly M.</style></author><author><style face="normal" font="default" size="100%">Hanson, R. Karl</style></author><author><style face="normal" font="default" size="100%">Helmus, Leslie</style></author></authors></contributors><titles><title><style face="normal" font="default" size="100%">The RRASOR, Static-99R, and Static-2002R all add incrementally to the prediction of recidivism among sex offenders</style></title></titles><keywords><keyword><style face="normal" font="default" size="100%">Actuarial risk scale</style></keyword><keyword><style face="normal" font="default" size="100%">Recidivism</style></keyword><keyword><style face="normal" font="default" size="100%">Risk assessment</style></keyword><keyword><style face="normal" font="default" size="100%">RRASOR</style></keyword><keyword><style face="normal" font="default" size="100%">Static-2002</style></keyword><keyword><style face="normal" font="default" size="100%">Static-99</style></keyword></keywords><dates><year><style face="normal" font="default" size="100%">2011</style></year><pub-dates><date><style face="normal" font="default" size="100%">January 2011</style></date></pub-dates></dates><pub-location><style face="normal" font="default" size="100%">Ottawa, ON</style></pub-location><publisher><style face="normal" font="default" size="100%">Public Safety Canada</style></publisher><abstract><style face="normal" font="default" size="100%">Empirically derived actuarial tools are increasingly being used in applied psychology, particularly for the assessment of risk for crime and violence. Although evaluators commonly use more than one scale, it is unclear how evaluators should interpret divergent findings. The current study examined the predictive accuracy and incremental validity of three risk assessment scales (RRASOR, Static-99R, and Static-2002R) in twenty distinct samples of sex offenders (N = 7,491). Static 99R and Static-2002R outperformed the RRASOR in the prediction of sexual, violent, and any recidivism. No differences in predictive accuracy were found between Static-99R and Static-2002R. Nevertheless, almost all the scales provided incremental validity to the prediction of all types of recidivism. The direction of the incremental effects, however, was not consistently positive. When controlling for the other measures, high scores on the RRASOR were associated with lower risk for violent and general recidivism. Consequently, decisions concerning the interpretation of multiple risk scales must be informed by the construct validity of the measures. When scales measure the same domain of risk factors, an averaging approach can be justified. If the selected scales are not sampling the same types of risk factors, then evaluators need a defensible model concerning (1) the latent constructs measured by the scales and (2) empirical evidence concerning how the constructs should be weighted and combined.</style></abstract><urls><pdf-urls><url>internal-pdf://Babchishin et al 2011 - The RRASOR-1687456769/Babchishin et al 2011 - The RRASOR.pdf</url></pdf-urls></urls></record><record><database name="NSCClibrary.enl" path="F:\NSCClibrary.enl">NSCClibrary.enl</database><source-app name="EndNote" version="17.1">EndNote</source-app><rec-number>3433</rec-number><foreign-keys><key app="EN" db-id="5s5ppfp52t55w0eadv7p5ss3vfxzs5fwwe5w">3433</key></foreign-keys><ref-type name="Journal Article">17</ref-type><contributors><authors><author><style face="normal" font="default" size="100%">Hanson, R. Karl</style></author><author><style face="normal" font="default" size="100%">Helmus, Leslie</style></author><author><style face="normal" font="default" size="100%">Thornton, David</style></author></authors></contributors><titles><title><style face="normal" font="default" size="100%">Predicting recidivism amongst sexual offenders: A multi-site study of Static-2002</style></title><secondary-title><style face="normal" font="default" size="100%">Law and Human Behavior</style></secondary-title></titles><periodical><full-title><style face="normal" font="default" size="100%">Law and Human Behavior</style></full-title></periodical><pages><style face="normal" font="default" size="100%">198-211</style></pages><volume><style face="normal" font="default" size="100%">34</style></volume><number><style face="normal" font="default" size="100%">3</style></number><keywords><keyword><style face="normal" font="default" size="100%">Actuarial risk scale</style></keyword><keyword><style face="normal" font="default" size="100%">Recidivism</style></keyword><keyword><style face="normal" font="default" size="100%">Risk assessment</style></keyword><keyword><style face="normal" font="default" size="100%">Sex offenders</style></keyword><keyword><style face="normal" font="default" size="100%">Static-2002</style></keyword></keywords><dates><year><style face="normal" font="default" size="100%">2010</style></year></dates><isbn><style face="normal" font="default" size="100%">1573-661X</style></isbn><abstract><style face="normal" font="default" size="100%">The predictive accuracy of Static-2002 (Hanson &amp; Thornton, Notes on the development of Static-2002 (Corrections Research User Report No. 2003-01), 2003) was examined in eight samples of sexual offenders (five Canadian, one U.S., one U.K., one Danish; total sample of 3,034). Static-2002 showed moderate ability to rank order the risk for sexual, violent and general (any) recidivism (AUCs of .68, .71, and .70, respectively), and was more accurate than Static-99. These findings support the use of Static-2002 in applied assessments. There were substantial differences across samples, however, in the observed sexual recidivism rates. These differences present new challenges to evaluators wishing to use actuarial risk scores to estimate absolute recidivism rates.</style></abstract><urls><pdf-urls><url>internal-pdf://Hanson et al 2010 - Predicting recidivism amongst-2430509057/Hanson et al 2010 - Predicting recidivism amongst.pdf</url></pdf-urls></urls></record><record><database name="NSCClibrary.enl" path="F:\NSCClibrary.enl">NSCClibrary.enl</database><source-app name="EndNote" version="17.1">EndNote</source-app><rec-number>3434</rec-number><foreign-keys><key app="EN" db-id="5s5ppfp52t55w0eadv7p5ss3vfxzs5fwwe5w">3434</key></foreign-keys><ref-type name="Journal Article">17</ref-type><contributors><authors><author><style face="normal" font="default" size="100%">Hanson, R. Karl</style></author><author><style face="normal" font="default" size="100%">Lloyd, Caleb D.</style></author><author><style face="normal" font="default" size="100%">Helmus, Leslie</style></author><author><style face="normal" font="default" size="100%">Thornton, David</style></author></authors></contributors><titles><title><style face="normal" font="default" size="100%">Developing non-arbitrary metrics for risk communication: Percentile ranks for the Static-99/R and Static-2002/R sexual offender risk tools</style></title><secondary-title><style face="normal" font="default" size="100%">International Journal of Forensic Mental Health</style></secondary-title></titles><periodical><full-title><style face="normal" font="default" size="100%">International journal of forensic mental health</style></full-title></periodical><pages><style face="normal" font="default" size="100%">9-23</style></pages><volume><style face="normal" font="default" size="100%">11</style></volume><number><style face="normal" font="default" size="100%">1</style></number><keywords><keyword><style face="normal" font="default" size="100%">Actuarial risk scale</style></keyword><keyword><style face="normal" font="default" size="100%">Recidivism</style></keyword><keyword><style face="normal" font="default" size="100%">Risk assessment</style></keyword><keyword><style face="normal" font="default" size="100%">Sex offenders</style></keyword><keyword><style face="normal" font="default" size="100%">Static-99</style></keyword><keyword><style face="normal" font="default" size="100%">Static-2002</style></keyword><keyword><style face="normal" font="default" size="100%">Static-2002R</style></keyword></keywords><dates><year><style face="normal" font="default" size="100%">2012</style></year></dates><isbn><style face="normal" font="default" size="100%">1499-9013</style></isbn><abstract><style face="normal" font="default" size="100%">The aim of this article was to advance risk communication by examining percentile ranks as a non-arbitrary metric for quantifying risk. Although percentile ranks have a simple meaning, their calculation is complicated by ties (i.e., more than one offender having the same score). The strengths and weaknesses of percentile ranks are discussed, as are the options for calculating and presenting them in applied risk communication. As a demonstration, percentile ranks for Canadian sexual offenders were computed for the most popular sexual offender risk assessment tools (Static-99, Static-99R, Static-2002 and Static-2002R). The distribution of Static-99 scores was highly stable in international comparisons of sexual offenders from Canada (1990 to 2005; n = 2,011), Sweden (1993 to 1997; n = 1,278) and California (2008 to 2010; n = 37,600).The major limitation of percentile ranks is that they measure the “unusualness” of scores in a particular reference group, and may not correspond to other indicators of relative or absolute risk. Consequently, we recommend that evaluators presenting percentile ranks should consistently provide recidivism base rate information so that decision makers do not confuse the rarity of a score with estimates of absolute recidivism risk.</style></abstract><urls><pdf-urls><url>internal-pdf://Hanson et al 2012 - Developing nonarbitrary metrics-3671455233/Hanson et al 2012 - Developing nonarbitrary metrics.pdf</url></pdf-urls></urls></record><record><database name="NSCClibrary.enl" path="F:\NSCClibrary.enl">NSCClibrary.enl</database><source-app name="EndNote" version="17.1">EndNote</source-app><rec-number>3445</rec-number><foreign-keys><key app="EN" db-id="5s5ppfp52t55w0eadv7p5ss3vfxzs5fwwe5w">3445</key></foreign-keys><ref-type name="Conference Proceedings">10</ref-type><contributors><authors><author><style face="normal" font="default" size="100%">Hanson, R. Karl</style></author><author><style face="normal" font="default" size="100%">Phenix, Amy</style></author><author><style face="normal" font="default" size="100%">Helmus, Leslie</style></author></authors></contributors><titles><title><style face="normal" font="default" size="100%">Static-99 (R) and Static-2002 (R): How to interpret and report in light of recent research</style></title><secondary-title><style face="normal" font="default" size="100%">Pre-Conference Workshop at the 28th Annual Research and Treatment Conference of the Association for the Treatment of Sexual Abusers</style></secondary-title></titles><keywords><keyword><style face="normal" font="default" size="100%">Actuarial risk scale</style></keyword><keyword><style face="normal" font="default" size="100%">Recidivism</style></keyword><keyword><style face="normal" font="default" size="100%">Risk assessment</style></keyword><keyword><style face="normal" font="default" size="100%">Static-99</style></keyword><keyword><style face="normal" font="default" size="100%">Static-2002</style></keyword></keywords><dates><year><style face="normal" font="default" size="100%">2009</style></year><pub-dates><date><style face="normal" font="default" size="100%">September 30, 2009</style></date></pub-dates></dates><pub-location><style face="normal" font="default" size="100%">Dallas, TX</style></pub-location><urls><pdf-urls><url>internal-pdf://Hanson et al 2009 - Static 99R and Static-2002R-3777424640/Hanson et al 2009 - Static 99R and Static-2002R.pdf</url></pdf-urls></urls></record><record><database name="NSCClibrary.enl" path="F:\NSCClibrary.enl">NSCClibrary.enl</database><source-app name="EndNote" version="17.1">EndNote</source-app><rec-number>3435</rec-number><foreign-keys><key app="EN" db-id="5s5ppfp52t55w0eadv7p5ss3vfxzs5fwwe5w">3435</key></foreign-keys><ref-type name="Book">6</ref-type><contributors><authors><author><style face="normal" font="default" size="100%">Hanson, R. Karl</style></author><author><style face="normal" font="default" size="100%">Thornton, David</style></author></authors></contributors><titles><title><style face="normal" font="default" size="100%">Notes on the development of Static-2002, 2003-01</style></title></titles><keywords><keyword><style face="normal" font="default" size="100%">Actuarial risk scale</style></keyword><keyword><style face="normal" font="default" size="100%">Recidivism</style></keyword><keyword><style face="normal" font="default" size="100%">Risk assessment</style></keyword><keyword><style face="normal" font="default" size="100%">Sex offenders</style></keyword><keyword><style face="normal" font="default" size="100%">Static-2002</style></keyword></keywords><dates><year><style face="normal" font="default" size="100%">2003</style></year></dates><pub-location><style face="normal" font="default" size="100%">Ontario, ON</style></pub-location><publisher><style face="normal" font="default" size="100%">Solicitor General Canada</style></publisher><abstract><style face="normal" font="default" size="100%">This paper describes the development of a new risk scale for sexual offenders, Static-2002. Like Static-99 (Hanson &amp; Thornton, 1999, 2000), Static-2002 is intended to be a widely applicable risk scale for the prediction of sexual recidivism, which can be coded using commonly available file information. Preliminary analyses (n = 2,169; k = 7) suggest that Static-2002 shows promise, but further research is needed before it can be used in applied contexts. This description of Static-2002 is presented with the hope that researchers can examine its utility and predictive accuracy in new samples.</style></abstract><urls><related-urls><url><style face="normal" font="default" size="100%">www.sgc.gc.ca</style></url></related-urls><pdf-urls><url>internal-pdf://Hanson et al 2003 - Notes on the development of-0179505153/Hanson et al 2003 - Notes on the development of.pdf</url></pdf-urls></urls></record><record><database name="NSCClibrary.enl" path="F:\NSCClibrary.enl">NSCClibrary.enl</database><source-app name="EndNote" version="17.1">EndNote</source-app><rec-number>3437</rec-number><foreign-keys><key app="EN" db-id="5s5ppfp52t55w0eadv7p5ss3vfxzs5fwwe5w">3437</key></foreign-keys><ref-type name="Journal Article">17</ref-type><contributors><authors><author><style face="normal" font="default" size="100%">Helmus, Leslie</style></author><author><style face="normal" font="default" size="100%">Hanson, R. Karl</style></author><author><style face="normal" font="default" size="100%">Thornton, David</style></author><author><style face="normal" font="default" size="100%">Babchishin, Kelly M.</style></author><author><style face="normal" font="default" size="100%">Harris, Andrew J.R.</style></author></authors></contributors><titles><title><style face="normal" font="default" size="100%">Absolute recidivism rates predicted by Static-99R and Static-2002R sex offender risk assessment tools vary across samples: A meta-analysis</style></title><secondary-title><style face="normal" font="default" size="100%">Criminal Justice and Behavior</style></secondary-title></titles><periodical><full-title><style face="normal" font="default" size="100%">Criminal Justice and Behavior</style></full-title></periodical><keywords><keyword><style face="normal" font="default" size="100%">Actuarial risk scale</style></keyword><keyword><style face="normal" font="default" size="100%">Recidivism</style></keyword><keyword><style face="normal" font="default" size="100%">Risk assessment</style></keyword><keyword><style face="normal" font="default" size="100%">Static-99</style></keyword><keyword><style face="normal" font="default" size="100%">Static-2002</style></keyword></keywords><dates><year><style face="normal" font="default" size="100%">2012</style></year></dates><isbn><style face="normal" font="default" size="100%">0093-8548</style></isbn><abstract><style face="normal" font="default" size="100%">There has been considerable research on relative predictive accuracy (i.e., discrimination) in offender risk assessment (e.g., are high risk offenders more likely to reoffend than low risk offenders), but virtually no research on the accuracy or stability of absolute recidivism estimates (i.e., calibration). The current study aimed to fill this gap by examining absolute and relative risk estimates for certain STATIC sex offender assessment tools. Logistic regression coefficients for Static-99R and Static-2002R were combined through meta-analysis (8,106 sex offenders; 23 samples). The sexual recidivism rates for typical sex offenders are lower than the public generally believes. Static-99R and Static-2002R both demonstrated remarkably consistent relative predictive accuracy across studies. For both scales, however, the predicted recidivism rates within each risk score demonstrated large and significant variability across studies. We discuss how the variability in recidivism rates complicates the estimation of recidivism probability in applied assessments.</style></abstract><urls><pdf-urls><url>internal-pdf://Helmus 2012 - Absolute recidivism rates predicted-4121140225/Helmus 2012 - Absolute recidivism rates predicted.pdf</url></pdf-urls></urls><electronic-resource-num><style face="normal" font="default" size="100%">10.1177/0093854812443648</style></electronic-resource-num></record><record><database name="NSCClibrary.enl" path="F:\NSCClibrary.enl">NSCClibrary.enl</database><source-app name="EndNote" version="17.1">EndNote</source-app><rec-number>3439</rec-number><foreign-keys><key app="EN" db-id="5s5ppfp52t55w0eadv7p5ss3vfxzs5fwwe5w">3439</key></foreign-keys><ref-type name="Journal Article">17</ref-type><contributors><authors><author><style face="normal" font="default" size="100%">Helmus, Leslie</style></author><author><style face="normal" font="default" size="100%">Thornton, David</style></author><author><style face="normal" font="default" size="100%">Hanson, R. Karl</style></author><author><style face="normal" font="default" size="100%">Babchishin, Kelly M.</style></author></authors></contributors><titles><title><style face="normal" font="default" size="100%">Improving the predictive accuracy of Static-99 and Static-2002 with older sex offenders: Revised age weights</style></title><secondary-title><style face="normal" font="default" size="100%">Sexual Abuse: A Journal of Research and Treatment</style></secondary-title></titles><periodical><full-title><style face="normal" font="default" size="100%">Sexual Abuse: A Journal of Research and Treatment</style></full-title></periodical><pages><style face="normal" font="default" size="100%">64-101</style></pages><volume><style face="normal" font="default" size="100%">24</style></volume><number><style face="normal" font="default" size="100%">1</style></number><keywords><keyword><style face="normal" font="default" size="100%">Actuarial risk scale</style></keyword><keyword><style face="normal" font="default" size="100%">Recidivism</style></keyword><keyword><style face="normal" font="default" size="100%">Risk assessment</style></keyword><keyword><style face="normal" font="default" size="100%">Static-99</style></keyword><keyword><style face="normal" font="default" size="100%">Static-2002</style></keyword></keywords><dates><year><style face="normal" font="default" size="100%">2012</style></year></dates><isbn><style face="normal" font="default" size="100%">1079-0632</style></isbn><abstract><style face="normal" font="default" size="100%">Actuarial risk assessment scales and their associated recidivism estimates are generally developed on samples of offenders whose average age is well below 50 years. Criminal behavior of all types declines with age; consequently, actuarial scales tend to overestimate recidivism for older offenders. The current study aimed to develop a revised scoring system for two risk assessment tools (Static-99 and Static-2002) that would more accurately describe older offenders’ risk of recidivism. Using data from 8,390 sex offenders derived from 24 separate samples, age was found to add incremental predictive validity to both Static-99 and Static-2002. After creating new age weights, the resulting instruments (Static-99R and Static-2002R) had only slightly higher relative predictive accuracy. The absolute recidivism estimates, however, provided a substantially better fit for older offenders than the recidivism estimates from the original scales. We encourage evaluators to adopt the revised scales with the new age weights.</style></abstract><urls><pdf-urls><url>internal-pdf://Helmus et al 2012 - Improving the predictive accuracy-1505091841/Helmus et al 2012 - Improving the predictive accuracy.pdf</url></pdf-urls></urls></record><record><database name="NSCClibrary.enl" path="F:\NSCClibrary.enl">NSCClibrary.enl</database><source-app name="EndNote" version="17.1">EndNote</source-app><rec-number>3438</rec-number><foreign-keys><key app="EN" db-id="5s5ppfp52t55w0eadv7p5ss3vfxzs5fwwe5w">3438</key></foreign-keys><ref-type name="Journal Article">17</ref-type><contributors><authors><author><style face="normal" font="default" size="100%">Helmus, Leslie M.D.</style></author><author><style face="normal" font="default" size="100%">Hanson, R. Karl</style></author></authors></contributors><titles><title><style face="normal" font="default" size="100%">Predictive validity of the Static-99 and Static-2002 for sex offenders on community supervision</style></title><secondary-title><style face="normal" font="default" size="100%">Sexual Offender Treatment</style></secondary-title></titles><periodical><full-title><style face="normal" font="default" size="100%">Sexual Offender Treatment</style></full-title></periodical><pages><style face="normal" font="default" size="100%">1-14</style></pages><volume><style face="normal" font="default" size="100%">2</style></volume><number><style face="normal" font="default" size="100%">2</style></number><keywords><keyword><style face="normal" font="default" size="100%">Actuarial risk scale</style></keyword><keyword><style face="normal" font="default" size="100%">Recidivism</style></keyword><keyword><style face="normal" font="default" size="100%">Risk assessment</style></keyword><keyword><style face="normal" font="default" size="100%">Static-99</style></keyword><keyword><style face="normal" font="default" size="100%">Static-2002</style></keyword></keywords><dates><year><style face="normal" font="default" size="100%">2007</style></year></dates><abstract><style face="normal" font="default" size="100%">The Static-99 is the most commonly used actuarial tool for sexual offenders. Although it has shown acceptable predictive accuracy in a large number of studies, all these studies involved researchers scoring the instrument retrospectively. Consequently, it is unclear whether similar results would be obtained when used in routine practice. The authors of the Static-99 have proposed a new scale, the Static-2002, but there has been insufficient research to determine whether it is an improvement over the Static-99. This study examined the predictive accuracy of the Static-99 in a prospective study of 706 Canadian sexual offenders on community supervision. All assessments were conducted by the probation and parole officers responsible for supervising the cases. The Static-99 was compared with the Static-2002, which was scored retrospectively from criminal history records. After an average 3 year follow−up, the Static-99 and Static-2002 were equally accurate in predicting sexual recidivism (ROC of .76 for both). The Static-2002, however, was better than the Static-99 at predicting violent and general recidivism. There were no significant differences in the accuracy of the measures for rapists, child molesters, or non-contact offenders. Overall, the Static-99 and Static-2002 are both reliable and valid measures of recidivism risk for sexual offenders.</style></abstract><urls><pdf-urls><url>internal-pdf://Helmus et al 2007 - Predictive validity-1167903745/Helmus et al 2007 - Predictive validity.pdf</url></pdf-urls></urls></record><record><database name="NSCClibrary.enl" path="F:\NSCClibrary.enl">NSCClibrary.enl</database><source-app name="EndNote" version="17.1">EndNote</source-app><rec-number>3441</rec-number><foreign-keys><key app="EN" db-id="5s5ppfp52t55w0eadv7p5ss3vfxzs5fwwe5w">3441</key></foreign-keys><ref-type name="Book">6</ref-type><contributors><authors><author><style face="normal" font="default" size="100%">Phenix, Amy</style></author><author><style face="normal" font="default" size="100%">Doren, Dennis</style></author><author><style face="normal" font="default" size="100%">Helmus, Leslie</style></author><author><style face="normal" font="default" size="100%">Hanson, R. Karl </style></author><author><style face="normal" font="default" size="100%">Thornton, David </style></author></authors></contributors><titles><title><style face="normal" font="default" size="100%">Coding rules for Static-2002</style></title></titles><pages><style face="normal" font="default" size="100%">115</style></pages><keywords><keyword><style face="normal" font="default" size="100%">Actuarial risk scale</style></keyword><keyword><style face="normal" font="default" size="100%">Recidivism</style></keyword><keyword><style face="normal" font="default" size="100%">Risk assessment</style></keyword><keyword><style face="normal" font="default" size="100%">Static-2002</style></keyword></keywords><dates><year><style face="normal" font="default" size="100%">2008</style></year></dates><pub-location><style face="normal" font="default" size="100%">Ottawa, ON</style></pub-location><publisher><style face="normal" font="default" size="100%">Public Safety Canada</style></publisher><isbn><style face="normal" font="default" size="100%">1100503196</style></isbn><abstract><style face="normal" font="default" size="100%">The current document describes the scoring rules for Static-2002. These rules were created from the rules used in the development and validation studies; in addition, consensus opinion was used to elaborate the rules to cases and legal jurisdictions different from those previously encountered.</style></abstract><urls><pdf-urls><url>internal-pdf://Phenix 2008 - Coding rules for Static-2002-3904741633/Phenix 2008 - Coding rules for Static-2002.pdf</url></pdf-urls></urls></record></records></xml>