<?xml version="1.0" encoding="UTF-8" ?><xml><records><record><database name="NSCClibrary.enl" path="F:\NSCClibrary.enl">NSCClibrary.enl</database><source-app name="EndNote" version="17.1">EndNote</source-app><rec-number>3446</rec-number><foreign-keys><key app="EN" db-id="5s5ppfp52t55w0eadv7p5ss3vfxzs5fwwe5w">3446</key></foreign-keys><ref-type name="Journal Article">17</ref-type><contributors><authors><author><style face="normal" font="default" size="100%">Babchishin, Kelly M.</style></author><author><style face="normal" font="default" size="100%">Blais, Julie</style></author><author><style face="normal" font="default" size="100%">Helmus, Leslie</style></author></authors></contributors><titles><title><style face="normal" font="default" size="100%">Do static risk factors predict differently for Aboriginal sex offenders? A multi-site comparison using the original and revised Static-99 and Static-2002 scales</style></title><secondary-title><style face="normal" font="default" size="100%">Canadian Journal of Criminology and Criminal Justice</style></secondary-title></titles><periodical><full-title><style face="normal" font="default" size="100%">Canadian Journal of Criminology and Criminal Justice</style></full-title></periodical><pages><style face="normal" font="default" size="100%">1-43</style></pages><volume><style face="normal" font="default" size="100%">54</style></volume><number><style face="normal" font="default" size="100%">1</style></number><keywords><keyword><style face="normal" font="default" size="100%">Aboriginal Australians</style></keyword><keyword><style face="normal" font="default" size="100%">Actuarial risk scale</style></keyword><keyword><style face="normal" font="default" size="100%">Indigenous Australians</style></keyword><keyword><style face="normal" font="default" size="100%">Risk assessment</style></keyword><keyword><style face="normal" font="default" size="100%">Sex offenders</style></keyword><keyword><style face="normal" font="default" size="100%">Static-99</style></keyword><keyword><style face="normal" font="default" size="100%">Static-2002</style></keyword><keyword><style face="normal" font="default" size="100%">Recidivism</style></keyword></keywords><dates><year><style face="normal" font="default" size="100%">2012</style></year></dates><isbn><style face="normal" font="default" size="100%">1707-7753</style></isbn><abstract><style face="normal" font="default" size="100%">There is much concern about the extent to which risk assessment tools designed to predict recidivism are equally valid for both Aboriginal and non-Aboriginal offenders. The current study compared Aboriginal and non-Aboriginal male sex offenders on items and total scores of the original and revised Static-99 and Static-2002 scales. The study included five independent Canadian samples with Static-99 and Static-99R scores (319 Aboriginals and 1,269 non-Aboriginals), three of which also had Static-2002 and Static-2002R scores (209 Aboriginals and 955 non-Aboriginals). Aboriginal sex offenders scored significantly higher than non-Aboriginal sex offenders on total scores and items indicative of general criminality, and tended to score lower on items indicative of sexual deviancy. Static-99/R total scores and items generally predicted sexual recidivism with similar accuracy for Aboriginal and non-Aboriginal sex offenders. In contrast, significant differences were found for Static-2002/R total scores and several of their items, with lower predictive accuracy for Aboriginals. The results suggest that at least some items of the Static scales are not as predictive for Aboriginal than non-Aboriginal sex offenders, with differences found on Static-2002/R rather than Static-99/R scales.</style></abstract><urls><pdf-urls><url>internal-pdf://Babchishin et al 2012 - Do static risk factors predict-1217915905/Babchishin et al 2012 - Do static risk factors predict.pdf</url></pdf-urls></urls></record><record><database name="NSCClibrary.enl" path="F:\NSCClibrary.enl">NSCClibrary.enl</database><source-app name="EndNote" version="17.1">EndNote</source-app><rec-number>3427</rec-number><foreign-keys><key app="EN" db-id="5s5ppfp52t55w0eadv7p5ss3vfxzs5fwwe5w">3427</key></foreign-keys><ref-type name="Report">27</ref-type><contributors><authors><author><style face="normal" font="default" size="100%">Babchishin, Kelly M.</style></author><author><style face="normal" font="default" size="100%">Hanson, R. Karl</style></author><author><style face="normal" font="default" size="100%">Helmus, Leslie</style></author></authors></contributors><titles><title><style face="normal" font="default" size="100%">The RRASOR, Static-99R, and Static-2002R all add incrementally to the prediction of recidivism among sex offenders</style></title></titles><keywords><keyword><style face="normal" font="default" size="100%">Actuarial risk scale</style></keyword><keyword><style face="normal" font="default" size="100%">Recidivism</style></keyword><keyword><style face="normal" font="default" size="100%">Risk assessment</style></keyword><keyword><style face="normal" font="default" size="100%">RRASOR</style></keyword><keyword><style face="normal" font="default" size="100%">Static-2002</style></keyword><keyword><style face="normal" font="default" size="100%">Static-99</style></keyword></keywords><dates><year><style face="normal" font="default" size="100%">2011</style></year><pub-dates><date><style face="normal" font="default" size="100%">January 2011</style></date></pub-dates></dates><pub-location><style face="normal" font="default" size="100%">Ottawa, ON</style></pub-location><publisher><style face="normal" font="default" size="100%">Public Safety Canada</style></publisher><abstract><style face="normal" font="default" size="100%">Empirically derived actuarial tools are increasingly being used in applied psychology, particularly for the assessment of risk for crime and violence. Although evaluators commonly use more than one scale, it is unclear how evaluators should interpret divergent findings. The current study examined the predictive accuracy and incremental validity of three risk assessment scales (RRASOR, Static-99R, and Static-2002R) in twenty distinct samples of sex offenders (N = 7,491). Static 99R and Static-2002R outperformed the RRASOR in the prediction of sexual, violent, and any recidivism. No differences in predictive accuracy were found between Static-99R and Static-2002R. Nevertheless, almost all the scales provided incremental validity to the prediction of all types of recidivism. The direction of the incremental effects, however, was not consistently positive. When controlling for the other measures, high scores on the RRASOR were associated with lower risk for violent and general recidivism. Consequently, decisions concerning the interpretation of multiple risk scales must be informed by the construct validity of the measures. When scales measure the same domain of risk factors, an averaging approach can be justified. If the selected scales are not sampling the same types of risk factors, then evaluators need a defensible model concerning (1) the latent constructs measured by the scales and (2) empirical evidence concerning how the constructs should be weighted and combined.</style></abstract><urls><pdf-urls><url>internal-pdf://Babchishin et al 2011 - The RRASOR-1687456769/Babchishin et al 2011 - The RRASOR.pdf</url></pdf-urls></urls></record><record><database name="NSCClibrary.enl" path="F:\NSCClibrary.enl">NSCClibrary.enl</database><source-app name="EndNote" version="17.1">EndNote</source-app><rec-number>3429</rec-number><foreign-keys><key app="EN" db-id="5s5ppfp52t55w0eadv7p5ss3vfxzs5fwwe5w">3429</key></foreign-keys><ref-type name="Journal Article">17</ref-type><contributors><authors><author><style face="normal" font="default" size="100%">Hanson, R. Karl</style></author></authors></contributors><titles><title><style face="normal" font="default" size="100%">Does Static-99 predict recidivism among older sexual offenders?</style></title><secondary-title><style face="normal" font="default" size="100%">Sexual Abuse: A Journal of Research and Treatment</style></secondary-title></titles><periodical><full-title><style face="normal" font="default" size="100%">Sexual Abuse: A Journal of Research and Treatment</style></full-title></periodical><pages><style face="normal" font="default" size="100%">343-355</style></pages><volume><style face="normal" font="default" size="100%">18</style></volume><number><style face="normal" font="default" size="100%">4</style></number><keywords><keyword><style face="normal" font="default" size="100%">Actuarial risk scale</style></keyword><keyword><style face="normal" font="default" size="100%">Risk assessment</style></keyword><keyword><style face="normal" font="default" size="100%">Recidivism</style></keyword><keyword><style face="normal" font="default" size="100%">Static-99</style></keyword></keywords><dates><year><style face="normal" font="default" size="100%">2006</style></year></dates><isbn><style face="normal" font="default" size="100%">1079-0632</style></isbn><abstract><style face="normal" font="default" size="100%">Static-99 (Hanson &amp; Thornton, 2000) is the most commonly used actuarial risk tool for estimating sexual offender recidivism risk. Recent research has suggested that its methods of accounting for the offenders’ ages may be insufficient to capture declines in recidivism risk associated with advanced age. Using data from 8 samples (combined size of 3,425 sexual offenders), the present study found that older offenders had lower Static- 99 scores than younger offenders and that Static-99 was moderately accurate in estimating relative recidivism risk in all age groups. Older offenders, however, had lower sexual recidivism rates than would be expected based on their Static-99 risk categories. Consequently, evaluators using Static-99 should considered advanced age in their overall estimate of risk.</style></abstract><urls><pdf-urls><url>internal-pdf://Hanson 2006 - Does Static-99 predict-1973039361/Hanson 2006 - Does Static-99 predict.pdf</url></pdf-urls></urls></record><record><database name="NSCClibrary.enl" path="F:\NSCClibrary.enl">NSCClibrary.enl</database><source-app name="EndNote" version="17.1">EndNote</source-app><rec-number>3434</rec-number><foreign-keys><key app="EN" db-id="5s5ppfp52t55w0eadv7p5ss3vfxzs5fwwe5w">3434</key></foreign-keys><ref-type name="Journal Article">17</ref-type><contributors><authors><author><style face="normal" font="default" size="100%">Hanson, R. Karl</style></author><author><style face="normal" font="default" size="100%">Lloyd, Caleb D.</style></author><author><style face="normal" font="default" size="100%">Helmus, Leslie</style></author><author><style face="normal" font="default" size="100%">Thornton, David</style></author></authors></contributors><titles><title><style face="normal" font="default" size="100%">Developing non-arbitrary metrics for risk communication: Percentile ranks for the Static-99/R and Static-2002/R sexual offender risk tools</style></title><secondary-title><style face="normal" font="default" size="100%">International Journal of Forensic Mental Health</style></secondary-title></titles><periodical><full-title><style face="normal" font="default" size="100%">International journal of forensic mental health</style></full-title></periodical><pages><style face="normal" font="default" size="100%">9-23</style></pages><volume><style face="normal" font="default" size="100%">11</style></volume><number><style face="normal" font="default" size="100%">1</style></number><keywords><keyword><style face="normal" font="default" size="100%">Actuarial risk scale</style></keyword><keyword><style face="normal" font="default" size="100%">Recidivism</style></keyword><keyword><style face="normal" font="default" size="100%">Risk assessment</style></keyword><keyword><style face="normal" font="default" size="100%">Sex offenders</style></keyword><keyword><style face="normal" font="default" size="100%">Static-99</style></keyword><keyword><style face="normal" font="default" size="100%">Static-2002</style></keyword><keyword><style face="normal" font="default" size="100%">Static-2002R</style></keyword></keywords><dates><year><style face="normal" font="default" size="100%">2012</style></year></dates><isbn><style face="normal" font="default" size="100%">1499-9013</style></isbn><abstract><style face="normal" font="default" size="100%">The aim of this article was to advance risk communication by examining percentile ranks as a non-arbitrary metric for quantifying risk. Although percentile ranks have a simple meaning, their calculation is complicated by ties (i.e., more than one offender having the same score). The strengths and weaknesses of percentile ranks are discussed, as are the options for calculating and presenting them in applied risk communication. As a demonstration, percentile ranks for Canadian sexual offenders were computed for the most popular sexual offender risk assessment tools (Static-99, Static-99R, Static-2002 and Static-2002R). The distribution of Static-99 scores was highly stable in international comparisons of sexual offenders from Canada (1990 to 2005; n = 2,011), Sweden (1993 to 1997; n = 1,278) and California (2008 to 2010; n = 37,600).The major limitation of percentile ranks is that they measure the “unusualness” of scores in a particular reference group, and may not correspond to other indicators of relative or absolute risk. Consequently, we recommend that evaluators presenting percentile ranks should consistently provide recidivism base rate information so that decision makers do not confuse the rarity of a score with estimates of absolute recidivism risk.</style></abstract><urls><pdf-urls><url>internal-pdf://Hanson et al 2012 - Developing nonarbitrary metrics-3671455233/Hanson et al 2012 - Developing nonarbitrary metrics.pdf</url></pdf-urls></urls></record><record><database name="NSCClibrary.enl" path="F:\NSCClibrary.enl">NSCClibrary.enl</database><source-app name="EndNote" version="17.1">EndNote</source-app><rec-number>3445</rec-number><foreign-keys><key app="EN" db-id="5s5ppfp52t55w0eadv7p5ss3vfxzs5fwwe5w">3445</key></foreign-keys><ref-type name="Conference Proceedings">10</ref-type><contributors><authors><author><style face="normal" font="default" size="100%">Hanson, R. Karl</style></author><author><style face="normal" font="default" size="100%">Phenix, Amy</style></author><author><style face="normal" font="default" size="100%">Helmus, Leslie</style></author></authors></contributors><titles><title><style face="normal" font="default" size="100%">Static-99 (R) and Static-2002 (R): How to interpret and report in light of recent research</style></title><secondary-title><style face="normal" font="default" size="100%">Pre-Conference Workshop at the 28th Annual Research and Treatment Conference of the Association for the Treatment of Sexual Abusers</style></secondary-title></titles><keywords><keyword><style face="normal" font="default" size="100%">Actuarial risk scale</style></keyword><keyword><style face="normal" font="default" size="100%">Recidivism</style></keyword><keyword><style face="normal" font="default" size="100%">Risk assessment</style></keyword><keyword><style face="normal" font="default" size="100%">Static-99</style></keyword><keyword><style face="normal" font="default" size="100%">Static-2002</style></keyword></keywords><dates><year><style face="normal" font="default" size="100%">2009</style></year><pub-dates><date><style face="normal" font="default" size="100%">September 30, 2009</style></date></pub-dates></dates><pub-location><style face="normal" font="default" size="100%">Dallas, TX</style></pub-location><urls><pdf-urls><url>internal-pdf://Hanson et al 2009 - Static 99R and Static-2002R-3777424640/Hanson et al 2009 - Static 99R and Static-2002R.pdf</url></pdf-urls></urls></record><record><database name="NSCClibrary.enl" path="F:\NSCClibrary.enl">NSCClibrary.enl</database><source-app name="EndNote" version="17.1">EndNote</source-app><rec-number>3432</rec-number><foreign-keys><key app="EN" db-id="5s5ppfp52t55w0eadv7p5ss3vfxzs5fwwe5w">3432</key></foreign-keys><ref-type name="Journal Article">17</ref-type><contributors><authors><author><style face="normal" font="default" size="100%">Hanson, R. Karl</style></author><author><style face="normal" font="default" size="100%">Thornton, David</style></author></authors></contributors><titles><title><style face="normal" font="default" size="100%">Improving risk assessments for sex offenders: A comparison of three actuarial scales</style></title><secondary-title><style face="normal" font="default" size="100%">Law and Human Behavior</style></secondary-title></titles><periodical><full-title><style face="normal" font="default" size="100%">Law and Human Behavior</style></full-title></periodical><pages><style face="normal" font="default" size="100%">119-136</style></pages><volume><style face="normal" font="default" size="100%">24</style></volume><number><style face="normal" font="default" size="100%">1</style></number><keywords><keyword><style face="normal" font="default" size="100%">Actuarial risk scale</style></keyword><keyword><style face="normal" font="default" size="100%">Recidivism</style></keyword><keyword><style face="normal" font="default" size="100%">Risk assessment</style></keyword><keyword><style face="normal" font="default" size="100%">RRASOR</style></keyword><keyword><style face="normal" font="default" size="100%">SACJ-Min</style></keyword><keyword><style face="normal" font="default" size="100%">Static-99</style></keyword></keywords><dates><year><style face="normal" font="default" size="100%">2000</style></year></dates><isbn><style face="normal" font="default" size="100%">0147-7307</style></isbn><abstract><style face="normal" font="default" size="100%">The study compared the predictive accuracy of three sex offender risk-assessment measures: the RRASOR (Hanson, 1997), Thornton&apos;s SACJ-Min (Grubin, 1998), and a new scale, Static-99, created by combining the items from the RRASOR and SACJMin. Predictive accuracy was tested using four diverse datasets drawn from Canada and the United Kingdom (total n = 1301). The RRASOR and the SACJ-Min showed roughly equivalent predictive accuracy, and the combination of the two scales was more accurate than either original scale. Static-99 showed moderate predictive accuracy for both sexual recidivism (r = 0.33, ROC area = 0.71) and violent (including sexual) recidivism (r = 0.32, ROC area = 0.69). The variation in the predictive accuracy of Static-99 across the four samples was no more than would be expected by chance.</style></abstract><urls><pdf-urls><url>internal-pdf://Hanson et al 2000 - Improving risk assessments-1361415680/Hanson et al 2000 - Improving risk assessments.pdf</url></pdf-urls></urls></record><record><database name="NSCClibrary.enl" path="F:\NSCClibrary.enl">NSCClibrary.enl</database><source-app name="EndNote" version="17.1">EndNote</source-app><rec-number>5106</rec-number><foreign-keys><key app="EN" db-id="5s5ppfp52t55w0eadv7p5ss3vfxzs5fwwe5w">5106</key><key app="ENWeb" db-id="">0</key></foreign-keys><ref-type name="Journal Article">17</ref-type><contributors><authors><author><style face="normal" font="default" size="100%">Hanson, R. K.</style></author><author><style face="normal" font="default" size="100%">Thornton, D.</style></author><author><style face="normal" font="default" size="100%">Helmus, L. M.</style></author><author><style face="normal" font="default" size="100%">Babchishin, K. M.</style></author></authors></contributors><auth-address><style face="normal" font="default" size="100%">Public Safety Canada, Ottawa, Ontario, Canada karl.hanson@ps-sp.gc.ca.&#xD;Sand Ridge Secure Treatment Center, Madison, WI, USA.&#xD;Public Safety Canada, Ottawa, Ontario, Canada Carleton University, Ottawa, Ontario, Canada.</style></auth-address><titles><title><style face="normal" font="default" size="100%">What Sexual Recidivism Rates Are Associated With Static-99R and Static-2002R Scores?</style></title><secondary-title><style face="normal" font="default" size="100%">Sex Abuse</style></secondary-title><alt-title><style face="normal" font="default" size="100%">Sexual abuse : a journal of research and treatment</style></alt-title></titles><periodical><full-title><style face="normal" font="default" size="100%">Sex Abuse</style></full-title></periodical><alt-periodical><full-title><style face="normal" font="default" size="100%">Sexual abuse : a journal of research and treatment</style></full-title></alt-periodical><pages><style face="normal" font="default" size="100%">218-52</style></pages><volume><style face="normal" font="default" size="100%">28</style></volume><number><style face="normal" font="default" size="100%">3</style></number><dates><year><style face="normal" font="default" size="100%">2016</style></year><pub-dates><date><style face="normal" font="default" size="100%">Apr</style></date></pub-dates></dates><isbn><style face="normal" font="default" size="100%">1573-286X (Electronic)&#xD;1079-0632 (Linking)</style></isbn><accession-num><style face="normal" font="default" size="100%">25810478</style></accession-num><abstract><style face="normal" font="default" size="100%">Empirical actuarial risk tools are routinely used to assess the recidivism risk of adult sexual offenders. Compared with other forms of risk assessment, one advantage of actuarial risk tools is that they provide recidivism rate estimates. Previous research, however, suggests that there is considerable variability in the recidivism rates associated with the most commonly used sexual offender risk assessment tools (Static-99/R, Static-2002/R). The current study examined the extent to which the variability in the recidivism rates across 21 Static-99R studies (N = 8,805) corresponded to the normative groups proposed by the STATIC development group (routine, treatment, high risk/high need). We found strong evidence that routine (i.e., complete) samples were, on average, less likely to reoffend with a sexual offense than offenders in the high-risk/high-need samples (i.e., those explicitly preselected on risk-relevant variables external to STATIC scales). The differences between routine/complete and high-risk/high-need samples, however, were only consistently observed for offenders with low or moderate scores; for offenders with high STATIC scores, the 5-year sexual recidivism rates for these two groups were not meaningfully different. There was only limited evidence to support treatment samples as a distinct sample type; consequently, the use of separate normative tables for treatment samples is not recommended. The current results reinforce the value of regularly updating the norms for empirical actuarial risk tools. Options are discussed on how STATIC scores could be used to inform recidivism rates estimates in applied assessments.</style></abstract><notes><style face="normal" font="default" size="100%">Hanson, R Karl&#xD;Thornton, David&#xD;Helmus, Leslie-Maaike&#xD;Babchishin, Kelly M&#xD;eng&#xD;2015/03/27 06:00&#xD;Sex Abuse. 2016 Apr;28(3):218-52. doi: 10.1177/1079063215574710. Epub 2015 Mar 25.</style></notes><urls><related-urls><url><style face="normal" font="default" size="100%">http://www.ncbi.nlm.nih.gov/pubmed/25810478</style></url></related-urls><pdf-urls><url>internal-pdf://0475939350/Hanson 2016 - What sexual recidivism rates are.pdf</url></pdf-urls></urls><electronic-resource-num><style face="normal" font="default" size="100%">10.1177/1079063215574710</style></electronic-resource-num></record><record><database name="NSCClibrary.enl" path="F:\NSCClibrary.enl">NSCClibrary.enl</database><source-app name="EndNote" version="17.1">EndNote</source-app><rec-number>3444</rec-number><foreign-keys><key app="EN" db-id="5s5ppfp52t55w0eadv7p5ss3vfxzs5fwwe5w">3444</key></foreign-keys><ref-type name="Conference Proceedings">10</ref-type><contributors><authors><author><style face="normal" font="default" size="100%">Harris, Andrew J.R.</style></author><author><style face="normal" font="default" size="100%">Helmus, Leslie</style></author><author><style face="normal" font="default" size="100%">Hanson, R. Karl</style></author><author><style face="normal" font="default" size="100%">Thornton, David</style></author></authors></contributors><titles><title><style face="normal" font="default" size="100%">Are new norms needed for Static-99?</style></title><secondary-title><style face="normal" font="default" size="100%">27th Annual Research and Treatment Conference of the Association for the Treatment of Sexual Abusers</style></secondary-title></titles><keywords><keyword><style face="normal" font="default" size="100%">Actuarial risk scale</style></keyword><keyword><style face="normal" font="default" size="100%">Recidivism</style></keyword><keyword><style face="normal" font="default" size="100%">Static-99</style></keyword></keywords><dates><year><style face="normal" font="default" size="100%">2008</style></year><pub-dates><date><style face="normal" font="default" size="100%">October 23, 2008</style></date></pub-dates></dates><pub-location><style face="normal" font="default" size="100%">Atlanta, GA</style></pub-location><urls><pdf-urls><url>internal-pdf://Harris et al 2008 - Are new norms needed-1808216321/Harris et al 2008 - Are new norms needed.pdf</url></pdf-urls></urls></record><record><database name="NSCClibrary.enl" path="F:\NSCClibrary.enl">NSCClibrary.enl</database><source-app name="EndNote" version="17.1">EndNote</source-app><rec-number>3436</rec-number><foreign-keys><key app="EN" db-id="5s5ppfp52t55w0eadv7p5ss3vfxzs5fwwe5w">3436</key></foreign-keys><ref-type name="Thesis">32</ref-type><contributors><authors><author><style face="normal" font="default" size="100%">Helmus, Leslie</style></author></authors></contributors><titles><title><style face="normal" font="default" size="100%">Re-norming Static-99 recidivism estimates: Exploring base rate variability across sex offender samples</style></title><secondary-title><style face="normal" font="default" size="100%">Department of Psychology</style></secondary-title></titles><volume><style face="normal" font="default" size="100%">Master of Arts</style></volume><keywords><keyword><style face="normal" font="default" size="100%">Actuarial risk scale</style></keyword><keyword><style face="normal" font="default" size="100%">Recidivism</style></keyword><keyword><style face="normal" font="default" size="100%">Risk assessment</style></keyword><keyword><style face="normal" font="default" size="100%">Sex offenders</style></keyword><keyword><style face="normal" font="default" size="100%">Static-99</style></keyword></keywords><dates><year><style face="normal" font="default" size="100%">2010</style></year></dates><pub-location><style face="normal" font="default" size="100%">Ottawa, ON</style></pub-location><publisher><style face="normal" font="default" size="100%">Carleton University</style></publisher><abstract><style face="normal" font="default" size="100%">Most replication studies of actuarial risk scales for sex offenders focus on relative predictive accuracy (e.g., ROC), with little attention paid to the stability of absolute recidivism estimates. Research has identified several factors external to actuarial scales that may affect recidivism rates (e.g., recidivism definition, age, dynamic risk factors, treatment, country, setting). Raw data from 29 Static-99 replication studies were combined (n = 9,261). Recidivism base rates per Static-99 score were significantly and meaningfully lower in more recent samples compared to the original norms, necessitating new norms. Although Static-99 provided consistent estimates of relative risk, base rates varied across samples. Two variables strongly influenced the base rates: age at release and sample type (defined by the preselection in the samples). A revised version of Static-99 with new age weights was developed (Static-99R), and the implications of base rate variability for actuarial evaluations are discussed.</style></abstract><work-type><style face="normal" font="default" size="100%">Masters</style></work-type><urls><pdf-urls><url>internal-pdf://Helmus 2009 - Re-norming Static-99-0266896385/Helmus 2009 - Re-norming Static-99.pdf</url></pdf-urls></urls></record><record><database name="NSCClibrary.enl" path="F:\NSCClibrary.enl">NSCClibrary.enl</database><source-app name="EndNote" version="17.1">EndNote</source-app><rec-number>3428</rec-number><foreign-keys><key app="EN" db-id="5s5ppfp52t55w0eadv7p5ss3vfxzs5fwwe5w">3428</key></foreign-keys><ref-type name="Journal Article">17</ref-type><contributors><authors><author><style face="normal" font="default" size="100%">Helmus, Leslie</style></author><author><style face="normal" font="default" size="100%">Hanson, R. Karl</style></author><author><style face="normal" font="default" size="100%">Thornton, David</style></author></authors></contributors><titles><title><style face="normal" font="default" size="100%">Reporting Static-99 in light of new research on recidivism norms</style></title><secondary-title><style face="normal" font="default" size="100%">The Forum</style></secondary-title></titles><periodical><full-title><style face="normal" font="default" size="100%">The Forum</style></full-title></periodical><pages><style face="normal" font="default" size="100%">38-45</style></pages><volume><style face="normal" font="default" size="100%">21</style></volume><number><style face="normal" font="default" size="100%">1</style></number><keywords><keyword><style face="normal" font="default" size="100%">Actuarial risk scale</style></keyword><keyword><style face="normal" font="default" size="100%">Recidivism</style></keyword><keyword><style face="normal" font="default" size="100%">Risk assessment</style></keyword><keyword><style face="normal" font="default" size="100%">Static-99</style></keyword></keywords><dates><year><style face="normal" font="default" size="100%">2009</style></year></dates><abstract><style face="normal" font="default" size="100%">Static-99 (Hanson &amp; Thornton, 2000) is a 10-item actuarial risk assessment scale designed to predict sexual and violent recidivism in male adult sexual offenders. It is the most widely used risk assessment tool for sexual offenders (Archer et al., 2006; Jackson &amp; Hess, 2007; McGrath, Cumming, &amp; Burchard, 2003) and also the most widely researched, with 63 replications demonstrating, on average, moderate predictive accuracy (ROC = .68, Hanson &amp; Morton-Bourgon, in press).</style></abstract><urls><pdf-urls><url>internal-pdf://Helmus et al 2009 - Reporting Static-99-3468289793/Helmus et al 2009 - Reporting Static-99.pdf</url></pdf-urls></urls></record><record><database name="NSCClibrary.enl" path="F:\NSCClibrary.enl">NSCClibrary.enl</database><source-app name="EndNote" version="17.1">EndNote</source-app><rec-number>3437</rec-number><foreign-keys><key app="EN" db-id="5s5ppfp52t55w0eadv7p5ss3vfxzs5fwwe5w">3437</key></foreign-keys><ref-type name="Journal Article">17</ref-type><contributors><authors><author><style face="normal" font="default" size="100%">Helmus, Leslie</style></author><author><style face="normal" font="default" size="100%">Hanson, R. Karl</style></author><author><style face="normal" font="default" size="100%">Thornton, David</style></author><author><style face="normal" font="default" size="100%">Babchishin, Kelly M.</style></author><author><style face="normal" font="default" size="100%">Harris, Andrew J.R.</style></author></authors></contributors><titles><title><style face="normal" font="default" size="100%">Absolute recidivism rates predicted by Static-99R and Static-2002R sex offender risk assessment tools vary across samples: A meta-analysis</style></title><secondary-title><style face="normal" font="default" size="100%">Criminal Justice and Behavior</style></secondary-title></titles><periodical><full-title><style face="normal" font="default" size="100%">Criminal Justice and Behavior</style></full-title></periodical><keywords><keyword><style face="normal" font="default" size="100%">Actuarial risk scale</style></keyword><keyword><style face="normal" font="default" size="100%">Recidivism</style></keyword><keyword><style face="normal" font="default" size="100%">Risk assessment</style></keyword><keyword><style face="normal" font="default" size="100%">Static-99</style></keyword><keyword><style face="normal" font="default" size="100%">Static-2002</style></keyword></keywords><dates><year><style face="normal" font="default" size="100%">2012</style></year></dates><isbn><style face="normal" font="default" size="100%">0093-8548</style></isbn><abstract><style face="normal" font="default" size="100%">There has been considerable research on relative predictive accuracy (i.e., discrimination) in offender risk assessment (e.g., are high risk offenders more likely to reoffend than low risk offenders), but virtually no research on the accuracy or stability of absolute recidivism estimates (i.e., calibration). The current study aimed to fill this gap by examining absolute and relative risk estimates for certain STATIC sex offender assessment tools. Logistic regression coefficients for Static-99R and Static-2002R were combined through meta-analysis (8,106 sex offenders; 23 samples). The sexual recidivism rates for typical sex offenders are lower than the public generally believes. Static-99R and Static-2002R both demonstrated remarkably consistent relative predictive accuracy across studies. For both scales, however, the predicted recidivism rates within each risk score demonstrated large and significant variability across studies. We discuss how the variability in recidivism rates complicates the estimation of recidivism probability in applied assessments.</style></abstract><urls><pdf-urls><url>internal-pdf://Helmus 2012 - Absolute recidivism rates predicted-4121140225/Helmus 2012 - Absolute recidivism rates predicted.pdf</url></pdf-urls></urls><electronic-resource-num><style face="normal" font="default" size="100%">10.1177/0093854812443648</style></electronic-resource-num></record><record><database name="NSCClibrary.enl" path="F:\NSCClibrary.enl">NSCClibrary.enl</database><source-app name="EndNote" version="17.1">EndNote</source-app><rec-number>3439</rec-number><foreign-keys><key app="EN" db-id="5s5ppfp52t55w0eadv7p5ss3vfxzs5fwwe5w">3439</key></foreign-keys><ref-type name="Journal Article">17</ref-type><contributors><authors><author><style face="normal" font="default" size="100%">Helmus, Leslie</style></author><author><style face="normal" font="default" size="100%">Thornton, David</style></author><author><style face="normal" font="default" size="100%">Hanson, R. Karl</style></author><author><style face="normal" font="default" size="100%">Babchishin, Kelly M.</style></author></authors></contributors><titles><title><style face="normal" font="default" size="100%">Improving the predictive accuracy of Static-99 and Static-2002 with older sex offenders: Revised age weights</style></title><secondary-title><style face="normal" font="default" size="100%">Sexual Abuse: A Journal of Research and Treatment</style></secondary-title></titles><periodical><full-title><style face="normal" font="default" size="100%">Sexual Abuse: A Journal of Research and Treatment</style></full-title></periodical><pages><style face="normal" font="default" size="100%">64-101</style></pages><volume><style face="normal" font="default" size="100%">24</style></volume><number><style face="normal" font="default" size="100%">1</style></number><keywords><keyword><style face="normal" font="default" size="100%">Actuarial risk scale</style></keyword><keyword><style face="normal" font="default" size="100%">Recidivism</style></keyword><keyword><style face="normal" font="default" size="100%">Risk assessment</style></keyword><keyword><style face="normal" font="default" size="100%">Static-99</style></keyword><keyword><style face="normal" font="default" size="100%">Static-2002</style></keyword></keywords><dates><year><style face="normal" font="default" size="100%">2012</style></year></dates><isbn><style face="normal" font="default" size="100%">1079-0632</style></isbn><abstract><style face="normal" font="default" size="100%">Actuarial risk assessment scales and their associated recidivism estimates are generally developed on samples of offenders whose average age is well below 50 years. Criminal behavior of all types declines with age; consequently, actuarial scales tend to overestimate recidivism for older offenders. The current study aimed to develop a revised scoring system for two risk assessment tools (Static-99 and Static-2002) that would more accurately describe older offenders’ risk of recidivism. Using data from 8,390 sex offenders derived from 24 separate samples, age was found to add incremental predictive validity to both Static-99 and Static-2002. After creating new age weights, the resulting instruments (Static-99R and Static-2002R) had only slightly higher relative predictive accuracy. The absolute recidivism estimates, however, provided a substantially better fit for older offenders than the recidivism estimates from the original scales. We encourage evaluators to adopt the revised scales with the new age weights.</style></abstract><urls><pdf-urls><url>internal-pdf://Helmus et al 2012 - Improving the predictive accuracy-1505091841/Helmus et al 2012 - Improving the predictive accuracy.pdf</url></pdf-urls></urls></record><record><database name="NSCClibrary.enl" path="F:\NSCClibrary.enl">NSCClibrary.enl</database><source-app name="EndNote" version="17.1">EndNote</source-app><rec-number>3438</rec-number><foreign-keys><key app="EN" db-id="5s5ppfp52t55w0eadv7p5ss3vfxzs5fwwe5w">3438</key></foreign-keys><ref-type name="Journal Article">17</ref-type><contributors><authors><author><style face="normal" font="default" size="100%">Helmus, Leslie M.D.</style></author><author><style face="normal" font="default" size="100%">Hanson, R. Karl</style></author></authors></contributors><titles><title><style face="normal" font="default" size="100%">Predictive validity of the Static-99 and Static-2002 for sex offenders on community supervision</style></title><secondary-title><style face="normal" font="default" size="100%">Sexual Offender Treatment</style></secondary-title></titles><periodical><full-title><style face="normal" font="default" size="100%">Sexual Offender Treatment</style></full-title></periodical><pages><style face="normal" font="default" size="100%">1-14</style></pages><volume><style face="normal" font="default" size="100%">2</style></volume><number><style face="normal" font="default" size="100%">2</style></number><keywords><keyword><style face="normal" font="default" size="100%">Actuarial risk scale</style></keyword><keyword><style face="normal" font="default" size="100%">Recidivism</style></keyword><keyword><style face="normal" font="default" size="100%">Risk assessment</style></keyword><keyword><style face="normal" font="default" size="100%">Static-99</style></keyword><keyword><style face="normal" font="default" size="100%">Static-2002</style></keyword></keywords><dates><year><style face="normal" font="default" size="100%">2007</style></year></dates><abstract><style face="normal" font="default" size="100%">The Static-99 is the most commonly used actuarial tool for sexual offenders. Although it has shown acceptable predictive accuracy in a large number of studies, all these studies involved researchers scoring the instrument retrospectively. Consequently, it is unclear whether similar results would be obtained when used in routine practice. The authors of the Static-99 have proposed a new scale, the Static-2002, but there has been insufficient research to determine whether it is an improvement over the Static-99. This study examined the predictive accuracy of the Static-99 in a prospective study of 706 Canadian sexual offenders on community supervision. All assessments were conducted by the probation and parole officers responsible for supervising the cases. The Static-99 was compared with the Static-2002, which was scored retrospectively from criminal history records. After an average 3 year follow−up, the Static-99 and Static-2002 were equally accurate in predicting sexual recidivism (ROC of .76 for both). The Static-2002, however, was better than the Static-99 at predicting violent and general recidivism. There were no significant differences in the accuracy of the measures for rapists, child molesters, or non-contact offenders. Overall, the Static-99 and Static-2002 are both reliable and valid measures of recidivism risk for sexual offenders.</style></abstract><urls><pdf-urls><url>internal-pdf://Helmus et al 2007 - Predictive validity-1167903745/Helmus et al 2007 - Predictive validity.pdf</url></pdf-urls></urls></record><record><database name="NSCClibrary.enl" path="F:\NSCClibrary.enl">NSCClibrary.enl</database><source-app name="EndNote" version="17.1">EndNote</source-app><rec-number>3426</rec-number><foreign-keys><key app="EN" db-id="5s5ppfp52t55w0eadv7p5ss3vfxzs5fwwe5w">3426</key></foreign-keys><ref-type name="Web Page">12</ref-type><contributors><authors><author><style face="normal" font="default" size="100%">Phenix, Amy</style></author><author><style face="normal" font="default" size="100%">Helmus, Leslie</style></author><author><style face="normal" font="default" size="100%">Hanson, R. Karl</style></author></authors></contributors><titles><title><style face="normal" font="default" size="100%">Static-99R and Static-2002R evaluators’ workbook</style></title></titles><keywords><keyword><style face="normal" font="default" size="100%">Actuarial risk scale</style></keyword><keyword><style face="normal" font="default" size="100%">Recidivism</style></keyword><keyword><style face="normal" font="default" size="100%">Risk assessment</style></keyword><keyword><style face="normal" font="default" size="100%">Static-99</style></keyword><keyword><style face="normal" font="default" size="100%">Static-2002</style></keyword></keywords><dates><year><style face="normal" font="default" size="100%">2012</style></year></dates><publisher><style face="normal" font="default" size="100%">Static-99 Clearinghouse</style></publisher><urls><related-urls><url><style face="normal" font="default" size="100%">http://static99.org/</style></url></related-urls><pdf-urls><url>internal-pdf://Phenix et al 2012 - Evaluator&apos;s workbook-2143397121/Phenix et al 2012 - Evaluator&apos;s workbook.pdf</url></pdf-urls></urls></record><record><database name="NSCClibrary.enl" path="F:\NSCClibrary.enl">NSCClibrary.enl</database><source-app name="EndNote" version="17.1">EndNote</source-app><rec-number>4710</rec-number><foreign-keys><key app="EN" db-id="5s5ppfp52t55w0eadv7p5ss3vfxzs5fwwe5w">4710</key></foreign-keys><ref-type name="Journal Article">17</ref-type><contributors><authors><author><style face="normal" font="default" size="100%">Smallbone, Stephen</style></author><author><style face="normal" font="default" size="100%">Rallings, Mark</style></author></authors></contributors><titles><title><style face="normal" font="default" size="100%">Short-Term Predictive Validity of the Static-99 and Static-99-R for Indigenous and Nonindigenous Australian Sexual Offenders</style></title><secondary-title><style face="normal" font="default" size="100%">Sexual Abuse: A Journal of Research and Treatment</style></secondary-title></titles><periodical><full-title><style face="normal" font="default" size="100%">Sexual Abuse: A Journal of Research and Treatment</style></full-title></periodical><pages><style face="normal" font="default" size="100%">302-316</style></pages><volume><style face="normal" font="default" size="100%">25</style></volume><number><style face="normal" font="default" size="100%">3</style></number><keywords><keyword><style face="normal" font="default" size="100%">Sexual offenders</style></keyword><keyword><style face="normal" font="default" size="100%">Indigenous Australians</style></keyword><keyword><style face="normal" font="default" size="100%">Risk assessment</style></keyword><keyword><style face="normal" font="default" size="100%">Static-99</style></keyword><keyword><style face="normal" font="default" size="100%">Static-99-R</style></keyword></keywords><dates><year><style face="normal" font="default" size="100%">2013</style></year><pub-dates><date><style face="normal" font="default" size="100%">June 1, 2013</style></date></pub-dates></dates><abstract><style face="normal" font="default" size="100%">Actuarial risk assessment (Static-99 and Static-99-R) scores were obtained for 399 Australian adult sexual offenders who were subsequently released from prison and followed up with searches of police arrest records (mean follow-up period = 29 months; range = 15-53 months). Indigenous offenders (n = 67; 16.8%) scored significantly higher on both the Static-99 (M = 4.04 vs. 2.89, p &lt; .001) and Static-99-R (M = 3.72 vs. 2.22, p &lt; .001), were more than twice as likely to be arrested for sexual offenses (9.0% vs. 4.1%, ns), and were significantly more likely to be arrested for nonsexual violent (28.4% vs. 1.9%, p &lt; .001), any violent (including sexual; 37% vs. 5.9%, p &lt; .001), and any offenses (58.2% vs. 21.6%, p &lt; .001). For the combined groups, predictive accuracy of both instruments was comparable to results reported elsewhere. Predictive accuracy of the Static-99 was similar for indigenous and nonindigenous offenders. The Static-99-R was only marginally predictive of any violent recidivism (AUC = .65, 95% CI = [.52, .79]), and did not predict sexual (AUC = .61, 95% CI = [.45, .77]) or nonsexual violent recidivism (AUC = .65, 95% CI = [.48, .78]), for indigenous offenders. Higher risk scores, indigenous race, and unsupervised release all contributed unique variance to any violent recidivism. Results suggest that the Static-99 may be appropriate for assessing Australian indigenous sexual offenders, but more research is needed to test the validity of the Static-99-R for this population. We conclude that practitioners should consider the potential effects of racial differences and postrelease factors, as well as static risk factors, in their assessments.</style></abstract><urls><pdf-urls><url>internal-pdf://3106084984/Smallbone2013Short.pdf</url></pdf-urls></urls><electronic-resource-num><style face="normal" font="default" size="100%">10.1177/1079063212472937</style></electronic-resource-num></record><record><database name="NSCClibrary.enl" path="F:\NSCClibrary.enl">NSCClibrary.enl</database><source-app name="EndNote" version="17.1">EndNote</source-app><rec-number>4810</rec-number><foreign-keys><key app="EN" db-id="5s5ppfp52t55w0eadv7p5ss3vfxzs5fwwe5w">4810</key><key app="ENWeb" db-id="">0</key></foreign-keys><ref-type name="Journal Article">17</ref-type><contributors><authors><author><style face="normal" font="default" size="100%">Smid, W. J.</style></author><author><style face="normal" font="default" size="100%">Kamphuis, J. H.</style></author><author><style face="normal" font="default" size="100%">Wever, E. C.</style></author><author><style face="normal" font="default" size="100%">Van Beek, D.</style></author></authors></contributors><auth-address><style face="normal" font="default" size="100%">Forensic Care Specialists, Utrecht, The Netherlands. wsmid@hoevenkliniek.nl</style></auth-address><titles><title><style face="normal" font="default" size="100%">Treatment referral for sex offenders based on clinical judgment versus actuarial risk assessment: match and analysis of mismatch</style></title><secondary-title><style face="normal" font="default" size="100%">Journal of interpersonal violence</style></secondary-title><alt-title><style face="normal" font="default" size="100%">J Interpers Violence</style></alt-title></titles><periodical><full-title><style face="normal" font="default" size="100%">Journal of Interpersonal Violence</style></full-title></periodical><alt-periodical><full-title><style face="normal" font="default" size="100%">J Interpers Violence</style></full-title></alt-periodical><pages><style face="normal" font="default" size="100%">2273-89</style></pages><volume><style face="normal" font="default" size="100%">28</style></volume><number><style face="normal" font="default" size="100%">11</style></number><keywords><keyword><style face="normal" font="default" size="100%">Referral</style></keyword><keyword><style face="normal" font="default" size="100%">Risk assessment</style></keyword></keywords><dates><year><style face="normal" font="default" size="100%">2013</style></year><pub-dates><date><style face="normal" font="default" size="100%">Jul</style></date></pub-dates></dates><isbn><style face="normal" font="default" size="100%">1552-6518 (Electronic)&#xD;0886-2605 (Linking)</style></isbn><abstract><style face="normal" font="default" size="100%">The Risk Need Responsivity (RNR) principles (Andrews &amp; Bonta, 2010) dictate that higher risk sex offenders should receive more intensive treatment. The present study investigates how clinically based treatment assignment relates to risk level in a sex offender sample from The Netherlands. Correlational analyses served to identify sources of mismatches: that is, variables differing significantly in their relation between treatment selection and risk level. Our study sample consisted of 194 convicted rapists and 214 convicted child molesters. All participants&apos; criminal files were retrospectively coded in terms of the items of the STATIC-99R, PCL: SV, and SVR-20. A low to moderate correlation was observed between clinical treatment selection and actuarial risk levels. A substantial part of the sex offenders, especially child molesters, received overly intensive treatment and another substantial part, especially rapists, received treatment of lesser intensity than indicated by their risk levels. General violent and antisocial risk factors seemed to be underemphasized in the clinical evaluation of sex offenders, especially rapists. A negative attitude toward intervention was negatively associated with clinical treatment selection. It is concluded that clinical treatment selection leads to an insufficient match between risk level and treatment level and systematic use of validated structured risk assessment instruments is necessary to ensure optimal adherence to the risk principle.</style></abstract><urls><pdf-urls><url>internal-pdf://1491750438/Smid2013Treatment referral.pdf</url></pdf-urls></urls><electronic-resource-num><style face="normal" font="default" size="100%">10.1177/0886260512475313</style></electronic-resource-num></record><record><database name="NSCClibrary.enl" path="F:\NSCClibrary.enl">NSCClibrary.enl</database><source-app name="EndNote" version="17.1">EndNote</source-app><rec-number>3390</rec-number><foreign-keys><key app="EN" db-id="5s5ppfp52t55w0eadv7p5ss3vfxzs5fwwe5w">3390</key></foreign-keys><ref-type name="Journal Article">17</ref-type><contributors><authors><author><style face="normal" font="default" size="100%">Sreenivasan, Shoba</style></author><author><style face="normal" font="default" size="100%">Weinberger, Linda E.</style></author><author><style face="normal" font="default" size="100%">Frances, Allen</style></author><author><style face="normal" font="default" size="100%">Cusworth-Walker, Sarah</style></author></authors></contributors><titles><title><style face="normal" font="default" size="100%">Alice in actuarial-land: Through the looking glass of changing Static-99 norms</style></title><secondary-title><style face="normal" font="default" size="100%">Journal of the American Academy of Psychiatry and the Law Online</style></secondary-title></titles><periodical><full-title><style face="normal" font="default" size="100%">Journal of the American Academy of Psychiatry and the Law Online</style></full-title></periodical><pages><style face="normal" font="default" size="100%">400-406</style></pages><volume><style face="normal" font="default" size="100%">38</style></volume><number><style face="normal" font="default" size="100%">3</style></number><keywords><keyword><style face="normal" font="default" size="100%">Actuarial risk scale</style></keyword><keyword><style face="normal" font="default" size="100%">Risk assessment</style></keyword><keyword><style face="normal" font="default" size="100%">Static-99</style></keyword><keyword><style face="normal" font="default" size="100%">Static-99R</style></keyword></keywords><dates><year><style face="normal" font="default" size="100%">2010</style></year></dates><isbn><style face="normal" font="default" size="100%">1093-6793</style></isbn><abstract><style face="normal" font="default" size="100%">The Static-99, an actuarial rating method, is employed to conduct sexual violence risk assessment in legal contexts. The proponents of the Static-99 dismiss clinical judgment as not empirical. Two elements must be present to apply an actuarial risk model to a specific individual: sample representativeness and uniform measurement of outcome. This review demonstrates that both of these elements are lacking in the normative studies of the Static-99 and its revised version, the Static-99R. Studies conducted since the publication of the Static-99 have not replicated the original norms. Sexual recidivism rates for the same Static-99 score vary widely, from low to high, depending on the sample used. A hypothetical case example is presented to illustrate how the solitary application of the Static-99 or Static-99R recidivism rates to the exclusion of salient clinical factors for identifying sexual dangerousness can have serious consequences for public safety.</style></abstract><urls><pdf-urls><url>internal-pdf://Sreenivasan 2010 - Alice in actuarial-1831750657/Sreenivasan 2010 - Alice in actuarial.pdf</url></pdf-urls></urls></record><record><database name="NSCClibrary.enl" path="F:\NSCClibrary.enl">NSCClibrary.enl</database><source-app name="EndNote" version="17.1">EndNote</source-app><rec-number>3442</rec-number><foreign-keys><key app="EN" db-id="5s5ppfp52t55w0eadv7p5ss3vfxzs5fwwe5w">3442</key></foreign-keys><ref-type name="Journal Article">17</ref-type><contributors><authors><author><style face="normal" font="default" size="100%">Thornton, David</style></author><author><style face="normal" font="default" size="100%">Hanson, R. Karl</style></author><author><style face="normal" font="default" size="100%">Helmus, Leslie</style></author></authors></contributors><titles><title><style face="normal" font="default" size="100%">Moving beyond the standard model for actuarial assessment for sexual offenders</style></title><secondary-title><style face="normal" font="default" size="100%">Perspectives: The Quarterly Newsletter of CCOSO</style></secondary-title></titles><periodical><full-title><style face="normal" font="default" size="100%">Perspectives: The Quarterly Newsletter of CCOSO</style></full-title></periodical><keywords><keyword><style face="normal" font="default" size="100%">Actuarial risk scale</style></keyword><keyword><style face="normal" font="default" size="100%">Recidivism</style></keyword><keyword><style face="normal" font="default" size="100%">Risk assessment</style></keyword><keyword><style face="normal" font="default" size="100%">Static-99</style></keyword></keywords><dates><year><style face="normal" font="default" size="100%">2009</style></year></dates><abstract><style face="normal" font="default" size="100%">Up until relatively recently a common conception of good practice in sexual offender risk assessment might have gone something like this: 1) Determine the offender’s Static-99 score. 2) Use the empirically-derived recidivism estimate associated with that particular score as a starting point in evaluating the risk presented by the offender. 3) Consider how similar the current case is to the offenders in the research samples used to derive the recidivism estimates. This consideration would affect the amount of weight that would be given to the Static-99 score in the overall risk evaluation. 4) Consider also whether the individual has other risk-relevant characteristics that differ markedly from what would be typical for a sexual offender with that Static-99 score. This would speak to whether the recidivism estimate should be adjusted up or down. Small adjustments have generally been preferred because it has been thought that (a) other risk-related factors would already have been largely taken into account in the Static-99 score (so their incremental predictive validity would be small), and (b) we can score Static-99 more reliably than we can assess other risk-related factors. There was also a concern that the subjective element in this process would degrade predictive accuracy.</style></abstract><urls><pdf-urls><url>internal-pdf://Thornton et al 2009 - Moving beyond the standard-0484719617/Thornton et al 2009 - Moving beyond the standard.pdf</url></pdf-urls></urls></record></records></xml>