<?xml version="1.0" encoding="UTF-8" ?><xml><records><record><database name="NSCClibrary.enl" path="F:\NSCClibrary.enl">NSCClibrary.enl</database><source-app name="EndNote" version="17.1">EndNote</source-app><rec-number>4691</rec-number><foreign-keys><key app="EN" db-id="5s5ppfp52t55w0eadv7p5ss3vfxzs5fwwe5w">4691</key></foreign-keys><ref-type name="Journal Article">17</ref-type><contributors><authors><author><style face="normal" font="default" size="100%">Bengis, Steven</style></author><author><style face="normal" font="default" size="100%">Prescott, David S.</style></author><author><style face="normal" font="default" size="100%">Tabachnick, Joan</style></author></authors></contributors><titles><title><style face="normal" font="default" size="100%">The Impact of Physical and Emotional Abuse and Neglect on the Development of Sexualized Behaviors</style></title><secondary-title><style face="normal" font="default" size="100%">NEARI NEWS</style></secondary-title></titles><periodical><full-title><style face="normal" font="default" size="100%">NEARI NEWS</style></full-title></periodical><pages><style face="normal" font="default" size="100%">1-3</style></pages><volume><style face="normal" font="default" size="100%">4</style></volume><number><style face="normal" font="default" size="100%">1</style></number><edition><style face="normal" font="default" size="100%">January, 2011 </style></edition><keywords><keyword><style face="normal" font="default" size="100%">Physical abuse</style></keyword><keyword><style face="normal" font="default" size="100%">Emotional abuse</style></keyword><keyword><style face="normal" font="default" size="100%">Sexualised behaviours</style></keyword><keyword><style face="normal" font="default" size="100%">Abuse</style></keyword></keywords><dates><year><style face="normal" font="default" size="100%">2011</style></year></dates><abstract><style face="normal" font="default" size="100%">This research found a relationship between non-sexual abuse and problematic sexual behavior in both boys and girls with the type of abuse, gender and age of onset, influencing the types of inappropriate sexual behavior identified. It also found that early and late reports of physical abuse and late reports of emotional abuse consistently increased the odds of engaging in problematic sexual behavior. Boys in the study tended to desplay more externalized sexual behaviors while girls tended to show more subtle, internalizing behaviors.</style></abstract><urls><pdf-urls><url>internal-pdf://1484216445/nearinewsletterjanuary2011.pdf</url></pdf-urls></urls></record><record><database name="NSCClibrary.enl" path="F:\NSCClibrary.enl">NSCClibrary.enl</database><source-app name="EndNote" version="17.1">EndNote</source-app><rec-number>4633</rec-number><foreign-keys><key app="EN" db-id="5s5ppfp52t55w0eadv7p5ss3vfxzs5fwwe5w">4633</key></foreign-keys><ref-type name="Journal Article">17</ref-type><contributors><authors><author><style face="normal" font="default" size="100%">Briggs, Freda</style></author></authors></contributors><titles><title><style face="normal" font="default" size="100%">Child sexual abuse in early-childhood care and education settings</style></title><secondary-title><style face="normal" font="default" size="100%">Early Child Development and Care</style></secondary-title></titles><periodical><full-title><style face="normal" font="default" size="100%">Early Child Development and Care</style></full-title></periodical><pages><style face="normal" font="default" size="100%">1-21</style></pages><keywords><keyword><style face="normal" font="default" size="100%">Early childhood education</style></keyword><keyword><style face="normal" font="default" size="100%">Problem sexual behaviours</style></keyword><keyword><style face="normal" font="default" size="100%">Child sexual abuse</style></keyword></keywords><dates><year><style face="normal" font="default" size="100%">2014</style></year></dates><publisher><style face="normal" font="default" size="100%">Routledge</style></publisher><isbn><style face="normal" font="default" size="100%">0300-4430</style></isbn><abstract><style face="normal" font="default" size="100%">When the author was adviser to the Australian Minister for Education for writing the national Safe Schools Framework (2003), meetings were held with early-childhood care and education administrators from all state, Catholic and independent sectors. Their unexpected message was that educators were facing new problems, those of child sexual abuse in early-childhood settings including pupils forcing younger children to provide oral sex. In January 2013, the South Australian Minister for Education lost her position following well-publicised parental anger that the Education Department had concealed the sexual abuse of children in early-childhood centres and schools. Parental outrage led to a Royal Commission and ‘Report of Independent Education Inquiry’ (2013) conducted by former Justice Bruce Debelle QC. Public dissatisfaction with some aspects of the Commission led further to a Parliamentary Select Committee Inquiry (February 2014) ‘Matters Relating to the Independent Education Inquiry’</style></abstract><urls><pdf-urls><url>internal-pdf://3759438768/Briggs2014ChildSexualAbuse.pdf</url></pdf-urls></urls><electronic-resource-num><style face="normal" font="default" size="100%">10.1080/03004430.2014.901011</style></electronic-resource-num><access-date><style face="normal" font="default" size="100%">2014/04/29</style></access-date></record><record><database name="NSCClibrary.enl" path="F:\NSCClibrary.enl">NSCClibrary.enl</database><source-app name="EndNote" version="17.1">EndNote</source-app><rec-number>4450</rec-number><foreign-keys><key app="EN" db-id="5s5ppfp52t55w0eadv7p5ss3vfxzs5fwwe5w">4450</key></foreign-keys><ref-type name="Book Section">5</ref-type><contributors><authors><author><style face="normal" font="default" size="100%">Chaffin, Mark</style></author><author><style face="normal" font="default" size="100%">Letourneau, Elizabeth</style></author><author><style face="normal" font="default" size="100%">Silovsky, Jane F.</style></author></authors><secondary-authors><author><style face="normal" font="default" size="100%">Myers, John E.B.</style></author><author><style face="normal" font="default" size="100%">Berliner, Lucy </style></author><author><style face="normal" font="default" size="100%">Briere, John</style></author><author><style face="normal" font="default" size="100%">Hendrix, C. Terry </style></author><author><style face="normal" font="default" size="100%">Jenny, Carole</style></author><author><style face="normal" font="default" size="100%">Reid, Theresa A. </style></author></secondary-authors></contributors><titles><title><style face="normal" font="default" size="100%">Adults, adolescents, and children who sexually abuse children: a developmental perspective</style></title><secondary-title><style face="normal" font="default" size="100%">The APSAC handbook on child maltreatment</style></secondary-title></titles><pages><style face="normal" font="default" size="100%">205-232</style></pages><edition><style face="normal" font="default" size="100%">2nd ed.</style></edition><section><style face="normal" font="default" size="100%">2</style></section><keywords><keyword><style face="normal" font="default" size="100%">Adult sex offenders</style></keyword><keyword><style face="normal" font="default" size="100%">Adolescents</style></keyword><keyword><style face="normal" font="default" size="100%">Children</style></keyword><keyword><style face="normal" font="default" size="100%">Sexual aggression</style></keyword><keyword><style face="normal" font="default" size="100%">Sexual abuse</style></keyword><keyword><style face="normal" font="default" size="100%">Abusive behaviour</style></keyword><keyword><style face="normal" font="default" size="100%">Sexually abusive behavior</style></keyword><keyword><style face="normal" font="default" size="100%">Assessment</style></keyword><keyword><style face="normal" font="default" size="100%">Treatment</style></keyword><keyword><style face="normal" font="default" size="100%">Juvenile sex offenders</style></keyword><keyword><style face="normal" font="default" size="100%">Child molester</style></keyword></keywords><dates><year><style face="normal" font="default" size="100%">2002</style></year></dates><pub-location><style face="normal" font="default" size="100%">Thousand Oaks, CA</style></pub-location><publisher><style face="normal" font="default" size="100%">Sage Publications</style></publisher><abstract><style face="normal" font="default" size="100%">This work provides interdisciplinary coverage of the causes, consequences, treatment, and prevention of child abuse and neglect, examining the subject from medical, psychological, and legal perspectives and offering research-based applications for practice. Contributors include academics and practitioners in social work, psychiatry and psychology, counseling, law enforcement, and pediatrics. This second edition contains 630 new literature citations, and includes new material on child abuse in the context of substance abuse and domestic violence, child fatalities, and mental health services.</style></abstract><notes><style face="normal" font="default" size="100%">Total pages of this book are 582 pages. </style></notes><urls><pdf-urls><url>internal-pdf://4069955529/Chaffin2002Adults Adolescents.pdf</url></pdf-urls></urls></record><record><database name="NSCClibrary.enl" path="F:\NSCClibrary.enl">NSCClibrary.enl</database><source-app name="EndNote" version="17.1">EndNote</source-app><rec-number>4687</rec-number><foreign-keys><key app="EN" db-id="5s5ppfp52t55w0eadv7p5ss3vfxzs5fwwe5w">4687</key></foreign-keys><ref-type name="Journal Article">17</ref-type><contributors><authors><author><style face="normal" font="default" size="100%">Gray, Alison</style></author><author><style face="normal" font="default" size="100%">Busconi, Aida</style></author><author><style face="normal" font="default" size="100%">Houchens, Paul</style></author><author><style face="normal" font="default" size="100%">Pithers, WilliamD</style></author></authors></contributors><titles><title><style face="normal" font="default" size="100%">Children with sexual behavior problems and their caregivers: Demographics, functioning, and clinical patterns</style></title><secondary-title><style face="normal" font="default" size="100%">Sexual Abuse: A Journal of Research and Treatment</style></secondary-title><alt-title><style face="normal" font="default" size="100%">Sex Abuse</style></alt-title></titles><periodical><full-title><style face="normal" font="default" size="100%">Sexual Abuse: A Journal of Research and Treatment</style></full-title></periodical><alt-periodical><full-title><style face="normal" font="default" size="100%">Sex Abuse</style></full-title></alt-periodical><pages><style face="normal" font="default" size="100%">267-290</style></pages><volume><style face="normal" font="default" size="100%">9</style></volume><number><style face="normal" font="default" size="100%">4</style></number><keywords><keyword><style face="normal" font="default" size="100%">Children who sexually abuse</style></keyword><keyword><style face="normal" font="default" size="100%">Children who sexually offend</style></keyword><keyword><style face="normal" font="default" size="100%">Child sex offenders</style></keyword><keyword><style face="normal" font="default" size="100%">Child sexual abuse</style></keyword></keywords><dates><year><style face="normal" font="default" size="100%">1997</style></year><pub-dates><date><style face="normal" font="default" size="100%">1997/10/01</style></date></pub-dates></dates><publisher><style face="normal" font="default" size="100%">Springer US</style></publisher><isbn><style face="normal" font="default" size="100%">1079-0632</style></isbn><abstract><style face="normal" font="default" size="100%">This article is the first report from a 5-year demonstration project examining the comparative efficacy of specialized and traditional treatments with children who have exhibited sexual behavior problems. Baseline data concerning the demographics, psychological adjustment, and victimization and perpetration histories of 72 6 to 12-year-old children who have engaged in sexual misbehavior are reported in this article. Information regarding the caregivers and extended families of these children is also presented. The data clearly demonstrate that families of children with sexual behavior problems are marked by an array of characteristics indicative of parental and familial distress, including high rates of (1) violence between parents; (2) sexual victimization and perpetration with the extended family; (3) physical abuse of the children who have exhibited sexual behavior problems; (4) children who have witnessed violence between their parents; (5) parental arrest; (6) denial of responsibility for perpetration of sexual abuse by members of the extended family; (7) poverty; (8) special educational services; (9) prior therapy for children; and (10) clinical scores on behavioral rating instruments. In particular, several significant differences emerged between younger children (6-9 years) and older children (10-12). Younger children had (1) been sexually and physically abused at an earlier age; (2) been more likely to have witnessed physical violence between parents; (3) performed problematic sexual behaviors at an earlier age; (4) a higher annual rate of problematic sexual behaviors; (5) had a higher percentage of hands-on sexual behaviors; and (6) had higher scores on measures indicative of sexual behavior problems (e.g., Child Sexual Behavior Inventory, Child Behavior Checklist- Sexual Problems Subscale).</style></abstract><urls><pdf-urls><url>internal-pdf://1196756301/Gray1997Children.pdf</url></pdf-urls></urls><electronic-resource-num><style face="normal" font="default" size="100%">10.1007/BF02674853</style></electronic-resource-num><language><style face="normal" font="default" size="100%">English</style></language></record><record><database name="NSCClibrary.enl" path="F:\NSCClibrary.enl">NSCClibrary.enl</database><source-app name="EndNote" version="17.1">EndNote</source-app><rec-number>5102</rec-number><foreign-keys><key app="EN" db-id="5s5ppfp52t55w0eadv7p5ss3vfxzs5fwwe5w">5102</key><key app="ENWeb" db-id="">0</key></foreign-keys><ref-type name="Journal Article">17</ref-type><contributors><authors><author><style face="normal" font="default" size="100%">Grossi, L. M.</style></author><author><style face="normal" font="default" size="100%">Lee, A. F.</style></author><author><style face="normal" font="default" size="100%">Schuler, A.</style></author><author><style face="normal" font="default" size="100%">Ryan, J. L.</style></author><author><style face="normal" font="default" size="100%">Prentky, R. A.</style></author></authors></contributors><auth-address><style face="normal" font="default" size="100%">Fairleigh Dickinson University, School of Psychology (T-WH1-01), Metropolitan Campus, 1000 River Road, Teaneck, NJ 07666, USA.&#xD;Bentley University, Department of Mathematical Sciences, 175 Forest Street, Waltham, MA 02452, USA; Massachusetts General Hospital, Department of Surgery, 55 Fruit Street, Boston, MA 02114, USA.&#xD;Justice Resource Institute, 160 Gould Street, Suite 300, Needham, MA 02494, USA.&#xD;William James College, 1 Wells Avenue, Newton, MA 02459, USA.</style></auth-address><titles><title><style face="normal" font="default" size="100%">Sexualized behaviors in cohorts of children in the child welfare system</style></title><secondary-title><style face="normal" font="default" size="100%">Child Abuse Negl</style></secondary-title><alt-title><style face="normal" font="default" size="100%">Child abuse &amp; neglect</style></alt-title></titles><periodical><full-title><style face="normal" font="default" size="100%">Child Abuse Negl</style></full-title></periodical><alt-periodical><full-title><style face="normal" font="default" size="100%">Child Abuse &amp; Neglect</style></full-title></alt-periodical><pages><style face="normal" font="default" size="100%">49-61</style></pages><volume><style face="normal" font="default" size="100%">52</style></volume><keywords><keyword><style face="normal" font="default" size="100%">sexual behaviour</style></keyword><keyword><style face="normal" font="default" size="100%">problematic sexualised behaviour</style></keyword></keywords><dates><year><style face="normal" font="default" size="100%">2016</style></year><pub-dates><date><style face="normal" font="default" size="100%">Feb</style></date></pub-dates></dates><isbn><style face="normal" font="default" size="100%">1873-7757 (Electronic)&#xD;0145-2134 (Linking)</style></isbn><accession-num><style face="normal" font="default" size="100%">26774533</style></accession-num><abstract><style face="normal" font="default" size="100%">The current retrospective archival study investigated the patterns of normative sexualized behavior (NSB), problematic sexualized behavior (PSB), and sexual perpetration for three age cohorts of boys and girls in a high-risk child welfare sample. All children in the present sample had exhibited some form of PSB in the past. We hypothesized that the incidence rates (IR) of NSBs would increase linearly from the early childhood cohort (Ages 2/3-7) to the middle childhood cohort (Ages 8-11) to the preadolescence/adolescence cohort (Ages 12-17), for girls and boys. Although the base rate of sexual behaviors generally increases as children age, children tend to hide sexual behaviors starting at an early age. We therefore hypothesized that a concave quadratic trend would be evident for most PSBs. We further predicted that older children would have a greater incidence of PSB, as well as more victims, compared with younger children. We found the predicted upward linear trend for NSB for both girls and boys, with minimal IR differences between the early childhood and middle childhood cohorts. IRs were remarkably high and comparable across age groups for both boys and girls, with respect to the same three PSBs. For the two perpetration history variables, there was a concave effect, with girls and boys in the middle childhood cohort exhibiting the lowest IR. Results are explained in the context of previously established patterns of sexualized behavior, as well as the reporting of such behaviors.</style></abstract><notes><style face="normal" font="default" size="100%">Grossi, Laura M&#xD;Lee, Austin F&#xD;Schuler, Ann&#xD;Ryan, Julie L&#xD;Prentky, Robert A&#xD;eng&#xD;England&#xD;2016/01/18 06:00&#xD;Child Abuse Negl. 2016 Feb;52:49-61. doi: 10.1016/j.chiabu.2015.12.014. Epub 2016 Jan 14.</style></notes><urls><related-urls><url><style face="normal" font="default" size="100%">http://www.ncbi.nlm.nih.gov/pubmed/26774533</style></url></related-urls><pdf-urls><url>internal-pdf://2065357036/Grossi 2016. Sexualized behaviors in cohorts o.pdf</url></pdf-urls></urls><electronic-resource-num><style face="normal" font="default" size="100%">10.1016/j.chiabu.2015.12.014</style></electronic-resource-num></record><record><database name="NSCClibrary.enl" path="F:\NSCClibrary.enl">NSCClibrary.enl</database><source-app name="EndNote" version="17.1">EndNote</source-app><rec-number>4457</rec-number><foreign-keys><key app="EN" db-id="5s5ppfp52t55w0eadv7p5ss3vfxzs5fwwe5w">4457</key></foreign-keys><ref-type name="Journal Article">17</ref-type><contributors><authors><author><style face="normal" font="default" size="100%">Johnson, Toni Cavanagh</style></author></authors></contributors><titles><title><style face="normal" font="default" size="100%">Child perpetrators—Children who molest other children: Preliminary findings</style></title><secondary-title><style face="normal" font="default" size="100%">Child abuse &amp; neglect</style></secondary-title></titles><periodical><full-title><style face="normal" font="default" size="100%">Child Abuse &amp; Neglect</style></full-title></periodical><pages><style face="normal" font="default" size="100%">219-229</style></pages><volume><style face="normal" font="default" size="100%">12</style></volume><number><style face="normal" font="default" size="100%">2</style></number><keywords><keyword><style face="normal" font="default" size="100%">Children who sexually abuse</style></keyword><keyword><style face="normal" font="default" size="100%">Children who sexually offend</style></keyword><keyword><style face="normal" font="default" size="100%">Child sex offenders</style></keyword><keyword><style face="normal" font="default" size="100%">Young people who sexually abuse</style></keyword><keyword><style face="normal" font="default" size="100%">Young people who sexually offend</style></keyword><keyword><style face="normal" font="default" size="100%">Sexual abuse</style></keyword><keyword><style face="normal" font="default" size="100%">Physical abuse</style></keyword></keywords><dates><year><style face="normal" font="default" size="100%">1988</style></year></dates><isbn><style face="normal" font="default" size="100%">0145-2134</style></isbn><abstract><style face="normal" font="default" size="100%">While the seriousness of sexual abuse by adolescents is finally beginning to receive adequate attention from the professional community, the existence of child perpetrators is largely dismissed and denied. Forty-seven boys between the ages of 4 and 13 are described who have molested children younger than themselves. Coercion was involved in all of the cases included in this study. These children had been treated in a program especially designed for child perpetrators at Children&apos;s Institute International in Los Angeles. Prior to their own sexually abusive behaviors, 49% of these boys had been sexually abused and 19% physically abused. The children all knew the people who victimized them. These male child perpetrators all knew the children they molested. In 47% of the cases the sexual abuse was of a sibling. The average number of victims of these children was 2.1 with a range of 1 to 7. The mean age at the time of perpetration was 8 years, 9 months. The mean age of the victims of these children was 6 years, 9 months. There was a history of sexual and physical abuse in the majority of the families of these children, as well as a history of substance abuse. This population is compared to adolescent perpetrators.</style></abstract><urls><pdf-urls><url>internal-pdf://0280454808/Johnson1988Child.pdf</url></pdf-urls></urls></record><record><database name="NSCClibrary.enl" path="F:\NSCClibrary.enl">NSCClibrary.enl</database><source-app name="EndNote" version="17.1">EndNote</source-app><rec-number>4458</rec-number><foreign-keys><key app="EN" db-id="5s5ppfp52t55w0eadv7p5ss3vfxzs5fwwe5w">4458</key></foreign-keys><ref-type name="Journal Article">17</ref-type><contributors><authors><author><style face="normal" font="default" size="100%">Johnson, Toni Cavanagh</style></author></authors></contributors><titles><title><style face="normal" font="default" size="100%">Female child perpetrators: children who molest other children</style></title><secondary-title><style face="normal" font="default" size="100%">Child Abuse &amp; Neglect</style></secondary-title></titles><periodical><full-title><style face="normal" font="default" size="100%">Child Abuse &amp; Neglect</style></full-title></periodical><pages><style face="normal" font="default" size="100%">571-585</style></pages><volume><style face="normal" font="default" size="100%">13</style></volume><keywords><keyword><style face="normal" font="default" size="100%">Children who sexually abuse</style></keyword><keyword><style face="normal" font="default" size="100%">Children who sexually offend</style></keyword><keyword><style face="normal" font="default" size="100%">Child sex offenders</style></keyword><keyword><style face="normal" font="default" size="100%">Females who sexually abuse</style></keyword></keywords><dates><year><style face="normal" font="default" size="100%">1989</style></year></dates><abstract><style face="normal" font="default" size="100%">Little is known about sexual perpetration by females or by young children. This paper describes the sexual perpetration behavior of 13 female child perpetrators between 4 and 13 years of age. These children were treated in a specially designed program for child perpetrators, the Support Program for Abuse-Reactive Kids (SPARK) at Children’s Institute International of Los Angeles, California. All ofthese girls used force or coercion to gain the compliance of the other child or children. Ofthese child perpetrators, 100% had been previously sexually abused; 31% had been physically abused; 85% were molested by family members; 77% ofthe girls chose a victim in their family (the other 3 girls had no available family members). The mean age of their first known perpetration was 6 years, 9 months. The average age of their victims was 4 years, 4 months. The average number of victims of these girls was 3.5 with a range of I to 15. The girls victimized two times more boys than girls. There was a history of sexual, physical, and substance abuse in the families of these children. Hypotheses regarding the genesis of the sexually abusive behavior in these female child perpetrators are explored.</style></abstract><urls><pdf-urls><url>internal-pdf://0622386664/Johnson1989Female.pdf</url></pdf-urls></urls></record><record><database name="NSCClibrary.enl" path="F:\NSCClibrary.enl">NSCClibrary.enl</database><source-app name="EndNote" version="17.1">EndNote</source-app><rec-number>4456</rec-number><foreign-keys><key app="EN" db-id="5s5ppfp52t55w0eadv7p5ss3vfxzs5fwwe5w">4456</key></foreign-keys><ref-type name="Journal Article">17</ref-type><contributors><authors><author><style face="normal" font="default" size="100%">Johnson, Toni Cavanagh</style></author></authors></contributors><titles><title><style face="normal" font="default" size="100%">Behaviors Related to Sex and Sexuality in Children</style></title><secondary-title><style face="normal" font="default" size="100%">SIECUS Report</style></secondary-title></titles><periodical><full-title><style face="normal" font="default" size="100%">Siecus Report</style></full-title></periodical><pages><style face="normal" font="default" size="100%">7 pages</style></pages><keywords><keyword><style face="normal" font="default" size="100%">Sexual behaviour</style></keyword><keyword><style face="normal" font="default" size="100%">Sexuality</style></keyword><keyword><style face="normal" font="default" size="100%">Chart</style></keyword></keywords><dates><year><style face="normal" font="default" size="100%">1991</style></year></dates><abstract><style face="normal" font="default" size="100%">The chart attempts to describe behaviors that relate to sex and sexuality of preschool children of normal intelligence. Available literature and empirical data on child sexuality have been studied and consultation with hundreds of professionals, parents, and childcare providers has been sought to prepare this chart.</style></abstract><urls><pdf-urls><url>internal-pdf://3321209860/Johnston1991Behaviours related.pdf</url></pdf-urls></urls></record><record><database name="NSCClibrary.enl" path="F:\NSCClibrary.enl">NSCClibrary.enl</database><source-app name="EndNote" version="17.1">EndNote</source-app><rec-number>4455</rec-number><foreign-keys><key app="EN" db-id="5s5ppfp52t55w0eadv7p5ss3vfxzs5fwwe5w">4455</key></foreign-keys><ref-type name="Journal Article">17</ref-type><contributors><authors><author><style face="normal" font="default" size="100%">Johnson, Toni Cavanaugh</style></author></authors></contributors><titles><title><style face="normal" font="default" size="100%">Understanding the sexual behaviors of young children</style></title><secondary-title><style face="normal" font="default" size="100%">CYC-Online</style></secondary-title></titles><periodical><full-title><style face="normal" font="default" size="100%">CYC-Online</style></full-title></periodical><pages><style face="normal" font="default" size="100%">8 pages</style></pages><number><style face="normal" font="default" size="100%">30 &amp; 31</style></number><keywords><keyword><style face="normal" font="default" size="100%">Sexually abusive behaviour</style></keyword><keyword><style face="normal" font="default" size="100%">Children</style></keyword><keyword><style face="normal" font="default" size="100%">Young people</style></keyword><keyword><style face="normal" font="default" size="100%">Inappropriate sexual behavior</style></keyword></keywords><dates><year><style face="normal" font="default" size="100%">2001</style></year><pub-dates><date><style face="normal" font="default" size="100%">July, 2001 and August, 2001</style></date></pub-dates></dates><abstract><style face="normal" font="default" size="100%">In this two-part article, Toni Cavanagh Johnson introduces a discussion on concerns relating to inappropriate and abusive sexual behavior amongst children and young people in care.</style></abstract><urls><pdf-urls><url>internal-pdf://2173453559/Johnson2001Understanding.pdf</url></pdf-urls></urls></record><record><database name="NSCClibrary.enl" path="F:\NSCClibrary.enl">NSCClibrary.enl</database><source-app name="EndNote" version="17.1">EndNote</source-app><rec-number>4449</rec-number><foreign-keys><key app="EN" db-id="5s5ppfp52t55w0eadv7p5ss3vfxzs5fwwe5w">4449</key></foreign-keys><ref-type name="Journal Article">17</ref-type><contributors><authors><author><style face="normal" font="default" size="100%">McGregor, Katherine J.</style></author><author><style face="normal" font="default" size="100%">McNichol, Susan</style></author></authors></contributors><titles><title><style face="normal" font="default" size="100%">Exploring the link between sexualized behaviour and sexual abuse in a clinical setting</style></title><secondary-title><style face="normal" font="default" size="100%">Child Abuse Review</style></secondary-title></titles><periodical><full-title><style face="normal" font="default" size="100%">Child Abuse Review</style></full-title></periodical><pages><style face="normal" font="default" size="100%">339-348</style></pages><volume><style face="normal" font="default" size="100%">8</style></volume><number><style face="normal" font="default" size="100%">5</style></number><keywords><keyword><style face="normal" font="default" size="100%">Sexualized behaviour</style></keyword><keyword><style face="normal" font="default" size="100%">Sexual abuse</style></keyword><keyword><style face="normal" font="default" size="100%">Child protection</style></keyword></keywords><dates><year><style face="normal" font="default" size="100%">1999</style></year></dates><publisher><style face="normal" font="default" size="100%">John Wiley &amp; Sons, Ltd.</style></publisher><isbn><style face="normal" font="default" size="100%">1099-0852</style></isbn><abstract><style face="normal" font="default" size="100%">This study examined the issue of sexualized behaviour in children as an indicator of sexual abuse. The purpose was to develop alternative explanations for sexualized behaviour if sexual abuse was not confirmed or suspected. Other possible explanations explored were the presence of frequent disruptions to family life, previous unresolved exposure to sexual abuse or contact with a sexualized child. Data were collected on 81 cases of sexualized behaviour referred to a specialist child protection assessment unit over a 7-year period. It was found that in very few cases was sexual abuse considered an explanation for the sexualized behaviour. Of the remaining cases, a substantial number showed evidence of family disruption, which could lead to sexualized behaviour developing as a comforting response for the child. Furthermore, a number of children also had experienced sexual abuse in the past, which might have been unresolved for the child, or had contact with another sexualized child, and this might have accounted for their behaviour. It would appear that many of the children were facing difficulties in their lives and might require therapeutic intervention, even if concerns about recent sexual abuse had been allayed. Copyright © 1999 John Wiley &amp; Sons, Ltd.</style></abstract><urls><pdf-urls><url>internal-pdf://2644786513/McNichol1999Exploring the link.pdf</url></pdf-urls></urls></record><record><database name="NSCClibrary.enl" path="F:\NSCClibrary.enl">NSCClibrary.enl</database><source-app name="EndNote" version="17.1">EndNote</source-app><rec-number>5064</rec-number><foreign-keys><key app="EN" db-id="5s5ppfp52t55w0eadv7p5ss3vfxzs5fwwe5w">5064</key></foreign-keys><ref-type name="Report">27</ref-type><contributors><authors><author><style face="normal" font="default" size="100%">O&apos;Brien, Wendy</style></author></authors><tertiary-authors><author><style face="normal" font="default" size="100%">Australian Crime Commission</style></author></tertiary-authors></contributors><titles><title><style face="normal" font="default" size="100%">Problem Sexual Behaviour in Children: A Review of the Literature</style></title></titles><keywords><keyword><style face="normal" font="default" size="100%">Problem sexual behaviour</style></keyword></keywords><dates><year><style face="normal" font="default" size="100%">2008</style></year></dates><pub-location><style face="normal" font="default" size="100%">Canberra, ACT</style></pub-location><abstract><style face="normal" font="default" size="100%">  Although there is an under-acknowledgement of the issue in Australia there is a large body of international scholarship on juveniles who exhibit sexually violent or coercive behaviours toward other juveniles. Research undertaken in the United States and the United Kingdom emphasises options for clinical treatment, the logistics of coordinating multi agency response, and the causes and correlatives for coercive sexual behaviours in adolescents. Much of this literature has tended to focus on adolescents and there is an urgent need for increased studies on young children engaging in problem sexual behaviour.&#xD;&#xD;   The smaller body of work published in Australia also favours adolescents rather than children with much of this work heavily influenced by international clinical studies. There are, however, a handful of reports based on Australian practitioner data that do focus on young children who engage in problem sexual behaviour. This literature surveys and evaluates the very limited number of existing therapeutic programs in Australia, and provides interview data with practitioners working with children exhibiting problem sexual behaviour. In the main, this research reinforces the findings of the internationa scholarship, both in terms of the contributing factors to problem sexual activity in children, but also in terms of the need for multi-faceted and contextually based cognitive behavioural therapeutic programs in response. More importantly, this burgeoning field of study indicates how far we have to go both in understanding the extent of the problem in Australia and in fashioning appropriate programs for prevention and intervention. Dr Joe Tucci is Chief Executive Officer of the Australian Childhood Foundation (ACF), an organisation that has taken a lead in responding to childhood problem sexual behaviour. Tucci et al., (2006) claim an urgent need for investment in a dedicated research and response agenda (Staiger et al., 2005b). To effectively address this issue researchers and practitioners require comprehensive empirical data on problem sexual behaviour in children across all sectors of Australian society, including Indigenous communities.</style></abstract><urls><pdf-urls><url>internal-pdf://1453134146/problem_sexual_behaviour_in_children_complete.pdf</url></pdf-urls></urls></record><record><database name="NSCClibrary.enl" path="F:\NSCClibrary.enl">NSCClibrary.enl</database><source-app name="EndNote" version="17.1">EndNote</source-app><rec-number>4425</rec-number><foreign-keys><key app="EN" db-id="5s5ppfp52t55w0eadv7p5ss3vfxzs5fwwe5w">4425</key></foreign-keys><ref-type name="Journal Article">17</ref-type><contributors><authors><author><style face="normal" font="default" size="100%">Waisbrod, Nirit</style></author><author><style face="normal" font="default" size="100%">Reicher, Barbara</style></author></authors></contributors><titles><title><style face="normal" font="default" size="100%">What Happened to Eric? The Derailment of Sexual Development</style></title><secondary-title><style face="normal" font="default" size="100%">Journal of Child Sexual Abuse</style></secondary-title></titles><periodical><full-title><style face="normal" font="default" size="100%">Journal of Child Sexual Abuse</style></full-title></periodical><pages><style face="normal" font="default" size="100%">94-113</style></pages><volume><style face="normal" font="default" size="100%">23</style></volume><number><style face="normal" font="default" size="100%">1</style></number><keywords><keyword><style face="normal" font="default" size="100%">CSBP</style></keyword><keyword><style face="normal" font="default" size="100%">Child sexual behavior problems</style></keyword><keyword><style face="normal" font="default" size="100%">Sexual development</style></keyword><keyword><style face="normal" font="default" size="100%">Treatment</style></keyword><keyword><style face="normal" font="default" size="100%">Child therapy</style></keyword><keyword><style face="normal" font="default" size="100%">Family therapy</style></keyword></keywords><dates><year><style face="normal" font="default" size="100%">2014</style></year><pub-dates><date><style face="normal" font="default" size="100%">2014/01/02</style></date></pub-dates></dates><publisher><style face="normal" font="default" size="100%">Routledge</style></publisher><isbn><style face="normal" font="default" size="100%">1053-8712</style></isbn><abstract><style face="normal" font="default" size="100%">A variety of theoretical approaches, from the individual to ecological levels, was applied to the following clinical case in order to understand why a five-year-old boy demonstrated sexual behavior. Inappropriate sexual behavior in children is presented as symptomatic of problems in intrapersonal and interpersonal boundaries, relationship capabilities, and superego consolidation. The case material emphasizes that only when the child is helped to stop his sexual acting out can he access the sources of his emotional distress. The theoretical underpinnings that are relevant to this case will be shown as instrumental in the therapy of this child and his family. By integrating theory with practice, we hope to highlight this sensitive and prevalent issue as well as aid in the early identification and treatment of sexually problematic behavior.</style></abstract><urls><pdf-urls><url>internal-pdf://3080382160/Waisbrod2014What Happened.pdf</url></pdf-urls></urls><electronic-resource-num><style face="normal" font="default" size="100%">10.1080/10538712.2014.864745</style></electronic-resource-num><language><style face="normal" font="default" size="100%">Eng</style></language><access-date><style face="normal" font="default" size="100%">2014/03/03</style></access-date></record></records></xml>