<?xml version="1.0" encoding="UTF-8" ?><xml><records><record><database name="NSCClibrary.enl" path="F:\NSCClibrary.enl">NSCClibrary.enl</database><source-app name="EndNote" version="17.1">EndNote</source-app><rec-number>4370</rec-number><foreign-keys><key app="EN" db-id="5s5ppfp52t55w0eadv7p5ss3vfxzs5fwwe5w">4370</key><key app="ENWeb" db-id="">0</key></foreign-keys><ref-type name="Conference Paper">47</ref-type><contributors><authors><author><style face="normal" font="default" size="100%">Kelly, Chris</style></author></authors></contributors><titles><title><style face="normal" font="default" size="100%">The critical importance of maintenance counselling in the management of intellectually disabled sexual offenders</style></title><secondary-title><style face="normal" font="default" size="100%">Australian Institue of Criminology Conference Paedophilia: Policy and Prevention </style></secondary-title></titles><pages><style face="normal" font="default" size="100%">11</style></pages><keywords><keyword><style face="normal" font="default" size="100%">Intellectually disabled sex offenders</style></keyword><keyword><style face="normal" font="default" size="100%">Intellectual disability</style></keyword><keyword><style face="normal" font="default" size="100%">Sexual offences</style></keyword><keyword><style face="normal" font="default" size="100%">Counselling</style></keyword></keywords><dates><year><style face="normal" font="default" size="100%">1997</style></year></dates><pub-location><style face="normal" font="default" size="100%">University of Sydney</style></pub-location><abstract><style face="normal" font="default" size="100%">This paper outlines the critical importance of maintenance counselling for people with an intellectual disability who have committed sexual offences.</style></abstract><urls><pdf-urls><url>internal-pdf://3086782619/Kelly1997The critical importance.pdf</url></pdf-urls></urls></record></records></xml>