<?xml version="1.0" encoding="UTF-8" ?><xml><records><record><database name="NSCClibrary.enl" path="F:\NSCClibrary.enl">NSCClibrary.enl</database><source-app name="EndNote" version="17.1">EndNote</source-app><rec-number>2748</rec-number><foreign-keys><key app="EN" db-id="5s5ppfp52t55w0eadv7p5ss3vfxzs5fwwe5w">2748</key></foreign-keys><ref-type name="Journal Article">17</ref-type><contributors><authors><author><style face="normal" font="default" size="100%">Connolly, M.</style></author><author><style face="normal" font="default" size="100%">Hudson, S.M.</style></author><author><style face="normal" font="default" size="100%">Ward, Tony</style></author></authors></contributors><titles><title><style face="normal" font="default" size="100%">Social workers&apos; attributions for sexual offending: Implications for practice and training</style></title><secondary-title><style face="normal" font="default" size="100%">Australian Social Work</style></secondary-title></titles><periodical><full-title><style face="normal" font="default" size="100%">Australian social work</style></full-title></periodical><pages><style face="normal" font="default" size="100%">29-34</style></pages><volume><style face="normal" font="default" size="100%">50</style></volume><number><style face="normal" font="default" size="100%">3</style></number><keywords><keyword><style face="normal" font="default" size="100%">Attribution</style></keyword><keyword><style face="normal" font="default" size="100%">Child sexual abuse</style></keyword><keyword><style face="normal" font="default" size="100%">Sex offenders</style></keyword></keywords><dates><year><style face="normal" font="default" size="100%">1997</style></year></dates><isbn><style face="normal" font="default" size="100%">0312-407X</style></isbn><abstract><style face="normal" font="default" size="100%">In this study, the reasons why qualified social workers and social work students think men sexually offend against children are examined. Participants were asked to give reasons for these behaviours and to rate them using Benson&apos;s Attributional Scale across four dimensions; stability, internality, controllability and globality. The results suggested that the students saw the reasons for sexual abuse as significantly less controllable than did the social workers. Similarly, the students reported the reasons to be less internal than did the social workers in the sample. There were no significant differences between the students and social workers with respect to the stability and globality dimensions. There were no significant gender differences with respect to the causality dimensions, however, there was a significant interaction between gender and experience status, student or qualified, for the locus dimension. Experienced male participants saw sexual abuse as being less internal than non-experienced males, and experienced females rated reasons in the opposite direction, reporting higher internal scores than did non-experienced females. The training and clinical implications of these findings are discussed.</style></abstract><urls><pdf-urls><url>internal-pdf://Connolly, Marie et al 1997 - Social Workers Attributions for-3711472640/Connolly, Marie et al 1997 - Social Workers Attributions for.pdf</url></pdf-urls></urls></record><record><database name="NSCClibrary.enl" path="F:\NSCClibrary.enl">NSCClibrary.enl</database><source-app name="EndNote" version="17.1">EndNote</source-app><rec-number>3969</rec-number><foreign-keys><key app="EN" db-id="5s5ppfp52t55w0eadv7p5ss3vfxzs5fwwe5w">3969</key></foreign-keys><ref-type name="Journal Article">17</ref-type><contributors><authors><author><style face="normal" font="default" size="100%">Drake, Christopher R.</style></author><author><style face="normal" font="default" size="100%">Ward, Tony</style></author><author><style face="normal" font="default" size="100%">Nathan, Pamela</style></author><author><style face="normal" font="default" size="100%">Lee, Joseph K. P.</style></author></authors></contributors><titles><title><style face="normal" font="default" size="100%">Challenging the cognitive distortions of child molesters: An implicit theory approach</style></title><secondary-title><style face="normal" font="default" size="100%">Journal of Sexual Aggression</style></secondary-title></titles><periodical><full-title><style face="normal" font="default" size="100%">Journal of Sexual Aggression</style></full-title></periodical><pages><style face="normal" font="default" size="100%">25-40</style></pages><volume><style face="normal" font="default" size="100%">7</style></volume><number><style face="normal" font="default" size="100%">2</style></number><keywords><keyword><style face="normal" font="default" size="100%">Affect</style></keyword><keyword><style face="normal" font="default" size="100%">Cognitive distortion</style></keyword><keyword><style face="normal" font="default" size="100%">Sex offender treatment</style></keyword></keywords><dates><year><style face="normal" font="default" size="100%">2001</style></year><pub-dates><date><style face="normal" font="default" size="100%">2001/07/01</style></date></pub-dates></dates><isbn><style face="normal" font="default" size="100%">1355-2600</style></isbn><abstract><style face="normal" font="default" size="100%">In this paper we present a novel way of structuring the cognitive distortions module of a comprehensive treatment programme for child molesters. The module is based upon using the notion of &apos;implicit theories&apos; to provide a framework for conceptualising and challenging cognitive distortions. In this approach cognitive distortions are viewed as deriving from a smaller number of more general, but maladaptive, set of underlying belief about the offender himself, his victims and the world in general, which then form the target of intervention. A description of how cognitive distortions can be collected and reframed in terms of their underlying implicit theories is provided. Then an outline of a range of cognitive and affective techniques to undermine their validity and replace them with more appropriate cognitions is described. The possible advantages of using this approach in the treatment of sex offenders are discussed.</style></abstract><urls><related-urls><url><style face="normal" font="default" size="100%">http://dx.doi.org/10.1080/13552600108416165</style></url></related-urls><pdf-urls><url>internal-pdf://Drake et al 2001 - Challenging the-1484303361/Drake et al 2001 - Challenging the.pdf</url></pdf-urls></urls><electronic-resource-num><style face="normal" font="default" size="100%">10.1080/13552600108416165</style></electronic-resource-num></record><record><database name="NSCClibrary.enl" path="F:\NSCClibrary.enl">NSCClibrary.enl</database><source-app name="EndNote" version="17.1">EndNote</source-app><rec-number>3406</rec-number><foreign-keys><key app="EN" db-id="5s5ppfp52t55w0eadv7p5ss3vfxzs5fwwe5w">3406</key></foreign-keys><ref-type name="Journal Article">17</ref-type><contributors><authors><author><style face="normal" font="default" size="100%">Glaser, Bill</style></author></authors></contributors><titles><title><style face="normal" font="default" size="100%">Paternalism and the good lives model of sex offender rehabilitation</style></title><secondary-title><style face="normal" font="default" size="100%">Sexual Abuse: A Journal of Research and Treatment</style></secondary-title></titles><periodical><full-title><style face="normal" font="default" size="100%">Sexual Abuse: A Journal of Research and Treatment</style></full-title></periodical><pages><style face="normal" font="default" size="100%">329-345</style></pages><volume><style face="normal" font="default" size="100%">23</style></volume><number><style face="normal" font="default" size="100%">3</style></number><keywords><keyword><style face="normal" font="default" size="100%">Ethics</style></keyword><keyword><style face="normal" font="default" size="100%">Good lives model</style></keyword><keyword><style face="normal" font="default" size="100%">Rehabilitation</style></keyword><keyword><style face="normal" font="default" size="100%">Sex offender treatment</style></keyword></keywords><dates><year><style face="normal" font="default" size="100%">2011</style></year></dates><isbn><style face="normal" font="default" size="100%">1079-0632</style></isbn><abstract><style face="normal" font="default" size="100%">The lives of sex offenders are often confused and disorganised. Modern sex offender rehabilitation approaches such as the good lives model emphasize holistic aims such as helping offenders to live more satisfying and fulfilling lives, rather than merely teaching them to avoid risk. The appeal of the model lies in its justification by paternalism: Whatever harms are inflicted on offenders during the rehabilitation process are ultimately for their own good. But paternalism has its limitations, which include potential infringements on offenders’ autonomy and human rights, the risk of therapists imposing their own values and attitudes, and false claims that harmful interventions are justified by their benefit for offenders. Furthermore, some recent empirical studies suggest that offenders themselves do not necessarily prefer personal well-being goals over risk management techniques and that some offenders find it distressingly easy to incorporate “good lives” principles into an ongoing anti-social lifestyle. These limitations need to be taken into account when applying a good lives approach.</style></abstract><urls><pdf-urls><url>internal-pdf://Glaser 2010 - Paternalism and the good lives-2277193728/Glaser 2010 - Paternalism and the good lives.pdf</url></pdf-urls></urls></record><record><database name="NSCClibrary.enl" path="F:\NSCClibrary.enl">NSCClibrary.enl</database><source-app name="EndNote" version="17.1">EndNote</source-app><rec-number>2836</rec-number><foreign-keys><key app="EN" db-id="5s5ppfp52t55w0eadv7p5ss3vfxzs5fwwe5w">2836</key></foreign-keys><ref-type name="Journal Article">17</ref-type><contributors><authors><author><style face="normal" font="default" size="100%">Hudson, Stephen M.</style></author><author><style face="normal" font="default" size="100%">Ward, Tony</style></author></authors></contributors><titles><title><style face="normal" font="default" size="100%">Introduction to the special issue on relapse prevention</style></title><secondary-title><style face="normal" font="default" size="100%">Sexual Abuse: A Journal of Research and Treatment</style></secondary-title></titles><periodical><full-title><style face="normal" font="default" size="100%">Sexual Abuse: A Journal of Research and Treatment</style></full-title></periodical><pages><style face="normal" font="default" size="100%">173-175</style></pages><volume><style face="normal" font="default" size="100%">8</style></volume><number><style face="normal" font="default" size="100%">3</style></number><keywords><keyword><style face="normal" font="default" size="100%">Cognitive behavioural therapy</style></keyword><keyword><style face="normal" font="default" size="100%">Relapse prevention</style></keyword><keyword><style face="normal" font="default" size="100%">Sex offender treatment</style></keyword></keywords><dates><year><style face="normal" font="default" size="100%">1996</style></year></dates><isbn><style face="normal" font="default" size="100%">1079-0632</style></isbn><abstract><style face="normal" font="default" size="100%">Relapse prevention (RP) has become the most popular model for structuring the treatment of sex offenders. It is therefore appropriate to examine, in some detail, the model&apos;s adequacy and application. The papers brought together in this special issue cover several themes. First, the belief is reflected that, to progress, models and their component elements need to be subjected to critical scrutiny from a theoretical perspective. Second, the empirical support for the application of the model needs to be examined, particularly in comparison to other treatment approaches. Third, the current form of the broad RP model as applied to sex offenders is described and, in concert with other papers in this issue, raises the important issue of motivation for treatment. Finally, we argue that there is much to be gained from viewing sexual offending simply as a problem behavior process rather than as a relapse or offense.</style></abstract><notes><style face="normal" font="default" size="100%">Special Issue: Relapse Prevention</style></notes><urls><pdf-urls><url>internal-pdf://Hudson and Ward 1996 - Intro to spec issue-0506441985/Hudson and Ward 1996 - Intro to spec issue.pdf</url></pdf-urls></urls></record><record><database name="NSCClibrary.enl" path="F:\NSCClibrary.enl">NSCClibrary.enl</database><source-app name="EndNote" version="17.1">EndNote</source-app><rec-number>2840</rec-number><foreign-keys><key app="EN" db-id="5s5ppfp52t55w0eadv7p5ss3vfxzs5fwwe5w">2840</key></foreign-keys><ref-type name="Journal Article">17</ref-type><contributors><authors><author><style face="normal" font="default" size="100%">Hudson, Stephen M.</style></author><author><style face="normal" font="default" size="100%">Ward, Tony</style></author></authors></contributors><titles><title><style face="normal" font="default" size="100%">Relapse prevention: Future directions</style></title><secondary-title><style face="normal" font="default" size="100%">Sexual Abuse: A Journal of Research and Treatment</style></secondary-title></titles><periodical><full-title><style face="normal" font="default" size="100%">Sexual Abuse: A Journal of Research and Treatment</style></full-title></periodical><pages><style face="normal" font="default" size="100%">249-256</style></pages><volume><style face="normal" font="default" size="100%">8</style></volume><number><style face="normal" font="default" size="100%">3</style></number><keywords><keyword><style face="normal" font="default" size="100%">Cognitive behavioural therapy</style></keyword><keyword><style face="normal" font="default" size="100%">Relapse prevention</style></keyword><keyword><style face="normal" font="default" size="100%">Sex offender treatment</style></keyword></keywords><dates><year><style face="normal" font="default" size="100%">1996</style></year></dates><isbn><style face="normal" font="default" size="100%">1079-0632</style></isbn><abstract><style face="normal" font="default" size="100%">There are several significant problems with both Marlatt’s and Pithers’ relapse prevention (RP) models. It is argued in this paper that there are good empirical, theoretical, and practical reasons for viewing the offense and relapse process as functionally equivalent. The core construct in both these traditionally different models is the problem behaviour process. The application of a framework based on the problem behaviour process has significant theoretical and clinical advantages and can overcome the major difficulties associated with Marlatt’s and Pithers’ RP models.</style></abstract><notes><style face="normal" font="default" size="100%">Special Issue: Relapse Prevention</style></notes><urls><pdf-urls><url>internal-pdf://Hudson and Ward 1996 - Relapse prevention future-0557724161/Hudson and Ward 1996 - Relapse prevention future.pdf</url></pdf-urls></urls></record><record><database name="NSCClibrary.enl" path="F:\NSCClibrary.enl">NSCClibrary.enl</database><source-app name="EndNote" version="17.1">EndNote</source-app><rec-number>1184</rec-number><foreign-keys><key app="EN" db-id="5s5ppfp52t55w0eadv7p5ss3vfxzs5fwwe5w">1184</key><key app="ENWeb" db-id="ThEeKwrtqggAAHqv064">4131</key></foreign-keys><ref-type name="Book">6</ref-type><contributors><authors><author><style face="normal" font="default" size="100%">Laws, D. Richard</style></author><author><style face="normal" font="default" size="100%">Hudson, Stephen M.</style></author><author><style face="normal" font="default" size="100%">Ward, Tony</style></author></authors></contributors><titles><title><style face="normal" font="default" size="100%">Remaking relapse prevention with sex offenders: A sourcebook</style></title></titles><dates><year><style face="normal" font="default" size="100%">2000</style></year></dates><pub-location><style face="normal" font="default" size="100%">Thousand Oaks, California</style></pub-location><publisher><style face="normal" font="default" size="100%">Sage Publications</style></publisher><isbn><style face="normal" font="default" size="100%">0761918876</style></isbn><notes><style face="normal" font="default" size="100%">Held at Cedar Cottage Library - 1 copy&#xD;Held at New Street, Sydney - 1 copy</style></notes><urls></urls></record><record><database name="NSCClibrary.enl" path="F:\NSCClibrary.enl">NSCClibrary.enl</database><source-app name="EndNote" version="17.1">EndNote</source-app><rec-number>5114</rec-number><foreign-keys><key app="EN" db-id="5s5ppfp52t55w0eadv7p5ss3vfxzs5fwwe5w">5114</key><key app="ENWeb" db-id="">0</key></foreign-keys><ref-type name="Journal Article">17</ref-type><contributors><authors><author><style face="normal" font="default" size="100%">Lord, Alex</style></author></authors></contributors><titles><title><style face="normal" font="default" size="100%">Integrating risk, the Good Lives Model and recovery for mentally disordered sexual offenders</style></title><secondary-title><style face="normal" font="default" size="100%">Journal of Sexual Aggression</style></secondary-title></titles><periodical><full-title><style face="normal" font="default" size="100%">Journal of Sexual Aggression</style></full-title></periodical><pages><style face="normal" font="default" size="100%">107-122</style></pages><volume><style face="normal" font="default" size="100%">22</style></volume><number><style face="normal" font="default" size="100%">1</style></number><keywords><keyword><style face="normal" font="default" size="100%">Good Lives model</style></keyword><keyword><style face="normal" font="default" size="100%">risk management</style></keyword><keyword><style face="normal" font="default" size="100%">personality disorder</style></keyword></keywords><dates><year><style face="normal" font="default" size="100%">2016</style></year></dates><urls><pdf-urls><url>internal-pdf://1426376375/Lord 2016 - Integrating risk.pdf</url></pdf-urls></urls><electronic-resource-num><style face="normal" font="default" size="100%">10.1080/13552600.2014.975164</style></electronic-resource-num></record><record><database name="NSCClibrary.enl" path="F:\NSCClibrary.enl">NSCClibrary.enl</database><source-app name="EndNote" version="17.1">EndNote</source-app><rec-number>3075</rec-number><foreign-keys><key app="EN" db-id="5s5ppfp52t55w0eadv7p5ss3vfxzs5fwwe5w">3075</key></foreign-keys><ref-type name="Journal Article">17</ref-type><contributors><authors><author><style face="normal" font="default" size="100%">Marshall, William L.</style></author><author><style face="normal" font="default" size="100%">Bryce, Peter</style></author><author><style face="normal" font="default" size="100%">Hudson, S.M.</style></author><author><style face="normal" font="default" size="100%">Ward, Tony</style></author><author><style face="normal" font="default" size="100%">Moth, B.</style></author></authors></contributors><titles><title><style face="normal" font="default" size="100%">The enhancement of intimacy and the reduction of loneliness among child molesters</style></title><secondary-title><style face="normal" font="default" size="100%">Journal of Family Violence</style></secondary-title></titles><periodical><full-title><style face="normal" font="default" size="100%">Journal of family violence</style></full-title></periodical><pages><style face="normal" font="default" size="100%">219-235</style></pages><volume><style face="normal" font="default" size="100%">11</style></volume><number><style face="normal" font="default" size="100%">3</style></number><keywords><keyword><style face="normal" font="default" size="100%">Intimacy</style></keyword><keyword><style face="normal" font="default" size="100%">Sex offender treatment</style></keyword></keywords><dates><year><style face="normal" font="default" size="100%">1996</style></year></dates><isbn><style face="normal" font="default" size="100%">0885-7482</style></isbn><abstract><style face="normal" font="default" size="100%">The present report describes the component of our treatment program that is aimed at enhancing intimacy skills and reducing loneliness in sexual offenders. The evaluation of this component, although limited in sophistication, offers data that encourages confidence in the value of the treatment component.</style></abstract><urls><pdf-urls><url>internal-pdf://Marshall et al 1996 - The enhancement of-1524215041/Marshall et al 1996 - The enhancement of.pdf</url></pdf-urls></urls></record><record><database name="NSCClibrary.enl" path="F:\NSCClibrary.enl">NSCClibrary.enl</database><source-app name="EndNote" version="17.1">EndNote</source-app><rec-number>3077</rec-number><foreign-keys><key app="EN" db-id="5s5ppfp52t55w0eadv7p5ss3vfxzs5fwwe5w">3077</key></foreign-keys><ref-type name="Journal Article">17</ref-type><contributors><authors><author><style face="normal" font="default" size="100%">Marshall, William L.</style></author><author><style face="normal" font="default" size="100%">Jones, Robin</style></author><author><style face="normal" font="default" size="100%">Ward, Tony</style></author><author><style face="normal" font="default" size="100%">Johnston, Peter</style></author><author><style face="normal" font="default" size="100%">Barbaree, Howard E.</style></author></authors></contributors><titles><title><style face="normal" font="default" size="100%">Treatment outcome with sex offenders</style></title><secondary-title><style face="normal" font="default" size="100%">Clinical Psychology Review</style></secondary-title></titles><periodical><full-title><style face="normal" font="default" size="100%">Clinical Psychology Review</style></full-title></periodical><pages><style face="normal" font="default" size="100%">465-485</style></pages><volume><style face="normal" font="default" size="100%">11</style></volume><number><style face="normal" font="default" size="100%">4</style></number><keywords><keyword><style face="normal" font="default" size="100%">Cognitive behavioural therapy</style></keyword><keyword><style face="normal" font="default" size="100%">Sex offender treatment</style></keyword></keywords><dates><year><style face="normal" font="default" size="100%">1991</style></year></dates><isbn><style face="normal" font="default" size="100%">0272-7358</style></isbn><abstract><style face="normal" font="default" size="100%">Previous reviews have taken either a severe methodological stance and concluded that treatments have not been demonstrated to be effective with sex offenders, or they have ignored methodological considerations and expounded about the value of particular treatment approaches. We have attempted to adopt a position somewhere between these two and have concluded that some treatment programs have been effective with child molesters and exhibitionists but not, apparently, with rapists. in examining the value of the different approaches, we concluded that comprehensive cognitive/behavioural programs (at least for child molesters, incest offenders, and exhibitionists) are most likely to be effective, although there is a clear value for the adjunctive use of antiandrogens with those offenders who engage in excessively high rates of sexual activities.</style></abstract><urls><pdf-urls><url>internal-pdf://Marshall et al 1991 - Treatment outcome with-0977628161/Marshall et al 1991 - Treatment outcome with.pdf</url></pdf-urls></urls></record><record><database name="NSCClibrary.enl" path="F:\NSCClibrary.enl">NSCClibrary.enl</database><source-app name="EndNote" version="17.1">EndNote</source-app><rec-number>3970</rec-number><foreign-keys><key app="EN" db-id="5s5ppfp52t55w0eadv7p5ss3vfxzs5fwwe5w">3970</key></foreign-keys><ref-type name="Journal Article">17</ref-type><contributors><authors><author><style face="normal" font="default" size="100%">Nathan, Pamela</style></author><author><style face="normal" font="default" size="100%">Ward, Tony</style></author></authors></contributors><titles><title><style face="normal" font="default" size="100%">Females who sexually abuse children: Assessment and treatment issues</style></title><secondary-title><style face="normal" font="default" size="100%">Psychiatry, Psychology and Law</style></secondary-title></titles><periodical><full-title><style face="normal" font="default" size="100%">Psychiatry, psychology and law</style></full-title></periodical><pages><style face="normal" font="default" size="100%">44-55</style></pages><volume><style face="normal" font="default" size="100%">8</style></volume><number><style face="normal" font="default" size="100%">1</style></number><keywords><keyword><style face="normal" font="default" size="100%">Female sex offenders</style></keyword><keyword><style face="normal" font="default" size="100%">Females who sexually abuse</style></keyword><keyword><style face="normal" font="default" size="100%">Sex offender treatment</style></keyword></keywords><dates><year><style face="normal" font="default" size="100%">2001</style></year></dates><isbn><style face="normal" font="default" size="100%">1321-8719</style></isbn><abstract><style face="normal" font="default" size="100%">This paper addresses the neglected and under-researched subject of female sex offenders who abuse children. More specifically, it provides a review of the nature of female sexual abuse of children and considers key issues associated with its assessment and treatment. In particular, we consider the important question of typology and its relationship to treatment. Our major aim is to provide an overview of the important factors and issues associated with this poorly understood group of offenders, rather than provide an exhaustive review of the literature.</style></abstract><urls><pdf-urls><url>internal-pdf://Nathan et al 2001 - Females who-1485356033/Nathan et al 2001 - Females who.pdf</url></pdf-urls></urls></record><record><database name="NSCClibrary.enl" path="F:\NSCClibrary.enl">NSCClibrary.enl</database><source-app name="EndNote" version="17.1">EndNote</source-app><rec-number>3971</rec-number><foreign-keys><key app="EN" db-id="5s5ppfp52t55w0eadv7p5ss3vfxzs5fwwe5w">3971</key></foreign-keys><ref-type name="Journal Article">17</ref-type><contributors><authors><author><style face="normal" font="default" size="100%">Nathan, Pamela</style></author><author><style face="normal" font="default" size="100%">Ward, Tony</style></author></authors></contributors><titles><title><style face="normal" font="default" size="100%">Female sex offenders: Clinical and demographic features</style></title><secondary-title><style face="normal" font="default" size="100%">Journal of Sexual Aggression</style></secondary-title></titles><periodical><full-title><style face="normal" font="default" size="100%">Journal of Sexual Aggression</style></full-title></periodical><pages><style face="normal" font="default" size="100%">5-21</style></pages><volume><style face="normal" font="default" size="100%">8</style></volume><number><style face="normal" font="default" size="100%">1</style></number><keywords><keyword><style face="normal" font="default" size="100%">Female sex offenders</style></keyword><keyword><style face="normal" font="default" size="100%">Females who sexually abuse</style></keyword></keywords><dates><year><style face="normal" font="default" size="100%">2002</style></year><pub-dates><date><style face="normal" font="default" size="100%">2002/01/01</style></date></pub-dates></dates><isbn><style face="normal" font="default" size="100%">1355-2600</style></isbn><abstract><style face="normal" font="default" size="100%">This paper provides clinical and demographic data on 12 female child sex offenders in the correctional system in Victoria. Information was obtained through clinical assessments completed whilst women were incarcerated or in the community setting and from sentencing comments. An analysis of this information revealed that the characteristics of these women and their offences generally fitted the profile of female sex offenders described in the current literature. However, the findings also revealed that the women differed in some respects to the typical portrayal of female sex offenders. Although the majority of women were co-offenders with males, only a few females appeared coerced and motivated by fear. In the group of male accompanied offences, women were also motivated by rejection and revenge, leading to the development and extension of a new category - the male accompanied: rejected/revengeful.</style></abstract><urls><related-urls><url><style face="normal" font="default" size="100%">http://dx.doi.org/10.1080/13552600208413329</style></url></related-urls><pdf-urls><url>internal-pdf://Nathan et al 2002 - Female sex-3549099009/Nathan et al 2002 - Female sex.pdf</url></pdf-urls></urls><electronic-resource-num><style face="normal" font="default" size="100%">10.1080/13552600208413329</style></electronic-resource-num><access-date><style face="normal" font="default" size="100%">2013/02/27</style></access-date></record><record><database name="NSCClibrary.enl" path="F:\NSCClibrary.enl">NSCClibrary.enl</database><source-app name="EndNote" version="17.1">EndNote</source-app><rec-number>3478</rec-number><foreign-keys><key app="EN" db-id="5s5ppfp52t55w0eadv7p5ss3vfxzs5fwwe5w">3478</key></foreign-keys><ref-type name="Journal Article">17</ref-type><contributors><authors><author><style face="normal" font="default" size="100%">Ward, Tony</style></author></authors></contributors><titles><title><style face="normal" font="default" size="100%">The management of risk and the design of good lives</style></title><secondary-title><style face="normal" font="default" size="100%">Australian Psychologist</style></secondary-title></titles><periodical><full-title><style face="normal" font="default" size="100%">Australian Psychologist</style></full-title></periodical><pages><style face="normal" font="default" size="100%">172-179</style></pages><volume><style face="normal" font="default" size="100%">37</style></volume><number><style face="normal" font="default" size="100%">3</style></number><keywords><keyword><style face="normal" font="default" size="100%">Good lives model</style></keyword><keyword><style face="normal" font="default" size="100%">Rehabilitation</style></keyword><keyword><style face="normal" font="default" size="100%">Risk management</style></keyword><keyword><style face="normal" font="default" size="100%">Sex offender treatment</style></keyword></keywords><dates><year><style face="normal" font="default" size="100%">2002</style></year></dates><publisher><style face="normal" font="default" size="100%">Blackwell Publishing Ltd</style></publisher><isbn><style face="normal" font="default" size="100%">1742-9544</style></isbn><abstract><style face="normal" font="default" size="100%">In this paper, I attempt to integrate the risk-need and good lives models of offender rehabilitation. I set out to show how it is possible to capitalise on the strengths of the risk management perspecive by locating or embedding it within a more constructive, strength based capabilities approach – what I have called the good lives model of offender rehabilitation. In the good lives model risk factors are viewed as obstacles that erode individuals&apos; capacity to live more fulfilling lives. Thus the therapeutic focus is on implementing offender&apos;s good lives conceptualisation rather than simply managing risk, although risk is not neglected. First, I briefly outline the risk-need and good lives models and then discuss how they might be integrated. Second, I consider a clinical example, demonstrating in some detail how a good lives perspective impacts on assessment and treatment. Finally, I conclude with a few comments on the clinical and policy implications of this integrated approach.</style></abstract><urls><related-urls><url><style face="normal" font="default" size="100%">http://dx.doi.org/10.1080/00050060210001706846</style></url></related-urls><pdf-urls><url>internal-pdf://Ward 2002 - The management of risk-1198122753/Ward 2002 - The management of risk.pdf</url></pdf-urls></urls><electronic-resource-num><style face="normal" font="default" size="100%">10.1080/00050060210001706846</style></electronic-resource-num></record><record><database name="NSCClibrary.enl" path="F:\NSCClibrary.enl">NSCClibrary.enl</database><source-app name="EndNote" version="17.1">EndNote</source-app><rec-number>3401</rec-number><foreign-keys><key app="EN" db-id="5s5ppfp52t55w0eadv7p5ss3vfxzs5fwwe5w">3401</key></foreign-keys><ref-type name="Journal Article">17</ref-type><contributors><authors><author><style face="normal" font="default" size="100%">Ward, Tony</style></author></authors></contributors><titles><title><style face="normal" font="default" size="100%">The explanation, assessment and treatment of child sexual abuse</style></title><secondary-title><style face="normal" font="default" size="100%">International Journal of Forensic Psychology</style></secondary-title></titles><periodical><full-title><style face="normal" font="default" size="100%">International Journal of Forensic Psychology</style></full-title></periodical><pages><style face="normal" font="default" size="100%">10-25</style></pages><volume><style face="normal" font="default" size="100%">1</style></volume><number><style face="normal" font="default" size="100%">1</style></number><keywords><keyword><style face="normal" font="default" size="100%">Risk assessment</style></keyword><keyword><style face="normal" font="default" size="100%">Sex offender treatment</style></keyword></keywords><dates><year><style face="normal" font="default" size="100%">2003</style></year></dates><abstract><style face="normal" font="default" size="100%">Sexual offending against children remains a socially significant and complex problem. It is becoming increasingly evident that the psychological and emotional costs to victims and their families are profound, with many victims experiencing major difficulties in adjusting to the demands of adult life. In this paper I focus on a number of significant current issues associated with sexual offending and attempt to give a brief overview of these domains: the causes and types of sexual offending; assessment and risk evaluation; the principles of effective intervention; best practuce treatment of sexual offenders; and a consideration of treatment effectiveness. I conclude by arguing that we also need to pay more attention to the relationship between normative theories and empirically validated therapeutic techniques. Any understanding of rehabilitation is underpinned by values and assumptions about the kinds of lives available to offenders.</style></abstract><urls><pdf-urls><url>internal-pdf://Ward 2003 - The explanation, assessment-1169069057/Ward 2003 - The explanation, assessment.pdf</url></pdf-urls></urls></record><record><database name="NSCClibrary.enl" path="F:\NSCClibrary.enl">NSCClibrary.enl</database><source-app name="EndNote" version="17.1">EndNote</source-app><rec-number>4236</rec-number><foreign-keys><key app="EN" db-id="5s5ppfp52t55w0eadv7p5ss3vfxzs5fwwe5w">4236</key></foreign-keys><ref-type name="Journal Article">17</ref-type><contributors><authors><author><style face="normal" font="default" size="100%">Ward, Tony</style></author></authors></contributors><titles><title><style face="normal" font="default" size="100%">Punishment or therapy? The ethics of sexual offending treatment</style></title><secondary-title><style face="normal" font="default" size="100%">Journal of Sexual Aggression</style></secondary-title></titles><periodical><full-title><style face="normal" font="default" size="100%">Journal of Sexual Aggression</style></full-title></periodical><pages><style face="normal" font="default" size="100%">286-295</style></pages><volume><style face="normal" font="default" size="100%">16</style></volume><number><style face="normal" font="default" size="100%">3</style></number><keywords><keyword><style face="normal" font="default" size="100%">Ethics</style></keyword><keyword><style face="normal" font="default" size="100%">Sex offender treatment</style></keyword></keywords><dates><year><style face="normal" font="default" size="100%">2010</style></year><pub-dates><date><style face="normal" font="default" size="100%">2010/11/01</style></date></pub-dates></dates><publisher><style face="normal" font="default" size="100%">Routledge</style></publisher><isbn><style face="normal" font="default" size="100%">1355-2600</style></isbn><abstract><style face="normal" font="default" size="100%">The claim that sex offender treatment is a form of punishment and as such cannot be covered by traditional ethical codes is a controversial one. It challenges the ethical basis of current practice and compels clinicians to rethink the work they do with sex offenders. In this paper I comment on Bill Glaser&apos;s defence of that idea in a challenging and timely paper and David Prescott and Jill Leveson&apos;s rejection of his claims. First, I consider briefly the nature of both punishment and treatment and outline Glaser&apos;s argument and Prescott and Levenson&apos;s rejoinder. I then investigate what a comprehensive argument for either position should look like and finish with a few comments on each paper.</style></abstract><urls><related-urls><url><style face="normal" font="default" size="100%">http://dx.doi.org/10.1080/13552600.2010.483822</style></url></related-urls><pdf-urls><url>internal-pdf://Ward 2010 - Punishment or-0617348353/Ward 2010 - Punishment or.pdf</url></pdf-urls></urls><electronic-resource-num><style face="normal" font="default" size="100%">10.1080/13552600.2010.483822</style></electronic-resource-num><access-date><style face="normal" font="default" size="100%">2013/05/20</style></access-date></record><record><database name="NSCClibrary.enl" path="F:\NSCClibrary.enl">NSCClibrary.enl</database><source-app name="EndNote" version="17.1">EndNote</source-app><rec-number>3424</rec-number><foreign-keys><key app="EN" db-id="5s5ppfp52t55w0eadv7p5ss3vfxzs5fwwe5w">3424</key></foreign-keys><ref-type name="Journal Article">17</ref-type><contributors><authors><author><style face="normal" font="default" size="100%">Ward, Tony</style></author></authors></contributors><titles><title><style face="normal" font="default" size="100%">Human rights and dignity in offender rehabilitation</style></title><secondary-title><style face="normal" font="default" size="100%">Journal of Forensic Psychology Practice</style></secondary-title></titles><periodical><full-title><style face="normal" font="default" size="100%">Journal of forensic psychology practice</style></full-title></periodical><pages><style face="normal" font="default" size="100%">103-123</style></pages><volume><style face="normal" font="default" size="100%">11</style></volume><number><style face="normal" font="default" size="100%">2-3</style></number><keywords><keyword><style face="normal" font="default" size="100%">Human rights</style></keyword><keyword><style face="normal" font="default" size="100%">Ethics</style></keyword><keyword><style face="normal" font="default" size="100%">Sex offender treatment</style></keyword><keyword><style face="normal" font="default" size="100%">Assessment</style></keyword></keywords><dates><year><style face="normal" font="default" size="100%">2011</style></year></dates><isbn><style face="normal" font="default" size="100%">1522-8932</style></isbn><abstract><style face="normal" font="default" size="100%">The concept of human rights is a moral (and legal) one that that is intended to safeguard provision of the social, economic, environmental, and psychological goods necessary for a dignified human life. Over the last 3 years, several papers on the implications of rights-based thinking for the assessment and treatment of offenders have appeared. In this paper, I draw from this work—in particular, the conceptual model developed by Ward and Birgden and examine its practice recommendations and implications. First, I analyse the concept of dignity and its role in human rights thinking. Then the Ward and Birgden model of human rights is outlined and ethically justified. Finally, I discuss some of the major assessment and treatment consequences of this human rights approach</style></abstract><urls><pdf-urls><url>internal-pdf://Ward 2011 - Human rights and dignity-2478161921/Ward 2011 - Human rights and dignity.pdf</url></pdf-urls></urls></record><record><database name="NSCClibrary.enl" path="F:\NSCClibrary.enl">NSCClibrary.enl</database><source-app name="EndNote" version="17.1">EndNote</source-app><rec-number>4229</rec-number><foreign-keys><key app="EN" db-id="5s5ppfp52t55w0eadv7p5ss3vfxzs5fwwe5w">4229</key></foreign-keys><ref-type name="Journal Article">17</ref-type><contributors><authors><author><style face="normal" font="default" size="100%">Ward, Tony</style></author><author><style face="normal" font="default" size="100%">Fon, Cristina</style></author><author><style face="normal" font="default" size="100%">Hudson, Stephen M.</style></author><author><style face="normal" font="default" size="100%">McCormack, Julie</style></author></authors></contributors><titles><title><style face="normal" font="default" size="100%">A descriptive model of dysfunctional cognitions in child molesters</style></title><secondary-title><style face="normal" font="default" size="100%">Journal of Interpersonal Violence</style></secondary-title></titles><periodical><full-title><style face="normal" font="default" size="100%">Journal of Interpersonal Violence</style></full-title></periodical><pages><style face="normal" font="default" size="100%">129-155</style></pages><volume><style face="normal" font="default" size="100%">13</style></volume><number><style face="normal" font="default" size="100%">1</style></number><keywords><keyword><style face="normal" font="default" size="100%">Cognition</style></keyword><keyword><style face="normal" font="default" size="100%">Cognitive distortion</style></keyword><keyword><style face="normal" font="default" size="100%">Sex offender treatment</style></keyword></keywords><dates><year><style face="normal" font="default" size="100%">1998</style></year><pub-dates><date><style face="normal" font="default" size="100%">February 1, 1998</style></date></pub-dates></dates><abstract><style face="normal" font="default" size="100%">Distorted or maladaptive thinking is widely acknowledged as an important variable in both the initiation and maintenance of sexual offending. The aim of this study was to develop a descriptive model to classify sex offenders&apos; cognitions concerning their offending behaviour. Offense descriptions were obtained from 20 incarcerated male child sex offenders undergoing assessment for a sex offender treatment program. A data-driven approach to model development—grounded theory—was taken in the qualitative analysis of these offense accounts. The resulting model consisted of four categories: offense chain, cognitive operations, cognitive content, and metavariables. To determine its content validity and reliability, the model was applied to the offense descriptions of a sample of 25 incarcerated child molesters also undergoing pre-treatment assessment. Results suggest that the model has provisional validity and adequate interrater reliability. Finally, the authors discuss the theoretical and clinical implications of the model.</style></abstract><urls><related-urls><url><style face="normal" font="default" size="100%">http://jiv.sagepub.com/content/13/1/129.abstract</style></url></related-urls><pdf-urls><url>internal-pdf://Ward et al 1998 - A descriptive-2610573313/Ward et al 1998 - A descriptive.pdf</url></pdf-urls></urls><electronic-resource-num><style face="normal" font="default" size="100%">10.1177/088626098013001008</style></electronic-resource-num></record><record><database name="NSCClibrary.enl" path="F:\NSCClibrary.enl">NSCClibrary.enl</database><source-app name="EndNote" version="17.1">EndNote</source-app><rec-number>3967</rec-number><foreign-keys><key app="EN" db-id="5s5ppfp52t55w0eadv7p5ss3vfxzs5fwwe5w">3967</key></foreign-keys><ref-type name="Journal Article">17</ref-type><contributors><authors><author><style face="normal" font="default" size="100%">Ward, Tony</style></author><author><style face="normal" font="default" size="100%">Gannon, Theresa A.</style></author><author><style face="normal" font="default" size="100%">Birgden, Astrid</style></author></authors></contributors><titles><title><style face="normal" font="default" size="100%">Human rights and the treatment of sex offenders</style></title><secondary-title><style face="normal" font="default" size="100%">Sexual Abuse: A Journal of Research and Treatment</style></secondary-title></titles><periodical><full-title><style face="normal" font="default" size="100%">Sexual Abuse: A Journal of Research and Treatment</style></full-title></periodical><pages><style face="normal" font="default" size="100%">195-216</style></pages><volume><style face="normal" font="default" size="100%">19</style></volume><number><style face="normal" font="default" size="100%">3</style></number><keywords><keyword><style face="normal" font="default" size="100%">Criminal justice responses</style></keyword><keyword><style face="normal" font="default" size="100%">Human rights</style></keyword><keyword><style face="normal" font="default" size="100%">Law</style></keyword><keyword><style face="normal" font="default" size="100%">Legal</style></keyword><keyword><style face="normal" font="default" size="100%">Sex offender treatment</style></keyword></keywords><dates><year><style face="normal" font="default" size="100%">2007</style></year></dates><abstract><style face="normal" font="default" size="100%">Human rights create a protective zone around persons and allow them the opportunity to further their own valued personal projects without interference from others. All human beings hold human rights and that includes sex offenders, although some of their freedom rights may be legitimately curtailed by the State. In this paper we apply the concept of human rights to sex offenders. First we briefly analyse the concept of human rights, their structure, and justification. Second, we apply our own model of human rights to the assessment and treatment of sex offenders. We conclude that a significant advantage of a human rights approach is that it is able to integrate the value and capability aspects of offender treatment.</style></abstract><urls><related-urls><url><style face="normal" font="default" size="100%">http://sax.sagepub.com/content/19/3/195.abstract</style></url></related-urls><pdf-urls><url>internal-pdf://Ward et al 2007 - Human rights-3315390464/Ward et al 2007 - Human rights.pdf</url></pdf-urls></urls><electronic-resource-num><style face="normal" font="default" size="100%">10.1177/107906320701900302</style></electronic-resource-num></record><record><database name="NSCClibrary.enl" path="F:\NSCClibrary.enl">NSCClibrary.enl</database><source-app name="EndNote" version="17.1">EndNote</source-app><rec-number>4230</rec-number><foreign-keys><key app="EN" db-id="5s5ppfp52t55w0eadv7p5ss3vfxzs5fwwe5w">4230</key></foreign-keys><ref-type name="Journal Article">17</ref-type><contributors><authors><author><style face="normal" font="default" size="100%">Ward, Tony</style></author><author><style face="normal" font="default" size="100%">Hudson, StephenM</style></author><author><style face="normal" font="default" size="100%">Marshall, WilliamL</style></author></authors></contributors><titles><title><style face="normal" font="default" size="100%">Cognitive distortions and affective deficits in sex offenders: A cognitive deconstructionist interpretation</style></title><secondary-title><style face="normal" font="default" size="100%">Sexual Abuse: A Journal of Research and Treatment</style></secondary-title><alt-title><style face="normal" font="default" size="100%">Sex Abuse</style></alt-title></titles><periodical><full-title><style face="normal" font="default" size="100%">Sexual Abuse: A Journal of Research and Treatment</style></full-title></periodical><alt-periodical><full-title><style face="normal" font="default" size="100%">Sex Abuse</style></full-title></alt-periodical><pages><style face="normal" font="default" size="100%">67-83</style></pages><volume><style face="normal" font="default" size="100%">7</style></volume><number><style face="normal" font="default" size="100%">1</style></number><keywords><keyword><style face="normal" font="default" size="100%">Cognition</style></keyword><keyword><style face="normal" font="default" size="100%">Cognitive distortion</style></keyword><keyword><style face="normal" font="default" size="100%">Relapse prevention</style></keyword></keywords><dates><year><style face="normal" font="default" size="100%">1995</style></year><pub-dates><date><style face="normal" font="default" size="100%">1995/01/01</style></date></pub-dates></dates><publisher><style face="normal" font="default" size="100%">Kluwer Academic Publishers-Plenum Publishers</style></publisher><isbn><style face="normal" font="default" size="100%">1079-0632</style></isbn><abstract><style face="normal" font="default" size="100%">Sexually aggressive behaviour is often facilitated and justified by distorted thinking and affective deficits. However, there is no clear conceptual model that accounts for the mechanisms which generate these phenomena and informs treatment goals. Sex offenders frequently demonstrate a number of under-explained features such as denial or minimisation of offending, victim blaming, passivity, covert planning, dependence on immediate consequences, empathy and other emotional regulation deficits, intimacy and other social competency deficits, and, finally, alcohol and other drug problems. These features are usually seen as offense precursors. We argue that Baumeister&apos;s construct of cognitive deconstruction, the process by which people attempt to reduce the negative implications of self-awareness, provides both a middle-level theoretical explanatory framework that integrates these puzzles in a parsimonious way and a mechanism that suggests that these features may be consequences of, as well as precursors to, an offense. Suggestions for research and clinical practice are offered.</style></abstract><urls><related-urls><url><style face="normal" font="default" size="100%">http://dx.doi.org/10.1007/BF02254874</style></url></related-urls><pdf-urls><url>internal-pdf://Ward et al 1995 - Cognitive distortions-1419814657/Ward et al 1995 - Cognitive distortions.pdf</url></pdf-urls></urls><electronic-resource-num><style face="normal" font="default" size="100%">10.1007/bf02254874</style></electronic-resource-num><language><style face="normal" font="default" size="100%">English</style></language></record><record><database name="NSCClibrary.enl" path="F:\NSCClibrary.enl">NSCClibrary.enl</database><source-app name="EndNote" version="17.1">EndNote</source-app><rec-number>2837</rec-number><foreign-keys><key app="EN" db-id="5s5ppfp52t55w0eadv7p5ss3vfxzs5fwwe5w">2837</key></foreign-keys><ref-type name="Journal Article">17</ref-type><contributors><authors><author><style face="normal" font="default" size="100%">Ward, Tony</style></author><author><style face="normal" font="default" size="100%">Hudson, Stephen M.</style></author></authors></contributors><titles><title><style face="normal" font="default" size="100%">Relapse prevention: A critical analysis</style></title><secondary-title><style face="normal" font="default" size="100%">Sexual Abuse: A Journal of Research and Treatment</style></secondary-title></titles><periodical><full-title><style face="normal" font="default" size="100%">Sexual Abuse: A Journal of Research and Treatment</style></full-title></periodical><pages><style face="normal" font="default" size="100%">177-200</style></pages><volume><style face="normal" font="default" size="100%">8</style></volume><number><style face="normal" font="default" size="100%">3</style></number><keywords><keyword><style face="normal" font="default" size="100%">Addiction</style></keyword><keyword><style face="normal" font="default" size="100%">Relapse prevention</style></keyword><keyword><style face="normal" font="default" size="100%">Sex offender treatment</style></keyword></keywords><dates><year><style face="normal" font="default" size="100%">1996</style></year></dates><isbn><style face="normal" font="default" size="100%">1079-0632</style></isbn><abstract><style face="normal" font="default" size="100%">In the last decade the application of the relapse prevention (RP) model to both the conceptualisation and the treatment of sexual offenders has emerged as an innovative approach. Underlying the treatment utility of this perspective has been a social learning view of the relapse process in addictive behaviour. In this paper we critically examine both Marlatt’s original RP model and Pithers’ application of this perspective to the sexual offending area. After outlining its basic assumptions, we describe the RP model in some detail. Following a critique of Marlatt’s theory, we examine the strengths and weaknesses of Pithers’ RP approach. Finally, we conclude with some comments on the implications of our critique.</style></abstract><notes><style face="normal" font="default" size="100%">Special Issue: Relapse Prevention</style></notes><urls><pdf-urls><url>internal-pdf://Ward and Hudson 1996 - Relapse prevention-1949687553/Ward and Hudson 1996 - Relapse prevention.pdf</url></pdf-urls></urls></record><record><database name="NSCClibrary.enl" path="F:\NSCClibrary.enl">NSCClibrary.enl</database><source-app name="EndNote" version="17.1">EndNote</source-app><rec-number>3696</rec-number><foreign-keys><key app="EN" db-id="5s5ppfp52t55w0eadv7p5ss3vfxzs5fwwe5w">3696</key></foreign-keys><ref-type name="Journal Article">17</ref-type><contributors><authors><author><style face="normal" font="default" size="100%">Ward, Tony</style></author><author><style face="normal" font="default" size="100%">Keenan, Thomas</style></author></authors></contributors><titles><title><style face="normal" font="default" size="100%">Child molesters&apos; implicit theories</style></title><secondary-title><style face="normal" font="default" size="100%">Journal of Interpersonal Violence</style></secondary-title></titles><periodical><full-title><style face="normal" font="default" size="100%">Journal of Interpersonal Violence</style></full-title></periodical><pages><style face="normal" font="default" size="100%">821-838</style></pages><volume><style face="normal" font="default" size="100%">14</style></volume><number><style face="normal" font="default" size="100%">8</style></number><keywords><keyword><style face="normal" font="default" size="100%">Cognitive distortion</style></keyword><keyword><style face="normal" font="default" size="100%">Epidemiology</style></keyword><keyword><style face="normal" font="default" size="100%">Research</style></keyword><keyword><style face="normal" font="default" size="100%">Theory</style></keyword></keywords><dates><year><style face="normal" font="default" size="100%">1999</style></year><pub-dates><date><style face="normal" font="default" size="100%">August 1, 1999</style></date></pub-dates></dates><abstract><style face="normal" font="default" size="100%">In this article, the authors argue that child molesters&apos; cognitive distortions emerge from underlying causal theories about the nature of their victims, the world, and themselves. These implicit theories function like scientific theories and are used to explain empirical regularities (e.g., other people&apos;s actions) and to make predictions about the world. They are relatively coherent and constituted by a number of interlocking ideas and their component concepts and categories. Drawing on recent work in the cognitive distortions area, the authors identify five core implicit theories. Each theory is described in detail and its relationship to cognitive distortions discussed. Finally, the clinical and research implications of the implicit theory perspective are outlined.</style></abstract><urls><related-urls><url><style face="normal" font="default" size="100%">http://jiv.sagepub.com/content/14/8/821.abstract</style></url></related-urls><pdf-urls><url>internal-pdf://Ward et al 1999 - Child molesters-1380734977/Ward et al 1999 - Child molesters.pdf</url></pdf-urls></urls><electronic-resource-num><style face="normal" font="default" size="100%">10.1177/088626099014008003</style></electronic-resource-num></record><record><database name="NSCClibrary.enl" path="F:\NSCClibrary.enl">NSCClibrary.enl</database><source-app name="EndNote" version="17.1">EndNote</source-app><rec-number>3425</rec-number><foreign-keys><key app="EN" db-id="5s5ppfp52t55w0eadv7p5ss3vfxzs5fwwe5w">3425</key></foreign-keys><ref-type name="Journal Article">17</ref-type><contributors><authors><author><style face="normal" font="default" size="100%">Ward, Tony</style></author><author><style face="normal" font="default" size="100%">Laws, D. Richard</style></author></authors></contributors><titles><title><style face="normal" font="default" size="100%">Desistance from sex offending: Motivating change, enriching practice</style></title><secondary-title><style face="normal" font="default" size="100%">International Journal of Forensic Mental Health</style></secondary-title></titles><periodical><full-title><style face="normal" font="default" size="100%">International journal of forensic mental health</style></full-title></periodical><pages><style face="normal" font="default" size="100%">11-23</style></pages><volume><style face="normal" font="default" size="100%">9</style></volume><number><style face="normal" font="default" size="100%">1</style></number><keywords><keyword><style face="normal" font="default" size="100%">Good lives model</style></keyword><keyword><style face="normal" font="default" size="100%">Sex offender treatment</style></keyword></keywords><dates><year><style face="normal" font="default" size="100%">2010</style></year></dates><isbn><style face="normal" font="default" size="100%">1499-9013</style></isbn><abstract><style face="normal" font="default" size="100%">In this article we draw from desistance research and a strength-based rehabilitation theory, the Good Lives Model (GLM), to present a richer way of intervening with sex offenders. First, we define the concept of desistance and outline some of the major research findings concerning the factors that help offenders to cease offending. Second, we briefly describe current best practice sex offender treatment and discuss its efficacy. Third, we explore the relationship between desistance research and the GLM, arguing that the GLM provides a useful conduit for desistance ideas into sex offender treatment programs. Fourth, we briefly consider the treatment implications of an integrated desistance-GLM approach.</style></abstract><urls><pdf-urls><url>internal-pdf://Ward et al 2010 - Desistance from sex offending-3518438657/Ward et al 2010 - Desistance from sex offending.pdf</url></pdf-urls></urls></record><record><database name="NSCClibrary.enl" path="F:\NSCClibrary.enl">NSCClibrary.enl</database><source-app name="EndNote" version="17.1">EndNote</source-app><rec-number>3703</rec-number><foreign-keys><key app="EN" db-id="5s5ppfp52t55w0eadv7p5ss3vfxzs5fwwe5w">3703</key></foreign-keys><ref-type name="Journal Article">17</ref-type><contributors><authors><author><style face="normal" font="default" size="100%">Ward, Tony</style></author><author><style face="normal" font="default" size="100%">Louden, Kirsten</style></author><author><style face="normal" font="default" size="100%">Hudson, Stephen M.</style></author><author><style face="normal" font="default" size="100%">Marshall, William L.</style></author></authors></contributors><titles><title><style face="normal" font="default" size="100%">A descriptive model of the offense chain for child molesters</style></title><secondary-title><style face="normal" font="default" size="100%">Journal of Interpersonal Violence</style></secondary-title></titles><periodical><full-title><style face="normal" font="default" size="100%">Journal of Interpersonal Violence</style></full-title></periodical><pages><style face="normal" font="default" size="100%">452-472</style></pages><volume><style face="normal" font="default" size="100%">10</style></volume><number><style face="normal" font="default" size="100%">4</style></number><keywords><keyword><style face="normal" font="default" size="100%">Child sexual abuse</style></keyword><keyword><style face="normal" font="default" size="100%">Epidemiology</style></keyword><keyword><style face="normal" font="default" size="100%">Grounded theory approach</style></keyword><keyword><style face="normal" font="default" size="100%">Incarcerations</style></keyword><keyword><style face="normal" font="default" size="100%">Sex offenders</style></keyword></keywords><dates><year><style face="normal" font="default" size="100%">1995</style></year><pub-dates><date><style face="normal" font="default" size="100%">December 1, 1995</style></date></pub-dates></dates><abstract><style face="normal" font="default" size="100%">A grounded theory approach was taken to the qualitative analysis of the descriptions of thoughts and feelings provided by 26 incarcerated child molesters while describing their most recent or typical offense. The resulting descriptive model comprised nine stages, with three contributing factors that describe the sequence of cognitive and behavioral events that form an offense chain. The model incorporates offender type, offense type, and offers a description of the possible interactions between the various stages and factors. The model was then applied to the offense descriptions of an independent sample of 12 incarcerated child molesters in order to ascertain its cross-sample validity and the reliability of classification. The results suggest that the model has provisional validity and adequate interrater reliability. The theoretical, research, and clinical implications of the descriptive model are then discussed.</style></abstract><urls><related-urls><url><style face="normal" font="default" size="100%">http://jiv.sagepub.com/content/10/4/452.abstract</style></url></related-urls><pdf-urls><url>internal-pdf://Ward et al 1995 - A descriptive model-1347248641/Ward et al 1995 - A descriptive model.pdf</url></pdf-urls></urls><electronic-resource-num><style face="normal" font="default" size="100%">10.1177/088626095010004005</style></electronic-resource-num></record><record><database name="NSCClibrary.enl" path="F:\NSCClibrary.enl">NSCClibrary.enl</database><source-app name="EndNote" version="17.1">EndNote</source-app><rec-number>3159</rec-number><foreign-keys><key app="EN" db-id="5s5ppfp52t55w0eadv7p5ss3vfxzs5fwwe5w">3159</key></foreign-keys><ref-type name="Journal Article">17</ref-type><contributors><authors><author><style face="normal" font="default" size="100%">Ward, Tony</style></author><author><style face="normal" font="default" size="100%">Marshall, William L.</style></author></authors></contributors><titles><title><style face="normal" font="default" size="100%">Good lives, aetiology and the rehabilitation of sex offenders: A bridging theory</style></title><secondary-title><style face="normal" font="default" size="100%">Journal of Sexual Aggression</style></secondary-title></titles><periodical><full-title><style face="normal" font="default" size="100%">Journal of Sexual Aggression</style></full-title></periodical><pages><style face="normal" font="default" size="100%">153-169</style></pages><volume><style face="normal" font="default" size="100%">10</style></volume><number><style face="normal" font="default" size="100%">2</style></number><keywords><keyword><style face="normal" font="default" size="100%">Rehabilitation</style></keyword><keyword><style face="normal" font="default" size="100%">Risk management</style></keyword><keyword><style face="normal" font="default" size="100%">Sex offender treatment</style></keyword></keywords><dates><year><style face="normal" font="default" size="100%">2004</style></year></dates><isbn><style face="normal" font="default" size="100%">1355-2600</style></isbn><abstract><style face="normal" font="default" size="100%">The model of offender rehabilitation currently dominant in the correctional domain is concerned with risk management, where the primary aim of rehabilitating offenders is to avoid harm to the community rather than to improve offenders&apos; quality of life; the model is known as the risk-need approach to offender rehabilitation (Andrews &amp; Bonta, 1998; Garland, 2001; Hannah-Moffat, 1999; McGuire, 2000; Ward &amp; Brown, in press). According to this perspective, although the enhancement of offenders&apos; functioning may be viewed as desirable, it should not be the primary objective of program developers and policymakers. Rather, the relationship between offenders&apos; levels of functioning and recidivism rates is an instrumental one: It is a means to the end of reduced risk to the community. Even when the focus has been on offenders&apos; needs, policymakers have tended to be concerned with reducing further crimes or the incidence of disruptive behavior within prisons rather than with a broader enhancement of offenders&apos; well-being and capabilities.</style></abstract><urls><pdf-urls><url>internal-pdf://Ward et al 2004 - Good lives aetiology and-2166685441/Ward et al 2004 - Good lives aetiology and.pdf</url></pdf-urls></urls></record><record><database name="NSCClibrary.enl" path="F:\NSCClibrary.enl">NSCClibrary.enl</database><source-app name="EndNote" version="17.1">EndNote</source-app><rec-number>3964</rec-number><foreign-keys><key app="EN" db-id="5s5ppfp52t55w0eadv7p5ss3vfxzs5fwwe5w">3964</key></foreign-keys><ref-type name="Journal Article">17</ref-type><contributors><authors><author><style face="normal" font="default" size="100%">Ward, Tony</style></author><author><style face="normal" font="default" size="100%">Moreton, Gill</style></author></authors></contributors><titles><title><style face="normal" font="default" size="100%">Moral repair with offenders: Ethical issues arising from victimization experiences</style></title><secondary-title><style face="normal" font="default" size="100%">Sexual Abuse: A Journal of Research and Treatment</style></secondary-title></titles><periodical><full-title><style face="normal" font="default" size="100%">Sexual Abuse: A Journal of Research and Treatment</style></full-title></periodical><pages><style face="normal" font="default" size="100%">305-322</style></pages><volume><style face="normal" font="default" size="100%">20</style></volume><number><style face="normal" font="default" size="100%">3</style></number><keywords><keyword><style face="normal" font="default" size="100%">Abuse history</style></keyword><keyword><style face="normal" font="default" size="100%">Sex offenders</style></keyword></keywords><dates><year><style face="normal" font="default" size="100%">2008</style></year><pub-dates><date><style face="normal" font="default" size="100%">September 1, 2008</style></date></pub-dates></dates><abstract><style face="normal" font="default" size="100%">In this article, the authors examine the relevance of the concept of moral repair for sex offenders who have been victims of sexual or physical abuse. First, they briefly review the literature on victimisation rates and effects in sexual offenders. Second, the notion of moral repair and its constituent tasks is examined with particular emphasis given to Margaret Walker&apos;s recent analysis of the concept. Third, the concept of moral repair is applied to offenders and its implications and possible constraints discussed. Fourth, the authors outline a normative framework for addressing victimisation issues with sexual offenders, drawing on the resources of human rights theory and strength-based treatment approaches. Finally, they conclude with a brief consideration of the ethical and clinical implications of their normative model.</style></abstract><urls><pdf-urls><url>internal-pdf://Ward et al 2008 - Moral repair-2975700992/Ward et al 2008 - Moral repair.pdf</url></pdf-urls></urls><electronic-resource-num><style face="normal" font="default" size="100%">10.1177/1079063208322423</style></electronic-resource-num></record><record><database name="NSCClibrary.enl" path="F:\NSCClibrary.enl">NSCClibrary.enl</database><source-app name="EndNote" version="17.1">EndNote</source-app><rec-number>1369</rec-number><foreign-keys><key app="EN" db-id="5s5ppfp52t55w0eadv7p5ss3vfxzs5fwwe5w">1369</key><key app="ENWeb" db-id="ThEeKwrtqggAAHqv064">4309</key></foreign-keys><ref-type name="Book">6</ref-type><contributors><authors><author><style face="normal" font="default" size="100%">Ward, Tony</style></author><author><style face="normal" font="default" size="100%">Polaschek, D.L.L.</style></author><author><style face="normal" font="default" size="100%">Beech, Anthony R.</style></author></authors></contributors><titles><title><style face="normal" font="default" size="100%">Theories of sexual offending</style></title></titles><volume><style face="normal" font="default" size="100%">20</style></volume><dates><year><style face="normal" font="default" size="100%">2006</style></year></dates><pub-location><style face="normal" font="default" size="100%">West Sussex, UK</style></pub-location><publisher><style face="normal" font="default" size="100%">John Wiley &amp; Sons Inc</style></publisher><isbn><style face="normal" font="default" size="100%">0470094818</style></isbn><notes><style face="normal" font="default" size="100%">Held at Cedar Cottage Library - 1 copy</style></notes><urls></urls></record><record><database name="NSCClibrary.enl" path="F:\NSCClibrary.enl">NSCClibrary.enl</database><source-app name="EndNote" version="17.1">EndNote</source-app><rec-number>3160</rec-number><foreign-keys><key app="EN" db-id="5s5ppfp52t55w0eadv7p5ss3vfxzs5fwwe5w">3160</key></foreign-keys><ref-type name="Journal Article">17</ref-type><contributors><authors><author><style face="normal" font="default" size="100%">Ward, Tony</style></author><author><style face="normal" font="default" size="100%">Siegert, Richard J.</style></author></authors></contributors><titles><title><style face="normal" font="default" size="100%">Toward a comprehensive theory of child sexual abuse: A theory knitting perspective</style></title><secondary-title><style face="normal" font="default" size="100%">Psychology, Crime and Law</style></secondary-title></titles><periodical><full-title><style face="normal" font="default" size="100%">Psychology, Crime and Law</style></full-title></periodical><pages><style face="normal" font="default" size="100%">319-351</style></pages><volume><style face="normal" font="default" size="100%">8</style></volume><number><style face="normal" font="default" size="100%">4</style></number><keywords><keyword><style face="normal" font="default" size="100%">Child sexual abuse</style></keyword><keyword><style face="normal" font="default" size="100%">Psychology</style></keyword><keyword><style face="normal" font="default" size="100%">Theory</style></keyword></keywords><dates><year><style face="normal" font="default" size="100%">2002</style></year></dates><isbn><style face="normal" font="default" size="100%">1068-316X</style></isbn><abstract><style face="normal" font="default" size="100%">In recent years a number of multifactorial theories of child sexual abuse have been developed. The most influential are Finkelhor&apos;s (1984) Precondition Model of child sexual abuse; Hall and Hirschman&apos;s (1992) Quadripartite Model; and Marshall and Barbaree&apos;s Integrated Theory (1990). While all three of these important theories have a number of strengths, each has serious weaknesses that limit its ability to provide a satisfactory explanation of child sexual abuse. In this paper we attempt to integrate the best elements of the three theories into a comprehensive etiological theory, or at least the beginnings of such a theory. After outlining the concept of theory knitting we briefly summarise each of the multifactorial theories and their major strengths and weaknesses. We then develop a comprehensive theoretical framework (the Pathways Model) integrating both the overlapping and unique elements of these broad perspectives with some additional concepts derived from various psychological domains. In the final section of the paper we consider the adequacy of the Pathways Model.</style></abstract><urls><pdf-urls><url>internal-pdf://Ward et al 2002 - Toward a comprehensive-1579305729/Ward et al 2002 - Toward a comprehensive.pdf</url></pdf-urls></urls></record><record><database name="NSCClibrary.enl" path="F:\NSCClibrary.enl">NSCClibrary.enl</database><source-app name="EndNote" version="17.1">EndNote</source-app><rec-number>3407</rec-number><foreign-keys><key app="EN" db-id="5s5ppfp52t55w0eadv7p5ss3vfxzs5fwwe5w">3407</key></foreign-keys><ref-type name="Book Section">5</ref-type><contributors><authors><author><style face="normal" font="default" size="100%">Ward, Tony</style></author><author><style face="normal" font="default" size="100%">Stewart, Claire A.</style></author></authors><secondary-authors><author><style face="normal" font="default" size="100%">Ward, Tony</style></author><author><style face="normal" font="default" size="100%">Laws, D. Richard</style></author><author><style face="normal" font="default" size="100%">Hudson, Stephen M.</style></author></secondary-authors></contributors><titles><title><style face="normal" font="default" size="100%">Good lives and the rehabilitation of sexual offenders</style></title><secondary-title><style face="normal" font="default" size="100%">Sexual Deviance: Issues and Controversies</style></secondary-title></titles><periodical><full-title><style face="normal" font="default" size="100%">Sexual deviance: Issues and controversies</style></full-title></periodical><pages><style face="normal" font="default" size="100%">21-44</style></pages><keywords><keyword><style face="normal" font="default" size="100%">Assessment</style></keyword><keyword><style face="normal" font="default" size="100%">Good lives model</style></keyword><keyword><style face="normal" font="default" size="100%">Rehabilitation</style></keyword><keyword><style face="normal" font="default" size="100%">Sex offender treatment</style></keyword></keywords><dates><year><style face="normal" font="default" size="100%">2002</style></year></dates><pub-location><style face="normal" font="default" size="100%">Thousand Oaks, CA</style></pub-location><publisher><style face="normal" font="default" size="100%">SAGE</style></publisher><isbn><style face="normal" font="default" size="100%">0791627328</style></isbn><abstract><style face="normal" font="default" size="100%">In this chapter we present the good lives model of offender rehabilitation recently development by Ward as an alternative to the risk-need model and outline its utility in the assessment and treatment of individuals who have sexually abused children. We would like to note that recent work in the sexual offending area has taken a more holistic perspective and is based on the idea that the concept of wellness should drive rehabilitation rather than that of risk management. </style></abstract><urls><pdf-urls><url>internal-pdf://Ward et al 2002 - Good lives and the-3843916801/Ward et al 2002 - Good lives and the.pdf</url></pdf-urls></urls></record><record><database name="NSCClibrary.enl" path="F:\NSCClibrary.enl">NSCClibrary.enl</database><source-app name="EndNote" version="17.1">EndNote</source-app><rec-number>3158</rec-number><foreign-keys><key app="EN" db-id="5s5ppfp52t55w0eadv7p5ss3vfxzs5fwwe5w">3158</key></foreign-keys><ref-type name="Journal Article">17</ref-type><contributors><authors><author><style face="normal" font="default" size="100%">Ward, Tony</style></author><author><style face="normal" font="default" size="100%">Stewart, Claire A.</style></author></authors></contributors><titles><title><style face="normal" font="default" size="100%">Criminogenic needs and human needs: A theoretical model</style></title><secondary-title><style face="normal" font="default" size="100%">Psychology, Crime &amp; Law</style></secondary-title></titles><periodical><full-title><style face="normal" font="default" size="100%">Psychology, Crime &amp; Law</style></full-title></periodical><pages><style face="normal" font="default" size="100%">125-143</style></pages><volume><style face="normal" font="default" size="100%">9</style></volume><number><style face="normal" font="default" size="100%">2</style></number><keywords><keyword><style face="normal" font="default" size="100%">Recidivism</style></keyword><keyword><style face="normal" font="default" size="100%">Reoffending</style></keyword><keyword><style face="normal" font="default" size="100%">Sex offender treatment</style></keyword></keywords><dates><year><style face="normal" font="default" size="100%">2003</style></year></dates><isbn><style face="normal" font="default" size="100%">1068-316X</style></isbn><abstract><style face="normal" font="default" size="100%">Over the last two decades, empirical evidence has increasingly supported the view that it is possible to reduce reoffending rates by treating or rehabilitating offenders rather than simply punishing them. In fact, this shift from a punishment to a rehabilitation model is arguably one of the most significant events in modern correctional policy. Criminogenic needs, dynamic risk factors, have been the focus of a considerable amount of research and are viewed as primary intervention targets. Drawing from the correctional, psychological, philosophical, and social policy literature, we distinguish between instrumental and categorical needs. The latter are derived from assumptions about human nature and provide the theoretical grounds for the former, as well as for criminogenic needs. We argue that an enriched concept of needs embedded in the notion of human well being, can provide a coherent conceptual basis for rehabilitation and also avoid the problems apparent in the concept of criminogenic needs. From this perspective, criminogenic needs are usefully construed as the internal and external obstacles associated with need distortion. Therefore, they are directly linked to basic need distortion and the absence of the internal and external conditions necessary for a person to lead a fulfilling life. Finally, we outline a possible framework utilising categorical needs and discuss the clinical and policy implications of our perspective.</style></abstract><urls><pdf-urls><url>internal-pdf://Ward et al 2002 - Criminogenic needs and-3743366401/Ward et al 2002 - Criminogenic needs and.pdf</url></pdf-urls></urls></record></records></xml>