<?xml version="1.0" encoding="UTF-8" ?><xml><records><record><database name="NSCClibrary.enl" path="F:\NSCClibrary.enl">NSCClibrary.enl</database><source-app name="EndNote" version="17.1">EndNote</source-app><rec-number>3404</rec-number><foreign-keys><key app="EN" db-id="5s5ppfp52t55w0eadv7p5ss3vfxzs5fwwe5w">3404</key></foreign-keys><ref-type name="Journal Article">17</ref-type><contributors><authors><author><style face="normal" font="default" size="100%">Barrett, Marianne</style></author><author><style face="normal" font="default" size="100%">Wilson, Robin J.</style></author><author><style face="normal" font="default" size="100%">Long, Carmen</style></author></authors></contributors><titles><title><style face="normal" font="default" size="100%">Measuring motivation to change in sexual offenders from institutional intake to community treatment</style></title><secondary-title><style face="normal" font="default" size="100%">Sexual Abuse: A Journal of Research and Treatment</style></secondary-title></titles><periodical><full-title><style face="normal" font="default" size="100%">Sexual Abuse: A Journal of Research and Treatment</style></full-title></periodical><pages><style face="normal" font="default" size="100%">269-283</style></pages><volume><style face="normal" font="default" size="100%">15</style></volume><number><style face="normal" font="default" size="100%">4</style></number><keywords><keyword><style face="normal" font="default" size="100%">Goals</style></keyword><keyword><style face="normal" font="default" size="100%">Motivation</style></keyword><keyword><style face="normal" font="default" size="100%">Outcomes</style></keyword><keyword><style face="normal" font="default" size="100%">Relapse prevention</style></keyword><keyword><style face="normal" font="default" size="100%">Responsibility</style></keyword><keyword><style face="normal" font="default" size="100%">Sex offender treatment</style></keyword></keywords><dates><year><style face="normal" font="default" size="100%">2003</style></year></dates><isbn><style face="normal" font="default" size="100%">1079-0632</style></isbn><abstract><style face="normal" font="default" size="100%">Changes in motivational levels occurring during various stages of treatment (institutional and community) were measured among 101 federally sentenced sexual offenders in the Ontario region. Motivation was conceptualized as a dynamic process that can be construed from behavioral referents and more global evaluations of internal features/readiness/psychological stance. Five motivational indices were examined: acceptance of guilt for the offense; acceptance of personal responsibility for the offense; disclosure of personal information; motivation to change behavior; and participation in treatment. Offender scores on these indices were evaluated using the Goal Attainment Scaling protocol (T. Hogue, 1994), at four stages of the treatment process: (1 ) at institutional assessment, (2) following institutional treatment, (3) upon conditional release to the community, and (4)following a 12-week period of community treatment. Results showed that motivation to change sexually deviant behavior was higher at the end of institutional treatment relative to the initial assessment. However, levels of motivation decreased upon conditional release to the community, with few offenders making significant rebounds following 12 weeks of community treatment. Admission of guilt and acceptance of personal responsibility (measured at community treatment) were both significantly associated with treatment outcome.</style></abstract><urls><pdf-urls><url>internal-pdf://Barrett et al 2003 - Measuring motivation-3918092801/Barrett et al 2003 - Measuring motivation.pdf</url></pdf-urls></urls></record><record><database name="NSCClibrary.enl" path="F:\NSCClibrary.enl">NSCClibrary.enl</database><source-app name="EndNote" version="17.1">EndNote</source-app><rec-number>2839</rec-number><foreign-keys><key app="EN" db-id="5s5ppfp52t55w0eadv7p5ss3vfxzs5fwwe5w">2839</key></foreign-keys><ref-type name="Journal Article">17</ref-type><contributors><authors><author><style face="normal" font="default" size="100%">Cumming, Georgia F.</style></author><author><style face="normal" font="default" size="100%">Buell, Maureen M.</style></author></authors></contributors><titles><title><style face="normal" font="default" size="100%">Relapse prevention as a supervision strategy for sex offenders</style></title><secondary-title><style face="normal" font="default" size="100%">Sexual Abuse: A Journal of Research and Treatment</style></secondary-title></titles><periodical><full-title><style face="normal" font="default" size="100%">Sexual Abuse: A Journal of Research and Treatment</style></full-title></periodical><pages><style face="normal" font="default" size="100%">231-247</style></pages><volume><style face="normal" font="default" size="100%">8</style></volume><number><style face="normal" font="default" size="100%">3</style></number><keywords><keyword><style face="normal" font="default" size="100%">Community</style></keyword><keyword><style face="normal" font="default" size="100%">Relapse prevention</style></keyword><keyword><style face="normal" font="default" size="100%">Supervision</style></keyword><keyword><style face="normal" font="default" size="100%">Sex offender treatment</style></keyword></keywords><dates><year><style face="normal" font="default" size="100%">1996</style></year></dates><isbn><style face="normal" font="default" size="100%">1079-0632</style></isbn><abstract><style face="normal" font="default" size="100%">Relapse prevention as a supervision strategy for sex offenders is discussed. In the authors’ experience, risk factors associated with the abusive acts of sex offenders differ from those of the general criminal population. A review of the information essential to effective probation or parole case planning is provided. Specific probation conditions relevant to sex offenders are suggested Stress is placed on the importance of developing a community-based, collateral network of individuals who might assess the sex offender’s self-management and supervision. An alternative form of community notification, which places responsibility on the offender to inform selected members of his daily life, is discussed.</style></abstract><notes><style face="normal" font="default" size="100%">Special Issue: Relapse Prevention</style></notes><urls><pdf-urls><url>internal-pdf://Cumming and Buell 1996 - Relapse prevention-4248549633/Cumming and Buell 1996 - Relapse prevention.pdf</url></pdf-urls></urls></record><record><database name="NSCClibrary.enl" path="F:\NSCClibrary.enl">NSCClibrary.enl</database><source-app name="EndNote" version="17.1">EndNote</source-app><rec-number>378</rec-number><foreign-keys><key app="EN" db-id="5s5ppfp52t55w0eadv7p5ss3vfxzs5fwwe5w">378</key><key app="ENWeb" db-id="ThEeKwrtqggAAHqv064">4477</key></foreign-keys><ref-type name="Book Section">5</ref-type><contributors><authors><author><style face="normal" font="default" size="100%">Daniels, Maxine</style></author></authors><secondary-authors><author><style face="normal" font="default" size="100%">Schwartz, Barbara K.</style></author></secondary-authors></contributors><titles><title><style face="normal" font="default" size="100%">The use of role-play to develop victim empathy and relapse prevention</style></title><secondary-title><style face="normal" font="default" size="100%">The sex offender: Issues in assessment, treatment and supervision of adult and juvenile populations</style></secondary-title></titles><pages><style face="normal" font="default" size="100%">8-1-8-17</style></pages><volume><style face="normal" font="default" size="100%">V</style></volume><section><style face="normal" font="default" size="100%">8</style></section><keywords><keyword><style face="normal" font="default" size="100%">Empathy</style></keyword><keyword><style face="normal" font="default" size="100%">Relapse prevention</style></keyword><keyword><style face="normal" font="default" size="100%">Sex offender treatment</style></keyword></keywords><dates><year><style face="normal" font="default" size="100%">2005</style></year></dates><pub-location><style face="normal" font="default" size="100%">Kingston, NJ</style></pub-location><publisher><style face="normal" font="default" size="100%">Civic Research Institute</style></publisher><isbn><style face="normal" font="default" size="100%">1887554491</style></isbn><abstract><style face="normal" font="default" size="100%">This chapter focuses on the use of role-play techniques with sex offenders for both victim empathy components of treatment and skills practice in relapse prevention. &quot;Role-play&quot;, a tool commonly used in treatment programs, is a generic term used for all kinds of games, exercises, and simulations in a variety of situations from educational, business, and therapeutic to entertainment. This chapter looks specifically at role-play techniques that have been conducted within a sex offender treatment program, currently delivered in Her Majesty&apos;s Prison Service-England (HMPS), for male sex offenders of medium to high risk. The chapter aims to present the theory and techniques in a practical way, through a case study of an offender in one of the programs.</style></abstract><urls><pdf-urls><url>internal-pdf://Daniels 2005 - The use of role-1635627265/Daniels 2005 - The use of role.pdf</url></pdf-urls></urls></record><record><database name="NSCClibrary.enl" path="F:\NSCClibrary.enl">NSCClibrary.enl</database><source-app name="EndNote" version="17.1">EndNote</source-app><rec-number>2833</rec-number><foreign-keys><key app="EN" db-id="5s5ppfp52t55w0eadv7p5ss3vfxzs5fwwe5w">2833</key></foreign-keys><ref-type name="Journal Article">17</ref-type><contributors><authors><author><style face="normal" font="default" size="100%">Hanson, R. Karl</style></author></authors></contributors><titles><title><style face="normal" font="default" size="100%">Evaluating the contribution of relapse prevention theory to the treatment of sexual offenders</style></title><secondary-title><style face="normal" font="default" size="100%">Sexual Abuse: A Journal of Research and Treatment</style></secondary-title></titles><periodical><full-title><style face="normal" font="default" size="100%">Sexual Abuse: A Journal of Research and Treatment</style></full-title></periodical><pages><style face="normal" font="default" size="100%">201-208</style></pages><volume><style face="normal" font="default" size="100%">8</style></volume><number><style face="normal" font="default" size="100%">3</style></number><keywords><keyword><style face="normal" font="default" size="100%">Cognitive behavioural therapy</style></keyword><keyword><style face="normal" font="default" size="100%">Recidivism</style></keyword><keyword><style face="normal" font="default" size="100%">Relapse prevention</style></keyword><keyword><style face="normal" font="default" size="100%">Risk assessment</style></keyword><keyword><style face="normal" font="default" size="100%">Sex offender treatment</style></keyword></keywords><dates><year><style face="normal" font="default" size="100%">1996</style></year></dates><isbn><style face="normal" font="default" size="100%">1079-0632</style></isbn><abstract><style face="normal" font="default" size="100%">In the last 10 years, relapse prevention (RP) has been adopted as the most popular framework for the treatment of sexual offenders. Although RP is conceptually similar to other forms of cognitive-behaviour therapy, it has made an important contribution by focusing therapists attention on the problem of long term recidivism. In RP, post-treatment behavioural deterioration is not considered evidence that sexual offenders are untreatable; instead, lapses are considered as expected and workable problems. There are certain difficulties, however, with the application of RP to the treatment of sexual offenders. In some cases, RP has been interpreted so generally that it has had little real influence on pre-existing practices. As well, it is not clear how some of the most distinctive concepts of RP (e.g. lapse-relapse, abstinence violation effect) should be applied to sexual offenders. Special efforts may also be required to convince sexual offenders that they are at risk before they are able to benefit from RP interventions.</style></abstract><notes><style face="normal" font="default" size="100%">Special Issue: Relapse Prevention</style></notes><urls><pdf-urls><url>internal-pdf://Hanson, R.K. 1996 - Evaluating the contribution-0334703616/Hanson, R.K. 1996 - Evaluating the contribution.pdf</url></pdf-urls></urls></record><record><database name="NSCClibrary.enl" path="F:\NSCClibrary.enl">NSCClibrary.enl</database><source-app name="EndNote" version="17.1">EndNote</source-app><rec-number>2836</rec-number><foreign-keys><key app="EN" db-id="5s5ppfp52t55w0eadv7p5ss3vfxzs5fwwe5w">2836</key></foreign-keys><ref-type name="Journal Article">17</ref-type><contributors><authors><author><style face="normal" font="default" size="100%">Hudson, Stephen M.</style></author><author><style face="normal" font="default" size="100%">Ward, Tony</style></author></authors></contributors><titles><title><style face="normal" font="default" size="100%">Introduction to the special issue on relapse prevention</style></title><secondary-title><style face="normal" font="default" size="100%">Sexual Abuse: A Journal of Research and Treatment</style></secondary-title></titles><periodical><full-title><style face="normal" font="default" size="100%">Sexual Abuse: A Journal of Research and Treatment</style></full-title></periodical><pages><style face="normal" font="default" size="100%">173-175</style></pages><volume><style face="normal" font="default" size="100%">8</style></volume><number><style face="normal" font="default" size="100%">3</style></number><keywords><keyword><style face="normal" font="default" size="100%">Cognitive behavioural therapy</style></keyword><keyword><style face="normal" font="default" size="100%">Relapse prevention</style></keyword><keyword><style face="normal" font="default" size="100%">Sex offender treatment</style></keyword></keywords><dates><year><style face="normal" font="default" size="100%">1996</style></year></dates><isbn><style face="normal" font="default" size="100%">1079-0632</style></isbn><abstract><style face="normal" font="default" size="100%">Relapse prevention (RP) has become the most popular model for structuring the treatment of sex offenders. It is therefore appropriate to examine, in some detail, the model&apos;s adequacy and application. The papers brought together in this special issue cover several themes. First, the belief is reflected that, to progress, models and their component elements need to be subjected to critical scrutiny from a theoretical perspective. Second, the empirical support for the application of the model needs to be examined, particularly in comparison to other treatment approaches. Third, the current form of the broad RP model as applied to sex offenders is described and, in concert with other papers in this issue, raises the important issue of motivation for treatment. Finally, we argue that there is much to be gained from viewing sexual offending simply as a problem behavior process rather than as a relapse or offense.</style></abstract><notes><style face="normal" font="default" size="100%">Special Issue: Relapse Prevention</style></notes><urls><pdf-urls><url>internal-pdf://Hudson and Ward 1996 - Intro to spec issue-0506441985/Hudson and Ward 1996 - Intro to spec issue.pdf</url></pdf-urls></urls></record><record><database name="NSCClibrary.enl" path="F:\NSCClibrary.enl">NSCClibrary.enl</database><source-app name="EndNote" version="17.1">EndNote</source-app><rec-number>2840</rec-number><foreign-keys><key app="EN" db-id="5s5ppfp52t55w0eadv7p5ss3vfxzs5fwwe5w">2840</key></foreign-keys><ref-type name="Journal Article">17</ref-type><contributors><authors><author><style face="normal" font="default" size="100%">Hudson, Stephen M.</style></author><author><style face="normal" font="default" size="100%">Ward, Tony</style></author></authors></contributors><titles><title><style face="normal" font="default" size="100%">Relapse prevention: Future directions</style></title><secondary-title><style face="normal" font="default" size="100%">Sexual Abuse: A Journal of Research and Treatment</style></secondary-title></titles><periodical><full-title><style face="normal" font="default" size="100%">Sexual Abuse: A Journal of Research and Treatment</style></full-title></periodical><pages><style face="normal" font="default" size="100%">249-256</style></pages><volume><style face="normal" font="default" size="100%">8</style></volume><number><style face="normal" font="default" size="100%">3</style></number><keywords><keyword><style face="normal" font="default" size="100%">Cognitive behavioural therapy</style></keyword><keyword><style face="normal" font="default" size="100%">Relapse prevention</style></keyword><keyword><style face="normal" font="default" size="100%">Sex offender treatment</style></keyword></keywords><dates><year><style face="normal" font="default" size="100%">1996</style></year></dates><isbn><style face="normal" font="default" size="100%">1079-0632</style></isbn><abstract><style face="normal" font="default" size="100%">There are several significant problems with both Marlatt’s and Pithers’ relapse prevention (RP) models. It is argued in this paper that there are good empirical, theoretical, and practical reasons for viewing the offense and relapse process as functionally equivalent. The core construct in both these traditionally different models is the problem behaviour process. The application of a framework based on the problem behaviour process has significant theoretical and clinical advantages and can overcome the major difficulties associated with Marlatt’s and Pithers’ RP models.</style></abstract><notes><style face="normal" font="default" size="100%">Special Issue: Relapse Prevention</style></notes><urls><pdf-urls><url>internal-pdf://Hudson and Ward 1996 - Relapse prevention future-0557724161/Hudson and Ward 1996 - Relapse prevention future.pdf</url></pdf-urls></urls></record><record><database name="NSCClibrary.enl" path="F:\NSCClibrary.enl">NSCClibrary.enl</database><source-app name="EndNote" version="17.1">EndNote</source-app><rec-number>2841</rec-number><foreign-keys><key app="EN" db-id="5s5ppfp52t55w0eadv7p5ss3vfxzs5fwwe5w">2841</key></foreign-keys><ref-type name="Journal Article">17</ref-type><contributors><authors><author><style face="normal" font="default" size="100%">Laws, D. Richard</style></author></authors></contributors><titles><title><style face="normal" font="default" size="100%">Relapse prevention or harm reduction?</style></title><secondary-title><style face="normal" font="default" size="100%">Sexual Abuse: A Journal of Research and Treatment</style></secondary-title></titles><periodical><full-title><style face="normal" font="default" size="100%">Sexual Abuse: A Journal of Research and Treatment</style></full-title></periodical><pages><style face="normal" font="default" size="100%">243-247</style></pages><volume><style face="normal" font="default" size="100%">8</style></volume><number><style face="normal" font="default" size="100%">3</style></number><keywords><keyword><style face="normal" font="default" size="100%">Cognitive behavioural therapy</style></keyword><keyword><style face="normal" font="default" size="100%">Harm reduction</style></keyword><keyword><style face="normal" font="default" size="100%">Relapse prevention</style></keyword><keyword><style face="normal" font="default" size="100%">Sex offender treatment</style></keyword></keywords><dates><year><style face="normal" font="default" size="100%">1996</style></year></dates><isbn><style face="normal" font="default" size="100%">1079-0632</style></isbn><abstract><style face="normal" font="default" size="100%">This paper argues that the notion of harm reduction can provide a more useful framework for the management of sex offenders. In this model, any reduction in the frequency or intensity of sexual offending is construed as positive. The zero-tolerance position, implicit in the relapse prevention model, has been a conspicuous failure in areas such as drug addiction and alcoholism. One of the major limitations is the equating of relapse with treatment failure. Moreover, managing sex offenders, in the sense of striving to limit socially undesirable behaviors, is a perfectly legitimate aim within the goal of making society safer.</style></abstract><notes><style face="normal" font="default" size="100%">Special Issue: Relapse Prevention</style></notes><urls><pdf-urls><url>internal-pdf://Laws 1996 - Relapse prevention or harm-1363319809/Laws 1996 - Relapse prevention or harm.pdf</url></pdf-urls></urls></record><record><database name="NSCClibrary.enl" path="F:\NSCClibrary.enl">NSCClibrary.enl</database><source-app name="EndNote" version="17.1">EndNote</source-app><rec-number>3232</rec-number><foreign-keys><key app="EN" db-id="5s5ppfp52t55w0eadv7p5ss3vfxzs5fwwe5w">3232</key></foreign-keys><ref-type name="Journal Article">17</ref-type><contributors><authors><author><style face="normal" font="default" size="100%">Laws, D. Richard</style></author></authors></contributors><titles><title><style face="normal" font="default" size="100%">The rise and fall of relapse prevention</style></title><secondary-title><style face="normal" font="default" size="100%">Australian Psychologist</style></secondary-title></titles><periodical><full-title><style face="normal" font="default" size="100%">Australian Psychologist</style></full-title></periodical><pages><style face="normal" font="default" size="100%">22-30</style></pages><volume><style face="normal" font="default" size="100%">38</style></volume><number><style face="normal" font="default" size="100%">1</style></number><keywords><keyword><style face="normal" font="default" size="100%">Sex offender treatment</style></keyword><keyword><style face="normal" font="default" size="100%">History</style></keyword></keywords><dates><year><style face="normal" font="default" size="100%">2003</style></year></dates><publisher><style face="normal" font="default" size="100%">Blackwell Publishing Ltd</style></publisher><isbn><style face="normal" font="default" size="100%">1742-9544</style></isbn><abstract><style face="normal" font="default" size="100%">This paper initially surveys the development of sex offender treatment from its beginnings in the late 19th century, through the behaviourist phase, culminating in the introduction of cognitive-behavioural treatment in the 1960s and 1970s. The original relapse prevention model was a natural outgrowth of this movement as was the alteration of the model for use with sex offenders. The application to sex offenders was an extremely promising development, so well accepted that the fact that it was not suited to many offenders was ignored. It was not until the 1990s that an alternative based on varied styles of offending emerged. This is, once again, a very promising development. However, we again run of risk of over-acceptance and the reader is cautioned to take notice of and incorporate other models and ways of thinking in order to broaden the overall treatment approach and improve clinical service provision.</style></abstract><urls><related-urls><url><style face="normal" font="default" size="100%">http://dx.doi.org/10.1080/00050060310001706987</style></url></related-urls><pdf-urls><url>internal-pdf://Laws 2003 - The rise and fall-2076805632/Laws 2003 - The rise and fall.pdf</url></pdf-urls></urls><electronic-resource-num><style face="normal" font="default" size="100%">10.1080/00050060310001706987</style></electronic-resource-num></record><record><database name="NSCClibrary.enl" path="F:\NSCClibrary.enl">NSCClibrary.enl</database><source-app name="EndNote" version="17.1">EndNote</source-app><rec-number>3701</rec-number><foreign-keys><key app="EN" db-id="5s5ppfp52t55w0eadv7p5ss3vfxzs5fwwe5w">3701</key></foreign-keys><ref-type name="Book Section">5</ref-type><contributors><authors><author><style face="normal" font="default" size="100%">Marques, Janice K.</style></author><author><style face="normal" font="default" size="100%">Day, David M.</style></author><author><style face="normal" font="default" size="100%">Nelson, Craig</style></author><author><style face="normal" font="default" size="100%">Miner, Michal</style></author></authors><secondary-authors><author><style face="normal" font="default" size="100%">Laws, D. Richard</style></author></secondary-authors></contributors><titles><title><style face="normal" font="default" size="100%">The sex offender treatment and evaluation project: California&apos;s relapse prevention program</style></title><secondary-title><style face="normal" font="default" size="100%">Relapse prevention with sex offenders</style></secondary-title></titles><keywords><keyword><style face="normal" font="default" size="100%">Relapse prevention</style></keyword><keyword><style face="normal" font="default" size="100%">Sex offender treatment</style></keyword></keywords><dates><year><style face="normal" font="default" size="100%">1989</style></year></dates><pub-location><style face="normal" font="default" size="100%">New York, NY</style></pub-location><publisher><style face="normal" font="default" size="100%">The Guilford Press</style></publisher><isbn><style face="normal" font="default" size="100%">0898623812</style></isbn><abstract><style face="normal" font="default" size="100%">In order to achieve the treatment and evaluation goals specified by the legislature, two separate but interrelated projects are conducted under the direction of a project director in Sacramento. The treatment project, housed in a 46-bed unit at Atascadero State Hospital, is staffed by a treatment director, 1 psychiatrist, 3 clinical psychologists, 3 clinical social workers, 6 social work associates, 2 rehabilitation therapists, and 28 nursing personnel (most of whom are psychiatric technicians). This team is responsible for the assessment and treatment of project participants during their inpatient stay. The evaluation project, located in the department&apos;s central office in Sacramento, is staffed by research professionals and assistants who are responsible for the screening and selection of participants and for measuring program fidelity and treatment outcome.</style></abstract><urls><pdf-urls><url>internal-pdf://Marques et al 1989 - The sex offender-3369646081/Marques et al 1989 - The sex offender.pdf</url></pdf-urls></urls></record><record><database name="NSCClibrary.enl" path="F:\NSCClibrary.enl">NSCClibrary.enl</database><source-app name="EndNote" version="17.1">EndNote</source-app><rec-number>2834</rec-number><foreign-keys><key app="EN" db-id="5s5ppfp52t55w0eadv7p5ss3vfxzs5fwwe5w">2834</key></foreign-keys><ref-type name="Journal Article">17</ref-type><contributors><authors><author><style face="normal" font="default" size="100%">Marshall, William L.</style></author><author><style face="normal" font="default" size="100%">Anderson, Dana</style></author></authors></contributors><titles><title><style face="normal" font="default" size="100%">An evaluation of the benefits of relapse prevention programs with sexual offenders</style></title><secondary-title><style face="normal" font="default" size="100%">Sexual Abuse: A Journal of Research and Treatment</style></secondary-title></titles><periodical><full-title><style face="normal" font="default" size="100%">Sexual Abuse: A Journal of Research and Treatment</style></full-title></periodical><pages><style face="normal" font="default" size="100%">209-221</style></pages><volume><style face="normal" font="default" size="100%">8</style></volume><number><style face="normal" font="default" size="100%">3</style></number><keywords><keyword><style face="normal" font="default" size="100%">Cognitive behavioural therapy</style></keyword><keyword><style face="normal" font="default" size="100%">Recidivism</style></keyword><keyword><style face="normal" font="default" size="100%">Relapse prevention</style></keyword><keyword><style face="normal" font="default" size="100%">Sex offender treatment</style></keyword></keywords><dates><year><style face="normal" font="default" size="100%">1996</style></year></dates><isbn><style face="normal" font="default" size="100%">1079-0632</style></isbn><abstract><style face="normal" font="default" size="100%">Recent outcome data are reviewed and an attempt is made to compare treatment programs having either no relapse prevention (RP) features, only the internal management component of RP or both internal management and the external supervisory components of RP. Presently available data are limited. Although treatment seems to produce effects, these benefits do not appear to be enhanced by the addition of elaborate internal management or by the provision of extensive RP aftercare procedures.</style></abstract><notes><style face="normal" font="default" size="100%">Special Issue: Relapse Prevention</style></notes><urls><pdf-urls><url>internal-pdf://Marshall and Anderson 1996 - Evaluation of the-1777824512/Marshall and Anderson 1996 - Evaluation of the.pdf</url></pdf-urls></urls></record><record><database name="NSCClibrary.enl" path="F:\NSCClibrary.enl">NSCClibrary.enl</database><source-app name="EndNote" version="17.1">EndNote</source-app><rec-number>2832</rec-number><foreign-keys><key app="EN" db-id="5s5ppfp52t55w0eadv7p5ss3vfxzs5fwwe5w">2832</key></foreign-keys><ref-type name="Book Section">5</ref-type><contributors><authors><author><style face="normal" font="default" size="100%">Pithers, William D.</style></author></authors><secondary-authors><author><style face="normal" font="default" size="100%">Marshall, William L.</style></author><author><style face="normal" font="default" size="100%">Laws, D. Richard</style></author><author><style face="normal" font="default" size="100%">Barbaree, H.E.</style></author></secondary-authors></contributors><titles><title><style face="normal" font="default" size="100%">Relapse prevention with sexual aggressors: A method for maintaining therapeutic gain and enhancing external supervision</style></title><secondary-title><style face="normal" font="default" size="100%">Handbook of sexual assault: Issues, theories, and treatment of the offender</style></secondary-title></titles><pages><style face="normal" font="default" size="100%">343-361</style></pages><section><style face="normal" font="default" size="100%">20</style></section><keywords><keyword><style face="normal" font="default" size="100%">Assessment</style></keyword><keyword><style face="normal" font="default" size="100%">Relapse prevention</style></keyword><keyword><style face="normal" font="default" size="100%">Sex offender treatment</style></keyword><keyword><style face="normal" font="default" size="100%">Sexual aggression</style></keyword></keywords><dates><year><style face="normal" font="default" size="100%">1990</style></year></dates><pub-location><style face="normal" font="default" size="100%">New York, NY</style></pub-location><publisher><style face="normal" font="default" size="100%">Plenum Press</style></publisher><isbn><style face="normal" font="default" size="100%">0306432722</style></isbn><abstract><style face="normal" font="default" size="100%">Society does not yet widely accept an explanation for the existence of sexual aggressors. Struggling to ascertain the determinants of sexually abusive acts so that effective treatments may be devised, early theorists proposed a number of speculative accounts. Pithers discusses past theories regarding the etiology of sexual aggression, sexual aggression as an impulsive act, reinterpretation of the impulsivity hypothesis, sex offenders as &quot;sexual psychopaths&quot;, flaws of sexual psychopath legislation, relapse prevention, internal self-management dimension, assessment of high-risk situations, assessment of coping skills and  treatment procedures for avoiding lapses</style></abstract><urls><pdf-urls><url>internal-pdf://Pithers 1990 - Relapse prevention with-2647179520/Pithers 1990 - Relapse prevention with.pdf</url></pdf-urls></urls></record><record><database name="NSCClibrary.enl" path="F:\NSCClibrary.enl">NSCClibrary.enl</database><source-app name="EndNote" version="17.1">EndNote</source-app><rec-number>2838</rec-number><foreign-keys><key app="EN" db-id="5s5ppfp52t55w0eadv7p5ss3vfxzs5fwwe5w">2838</key></foreign-keys><ref-type name="Journal Article">17</ref-type><contributors><authors><author><style face="normal" font="default" size="100%">Pithers, William D.</style></author><author><style face="normal" font="default" size="100%">Gray, Alison S.</style></author></authors></contributors><titles><title><style face="normal" font="default" size="100%">Utility of relapse prevention in treatment of sexual abusers</style></title><secondary-title><style face="normal" font="default" size="100%">Sexual Abuse: A Journal of Research and Treatment</style></secondary-title></titles><periodical><full-title><style face="normal" font="default" size="100%">Sexual Abuse: A Journal of Research and Treatment</style></full-title></periodical><pages><style face="normal" font="default" size="100%">223-230</style></pages><volume><style face="normal" font="default" size="100%">8</style></volume><number><style face="normal" font="default" size="100%">3</style></number><keywords><keyword><style face="normal" font="default" size="100%">Empathy</style></keyword><keyword><style face="normal" font="default" size="100%">Relapse prevention</style></keyword><keyword><style face="normal" font="default" size="100%">Sex offender treatment</style></keyword></keywords><dates><year><style face="normal" font="default" size="100%">1996</style></year></dates><isbn><style face="normal" font="default" size="100%">1079-0632</style></isbn><abstract><style face="normal" font="default" size="100%">While the number of relapse prevention (RP) programs has expanded from just two in 1985 to currently being the most widely used intervention approach, Marlatt has suggested that with the population the model was originally developed for, there is no evidence for its superiority compared to other approaches. However the sex offender adaptation of RP has evolved into a multifaceted intervention that does not simply enhance self-management and then rely on good intentions. The model can rationally structure treatment components, involve the community in ongoing supervision, and assist an offender to improve his self-regulation. Finally, recent emphasis has been placed on increasing empathy for sexual abuse survivors prior to the RP component in order to enhance an offender’s motivation to acquire and use the self-management techniques.</style></abstract><notes><style face="normal" font="default" size="100%">Special Issue: Relapse Prevention</style></notes><urls><pdf-urls><url>internal-pdf://Pithers and Gray 1996 - Utility of relapse-3594060545/Pithers and Gray 1996 - Utility of relapse.pdf</url></pdf-urls></urls></record><record><database name="NSCClibrary.enl" path="F:\NSCClibrary.enl">NSCClibrary.enl</database><source-app name="EndNote" version="17.1">EndNote</source-app><rec-number>2837</rec-number><foreign-keys><key app="EN" db-id="5s5ppfp52t55w0eadv7p5ss3vfxzs5fwwe5w">2837</key></foreign-keys><ref-type name="Journal Article">17</ref-type><contributors><authors><author><style face="normal" font="default" size="100%">Ward, Tony</style></author><author><style face="normal" font="default" size="100%">Hudson, Stephen M.</style></author></authors></contributors><titles><title><style face="normal" font="default" size="100%">Relapse prevention: A critical analysis</style></title><secondary-title><style face="normal" font="default" size="100%">Sexual Abuse: A Journal of Research and Treatment</style></secondary-title></titles><periodical><full-title><style face="normal" font="default" size="100%">Sexual Abuse: A Journal of Research and Treatment</style></full-title></periodical><pages><style face="normal" font="default" size="100%">177-200</style></pages><volume><style face="normal" font="default" size="100%">8</style></volume><number><style face="normal" font="default" size="100%">3</style></number><keywords><keyword><style face="normal" font="default" size="100%">Addiction</style></keyword><keyword><style face="normal" font="default" size="100%">Relapse prevention</style></keyword><keyword><style face="normal" font="default" size="100%">Sex offender treatment</style></keyword></keywords><dates><year><style face="normal" font="default" size="100%">1996</style></year></dates><isbn><style face="normal" font="default" size="100%">1079-0632</style></isbn><abstract><style face="normal" font="default" size="100%">In the last decade the application of the relapse prevention (RP) model to both the conceptualisation and the treatment of sexual offenders has emerged as an innovative approach. Underlying the treatment utility of this perspective has been a social learning view of the relapse process in addictive behaviour. In this paper we critically examine both Marlatt’s original RP model and Pithers’ application of this perspective to the sexual offending area. After outlining its basic assumptions, we describe the RP model in some detail. Following a critique of Marlatt’s theory, we examine the strengths and weaknesses of Pithers’ RP approach. Finally, we conclude with some comments on the implications of our critique.</style></abstract><notes><style face="normal" font="default" size="100%">Special Issue: Relapse Prevention</style></notes><urls><pdf-urls><url>internal-pdf://Ward and Hudson 1996 - Relapse prevention-1949687553/Ward and Hudson 1996 - Relapse prevention.pdf</url></pdf-urls></urls></record></records></xml>