<?xml version="1.0" encoding="UTF-8" ?><xml><records><record><database name="NSCClibrary.enl" path="F:\NSCClibrary.enl">NSCClibrary.enl</database><source-app name="EndNote" version="17.1">EndNote</source-app><rec-number>2927</rec-number><foreign-keys><key app="EN" db-id="5s5ppfp52t55w0eadv7p5ss3vfxzs5fwwe5w">2927</key></foreign-keys><ref-type name="Journal Article">17</ref-type><contributors><authors><author><style face="normal" font="default" size="100%">Abel, Gene G.</style></author><author><style face="normal" font="default" size="100%">Becker, Judith V.</style></author><author><style face="normal" font="default" size="100%">Cunningham-Rathner, Jerry</style></author><author><style face="normal" font="default" size="100%">Mittelman, Mary</style></author><author><style face="normal" font="default" size="100%">Rouleau, Joanne L.</style></author></authors></contributors><titles><title><style face="normal" font="default" size="100%">Multiple paraphilic diagnoses among sex offenders</style></title><secondary-title><style face="normal" font="default" size="100%">Journal of the American Academy of Psychiatry and the Law Online</style></secondary-title></titles><periodical><full-title><style face="normal" font="default" size="100%">Journal of the American Academy of Psychiatry and the Law Online</style></full-title></periodical><pages><style face="normal" font="default" size="100%">153-168</style></pages><volume><style face="normal" font="default" size="100%">16</style></volume><number><style face="normal" font="default" size="100%">2</style></number><keywords><keyword><style face="normal" font="default" size="100%">Arousal</style></keyword><keyword><style face="normal" font="default" size="100%">Epidemiology</style></keyword><keyword><style face="normal" font="default" size="100%">Paraphilia</style></keyword><keyword><style face="normal" font="default" size="100%">Sexual behaviour</style></keyword><keyword><style face="normal" font="default" size="100%">Sexual deviance</style></keyword></keywords><dates><year><style face="normal" font="default" size="100%">1988</style></year></dates><isbn><style face="normal" font="default" size="100%">1093-6793</style></isbn><abstract><style face="normal" font="default" size="100%">The psychiatric literature suggests that paraphiliacs can be expected to participate in only one type of deviant sexual behaviour. Using self-reports gathered with assured confidentiality from 561 non-incarcerated paraphiliacs, we discovered that most paraphiliacs have had significant experience with as many as ten different types of deviant sexual behaviour without regard, in many cases, to gender, age, and familial relationship of the victim. The relevance of these findings to our understanding of paraphiliacs and their treatment is discussed.</style></abstract><urls><pdf-urls><url>internal-pdf://Abel et al 1988 - Multiple paraphilic diagnoses-3030227200/Abel et al 1988 - Multiple paraphilic diagnoses.pdf</url></pdf-urls></urls></record><record><database name="NSCClibrary.enl" path="F:\NSCClibrary.enl">NSCClibrary.enl</database><source-app name="EndNote" version="17.1">EndNote</source-app><rec-number>3707</rec-number><foreign-keys><key app="EN" db-id="5s5ppfp52t55w0eadv7p5ss3vfxzs5fwwe5w">3707</key></foreign-keys><ref-type name="Conference Proceedings">10</ref-type><contributors><authors><author><style face="normal" font="default" size="100%">Abel, Gene G.</style></author><author><style face="normal" font="default" size="100%">Mittelman, Mary S.</style></author><author><style face="normal" font="default" size="100%">Becker, Judith V.</style></author><author><style face="normal" font="default" size="100%">Cunningham-Rathner, Jerry</style></author><author><style face="normal" font="default" size="100%">Lucas, Louis</style></author></authors></contributors><titles><title><style face="normal" font="default" size="100%">The characteristics of men who molest young children</style></title><secondary-title><style face="normal" font="default" size="100%">World Congress of Behavior Therapy</style></secondary-title></titles><keywords><keyword><style face="normal" font="default" size="100%">Child sexual abuse</style></keyword><keyword><style face="normal" font="default" size="100%">Epidemiology</style></keyword><keyword><style face="normal" font="default" size="100%">Paedophilia</style></keyword><keyword><style face="normal" font="default" size="100%">Paraphilia</style></keyword><keyword><style face="normal" font="default" size="100%">Sex offender treatment</style></keyword></keywords><dates><year><style face="normal" font="default" size="100%">1983</style></year><pub-dates><date><style face="normal" font="default" size="100%">10 December 1983</style></date></pub-dates></dates><pub-location><style face="normal" font="default" size="100%">Washington, DC</style></pub-location><abstract><style face="normal" font="default" size="100%">Consecutive referrals to the child molester treatment programs at the New York State Psychiatric Institute and the Memphis Mental Health Institute were evaluated by clinicans experienced in the assessment-treatment of paraphilias. Subjects were 18-76 years old, non-psychotic and able to give informed consent. Detailed histories were obtained of paraphiliac behaviour during various stages of the molester&apos;s life. Additional evidence of paraphiliac diagnosis was obtained from paper and pencil tests and erection measurement.</style></abstract><urls><pdf-urls><url>internal-pdf://Abel et al 1983 - The characteristics-2776208385/Abel et al 1983 - The characteristics.pdf</url></pdf-urls></urls></record><record><database name="NSCClibrary.enl" path="F:\NSCClibrary.enl">NSCClibrary.enl</database><source-app name="EndNote" version="17.1">EndNote</source-app><rec-number>5071</rec-number><foreign-keys><key app="EN" db-id="5s5ppfp52t55w0eadv7p5ss3vfxzs5fwwe5w">5071</key><key app="ENWeb" db-id="">0</key></foreign-keys><ref-type name="Journal Article">17</ref-type><contributors><authors><author><style face="normal" font="default" size="100%">Barth, J.</style></author><author><style face="normal" font="default" size="100%">Bermetz, L.</style></author><author><style face="normal" font="default" size="100%">Heim, E.</style></author><author><style face="normal" font="default" size="100%">Trelle, S.</style></author><author><style face="normal" font="default" size="100%">Tonia, T.</style></author></authors></contributors><auth-address><style face="normal" font="default" size="100%">Institute of Social and Preventive Medicine (ISPM), University of Bern, Bern, Switzerland. mail@juergen-barth.de</style></auth-address><titles><title><style face="normal" font="default" size="100%">The current prevalence of child sexual abuse worldwide: a systematic review and meta-analysis</style></title><secondary-title><style face="normal" font="default" size="100%">Int J Public Health</style></secondary-title><alt-title><style face="normal" font="default" size="100%">International journal of public health</style></alt-title></titles><periodical><full-title><style face="normal" font="default" size="100%">Int J Public Health</style></full-title><abbr-1><style face="normal" font="default" size="100%">International journal of public health</style></abbr-1></periodical><alt-periodical><full-title><style face="normal" font="default" size="100%">Int J Public Health</style></full-title><abbr-1><style face="normal" font="default" size="100%">International journal of public health</style></abbr-1></alt-periodical><pages><style face="normal" font="default" size="100%">469-83</style></pages><volume><style face="normal" font="default" size="100%">58</style></volume><number><style face="normal" font="default" size="100%">3</style></number><keywords><keyword><style face="normal" font="default" size="100%">Child sexual abuse</style></keyword><keyword><style face="normal" font="default" size="100%">Prevalence</style></keyword></keywords><dates><year><style face="normal" font="default" size="100%">2013</style></year><pub-dates><date><style face="normal" font="default" size="100%">Jun</style></date></pub-dates></dates><isbn><style face="normal" font="default" size="100%">1661-8564 (Electronic)&#xD;1661-8556 (Linking)</style></isbn><accession-num><style face="normal" font="default" size="100%">23178922</style></accession-num><abstract><style face="normal" font="default" size="100%">OBJECTIVES: Systematic reviews on prevalence estimates of child sexual abuse (CSA) worldwide included studies with adult participants referring on a period of abuse of about 50 years. Therefore we aimed to describe the current prevalence of CSA, taking into account geographical region, type of abuse, level of country development and research methods. METHODS: We included studies published between 2002 and 2009 that reported CSA in children below 18 years. We performed a random effects meta-analysis and analyzed moderator variables by meta-regression. RESULTS: Fifty-five studies from 24 countries were included. According to four predefined types of sexual abuse, prevalence estimates ranged from 8 to 31 % for girls and 3 to 17 % for boys. Nine girls and 3 boys out of 100 are victims of forced intercourse. Heterogeneity between primary studies was high in all analyses. CONCLUSIONS: Our results based on most recent data confirm results from previous reviews with adults. Surveys in children offer most recent estimates of CSA. Reducing heterogeneity between studies might be possible by standardized measures to make data more meaningful in international comparisons.</style></abstract><notes><style face="normal" font="default" size="100%">Barth, J&#xD;Bermetz, L&#xD;Heim, E&#xD;Trelle, S&#xD;Tonia, T&#xD;eng&#xD;Meta-Analysis&#xD;Research Support, Non-U.S. Gov&apos;t&#xD;Review&#xD;Switzerland&#xD;2012/11/28 06:00&#xD;Int J Public Health. 2013 Jun;58(3):469-83. doi: 10.1007/s00038-012-0426-1. Epub 2012 Nov 21.</style></notes><urls><related-urls><url><style face="normal" font="default" size="100%">http://www.ncbi.nlm.nih.gov/pubmed/23178922</style></url></related-urls><pdf-urls><url>internal-pdf://3529684755/Barth. 2013. The current prevalence of child s.pdf</url></pdf-urls></urls><electronic-resource-num><style face="normal" font="default" size="100%">10.1007/s00038-012-0426-1</style></electronic-resource-num></record><record><database name="NSCClibrary.enl" path="F:\NSCClibrary.enl">NSCClibrary.enl</database><source-app name="EndNote" version="17.1">EndNote</source-app><rec-number>3976</rec-number><foreign-keys><key app="EN" db-id="5s5ppfp52t55w0eadv7p5ss3vfxzs5fwwe5w">3976</key></foreign-keys><ref-type name="Journal Article">17</ref-type><contributors><authors><author><style face="normal" font="default" size="100%">Beauregard, Eric</style></author><author><style face="normal" font="default" size="100%">Leclerc, Benoit</style></author></authors></contributors><titles><title><style face="normal" font="default" size="100%">An application of the rational choice approach to the offending process of sex offenders: A closer look at the decision-making</style></title><secondary-title><style face="normal" font="default" size="100%">Sexual Abuse: A Journal of Research and Treatment</style></secondary-title></titles><periodical><full-title><style face="normal" font="default" size="100%">Sexual Abuse: A Journal of Research and Treatment</style></full-title></periodical><pages><style face="normal" font="default" size="100%">115-133</style></pages><volume><style face="normal" font="default" size="100%">19</style></volume><number><style face="normal" font="default" size="100%">2</style></number><keywords><keyword><style face="normal" font="default" size="100%">Decision making</style></keyword><keyword><style face="normal" font="default" size="100%">Epidemiology</style></keyword><keyword><style face="normal" font="default" size="100%">Sex offenders</style></keyword></keywords><dates><year><style face="normal" font="default" size="100%">2007</style></year></dates><abstract><style face="normal" font="default" size="100%">Although the study of both offense processes and implicit theories provides in-depth knowledge about the decision-making of sex offenders, these studies focus solely on the internal psychological processes of the offender leading to the commission of a sexual assault. These studies neglect to look specifically at the offender&apos;s decision-making during the offense in interaction with the immediate situations encountered at the offense scene, such as the choices of behavior while interacting with the victim in a specific context. Based on a rational choice approach, this study investigates the decision-making involved in the offending process of 69 serial sexual offenders who have committed their crimes against stranger victims. Semi-structured interviews were conducted with offenders in order to identify the rationale behind their actions during the pre-crime phase (premeditation of the crime, estimation of risk of apprehension by the offender, and forensic awareness of the offender), crime phase (use of a weapon, use of restraints, use of a vehicle, and level of force used), and the post-crime phase (event leading to the end of crime and victim release site location choice). Results show that sex offenders, even if traditionally described as &quot;irrational&quot; and impulsive individuals, are capable, up to a certain point, of an analysis of the costs/benefits related to their actions. Moreover, results emphasise the important role of situational factors, such as victim resistance, on the decision-making process of sex offenders. Implications of the results are briefly discussed in regard of clinical practice and crime prevention.</style></abstract><urls><related-urls><url><style face="normal" font="default" size="100%">http://sax.sagepub.com/content/19/2/115.abstract</style></url></related-urls><pdf-urls><url>internal-pdf://Beauregard et al 2007 - An application-1053451521/Beauregard et al 2007 - An application.pdf</url></pdf-urls></urls><electronic-resource-num><style face="normal" font="default" size="100%">10.1177/107906320701900204</style></electronic-resource-num></record><record><database name="NSCClibrary.enl" path="F:\NSCClibrary.enl">NSCClibrary.enl</database><source-app name="EndNote" version="17.1">EndNote</source-app><rec-number>4633</rec-number><foreign-keys><key app="EN" db-id="5s5ppfp52t55w0eadv7p5ss3vfxzs5fwwe5w">4633</key></foreign-keys><ref-type name="Journal Article">17</ref-type><contributors><authors><author><style face="normal" font="default" size="100%">Briggs, Freda</style></author></authors></contributors><titles><title><style face="normal" font="default" size="100%">Child sexual abuse in early-childhood care and education settings</style></title><secondary-title><style face="normal" font="default" size="100%">Early Child Development and Care</style></secondary-title></titles><periodical><full-title><style face="normal" font="default" size="100%">Early Child Development and Care</style></full-title></periodical><pages><style face="normal" font="default" size="100%">1-21</style></pages><keywords><keyword><style face="normal" font="default" size="100%">Early childhood education</style></keyword><keyword><style face="normal" font="default" size="100%">Problem sexual behaviours</style></keyword><keyword><style face="normal" font="default" size="100%">Child sexual abuse</style></keyword></keywords><dates><year><style face="normal" font="default" size="100%">2014</style></year></dates><publisher><style face="normal" font="default" size="100%">Routledge</style></publisher><isbn><style face="normal" font="default" size="100%">0300-4430</style></isbn><abstract><style face="normal" font="default" size="100%">When the author was adviser to the Australian Minister for Education for writing the national Safe Schools Framework (2003), meetings were held with early-childhood care and education administrators from all state, Catholic and independent sectors. Their unexpected message was that educators were facing new problems, those of child sexual abuse in early-childhood settings including pupils forcing younger children to provide oral sex. In January 2013, the South Australian Minister for Education lost her position following well-publicised parental anger that the Education Department had concealed the sexual abuse of children in early-childhood centres and schools. Parental outrage led to a Royal Commission and ‘Report of Independent Education Inquiry’ (2013) conducted by former Justice Bruce Debelle QC. Public dissatisfaction with some aspects of the Commission led further to a Parliamentary Select Committee Inquiry (February 2014) ‘Matters Relating to the Independent Education Inquiry’</style></abstract><urls><pdf-urls><url>internal-pdf://3759438768/Briggs2014ChildSexualAbuse.pdf</url></pdf-urls></urls><electronic-resource-num><style face="normal" font="default" size="100%">10.1080/03004430.2014.901011</style></electronic-resource-num><access-date><style face="normal" font="default" size="100%">2014/04/29</style></access-date></record><record><database name="NSCClibrary.enl" path="F:\NSCClibrary.enl">NSCClibrary.enl</database><source-app name="EndNote" version="17.1">EndNote</source-app><rec-number>3694</rec-number><foreign-keys><key app="EN" db-id="5s5ppfp52t55w0eadv7p5ss3vfxzs5fwwe5w">3694</key></foreign-keys><ref-type name="Journal Article">17</ref-type><contributors><authors><author><style face="normal" font="default" size="100%">Christopher, F. Scott</style></author><author><style face="normal" font="default" size="100%">Madura, Mary</style></author><author><style face="normal" font="default" size="100%">Weaver, Lori</style></author></authors></contributors><titles><title><style face="normal" font="default" size="100%">Premarital sexual aggressors: A multivariate analysis of social, relational, and individual variables</style></title><secondary-title><style face="normal" font="default" size="100%">Journal of Marriage and Family</style></secondary-title></titles><periodical><full-title><style face="normal" font="default" size="100%">Journal of Marriage and Family</style></full-title></periodical><pages><style face="normal" font="default" size="100%">56-69</style></pages><volume><style face="normal" font="default" size="100%">60</style></volume><number><style face="normal" font="default" size="100%">1</style></number><keywords><keyword><style face="normal" font="default" size="100%">Dating aggression</style></keyword><keyword><style face="normal" font="default" size="100%">Epidemiology</style></keyword><keyword><style face="normal" font="default" size="100%">Rape</style></keyword><keyword><style face="normal" font="default" size="100%">Sexual aggression</style></keyword></keywords><dates><year><style face="normal" font="default" size="100%">1998</style></year></dates><publisher><style face="normal" font="default" size="100%">National Council on Family Relations</style></publisher><isbn><style face="normal" font="default" size="100%">00222445</style></isbn><abstract><style face="normal" font="default" size="100%">Grounded in social learning theory, this study investigated sex differences in and correlates of premarital sexual aggression using two operational definitions of sexual aggression. Analyses of survey responses from 380 single males and 241 females revealed convergent validity for the two measures and consistency in findings across tests of the three hypotheses. Sexual aggression was more common in men&apos;s than in women&apos;s dating relationships. Multivariate analyses revealed significant positive associations between premarital sexual aggression and past acts of sexual aggression for women only, between premarital sexual aggression and accepting rape myths for men only, and between premarital sexual aggression and relationship conflict for both men and women.</style></abstract><urls><related-urls><url><style face="normal" font="default" size="100%">http://www.jstor.org/stable/353441</style></url></related-urls><pdf-urls><url>internal-pdf://Christopher et al 1998 - Premarital sexual-0256400385/Christopher et al 1998 - Premarital sexual.pdf</url></pdf-urls></urls></record><record><database name="NSCClibrary.enl" path="F:\NSCClibrary.enl">NSCClibrary.enl</database><source-app name="EndNote" version="17.1">EndNote</source-app><rec-number>4876</rec-number><foreign-keys><key app="EN" db-id="5s5ppfp52t55w0eadv7p5ss3vfxzs5fwwe5w">4876</key></foreign-keys><ref-type name="Journal Article">17</ref-type><contributors><authors><author><style face="normal" font="default" size="100%">Finkelhor, David</style></author><author><style face="normal" font="default" size="100%">Vanderminden, Jennifer</style></author><author><style face="normal" font="default" size="100%">Turner, Heather</style></author><author><style face="normal" font="default" size="100%">Hamby, Sherry</style></author><author><style face="normal" font="default" size="100%">Shattuck, Anne</style></author></authors></contributors><titles><title><style face="normal" font="default" size="100%">Child maltreatment rates assessed in a national household survey of caregivers and youth</style></title><secondary-title><style face="normal" font="default" size="100%">Child Abuse &amp; Neglect</style></secondary-title></titles><periodical><full-title><style face="normal" font="default" size="100%">Child Abuse &amp; Neglect</style></full-title></periodical><pages><style face="normal" font="default" size="100%">1421-1435</style></pages><volume><style face="normal" font="default" size="100%">38</style></volume><number><style face="normal" font="default" size="100%">9</style></number><keywords><keyword><style face="normal" font="default" size="100%">Neglect</style></keyword><keyword><style face="normal" font="default" size="100%">Emotional abuse</style></keyword><keyword><style face="normal" font="default" size="100%">Physical abuse</style></keyword><keyword><style face="normal" font="default" size="100%">Sexual abuse</style></keyword><keyword><style face="normal" font="default" size="100%">Child maltreatment</style></keyword></keywords><dates><year><style face="normal" font="default" size="100%">2014</style></year><pub-dates><date><style face="normal" font="default" size="100%">9//</style></date></pub-dates></dates><isbn><style face="normal" font="default" size="100%">0145-2134</style></isbn><abstract><style face="normal" font="default" size="100%">This paper reports on national estimates for past year child maltreatment from a national household survey conducted in 2011. It also discusses the validity of such estimates in light of other available epidemiology. The Second National Survey of Children Exposed to Violence obtained rates based on 4,503 children and youth from interviews with caregivers about the children ages 0–9 and with the youth themselves for ages 10–17. The past year rates for physical abuse by caregivers were 4.0% for all sample children, emotional abuse by caregivers 5.6%, sexual abuse by caregivers 0.1%, sexual abuse by caregivers and non-caregivers 2.2%, neglect 4.7% and custodial interference 1.2%. Overall, 12.1% of the sample experienced at least one of these forms of maltreatment. Twenty-three percent of the maltreated children or 2.8% of the full sample experienced 2 or more forms of maltreatment. Some authority (teacher, police, medical personnel or counselor) was aware of considerable portions of most maltreatment, which suggests the potential for intervention. Many of the study&apos;s estimates were reasonable in light of other child maltreatment epidemiological studies, but comparisons about emotional abuse and neglect were problematic because of ambiguity about definitions.</style></abstract><urls><pdf-urls><url>internal-pdf://1217272391/Finkelhor2014Child maltreatment rates.pdf</url></pdf-urls></urls></record><record><database name="NSCClibrary.enl" path="F:\NSCClibrary.enl">NSCClibrary.enl</database><source-app name="EndNote" version="17.1">EndNote</source-app><rec-number>4935</rec-number><foreign-keys><key app="EN" db-id="5s5ppfp52t55w0eadv7p5ss3vfxzs5fwwe5w">4935</key><key app="ENWeb" db-id="">0</key></foreign-keys><ref-type name="Report">27</ref-type><contributors><authors><author><style face="normal" font="default" size="100%">United Nations Children&apos;s Fund</style></author></authors><tertiary-authors><author><style face="normal" font="default" size="100%">UNICEF</style></author></tertiary-authors></contributors><titles><title><style face="normal" font="default" size="100%">Hidden in Plain Sight: A statistical analysis of violence against children</style></title></titles><keywords><keyword><style face="normal" font="default" size="100%">Reporting</style></keyword><keyword><style face="normal" font="default" size="100%">UNICEF</style></keyword><keyword><style face="normal" font="default" size="100%">Violence</style></keyword></keywords><dates><year><style face="normal" font="default" size="100%">2014</style></year></dates><pub-location><style face="normal" font="default" size="100%">New York</style></pub-location><publisher><style face="normal" font="default" size="100%">UNICEF</style></publisher><abstract><style face="normal" font="default" size="100%">This UNICEF report sheds light on the prevalence of different forms of violence against children, with global figures and data from 190 countries.</style></abstract><urls><pdf-urls><url>internal-pdf://2175469287/UNICEF. 2014. Hidden in Plain Sight.pdf</url></pdf-urls></urls></record><record><database name="NSCClibrary.enl" path="F:\NSCClibrary.enl">NSCClibrary.enl</database><source-app name="EndNote" version="17.1">EndNote</source-app><rec-number>3692</rec-number><foreign-keys><key app="EN" db-id="5s5ppfp52t55w0eadv7p5ss3vfxzs5fwwe5w">3692</key></foreign-keys><ref-type name="Journal Article">17</ref-type><contributors><authors><author><style face="normal" font="default" size="100%">Greenberg, David M.</style></author><author><style face="normal" font="default" size="100%">Firestone, Philip</style></author><author><style face="normal" font="default" size="100%">Nunes, Kevin L.</style></author><author><style face="normal" font="default" size="100%">Bradford, John M.</style></author><author><style face="normal" font="default" size="100%">Curry, Susan</style></author></authors></contributors><titles><title><style face="normal" font="default" size="100%">Biological fathers and stepfathers who molest their daughters: Psychological, phallometric, and criminal features</style></title><secondary-title><style face="normal" font="default" size="100%">Sexual Abuse: A Journal of Research and Treatment</style></secondary-title></titles><periodical><full-title><style face="normal" font="default" size="100%">Sexual Abuse: A Journal of Research and Treatment</style></full-title></periodical><pages><style face="normal" font="default" size="100%">39-46</style></pages><volume><style face="normal" font="default" size="100%">17</style></volume><number><style face="normal" font="default" size="100%">1</style></number><keywords><keyword><style face="normal" font="default" size="100%">Child sexual abuse</style></keyword><keyword><style face="normal" font="default" size="100%">Epidemiology</style></keyword><keyword><style face="normal" font="default" size="100%">Father-daughter incest</style></keyword><keyword><style face="normal" font="default" size="100%">Incest</style></keyword><keyword><style face="normal" font="default" size="100%">Intrafamilial sexual abuse</style></keyword><keyword><style face="normal" font="default" size="100%">Recidivism</style></keyword><keyword><style face="normal" font="default" size="100%">Phallometry</style></keyword><keyword><style face="normal" font="default" size="100%">Psychometrics</style></keyword></keywords><dates><year><style face="normal" font="default" size="100%">2005</style></year><pub-dates><date><style face="normal" font="default" size="100%">January 1, 2005</style></date></pub-dates></dates><abstract><style face="normal" font="default" size="100%">A sample (N = 143) of men who sexually abused their biological daughters or their step/adopted daughters were examined on a comprehensive array of demographic and historical information, offense characteristics, psychological and phallometric measures, and recidivism. Biological fathers were significantly less sexually aroused by children than were the stepfathers. On all the remaining variables, however, no statistically significant differences were found. Overall, biological and stepfathers in the present study appear to be much more similar than different from one another.</style></abstract><urls><related-urls><url><style face="normal" font="default" size="100%">http://sax.sagepub.com/content/17/1/39.abstract</style></url></related-urls><pdf-urls><url>internal-pdf://Greenberg et al 2005 - Biological fathers-1179178241/Greenberg et al 2005 - Biological fathers.pdf</url></pdf-urls></urls><electronic-resource-num><style face="normal" font="default" size="100%">10.1177/107906320501700105</style></electronic-resource-num></record><record><database name="NSCClibrary.enl" path="F:\NSCClibrary.enl">NSCClibrary.enl</database><source-app name="EndNote" version="17.1">EndNote</source-app><rec-number>3875</rec-number><foreign-keys><key app="EN" db-id="5s5ppfp52t55w0eadv7p5ss3vfxzs5fwwe5w">3875</key></foreign-keys><ref-type name="Chart or Table">38</ref-type><contributors><authors><author><style face="normal" font="default" size="100%">Groth, A. Nicholas</style></author></authors></contributors><titles><title><style face="normal" font="default" size="100%">Sexual offenders against children</style></title></titles><keywords><keyword><style face="normal" font="default" size="100%">Epidemiology</style></keyword></keywords><dates><year><style face="normal" font="default" size="100%">n.d.</style></year></dates><pub-location><style face="normal" font="default" size="100%">Webster, MA</style></pub-location><publisher><style face="normal" font="default" size="100%">A. Nicholas Groth</style></publisher><abstract><style face="normal" font="default" size="100%">A diagram adapted from two of Groth&apos;s publications: Groth, A. Nicholas et al (1978). Sexual assault of children and adolescents. Lexington, MA: Lexington Books ; and, Groth, A. Nicholas et al (1979). Men who rape: The psychology of the offender. New York, NY: Plenum.</style></abstract><urls><pdf-urls><url>internal-pdf://Groth n.d. - Sexual offenders-0812245761/Groth n.d. - Sexual offenders.pdf</url></pdf-urls></urls></record><record><database name="NSCClibrary.enl" path="F:\NSCClibrary.enl">NSCClibrary.enl</database><source-app name="EndNote" version="17.1">EndNote</source-app><rec-number>2829</rec-number><foreign-keys><key app="EN" db-id="5s5ppfp52t55w0eadv7p5ss3vfxzs5fwwe5w">2829</key></foreign-keys><ref-type name="Journal Article">17</ref-type><contributors><authors><author><style face="normal" font="default" size="100%">Hindman, Jan</style></author></authors></contributors><titles><title><style face="normal" font="default" size="100%">Research disputes assumptions about child molesters</style></title><secondary-title><style face="normal" font="default" size="100%">National District Attorney’s Association Bulletin</style></secondary-title></titles><periodical><full-title><style face="normal" font="default" size="100%">National District Attorney’s Association Bulletin</style></full-title></periodical><pages><style face="normal" font="default" size="100%">1</style></pages><volume><style face="normal" font="default" size="100%">7</style></volume><number><style face="normal" font="default" size="100%">4</style></number><keywords><keyword><style face="normal" font="default" size="100%">Child sexual abuse</style></keyword><keyword><style face="normal" font="default" size="100%">Epidemiology</style></keyword><keyword><style face="normal" font="default" size="100%">Incidence</style></keyword><keyword><style face="normal" font="default" size="100%">Research</style></keyword></keywords><dates><year><style face="normal" font="default" size="100%">1988</style></year></dates><abstract><style face="normal" font="default" size="100%">Jan Hindman has compiled data regarding convicted adult child molesters located at her clinic in Malheur County, Oregon, over the past eight years. Her study includes an analysis of the molesters&apos; statements regarding the numbers of victims, whether they were sexually abused as children and whether they committed sexual offenses as children.</style></abstract><urls><pdf-urls><url>internal-pdf://Hindman 1988 - Research disputes-1230268417/Hindman 1988 - Research disputes.pdf</url></pdf-urls></urls></record><record><database name="NSCClibrary.enl" path="F:\NSCClibrary.enl">NSCClibrary.enl</database><source-app name="EndNote" version="17.1">EndNote</source-app><rec-number>3698</rec-number><foreign-keys><key app="EN" db-id="5s5ppfp52t55w0eadv7p5ss3vfxzs5fwwe5w">3698</key></foreign-keys><ref-type name="Journal Article">17</ref-type><contributors><authors><author><style face="normal" font="default" size="100%">Kaplan, Meg S.</style></author></authors></contributors><titles><title><style face="normal" font="default" size="100%">A description of self reports of convicted child molesters following incarceration</style></title><secondary-title><style face="normal" font="default" size="100%">International Journal of Offender Therapy and Comparative Criminology</style></secondary-title></titles><periodical><full-title><style face="normal" font="default" size="100%">International Journal of Offender Therapy and Comparative Criminology</style></full-title></periodical><pages><style face="normal" font="default" size="100%">69-75</style></pages><volume><style face="normal" font="default" size="100%">33</style></volume><number><style face="normal" font="default" size="100%">1</style></number><keywords><keyword><style face="normal" font="default" size="100%">Child sexual abuse</style></keyword><keyword><style face="normal" font="default" size="100%">Counselling</style></keyword><keyword><style face="normal" font="default" size="100%">Epidemiology</style></keyword><keyword><style face="normal" font="default" size="100%">Incarcerations</style></keyword><keyword><style face="normal" font="default" size="100%">Law enforcement</style></keyword><keyword><style face="normal" font="default" size="100%">Sex offender treatment</style></keyword><keyword><style face="normal" font="default" size="100%">Therapy</style></keyword></keywords><dates><year><style face="normal" font="default" size="100%">1989</style></year><pub-dates><date><style face="normal" font="default" size="100%">April 1, 1989</style></date></pub-dates></dates><abstract><style face="normal" font="default" size="100%">Child molestation occurs at a rather high rate in the United States. A reduction may depend on the ability of law enforcement personnel to ascertain the extent to which a child molester continues to be interested in child molestation following incarceration. Seventy four convicted child molesters under New York State Parole Supervision were interviewed in an attempt to determine: 1. whether or not they had received counselling; 2. if they perceived that counselling was effective; and 3. to identify which, if any, reported urges to molest children following incarceration. Results indicated that most of the subjects had not received specific sexual counselling while incarcerated and that 80% reported that they were not in need of counselling. Implications of these findings are discussed as well as the need to educate parole officers concerning the importance of community after care.</style></abstract><urls><related-urls><url><style face="normal" font="default" size="100%">http://ijo.sagepub.com/content/33/1/69.abstract</style></url></related-urls><pdf-urls><url>internal-pdf://Kaplan 1989 - A description of self-4081663233/Kaplan 1989 - A description of self.pdf</url></pdf-urls></urls><electronic-resource-num><style face="normal" font="default" size="100%">10.1177/0306624x8903300108</style></electronic-resource-num></record><record><database name="NSCClibrary.enl" path="F:\NSCClibrary.enl">NSCClibrary.enl</database><source-app name="EndNote" version="17.1">EndNote</source-app><rec-number>4384</rec-number><foreign-keys><key app="EN" db-id="5s5ppfp52t55w0eadv7p5ss3vfxzs5fwwe5w">4384</key></foreign-keys><ref-type name="Journal Article">17</ref-type><contributors><authors><author><style face="normal" font="default" size="100%">Longo, Robert E.</style></author><author><style face="normal" font="default" size="100%">Groth, A. Nicholas</style></author></authors></contributors><titles><title><style face="normal" font="default" size="100%">Juvenile Sexual Offenses in the Histories of Adult Rapists and Child Molesters</style></title><secondary-title><style face="normal" font="default" size="100%">International Journal of Offender Therapy and Comparative Criminology</style></secondary-title></titles><periodical><full-title><style face="normal" font="default" size="100%">International Journal of Offender Therapy and Comparative Criminology</style></full-title></periodical><pages><style face="normal" font="default" size="100%">150-155</style></pages><volume><style face="normal" font="default" size="100%">27</style></volume><number><style face="normal" font="default" size="100%">2</style></number><keywords><keyword><style face="normal" font="default" size="100%">Juvenile sex offenders</style></keyword><keyword><style face="normal" font="default" size="100%">Epidemiology</style></keyword><keyword><style face="normal" font="default" size="100%">History</style></keyword></keywords><dates><year><style face="normal" font="default" size="100%">1983</style></year><pub-dates><date><style face="normal" font="default" size="100%">June 1, 1983</style></date></pub-dates></dates><abstract><style face="normal" font="default" size="100%">A sample of 231 sexual offenders was studied with respect to the progression of their offenses from non-contact sexual crimes (such as exhibitionism and voyeurism) as juveniles, to the more serious sex assaults of rape and child molestation as adults. The results of this study reveal that a significant number of offenders manifest a history of sexually inappropriate behaviors beginning in early adolescence. It appears from the study that many offenders begin to act out sexually at an early age and if left untreated may escalate to more serious sexual assaults.</style></abstract><urls><related-urls><url><style face="normal" font="default" size="100%">http://ijo.sagepub.com/content/27/2/150.abstract</style></url></related-urls><pdf-urls><url>internal-pdf://2445527218/Longo1983Juvenile Sexual Offenses.pdf</url></pdf-urls></urls><electronic-resource-num><style face="normal" font="default" size="100%">10.1177/0306624x8302700207</style></electronic-resource-num></record><record><database name="NSCClibrary.enl" path="F:\NSCClibrary.enl">NSCClibrary.enl</database><source-app name="EndNote" version="17.1">EndNote</source-app><rec-number>3693</rec-number><foreign-keys><key app="EN" db-id="5s5ppfp52t55w0eadv7p5ss3vfxzs5fwwe5w">3693</key></foreign-keys><ref-type name="Journal Article">17</ref-type><contributors><authors><author><style face="normal" font="default" size="100%">Lung, For-Wey</style></author><author><style face="normal" font="default" size="100%">Huang, Shu-Fen</style></author></authors></contributors><titles><title><style face="normal" font="default" size="100%">Psychosocial characteristics of criminals committing incest and other sex offenses: A survey in a Taiwanese prison</style></title><secondary-title><style face="normal" font="default" size="100%">International Journal of Offender Therapy and Comparative Criminology</style></secondary-title></titles><periodical><full-title><style face="normal" font="default" size="100%">International Journal of Offender Therapy and Comparative Criminology</style></full-title></periodical><pages><style face="normal" font="default" size="100%">554-560</style></pages><volume><style face="normal" font="default" size="100%">48</style></volume><number><style face="normal" font="default" size="100%">5</style></number><keywords><keyword><style face="normal" font="default" size="100%">Epidemiology</style></keyword><keyword><style face="normal" font="default" size="100%">Incarcerations</style></keyword><keyword><style face="normal" font="default" size="100%">Incest</style></keyword><keyword><style face="normal" font="default" size="100%">Prisoners</style></keyword><keyword><style face="normal" font="default" size="100%">Sex offender treatment</style></keyword></keywords><dates><year><style face="normal" font="default" size="100%">2004</style></year><pub-dates><date><style face="normal" font="default" size="100%">October 1, 2004</style></date></pub-dates></dates><abstract><style face="normal" font="default" size="100%">The purpose of this study was to investigate the psychosocial characteristics of criminals who had committed incest or other sexual offenses. The participants, 240 criminals serving sentences for sex offenses in a Taiwanese prison, were divided into two groups: incest offenders (20.4%) and other sex offenders (79.6%). The psychosocial characteristics taken into consideration included age, parental survival, education, marital status, previous crime records, drug and alcohol abuse, diagnosed mental disorders, and victim abuse at the time of the offense. After an analysis of the data, the authors concluded that even though incest offenders showed fewer mental disorders, they needed psychiatric treatment and that this treatment should be focused not only on their mental disorder and related symptoms but especially to correct their abnormal behaviour. Also, attention should be given to their psychosocial characteristics.</style></abstract><urls><related-urls><url><style face="normal" font="default" size="100%">http://ijo.sagepub.com/content/48/5/554.abstract</style></url></related-urls><pdf-urls><url>internal-pdf://Lung et al  2004 - Psychosocial-2823397889/Lung et al  2004 - Psychosocial.pdf</url></pdf-urls></urls><electronic-resource-num><style face="normal" font="default" size="100%">10.1177/0306624x04265083</style></electronic-resource-num></record><record><database name="NSCClibrary.enl" path="F:\NSCClibrary.enl">NSCClibrary.enl</database><source-app name="EndNote" version="17.1">EndNote</source-app><rec-number>3701</rec-number><foreign-keys><key app="EN" db-id="5s5ppfp52t55w0eadv7p5ss3vfxzs5fwwe5w">3701</key></foreign-keys><ref-type name="Book Section">5</ref-type><contributors><authors><author><style face="normal" font="default" size="100%">Marques, Janice K.</style></author><author><style face="normal" font="default" size="100%">Day, David M.</style></author><author><style face="normal" font="default" size="100%">Nelson, Craig</style></author><author><style face="normal" font="default" size="100%">Miner, Michal</style></author></authors><secondary-authors><author><style face="normal" font="default" size="100%">Laws, D. Richard</style></author></secondary-authors></contributors><titles><title><style face="normal" font="default" size="100%">The sex offender treatment and evaluation project: California&apos;s relapse prevention program</style></title><secondary-title><style face="normal" font="default" size="100%">Relapse prevention with sex offenders</style></secondary-title></titles><keywords><keyword><style face="normal" font="default" size="100%">Relapse prevention</style></keyword><keyword><style face="normal" font="default" size="100%">Sex offender treatment</style></keyword></keywords><dates><year><style face="normal" font="default" size="100%">1989</style></year></dates><pub-location><style face="normal" font="default" size="100%">New York, NY</style></pub-location><publisher><style face="normal" font="default" size="100%">The Guilford Press</style></publisher><isbn><style face="normal" font="default" size="100%">0898623812</style></isbn><abstract><style face="normal" font="default" size="100%">In order to achieve the treatment and evaluation goals specified by the legislature, two separate but interrelated projects are conducted under the direction of a project director in Sacramento. The treatment project, housed in a 46-bed unit at Atascadero State Hospital, is staffed by a treatment director, 1 psychiatrist, 3 clinical psychologists, 3 clinical social workers, 6 social work associates, 2 rehabilitation therapists, and 28 nursing personnel (most of whom are psychiatric technicians). This team is responsible for the assessment and treatment of project participants during their inpatient stay. The evaluation project, located in the department&apos;s central office in Sacramento, is staffed by research professionals and assistants who are responsible for the screening and selection of participants and for measuring program fidelity and treatment outcome.</style></abstract><urls><pdf-urls><url>internal-pdf://Marques et al 1989 - The sex offender-3369646081/Marques et al 1989 - The sex offender.pdf</url></pdf-urls></urls></record><record><database name="NSCClibrary.enl" path="F:\NSCClibrary.enl">NSCClibrary.enl</database><source-app name="EndNote" version="17.1">EndNote</source-app><rec-number>3695</rec-number><foreign-keys><key app="EN" db-id="5s5ppfp52t55w0eadv7p5ss3vfxzs5fwwe5w">3695</key></foreign-keys><ref-type name="Journal Article">17</ref-type><contributors><authors><author><style face="normal" font="default" size="100%">Marshall, William L.</style></author></authors></contributors><titles><title><style face="normal" font="default" size="100%">Assessment, treatment, and theorizing about sex offenders: Developments during the past twenty years and future directions</style></title><secondary-title><style face="normal" font="default" size="100%">Criminal Justice and Behavior</style></secondary-title></titles><periodical><full-title><style face="normal" font="default" size="100%">Criminal Justice and Behavior</style></full-title></periodical><pages><style face="normal" font="default" size="100%">162-199</style></pages><volume><style face="normal" font="default" size="100%">23</style></volume><number><style face="normal" font="default" size="100%">1</style></number><keywords><keyword><style face="normal" font="default" size="100%">Assessment</style></keyword><keyword><style face="normal" font="default" size="100%">Epidemiology</style></keyword><keyword><style face="normal" font="default" size="100%">Phallometry</style></keyword><keyword><style face="normal" font="default" size="100%">Psychometrics</style></keyword><keyword><style face="normal" font="default" size="100%">Sex offender treatment</style></keyword></keywords><dates><year><style face="normal" font="default" size="100%">1996</style></year><pub-dates><date><style face="normal" font="default" size="100%">March 1, 1996</style></date></pub-dates></dates><abstract><style face="normal" font="default" size="100%">This article considers developments during the past 20 years in the assessment and treatment of sex offenders and in theoretical interpretations of their behaviour. Research is reviewed indicating that in assessment there is a move toward including more cognitive features. One interpretation of the evidence to date suggests that phallometry has been overvalued and that considerable work remains to be done on the psychometric aspects of erectile measurement. Treatment also has moved in a more cognitive direction, but the addition of a relapse prevention approach has been the most significant innovation. A focus on treating juveniles has been a major development during the past 10 years. Theory development is accelerating, but there needs to be more emphasis on developing and refining our specific constructs rather than elaborating broad explanatory theories. Future developments are suggested.</style></abstract><urls><related-urls><url><style face="normal" font="default" size="100%">http://cjb.sagepub.com/content/23/1/162.abstract</style></url></related-urls><pdf-urls><url>internal-pdf://Marshall 1996 - Assessment treatment-2839977729/Marshall 1996 - Assessment treatment.pdf</url></pdf-urls></urls><electronic-resource-num><style face="normal" font="default" size="100%">10.1177/0093854896023001011</style></electronic-resource-num></record><record><database name="NSCClibrary.enl" path="F:\NSCClibrary.enl">NSCClibrary.enl</database><source-app name="EndNote" version="17.1">EndNote</source-app><rec-number>3699</rec-number><foreign-keys><key app="EN" db-id="5s5ppfp52t55w0eadv7p5ss3vfxzs5fwwe5w">3699</key></foreign-keys><ref-type name="Journal Article">17</ref-type><contributors><authors><author><style face="normal" font="default" size="100%">Marshall, William L.</style></author><author><style face="normal" font="default" size="100%">Barbaree, Howard E.</style></author><author><style face="normal" font="default" size="100%">Eccles, A.</style></author></authors></contributors><titles><title><style face="normal" font="default" size="100%">Early onset and deviant sexuality in child molesters</style></title><secondary-title><style face="normal" font="default" size="100%">Journal of Interpersonal Violence</style></secondary-title></titles><periodical><full-title><style face="normal" font="default" size="100%">Journal of Interpersonal Violence</style></full-title></periodical><pages><style face="normal" font="default" size="100%">323-335</style></pages><volume><style face="normal" font="default" size="100%">6</style></volume><number><style face="normal" font="default" size="100%">3</style></number><keywords><keyword><style face="normal" font="default" size="100%">Arousal</style></keyword><keyword><style face="normal" font="default" size="100%">Child sexual abuse</style></keyword><keyword><style face="normal" font="default" size="100%">Epidemiology</style></keyword><keyword><style face="normal" font="default" size="100%">Extrafamilial sexual abuse</style></keyword><keyword><style face="normal" font="default" size="100%">Father-daughter incest</style></keyword><keyword><style face="normal" font="default" size="100%">Incest</style></keyword><keyword><style face="normal" font="default" size="100%">Intrafamilial sexual abuse</style></keyword><keyword><style face="normal" font="default" size="100%">Paraphilia</style></keyword></keywords><dates><year><style face="normal" font="default" size="100%">1991</style></year><pub-dates><date><style face="normal" font="default" size="100%">September 1, 1991</style></date></pub-dates></dates><abstract><style face="normal" font="default" size="100%">One hundred twenty-nine outpatient child molesters (91 nonfamilial and 38 father/daughter offenders) were assessed and interviewed regarding various aspects of their deviant sexuality. Of our total sample, 29% reported having deviant fantasies prior to age 20, and this was most pronounced (41.1%) among those who molested the sons of other people. Fourteen percent of the nonfamilial offenders against boys, 11.8% of the nonfamilial offenders against girls, and 7.9% of the incest offenders had one or more paraphilia additional to their index offense; only three of the total sample reported more than two additional paraphilias. These data differ from those reported earlier by Abel and his colleagues (1985) and by Freund (1990). The results are discussed in terms of these discrepancies.</style></abstract><urls><related-urls><url><style face="normal" font="default" size="100%">http://jiv.sagepub.com/content/6/3/323.abstract</style></url></related-urls><pdf-urls><url>internal-pdf://Marshall et al 1991 - Early onset-1699201281/Marshall et al 1991 - Early onset.pdf</url></pdf-urls></urls><electronic-resource-num><style face="normal" font="default" size="100%">10.1177/088626091006003005</style></electronic-resource-num></record><record><database name="NSCClibrary.enl" path="F:\NSCClibrary.enl">NSCClibrary.enl</database><source-app name="EndNote" version="17.1">EndNote</source-app><rec-number>2011</rec-number><foreign-keys><key app="EN" db-id="5s5ppfp52t55w0eadv7p5ss3vfxzs5fwwe5w">2011</key></foreign-keys><ref-type name="Journal Article">17</ref-type><contributors><authors><author><style face="normal" font="default" size="100%">McCarty, Loretta M.</style></author></authors></contributors><titles><title><style face="normal" font="default" size="100%">Mother-child incest: Characteristics of the offender</style></title><secondary-title><style face="normal" font="default" size="100%">Child Welfare</style></secondary-title></titles><periodical><full-title><style face="normal" font="default" size="100%">Child Welfare</style></full-title></periodical><pages><style face="normal" font="default" size="100%">447-458</style></pages><volume><style face="normal" font="default" size="100%">65</style></volume><number><style face="normal" font="default" size="100%">5</style></number><keywords><keyword><style face="normal" font="default" size="100%">Epidemiology</style></keyword><keyword><style face="normal" font="default" size="100%">Female sex offenders</style></keyword><keyword><style face="normal" font="default" size="100%">Incest</style></keyword><keyword><style face="normal" font="default" size="100%">Intrafamilial sexual abuse</style></keyword><keyword><style face="normal" font="default" size="100%">Mother-child incest</style></keyword><keyword><style face="normal" font="default" size="100%">Mother-child relations</style></keyword><keyword><style face="normal" font="default" size="100%">Parent-child relations</style></keyword></keywords><dates><year><style face="normal" font="default" size="100%">1986</style></year></dates><isbn><style face="normal" font="default" size="100%">0009-4021</style></isbn><abstract><style face="normal" font="default" size="100%">Studies of the childhood, adulthood, and parenthood of women who sexually abuse their children are rarely found in the literature. The characteristics of 26 such mother-child incest offenders are explored by the author and compared to the characteristics found in other studies and in clinical experiences with incest offenders of either sex.</style></abstract><urls><pdf-urls><url>internal-pdf://McCarty 1986 - Mother-child incest-0341975553/McCarty 1986 - Mother-child incest.pdf</url></pdf-urls></urls></record><record><database name="NSCClibrary.enl" path="F:\NSCClibrary.enl">NSCClibrary.enl</database><source-app name="EndNote" version="17.1">EndNote</source-app><rec-number>3704</rec-number><foreign-keys><key app="EN" db-id="5s5ppfp52t55w0eadv7p5ss3vfxzs5fwwe5w">3704</key></foreign-keys><ref-type name="Journal Article">17</ref-type><contributors><authors><author><style face="normal" font="default" size="100%">Monson, Candice M.</style></author><author><style face="normal" font="default" size="100%">Byrd, Gary R.</style></author><author><style face="normal" font="default" size="100%">Langhinrichsen-Rohling, Jennifer</style></author></authors></contributors><titles><title><style face="normal" font="default" size="100%">To have and to hold: Perceptions of marital rape</style></title><secondary-title><style face="normal" font="default" size="100%">Journal of Interpersonal Violence</style></secondary-title></titles><periodical><full-title><style face="normal" font="default" size="100%">Journal of Interpersonal Violence</style></full-title></periodical><pages><style face="normal" font="default" size="100%">410-424</style></pages><volume><style face="normal" font="default" size="100%">11</style></volume><number><style face="normal" font="default" size="100%">3</style></number><keywords><keyword><style face="normal" font="default" size="100%">Epidemiology</style></keyword><keyword><style face="normal" font="default" size="100%">Rape</style></keyword><keyword><style face="normal" font="default" size="100%">Socialisation</style></keyword></keywords><dates><year><style face="normal" font="default" size="100%">1996</style></year><pub-dates><date><style face="normal" font="default" size="100%">September 1, 1996</style></date></pub-dates></dates><abstract><style face="normal" font="default" size="100%">The perceptions surrounding marital versus stranger rape were investigated in a sample of 195 undergraduates. Subjects rated their reactions to one of two hypothetical rape scenarios that were exactly the same in form and content except for the identification of the man as the woman&apos;s husband (marital condition) or as a stranger (stranger condition). Factor analysis of the questions used to assess perceptions revealed one strong factor that was labeled rape-supportive beliefs. Consistent with previous research on date rape, individuals were significantly more likely to minimize the seriousness of rape perpetrated by a husband than rape perpetrated by a stranger. In general, the female subjects considered rape a more serious event than the male subjects. However, an unexpected gender-by-relationship interaction was found on two of the rape-supportive questions. Some evidence suggested that sex role expectations influence the perceptions of marital rape. The results are discussed within a sex role socialisation theory of rape.</style></abstract><urls><related-urls><url><style face="normal" font="default" size="100%">http://jiv.sagepub.com/content/11/3/410.abstract</style></url></related-urls><pdf-urls><url>internal-pdf://Monson et al 1996 - To have and to-0407602945/Monson et al 1996 - To have and to.pdf</url></pdf-urls></urls><electronic-resource-num><style face="normal" font="default" size="100%">10.1177/088626096011003007</style></electronic-resource-num></record><record><database name="NSCClibrary.enl" path="F:\NSCClibrary.enl">NSCClibrary.enl</database><source-app name="EndNote" version="17.1">EndNote</source-app><rec-number>3874</rec-number><foreign-keys><key app="EN" db-id="5s5ppfp52t55w0eadv7p5ss3vfxzs5fwwe5w">3874</key></foreign-keys><ref-type name="Book Section">5</ref-type><contributors><authors><author><style face="normal" font="default" size="100%">Murphy, William D.</style></author><author><style face="normal" font="default" size="100%">Smith, Timothy A.</style></author></authors><secondary-authors><author><style face="normal" font="default" size="100%">Briere, John E.</style></author><author><style face="normal" font="default" size="100%">Berliner, Lucy E.</style></author><author><style face="normal" font="default" size="100%">Bulkley, J.A.</style></author><author><style face="normal" font="default" size="100%">Jenny, C.E.</style></author><author><style face="normal" font="default" size="100%">Reid, T.E.</style></author></secondary-authors></contributors><titles><title><style face="normal" font="default" size="100%">Sex offenders against children: Empirical and clinical issues</style></title><secondary-title><style face="normal" font="default" size="100%">The APSAC handbook on child maltreatment</style></secondary-title></titles><pages><style face="normal" font="default" size="100%">175-191</style></pages><keywords><keyword><style face="normal" font="default" size="100%">Child sexual abuse</style></keyword><keyword><style face="normal" font="default" size="100%">Epidemiology</style></keyword><keyword><style face="normal" font="default" size="100%">Sex offender treatment</style></keyword></keywords><dates><year><style face="normal" font="default" size="100%">1996</style></year></dates><pub-location><style face="normal" font="default" size="100%">Thousand Oaks, California</style></pub-location><publisher><style face="normal" font="default" size="100%">Sage Publications</style></publisher><isbn><style face="normal" font="default" size="100%">0803955979</style></isbn><abstract><style face="normal" font="default" size="100%">This chapter will focus on one piece of the puzzle: the offenders. We will review existing clinical and theoretical literature and briefly discuss selected clinical issues.</style></abstract><urls><pdf-urls><url>internal-pdf://Murphy et al 1996 - Sex offenders-2640273665/Murphy et al 1996 - Sex offenders.pdf</url></pdf-urls></urls></record><record><database name="NSCClibrary.enl" path="F:\NSCClibrary.enl">NSCClibrary.enl</database><source-app name="EndNote" version="17.1">EndNote</source-app><rec-number>1315</rec-number><foreign-keys><key app="EN" db-id="5s5ppfp52t55w0eadv7p5ss3vfxzs5fwwe5w">1315</key><key app="ENWeb" db-id="ThEeKwrtqggAAHqv064">4257</key></foreign-keys><ref-type name="Book">6</ref-type><contributors><authors><author><style face="normal" font="default" size="100%">Salter, Anna C.</style></author></authors></contributors><titles><title><style face="normal" font="default" size="100%">Treating child sex offenders and victims: A practical guide</style></title></titles><keywords><keyword><style face="normal" font="default" size="100%">Arousal</style></keyword><keyword><style face="normal" font="default" size="100%">Assessment</style></keyword><keyword><style face="normal" font="default" size="100%">Child sexual abuse</style></keyword><keyword><style face="normal" font="default" size="100%">Denial</style></keyword><keyword><style face="normal" font="default" size="100%">Epidemiology</style></keyword><keyword><style face="normal" font="default" size="100%">Sex offender treatment</style></keyword><keyword><style face="normal" font="default" size="100%">Sexual preference</style></keyword></keywords><dates><year><style face="normal" font="default" size="100%">1988</style></year></dates><pub-location><style face="normal" font="default" size="100%">Thousand Oaks, CA</style></pub-location><publisher><style face="normal" font="default" size="100%">SAGE Publications.</style></publisher><isbn><style face="normal" font="default" size="100%">0803931824</style></isbn><abstract><style face="normal" font="default" size="100%">Treating Child Sex Offenders and Victims is a practical manual designed to assist mental health professionals in the effective treatment of both victims and offenders through the development of specialized skills. The author discusses methods of treatment of offenders and includes an assessment battery, which measures their sexual attitudes. She also addresses ways of treating victims and minimizing trauma within the legal system. The volume will thus be invaluable for all mental health professionals who wish to learn effective treatment of the victims and the perpetrators of child sexual abuse.</style></abstract><notes><style face="normal" font="default" size="100%">Held at Cedar Cottage Library - 1 copy&#xD;Held at New Street, Sydney - 2 copies&#xD;Chapter 3 - The role of the offender (pp. 43-53) and offender assessment, with some appendices attached&#xD;Chapter 8 - Offender denial (pp. 96-109) attached</style></notes><urls><pdf-urls><url>internal-pdf://Salter 1988 - Treating child sex offenders ch3-3411589633/Salter 1988 - Treating child sex offenders ch3.pdf</url><url>internal-pdf://Salter 1988 - Treating child sex offenders ch8-2626043137/Salter 1988 - Treating child sex offenders ch8.pdf</url></pdf-urls></urls></record><record><database name="NSCClibrary.enl" path="F:\NSCClibrary.enl">NSCClibrary.enl</database><source-app name="EndNote" version="17.1">EndNote</source-app><rec-number>3697</rec-number><foreign-keys><key app="EN" db-id="5s5ppfp52t55w0eadv7p5ss3vfxzs5fwwe5w">3697</key></foreign-keys><ref-type name="Book Section">5</ref-type><contributors><authors><author><style face="normal" font="default" size="100%">Salter, Anna C.</style></author></authors><secondary-authors><author><style face="normal" font="default" size="100%">O&apos;Donohue, William T.</style></author><author><style face="normal" font="default" size="100%">Geer, James H.</style></author></secondary-authors></contributors><titles><title><style face="normal" font="default" size="100%">Epidemiology of child sexual abuse</style></title><secondary-title><style face="normal" font="default" size="100%">The sexual abuse of children: Theory and research</style></secondary-title></titles><pages><style face="normal" font="default" size="100%">108-138</style></pages><volume><style face="normal" font="default" size="100%">1</style></volume><section><style face="normal" font="default" size="100%">7</style></section><keywords><keyword><style face="normal" font="default" size="100%">Child sexual abuse</style></keyword><keyword><style face="normal" font="default" size="100%">Epidemiology</style></keyword><keyword><style face="normal" font="default" size="100%">Prevalence</style></keyword><keyword><style face="normal" font="default" size="100%">Research</style></keyword></keywords><dates><year><style face="normal" font="default" size="100%">1992</style></year></dates><pub-location><style face="normal" font="default" size="100%">Hillsdale, NJ</style></pub-location><publisher><style face="normal" font="default" size="100%">Lawrence Erlbaum</style></publisher><isbn><style face="normal" font="default" size="100%">0805803394</style></isbn><abstract><style face="normal" font="default" size="100%">Firstly, this chapter presents current research on the general population and on college samples. The differences among studies in terms of definitions of child sexual abuse, minimum age of offender, maximum age of victim, sample, and methodology will be analysed along with the effect of the differences on prevalence figures. Finally, there is a comparison of current and older prevalence research and a look at those studies that focus on clinical findings.</style></abstract><urls><pdf-urls><url>internal-pdf://Salter 1992 - Epidemiology of child-2001190401/Salter 1992 - Epidemiology of child.pdf</url></pdf-urls></urls></record><record><database name="NSCClibrary.enl" path="F:\NSCClibrary.enl">NSCClibrary.enl</database><source-app name="EndNote" version="17.1">EndNote</source-app><rec-number>3709</rec-number><foreign-keys><key app="EN" db-id="5s5ppfp52t55w0eadv7p5ss3vfxzs5fwwe5w">3709</key></foreign-keys><ref-type name="Journal Article">17</ref-type><contributors><authors><author><style face="normal" font="default" size="100%">Schwartz, Richard H.</style></author><author><style face="normal" font="default" size="100%">Milteer, Regina</style></author><author><style face="normal" font="default" size="100%">LeBeau, Marc A.</style></author></authors></contributors><titles><title><style face="normal" font="default" size="100%">Drug-facilitated sexual assault (&apos;date rape&apos;)</style></title><secondary-title><style face="normal" font="default" size="100%">Southern Medical Journal</style></secondary-title></titles><periodical><full-title><style face="normal" font="default" size="100%">Southern Medical Journal</style></full-title></periodical><pages><style face="normal" font="default" size="100%">558-561</style></pages><volume><style face="normal" font="default" size="100%">93</style></volume><number><style face="normal" font="default" size="100%">6</style></number><keywords><keyword><style face="normal" font="default" size="100%">Date rape</style></keyword><keyword><style face="normal" font="default" size="100%">Drugs</style></keyword><keyword><style face="normal" font="default" size="100%">Epidemiology</style></keyword><keyword><style face="normal" font="default" size="100%">Rape</style></keyword><keyword><style face="normal" font="default" size="100%">Sexual assault</style></keyword></keywords><dates><year><style face="normal" font="default" size="100%">2000</style></year></dates><isbn><style face="normal" font="default" size="100%">0038-4348</style></isbn><abstract><style face="normal" font="default" size="100%">In the past few years, drug-facilitated sexual assaults have received widespread media coverage. In addition to alcohol, the most frequently used date-rape drug, flunitrazepam (Rohypnol), a fast-acting benzodiazepine, and [gamma]-hydroxybutyrate (GHB) and its congeners are among the most popular drugs used for this purpose. The latter drug is easily procured at some gymnasiums, popular bars, discos, and rave clubs, as well as over the Internet. Perpetrators choose these drugs because they act rapidly, produce disinhibition and relaxation of voluntary muscles, and cause the victim to have lasting anterograde amnesia for events that occur under the influence of the drug. Alcoholic beverages potentiate the drug effects. We review several date-rape drugs, provide information on laboratory testing for them, and offer guidelines for preventing drug-facilitated sexual assault.</style></abstract><urls><pdf-urls><url>internal-pdf://Schwartz et al 2000 - Drug-facilitated-1129228033/Schwartz et al 2000 - Drug-facilitated.pdf</url></pdf-urls></urls></record><record><database name="NSCClibrary.enl" path="F:\NSCClibrary.enl">NSCClibrary.enl</database><source-app name="EndNote" version="17.1">EndNote</source-app><rec-number>3705</rec-number><foreign-keys><key app="EN" db-id="5s5ppfp52t55w0eadv7p5ss3vfxzs5fwwe5w">3705</key></foreign-keys><ref-type name="Magazine Article">19</ref-type><contributors><authors><author><style face="normal" font="default" size="100%">Simmons, Erica</style></author></authors></contributors><titles><title><style face="normal" font="default" size="100%">New age patriarchs</style></title><secondary-title><style face="normal" font="default" size="100%">New Internationalist</style></secondary-title></titles><pages><style face="normal" font="default" size="100%">29-30</style></pages><volume><style face="normal" font="default" size="100%">227</style></volume><number><style face="normal" font="default" size="100%">January</style></number><keywords><keyword><style face="normal" font="default" size="100%">Epidemiology</style></keyword><keyword><style face="normal" font="default" size="100%">Feminism</style></keyword><keyword><style face="normal" font="default" size="100%">Gender</style></keyword><keyword><style face="normal" font="default" size="100%">Masculinities</style></keyword></keywords><dates><year><style face="normal" font="default" size="100%">1992</style></year></dates><abstract><style face="normal" font="default" size="100%">Feminism helped mould the &apos;new man&apos;. But the latest brand of new man has little truck with feminism.</style></abstract><urls><related-urls><url><style face="normal" font="default" size="100%">http://www.newint.org/features/1992/01/05/patriarchs/</style></url></related-urls><pdf-urls><url>internal-pdf://Simmons 1992 - New age-0575337985/Simmons 1992 - New age.pdf</url></pdf-urls></urls></record><record><database name="NSCClibrary.enl" path="F:\NSCClibrary.enl">NSCClibrary.enl</database><source-app name="EndNote" version="17.1">EndNote</source-app><rec-number>3700</rec-number><foreign-keys><key app="EN" db-id="5s5ppfp52t55w0eadv7p5ss3vfxzs5fwwe5w">3700</key></foreign-keys><ref-type name="Book Section">5</ref-type><contributors><authors><author><style face="normal" font="default" size="100%">Stermac, Lana E.</style></author><author><style face="normal" font="default" size="100%">Segal, Zindel V.</style></author><author><style face="normal" font="default" size="100%">Gillis, Roy</style></author></authors><secondary-authors><author><style face="normal" font="default" size="100%">Marshall, William L.</style></author><author><style face="normal" font="default" size="100%">Laws, D. Richard</style></author><author><style face="normal" font="default" size="100%">Barbaree, H.E.</style></author></secondary-authors></contributors><titles><title><style face="normal" font="default" size="100%">Social and cultural factors in sexual assault</style></title><secondary-title><style face="normal" font="default" size="100%">Handbook of sexual assault: Issues, theories, and treatment of the offender</style></secondary-title></titles><pages><style face="normal" font="default" size="100%">143-159</style></pages><section><style face="normal" font="default" size="100%">9</style></section><keywords><keyword><style face="normal" font="default" size="100%">Child sexual abuse</style></keyword><keyword><style face="normal" font="default" size="100%">Culture</style></keyword><keyword><style face="normal" font="default" size="100%">Female</style></keyword><keyword><style face="normal" font="default" size="100%">Epidemiology</style></keyword><keyword><style face="normal" font="default" size="100%">Sexual aggression</style></keyword><keyword><style face="normal" font="default" size="100%">Sexual assault</style></keyword><keyword><style face="normal" font="default" size="100%">Women</style></keyword><keyword><style face="normal" font="default" size="100%">Victims</style></keyword></keywords><dates><year><style face="normal" font="default" size="100%">1990</style></year></dates><pub-location><style face="normal" font="default" size="100%">New York, NY</style></pub-location><publisher><style face="normal" font="default" size="100%">Plenum Press</style></publisher><isbn><style face="normal" font="default" size="100%">0306432722</style></isbn><abstract><style face="normal" font="default" size="100%">Examines the role of social processes in sexual assault against women and children. Includes discussion of (1) the social acceptability and prevalence of sexual aggression in its various forms, (2) social attitudes toward women and children and their relationship to sexual aggression, and (3) social competence and its relationship to sexual aggression studies of both offender and non-offender groups. Includes a discussion of sexual aggression against both women and children but the focus is on aggression against adults due to the limited research on social factors in sexual aggression against children.</style></abstract><urls><pdf-urls><url>internal-pdf://Stermac et al 1990 - Social and cultural-3217710080/Stermac et al 1990 - Social and cultural.pdf</url></pdf-urls></urls></record><record><database name="NSCClibrary.enl" path="F:\NSCClibrary.enl">NSCClibrary.enl</database><source-app name="EndNote" version="17.1">EndNote</source-app><rec-number>910</rec-number><foreign-keys><key app="EN" db-id="5s5ppfp52t55w0eadv7p5ss3vfxzs5fwwe5w">910</key><key app="ENWeb" db-id="ThEeKwrtqggAAHqv064">3919</key></foreign-keys><ref-type name="Book">6</ref-type><contributors><authors><author><style face="normal" font="default" size="100%">Stinson, Jill D.</style></author><author><style face="normal" font="default" size="100%">Sales, Bruce D.</style></author><author><style face="normal" font="default" size="100%">Becker, Judith V.</style></author></authors></contributors><titles><title><style face="normal" font="default" size="100%">Sex offending: Causal theories to inform research, prevention, and treatment</style></title></titles><keywords><keyword><style face="normal" font="default" size="100%">Abused-to-abuser</style></keyword><keyword><style face="normal" font="default" size="100%">Cycle of abuse</style></keyword><keyword><style face="normal" font="default" size="100%">Pornography</style></keyword><keyword><style face="normal" font="default" size="100%">Sexual behaviour</style></keyword><keyword><style face="normal" font="default" size="100%">Sexual deviance</style></keyword><keyword><style face="normal" font="default" size="100%">Sexualised behaviours</style></keyword><keyword><style face="normal" font="default" size="100%">Socialisation</style></keyword><keyword><style face="normal" font="default" size="100%">Victim-to-victimiser</style></keyword></keywords><dates><year><style face="normal" font="default" size="100%">2008</style></year></dates><pub-location><style face="normal" font="default" size="100%">Washington, D.C.</style></pub-location><publisher><style face="normal" font="default" size="100%">American Psychological Association</style></publisher><isbn><style face="normal" font="default" size="100%">0979212529</style></isbn><abstract><style face="normal" font="default" size="100%">The authors discuss the relevance and limitation of social learning theory as it applies to a broad spectrum of behaviours and address the primary social learning hypotheses that have been advanced as potential explanations for sex-offending behaviours. The first is the abused-abuser hypothesis and the second is that violent sexually explicit materials, i.e. pornography, serve as models for deviant sexual behaviours for budding sex offenders and reinforce their deviant sexual impulses.</style></abstract><notes><style face="normal" font="default" size="100%">Held at Cedar Cottage Library - 1 copy</style></notes><urls><pdf-urls><url>internal-pdf://Stinson et al 2008 - Chapter 6-0196711681/Stinson et al 2008 - Chapter 6.pdf</url></pdf-urls></urls></record><record><database name="NSCClibrary.enl" path="F:\NSCClibrary.enl">NSCClibrary.enl</database><source-app name="EndNote" version="17.1">EndNote</source-app><rec-number>3696</rec-number><foreign-keys><key app="EN" db-id="5s5ppfp52t55w0eadv7p5ss3vfxzs5fwwe5w">3696</key></foreign-keys><ref-type name="Journal Article">17</ref-type><contributors><authors><author><style face="normal" font="default" size="100%">Ward, Tony</style></author><author><style face="normal" font="default" size="100%">Keenan, Thomas</style></author></authors></contributors><titles><title><style face="normal" font="default" size="100%">Child molesters&apos; implicit theories</style></title><secondary-title><style face="normal" font="default" size="100%">Journal of Interpersonal Violence</style></secondary-title></titles><periodical><full-title><style face="normal" font="default" size="100%">Journal of Interpersonal Violence</style></full-title></periodical><pages><style face="normal" font="default" size="100%">821-838</style></pages><volume><style face="normal" font="default" size="100%">14</style></volume><number><style face="normal" font="default" size="100%">8</style></number><keywords><keyword><style face="normal" font="default" size="100%">Cognitive distortion</style></keyword><keyword><style face="normal" font="default" size="100%">Epidemiology</style></keyword><keyword><style face="normal" font="default" size="100%">Research</style></keyword><keyword><style face="normal" font="default" size="100%">Theory</style></keyword></keywords><dates><year><style face="normal" font="default" size="100%">1999</style></year><pub-dates><date><style face="normal" font="default" size="100%">August 1, 1999</style></date></pub-dates></dates><abstract><style face="normal" font="default" size="100%">In this article, the authors argue that child molesters&apos; cognitive distortions emerge from underlying causal theories about the nature of their victims, the world, and themselves. These implicit theories function like scientific theories and are used to explain empirical regularities (e.g., other people&apos;s actions) and to make predictions about the world. They are relatively coherent and constituted by a number of interlocking ideas and their component concepts and categories. Drawing on recent work in the cognitive distortions area, the authors identify five core implicit theories. Each theory is described in detail and its relationship to cognitive distortions discussed. Finally, the clinical and research implications of the implicit theory perspective are outlined.</style></abstract><urls><related-urls><url><style face="normal" font="default" size="100%">http://jiv.sagepub.com/content/14/8/821.abstract</style></url></related-urls><pdf-urls><url>internal-pdf://Ward et al 1999 - Child molesters-1380734977/Ward et al 1999 - Child molesters.pdf</url></pdf-urls></urls><electronic-resource-num><style face="normal" font="default" size="100%">10.1177/088626099014008003</style></electronic-resource-num></record><record><database name="NSCClibrary.enl" path="F:\NSCClibrary.enl">NSCClibrary.enl</database><source-app name="EndNote" version="17.1">EndNote</source-app><rec-number>3703</rec-number><foreign-keys><key app="EN" db-id="5s5ppfp52t55w0eadv7p5ss3vfxzs5fwwe5w">3703</key></foreign-keys><ref-type name="Journal Article">17</ref-type><contributors><authors><author><style face="normal" font="default" size="100%">Ward, Tony</style></author><author><style face="normal" font="default" size="100%">Louden, Kirsten</style></author><author><style face="normal" font="default" size="100%">Hudson, Stephen M.</style></author><author><style face="normal" font="default" size="100%">Marshall, William L.</style></author></authors></contributors><titles><title><style face="normal" font="default" size="100%">A descriptive model of the offense chain for child molesters</style></title><secondary-title><style face="normal" font="default" size="100%">Journal of Interpersonal Violence</style></secondary-title></titles><periodical><full-title><style face="normal" font="default" size="100%">Journal of Interpersonal Violence</style></full-title></periodical><pages><style face="normal" font="default" size="100%">452-472</style></pages><volume><style face="normal" font="default" size="100%">10</style></volume><number><style face="normal" font="default" size="100%">4</style></number><keywords><keyword><style face="normal" font="default" size="100%">Child sexual abuse</style></keyword><keyword><style face="normal" font="default" size="100%">Epidemiology</style></keyword><keyword><style face="normal" font="default" size="100%">Grounded theory approach</style></keyword><keyword><style face="normal" font="default" size="100%">Incarcerations</style></keyword><keyword><style face="normal" font="default" size="100%">Sex offenders</style></keyword></keywords><dates><year><style face="normal" font="default" size="100%">1995</style></year><pub-dates><date><style face="normal" font="default" size="100%">December 1, 1995</style></date></pub-dates></dates><abstract><style face="normal" font="default" size="100%">A grounded theory approach was taken to the qualitative analysis of the descriptions of thoughts and feelings provided by 26 incarcerated child molesters while describing their most recent or typical offense. The resulting descriptive model comprised nine stages, with three contributing factors that describe the sequence of cognitive and behavioral events that form an offense chain. The model incorporates offender type, offense type, and offers a description of the possible interactions between the various stages and factors. The model was then applied to the offense descriptions of an independent sample of 12 incarcerated child molesters in order to ascertain its cross-sample validity and the reliability of classification. The results suggest that the model has provisional validity and adequate interrater reliability. The theoretical, research, and clinical implications of the descriptive model are then discussed.</style></abstract><urls><related-urls><url><style face="normal" font="default" size="100%">http://jiv.sagepub.com/content/10/4/452.abstract</style></url></related-urls><pdf-urls><url>internal-pdf://Ward et al 1995 - A descriptive model-1347248641/Ward et al 1995 - A descriptive model.pdf</url></pdf-urls></urls><electronic-resource-num><style face="normal" font="default" size="100%">10.1177/088626095010004005</style></electronic-resource-num></record><record><database name="NSCClibrary.enl" path="F:\NSCClibrary.enl">NSCClibrary.enl</database><source-app name="EndNote" version="17.1">EndNote</source-app><rec-number>3706</rec-number><foreign-keys><key app="EN" db-id="5s5ppfp52t55w0eadv7p5ss3vfxzs5fwwe5w">3706</key></foreign-keys><ref-type name="Book Section">5</ref-type><contributors><authors><author><style face="normal" font="default" size="100%">Wyre, Ray</style></author></authors><secondary-authors><author><style face="normal" font="default" size="100%">Bibby, Peter C.</style></author></secondary-authors></contributors><titles><title><style face="normal" font="default" size="100%">The mind of the paedophile</style></title><secondary-title><style face="normal" font="default" size="100%">Organised abuse: The current debate</style></secondary-title></titles><pages><style face="normal" font="default" size="100%">87-103</style></pages><keywords><keyword><style face="normal" font="default" size="100%">Child sexual abuse</style></keyword><keyword><style face="normal" font="default" size="100%">Epidemiology</style></keyword><keyword><style face="normal" font="default" size="100%">Paedophilia</style></keyword></keywords><dates><year><style face="normal" font="default" size="100%">1996</style></year></dates><pub-location><style face="normal" font="default" size="100%">Basingstoke</style></pub-location><publisher><style face="normal" font="default" size="100%">Arena</style></publisher><abstract><style face="normal" font="default" size="100%">In this chapter the author places the &apos;fixated paedophile&apos; in context and expands on implications for practice.</style></abstract><urls><pdf-urls><url>internal-pdf://Wyre 1996 - The mind of the-0072477441/Wyre 1996 - The mind of the.pdf</url></pdf-urls></urls></record></records></xml>