<?xml version="1.0" encoding="UTF-8" ?><xml><records><record><database name="NSCClibrary.enl" path="F:\NSCClibrary.enl">NSCClibrary.enl</database><source-app name="EndNote" version="17.1">EndNote</source-app><rec-number>3886</rec-number><foreign-keys><key app="EN" db-id="5s5ppfp52t55w0eadv7p5ss3vfxzs5fwwe5w">3886</key></foreign-keys><ref-type name="Unpublished Work">34</ref-type><contributors><authors><author><style face="normal" font="default" size="100%">Anderson, Raymond</style></author></authors></contributors><titles><title><style face="normal" font="default" size="100%">Reunification</style></title></titles><keywords><keyword><style face="normal" font="default" size="100%">Family reunification</style></keyword><keyword><style face="normal" font="default" size="100%">Incest</style></keyword><keyword><style face="normal" font="default" size="100%">Intrafamilial sexual abuse</style></keyword><keyword><style face="normal" font="default" size="100%">Reunification</style></keyword></keywords><dates><year><style face="normal" font="default" size="100%">n.d.</style></year></dates><abstract><style face="normal" font="default" size="100%">Criteria for reuniting a family after an incest occurrence.</style></abstract><urls><pdf-urls><url>internal-pdf://Anderson nd - Reunification-3472267008/Anderson nd - Reunification.pdf</url></pdf-urls></urls></record><record><database name="NSCClibrary.enl" path="F:\NSCClibrary.enl">NSCClibrary.enl</database><source-app name="EndNote" version="17.1">EndNote</source-app><rec-number>2950</rec-number><foreign-keys><key app="EN" db-id="5s5ppfp52t55w0eadv7p5ss3vfxzs5fwwe5w">2950</key></foreign-keys><ref-type name="Journal Article">17</ref-type><contributors><authors><author><style face="normal" font="default" size="100%">Berliner, Lucy E.</style></author></authors></contributors><titles><title><style face="normal" font="default" size="100%">Is family preservation in the best interest of children?</style></title><secondary-title><style face="normal" font="default" size="100%">Journal of Interpersonal Violence</style></secondary-title></titles><periodical><full-title><style face="normal" font="default" size="100%">Journal of Interpersonal Violence</style></full-title></periodical><pages><style face="normal" font="default" size="100%">556-562</style></pages><volume><style face="normal" font="default" size="100%">8</style></volume><number><style face="normal" font="default" size="100%">4</style></number><keywords><keyword><style face="normal" font="default" size="100%">Child abuse</style></keyword><keyword><style face="normal" font="default" size="100%">Child protection</style></keyword><keyword><style face="normal" font="default" size="100%">Child welfare</style></keyword><keyword><style face="normal" font="default" size="100%">Family reunification</style></keyword><keyword><style face="normal" font="default" size="100%">Policy</style></keyword><keyword><style face="normal" font="default" size="100%">Reunification</style></keyword></keywords><dates><year><style face="normal" font="default" size="100%">1993</style></year></dates><isbn><style face="normal" font="default" size="100%">1552-6518</style></isbn><abstract><style face="normal" font="default" size="100%">Child protection and child advocacy need to replace family reunification as the guiding policy of child welfare agencies. Child welfare workers need to &quot;listen&quot; to the actions of maltreating parents. Parents who fractured the skulls or bones of 6-month-old children, who have sexual intercourse with 12-month-old daughters, and whose drug abuse patterns compromise their ability to care for their children are simply not entitled to three strikes before they lose their rights as parents. With some kinds of child maltreament, one strike is sufficient to warrant terminating parental rights.</style></abstract><urls><pdf-urls><url>internal-pdf://Berliner 1993 - Is family-0373201921/Berliner 1993 - Is family.pdf</url></pdf-urls></urls></record><record><database name="NSCClibrary.enl" path="F:\NSCClibrary.enl">NSCClibrary.enl</database><source-app name="EndNote" version="17.1">EndNote</source-app><rec-number>1977</rec-number><foreign-keys><key app="EN" db-id="5s5ppfp52t55w0eadv7p5ss3vfxzs5fwwe5w">1977</key><key app="ENWeb" db-id="ThEeKwrtqggAAHqv064">4974</key></foreign-keys><ref-type name="Unpublished Work">34</ref-type><contributors><authors><author><style face="normal" font="default" size="100%">Berry, Marianne</style></author></authors></contributors><titles><title><style face="normal" font="default" size="100%">Research on our best work in reunification</style></title></titles><section><style face="normal" font="default" size="100%"> </style></section><keywords><keyword><style face="normal" font="default" size="100%">Family reunification</style></keyword><keyword><style face="normal" font="default" size="100%">Foster care</style></keyword><keyword><style face="normal" font="default" size="100%">Incest</style></keyword><keyword><style face="normal" font="default" size="100%">Interfamilial sexual abuse</style></keyword><keyword><style face="normal" font="default" size="100%">Out of home care</style></keyword><keyword><style face="normal" font="default" size="100%">Reunification</style></keyword><keyword><style face="normal" font="default" size="100%">Visitation</style></keyword></keywords><dates><year><style face="normal" font="default" size="100%">n.d.</style></year></dates><abstract><style face="normal" font="default" size="100%">Powerpoint presentation slides from a talk on reunification. Discusses the protection versus connection continuum and how to safely and permanently reunify families. </style></abstract><urls><pdf-urls><url>internal-pdf://Berry nd - Research on our-0980863489/Berry nd - Research on our.pdf</url></pdf-urls></urls></record><record><database name="NSCClibrary.enl" path="F:\NSCClibrary.enl">NSCClibrary.enl</database><source-app name="EndNote" version="17.1">EndNote</source-app><rec-number>2912</rec-number><foreign-keys><key app="EN" db-id="5s5ppfp52t55w0eadv7p5ss3vfxzs5fwwe5w">2912</key></foreign-keys><ref-type name="Unpublished Work">34</ref-type><contributors><authors><author><style face="normal" font="default" size="100%">Cedar Cottage,</style></author></authors></contributors><titles><title><style face="normal" font="default" size="100%">Working with sex offenders: Preparation for contact visits with children</style></title></titles><keywords><keyword><style face="normal" font="default" size="100%">Contact</style></keyword><keyword><style face="normal" font="default" size="100%">Reunification</style></keyword><keyword><style face="normal" font="default" size="100%">Child sex abuse</style></keyword><keyword><style face="normal" font="default" size="100%">Incest</style></keyword></keywords><dates><year><style face="normal" font="default" size="100%">2003</style></year></dates><abstract><style face="normal" font="default" size="100%">Powerpoint presentation slides from a talk prepared for ECAV.</style></abstract><urls><pdf-urls><url>internal-pdf://Cedar Cottage 2003 - Presentation to ECAV-0629784833/Cedar Cottage 2003 - Presentation to ECAV.pdf</url></pdf-urls></urls></record><record><database name="NSCClibrary.enl" path="F:\NSCClibrary.enl">NSCClibrary.enl</database><source-app name="EndNote" version="17.1">EndNote</source-app><rec-number>3611</rec-number><foreign-keys><key app="EN" db-id="5s5ppfp52t55w0eadv7p5ss3vfxzs5fwwe5w">3611</key></foreign-keys><ref-type name="Report">27</ref-type><contributors><authors><author><style face="normal" font="default" size="100%">Eldridge, Hilary</style></author><author><style face="normal" font="default" size="100%">Still, Jenny</style></author></authors></contributors><titles><title><style face="normal" font="default" size="100%">Therapy-based assessment of the possibility of family reconstruction: A partnership approach</style></title></titles><keywords><keyword><style face="normal" font="default" size="100%">Assessment</style></keyword><keyword><style face="normal" font="default" size="100%">Child protection</style></keyword><keyword><style face="normal" font="default" size="100%">Family reunification</style></keyword><keyword><style face="normal" font="default" size="100%">Grooming</style></keyword><keyword><style face="normal" font="default" size="100%">Relapse prevention</style></keyword><keyword><style face="normal" font="default" size="100%">Sex offender treatment</style></keyword><keyword><style face="normal" font="default" size="100%">Tactics</style></keyword><keyword><style face="normal" font="default" size="100%">Therapeutic intervention</style></keyword></keywords><dates><year><style face="normal" font="default" size="100%">1993</style></year></dates><publisher><style face="normal" font="default" size="100%">Gracewell</style></publisher><abstract><style face="normal" font="default" size="100%">Jenny Still and Hilary Eldridge have prepared the following guidelines for consideration of family reconstruction. It must be emphasised that the guidelines assume ongoing assessment of the offender&apos;s progress in developing and implementing a realistic relapse prevention plan, and therapy facilitating the protection of children from physical/sexual abuse.</style></abstract><urls><pdf-urls><url>internal-pdf://Eldridge et al 1993 - Therapy based assessment-1117930752/Eldridge et al 1993 - Therapy based assessment.pdf</url></pdf-urls></urls></record><record><database name="NSCClibrary.enl" path="F:\NSCClibrary.enl">NSCClibrary.enl</database><source-app name="EndNote" version="17.1">EndNote</source-app><rec-number>2998</rec-number><foreign-keys><key app="EN" db-id="5s5ppfp52t55w0eadv7p5ss3vfxzs5fwwe5w">2998</key></foreign-keys><ref-type name="Journal Article">17</ref-type><contributors><authors><author><style face="normal" font="default" size="100%">Fein, Edith</style></author><author><style face="normal" font="default" size="100%">Staff, Ilene</style></author></authors></contributors><titles><title><style face="normal" font="default" size="100%">Last best chance: Findings from a reunification services program</style></title><secondary-title><style face="normal" font="default" size="100%">Child Welfare: Journal of Policy, Practice, and Program</style></secondary-title></titles><periodical><full-title><style face="normal" font="default" size="100%">Child Welfare: Journal of Policy, Practice, and Program</style></full-title></periodical><pages><style face="normal" font="default" size="100%">25-40</style></pages><volume><style face="normal" font="default" size="100%">72</style></volume><number><style face="normal" font="default" size="100%">1</style></number><keywords><keyword><style face="normal" font="default" size="100%">Family reunification</style></keyword><keyword><style face="normal" font="default" size="100%">Foster care</style></keyword><keyword><style face="normal" font="default" size="100%">Out of home care</style></keyword><keyword><style face="normal" font="default" size="100%">Policy</style></keyword></keywords><dates><year><style face="normal" font="default" size="100%">1993</style></year></dates><isbn><style face="normal" font="default" size="100%">0009-4021</style></isbn><abstract><style face="normal" font="default" size="100%">This article presents the results of an evaluation of a special program for family reunification after foster care, and discusses implications for policy and practice, including what constitutes a good outcome, use of goals and plans to structure practice, the child or the family as a whole as the client and focus of work, and the use of data for case decision-making</style></abstract><urls><pdf-urls><url>internal-pdf://Fein et al 1993 - Last best chance findings-1099773697/Fein et al 1993 - Last best chance findings.pdf</url></pdf-urls></urls></record><record><database name="NSCClibrary.enl" path="F:\NSCClibrary.enl">NSCClibrary.enl</database><source-app name="EndNote" version="17.1">EndNote</source-app><rec-number>3019</rec-number><foreign-keys><key app="EN" db-id="5s5ppfp52t55w0eadv7p5ss3vfxzs5fwwe5w">3019</key></foreign-keys><ref-type name="Journal Article">17</ref-type><contributors><authors><author><style face="normal" font="default" size="100%">Gelles, Richard J.</style></author></authors></contributors><titles><title><style face="normal" font="default" size="100%">Family reunification/family preservation: Are children really being protected?</style></title><secondary-title><style face="normal" font="default" size="100%">Journal of Interpersonal Violence</style></secondary-title></titles><periodical><full-title><style face="normal" font="default" size="100%">Journal of Interpersonal Violence</style></full-title></periodical><pages><style face="normal" font="default" size="100%">557-562</style></pages><volume><style face="normal" font="default" size="100%">8</style></volume><number><style face="normal" font="default" size="100%">4</style></number><keywords><keyword><style face="normal" font="default" size="100%">Child abuse</style></keyword><keyword><style face="normal" font="default" size="100%">Child maltreatment</style></keyword><keyword><style face="normal" font="default" size="100%">Child neglect</style></keyword><keyword><style face="normal" font="default" size="100%">Family preservation</style></keyword><keyword><style face="normal" font="default" size="100%">Family reunification</style></keyword><keyword><style face="normal" font="default" size="100%">Foster care</style></keyword><keyword><style face="normal" font="default" size="100%">Out of home care</style></keyword></keywords><dates><year><style face="normal" font="default" size="100%">1993</style></year></dates><isbn><style face="normal" font="default" size="100%">1552-6518</style></isbn><abstract><style face="normal" font="default" size="100%">In May, 1993, the Clinton administration announced that it wanted to spend $1.4 billion over the next 5 years for a program to keep abused and neglected children out of foster care and in their homes. The monies would be used to help states expand or start &quot;family preservation&quot; programs for families in crisis. In response to the Clinton administration proposal, David Leiderman. executive director of the Child Welfare League of America, has said that everyone in that business really believes that when it is possible to keep children and their families together, it ought to be done.</style></abstract><urls><pdf-urls><url>internal-pdf://Gelles 1993 - Family reunification family preservation-2507136257/Gelles 1993 - Family reunification family preservation.pdf</url></pdf-urls></urls></record><record><database name="NSCClibrary.enl" path="F:\NSCClibrary.enl">NSCClibrary.enl</database><source-app name="EndNote" version="17.1">EndNote</source-app><rec-number>3664</rec-number><foreign-keys><key app="EN" db-id="5s5ppfp52t55w0eadv7p5ss3vfxzs5fwwe5w">3664</key></foreign-keys><ref-type name="Journal Article">17</ref-type><contributors><authors><author><style face="normal" font="default" size="100%">Hewitt, Sandra K.</style></author></authors></contributors><titles><title><style face="normal" font="default" size="100%">Therapeutically Managing Reunification After Abuse Allegations</style></title><secondary-title><style face="normal" font="default" size="100%">Journal of Child Sexual Abuse</style></secondary-title></titles><periodical><full-title><style face="normal" font="default" size="100%">Journal of Child Sexual Abuse</style></full-title></periodical><pages><style face="normal" font="default" size="100%">17-19</style></pages><volume><style face="normal" font="default" size="100%">17</style></volume><number><style face="normal" font="default" size="100%">1</style></number><keywords><keyword><style face="normal" font="default" size="100%">Family reunification</style></keyword><keyword><style face="normal" font="default" size="100%">Incest</style></keyword><keyword><style face="normal" font="default" size="100%">Intrafamilial sexual abuse</style></keyword><keyword><style face="normal" font="default" size="100%">Sex offender</style></keyword><keyword><style face="normal" font="default" size="100%">Therapeutic intervention</style></keyword></keywords><dates><year><style face="normal" font="default" size="100%">2008</style></year><pub-dates><date><style face="normal" font="default" size="100%">2008/04/04</style></date></pub-dates></dates><publisher><style face="normal" font="default" size="100%">Routledge</style></publisher><isbn><style face="normal" font="default" size="100%">1053-8712</style></isbn><abstract><style face="normal" font="default" size="100%">WHAT IS THE APPROPRIATE ROLE OF A CHILD, A CUSTODIAL PARENT, AND AN ALLEGED OFFENDER IN A REUNIFICATION PROCESS? The law is black and white—either the party is guilty of abuse or they are not. If the alleged offender is not guilty, then a return to contact is ordered. The issue of child sexual abuse, however, is not a black and white issue; young children often cannot describe their experiences in a way that can be admitted in court, and, even if admitted, they are often unable to stand for cross examination of their statements. The custodial parent believes something has happened as they have witnessed the fears, nightmares, hypervigilance, sexual acting out. But none of this reaches the threshold for prosecution. Often a child is ordered back into contact with no transition to help and the custodial parent feels helpless to protect.</style></abstract><urls><related-urls><url><style face="normal" font="default" size="100%">http://dx.doi.org/10.1080/10538710701884326</style></url></related-urls><pdf-urls><url>internal-pdf://Hewitt 2008 - Therapeutically managing-1817231360/Hewitt 2008 - Therapeutically managing.pdf</url></pdf-urls></urls><electronic-resource-num><style face="normal" font="default" size="100%">10.1080/10538710701884326</style></electronic-resource-num><access-date><style face="normal" font="default" size="100%">2012/09/18</style></access-date></record><record><database name="NSCClibrary.enl" path="F:\NSCClibrary.enl">NSCClibrary.enl</database><source-app name="EndNote" version="17.1">EndNote</source-app><rec-number>3017</rec-number><foreign-keys><key app="EN" db-id="5s5ppfp52t55w0eadv7p5ss3vfxzs5fwwe5w">3017</key></foreign-keys><ref-type name="Journal Article">17</ref-type><contributors><authors><author><style face="normal" font="default" size="100%">Jones, Elizabeth</style></author><author><style face="normal" font="default" size="100%">Parkinson, Patrick</style></author></authors></contributors><titles><title><style face="normal" font="default" size="100%">Child sexual abuse, access and the wishes of children</style></title><secondary-title><style face="normal" font="default" size="100%">International Journal of Law, Policy and the Family</style></secondary-title></titles><periodical><full-title><style face="normal" font="default" size="100%">International Journal of Law, Policy and the Family</style></full-title></periodical><pages><style face="normal" font="default" size="100%">54-85</style></pages><volume><style face="normal" font="default" size="100%">9</style></volume><number><style face="normal" font="default" size="100%">1</style></number><keywords><keyword><style face="normal" font="default" size="100%">Child sexual abuse</style></keyword><keyword><style face="normal" font="default" size="100%">Family reunification</style></keyword><keyword><style face="normal" font="default" size="100%">Incest</style></keyword><keyword><style face="normal" font="default" size="100%">Intrafamilial sexual abuse</style></keyword><keyword><style face="normal" font="default" size="100%">Parent-child relations</style></keyword><keyword><style face="normal" font="default" size="100%">Parents</style></keyword><keyword><style face="normal" font="default" size="100%">Survivors</style></keyword><keyword><style face="normal" font="default" size="100%">Visitation</style></keyword></keywords><dates><year><style face="normal" font="default" size="100%">1995</style></year></dates><isbn><style face="normal" font="default" size="100%">1360-9939</style></isbn><abstract><style face="normal" font="default" size="100%">This article examines the question of whether access should be suspended entirely following findings that the parent seeking access has sexually abused the child. It considers the desirability of contact with a perpetrator from the point of view of the child&apos;s healing process in recovering from abuse. The article first considers the way the English courts have dealt with the problem of access decisions where sexual abuse has been proven. Then it examines the effects of sexual abuse on the child&apos;s relationship with the perpetrator, with reference to case examples drawn from the clinical experience of one of the authors. Finally, Australian caselaw developments are considered as offering a suitable legal framework for making access decisions in these cases. The authors argue that in the child&apos;s long-term interests, it is usually necessary that there is a significant period when there is no contact between the parent and the child, in order for the child to be able to work through his or her feelings of powerlessness, anger, and traumatic sexualisation. If contact between the child and the perpetrator occurs before this healing process is far advanced, there is a danger that serious emotional harm will continue to be done. In determining whether access should be resumed following a period when contact has ceased, the wishes of the child should be the prime consideration. However, children&apos;s wishes and feelings regarding contact need to be understood in the light of their age and understanding, and in the context of a history of distorted relationships, blurred role boundaries, and long-standing cognitive manipulation of the child. Examining the issue of contact with perpetrators from a therapeutic perspective underlines the difficulties there are in the way of courts making such decisions about children within the framework of legal discourse. The focus of courts upon provable instances of sexual abuse leads to a tendency to treat sexual abuse as an event or a series of events, rather than to see it in terms of its effects upon the entire parent-child relationship. This provides a false foundation for making decisions on access which are sensitive to the child&apos;s needs in recovering from the abuse.</style></abstract><urls><pdf-urls><url>internal-pdf://Jones et al 1995 - Child sexual abuse access-1294997761/Jones et al 1995 - Child sexual abuse access.pdf</url></pdf-urls></urls></record><record><database name="NSCClibrary.enl" path="F:\NSCClibrary.enl">NSCClibrary.enl</database><source-app name="EndNote" version="17.1">EndNote</source-app><rec-number>3051</rec-number><foreign-keys><key app="EN" db-id="5s5ppfp52t55w0eadv7p5ss3vfxzs5fwwe5w">3051</key></foreign-keys><ref-type name="Journal Article">17</ref-type><contributors><authors><author><style face="normal" font="default" size="100%">Karoll, Brad R.</style></author><author><style face="normal" font="default" size="100%">Poertner, John</style></author></authors></contributors><titles><title><style face="normal" font="default" size="100%">Judges&apos;, caseworkers&apos;, and substance abuse counselors&apos; indicators of family reunification with substance-affected parents</style></title><secondary-title><style face="normal" font="default" size="100%">Child Welfare</style></secondary-title></titles><periodical><full-title><style face="normal" font="default" size="100%">Child Welfare</style></full-title></periodical><pages><style face="normal" font="default" size="100%">249</style></pages><volume><style face="normal" font="default" size="100%">81</style></volume><number><style face="normal" font="default" size="100%">2</style></number><keywords><keyword><style face="normal" font="default" size="100%">Casework</style></keyword><keyword><style face="normal" font="default" size="100%">Child welfare</style></keyword><keyword><style face="normal" font="default" size="100%">Family reunification</style></keyword><keyword><style face="normal" font="default" size="100%">Substance abuse</style></keyword></keywords><dates><year><style face="normal" font="default" size="100%">2002</style></year></dates><isbn><style face="normal" font="default" size="100%">0009-4021</style></isbn><abstract><style face="normal" font="default" size="100%">The decision to reunify children with their substance affected parent is highly complex and requires a tremendous amount of work and change on the part of the affected parent. This exploratory study identified indicators for safe reunification of children placed in foster care due to parental substance abuse. Judges who hear juvenile cases, private agency child welfare caseworke rs, and substance abuse counselors from a large midwestern state were surveyed using an instrument composed of a preliminary list of indicators identified through focus groups with these professional groups. Responses from 196 professionals who rated the importance of each item and subsequent factor analysis resulted in identification of 97 indicators. These indicators were grouped into the categories of motivation, recovery, competency, and reliability; social support; parenting skills; and legal issues. Implications of the findings for practice are discussed.</style></abstract><urls><pdf-urls><url>internal-pdf://Karoll et al 2002 - Judges caseworkers-0548072961/Karoll et al 2002 - Judges caseworkers.pdf</url></pdf-urls></urls></record><record><database name="NSCClibrary.enl" path="F:\NSCClibrary.enl">NSCClibrary.enl</database><source-app name="EndNote" version="17.1">EndNote</source-app><rec-number>3220</rec-number><foreign-keys><key app="EN" db-id="5s5ppfp52t55w0eadv7p5ss3vfxzs5fwwe5w">3220</key></foreign-keys><ref-type name="Journal Article">17</ref-type><contributors><authors><author><style face="normal" font="default" size="100%">Landy, Sarah</style></author><author><style face="normal" font="default" size="100%">Munro, Shiela</style></author></authors></contributors><titles><title><style face="normal" font="default" size="100%">Shared parenting: Assessing the success of a foster parent program aimed at family reunification</style></title><secondary-title><style face="normal" font="default" size="100%">Child Abuse &amp; Neglect</style></secondary-title></titles><periodical><full-title><style face="normal" font="default" size="100%">Child Abuse &amp; Neglect</style></full-title></periodical><pages><style face="normal" font="default" size="100%">305-318</style></pages><volume><style face="normal" font="default" size="100%">22</style></volume><number><style face="normal" font="default" size="100%">4</style></number><keywords><keyword><style face="normal" font="default" size="100%">At-risk</style></keyword><keyword><style face="normal" font="default" size="100%">Child abuse</style></keyword><keyword><style face="normal" font="default" size="100%">Family reunification</style></keyword><keyword><style face="normal" font="default" size="100%">Foster care</style></keyword><keyword><style face="normal" font="default" size="100%">Out of home care</style></keyword><keyword><style face="normal" font="default" size="100%">Parents</style></keyword><keyword><style face="normal" font="default" size="100%">Prevention</style></keyword></keywords><dates><year><style face="normal" font="default" size="100%">1998</style></year></dates><isbn><style face="normal" font="default" size="100%">0145-2134</style></isbn><abstract><style face="normal" font="default" size="100%">Objective: There were two main objectives of the study: (1) To assess the effectiveness of a model of family reunification which united the role of parent aide and foster parent; and (2) to determine which characteristics of the families with children in care were associated with reunification. Method: A multisite project known as the Shared Parenting Project recruited families from five child protection agencies to participate in aprogram in which fosterparents became extended rather than substitute families. Families were tested before the program began on a number of sociodemographic, psychological, and family measures. The success of the program was determined by whether the child was able to return home or if the program facilitated permanency planning. The success of the project was also examined by considering the relationship between returning home and a number of risk factors measured in the families with children in care. Results: Very few families who met the criteria for the project could be recruited and only 31% of the participants completed the program and returned home. The process of permanency planning was facilitated in another 50% of the cases. The more stable families with less risk factors were more likely to complete the program successfully and to have their children return home. Conclusions: The results indicate that although the treatment model has excellent potential with less at-risk families it could not meet the treatment needs of the majority of families with children in foster care in the five child protection agencies. It is recommended that this model could be most helpful offered through parent aides attached to community support agencies that could provide respite care, support, and resources to families as needed thus avoiding the child having to be placed in care.</style></abstract><urls><pdf-urls><url>internal-pdf://Landy et al 1998 - Shared parenting assessing-0415436800/Landy et al 1998 - Shared parenting assessing.pdf</url></pdf-urls></urls></record><record><database name="NSCClibrary.enl" path="F:\NSCClibrary.enl">NSCClibrary.enl</database><source-app name="EndNote" version="17.1">EndNote</source-app><rec-number>3079</rec-number><foreign-keys><key app="EN" db-id="5s5ppfp52t55w0eadv7p5ss3vfxzs5fwwe5w">3079</key></foreign-keys><ref-type name="Book Section">5</ref-type><contributors><authors><author><style face="normal" font="default" size="100%">Matthews, Jane Kinder</style></author><author><style face="normal" font="default" size="100%">Raymaker, Jodie</style></author><author><style face="normal" font="default" size="100%">Speltz, K.</style></author></authors><secondary-authors><author><style face="normal" font="default" size="100%">Patton, M.Q.</style></author></secondary-authors></contributors><titles><title><style face="normal" font="default" size="100%">Effects of reunification on sexually abusive families</style></title><secondary-title><style face="normal" font="default" size="100%">Family sexual abuse: Frontline research and evaluation</style></secondary-title></titles><periodical><full-title><style face="normal" font="default" size="100%">Family Sexual Abuse: Frontline Research and Evaluation</style></full-title></periodical><pages><style face="normal" font="default" size="100%">147-161</style></pages><keywords><keyword><style face="normal" font="default" size="100%">Child sexual abuse</style></keyword><keyword><style face="normal" font="default" size="100%">Family reunification</style></keyword><keyword><style face="normal" font="default" size="100%">Incest</style></keyword><keyword><style face="normal" font="default" size="100%">Intrafamilial sexual abuse</style></keyword></keywords><dates><year><style face="normal" font="default" size="100%">1991</style></year></dates><pub-location><style face="normal" font="default" size="100%">Thousand Oaks, California</style></pub-location><publisher><style face="normal" font="default" size="100%">SAGE</style></publisher><isbn><style face="normal" font="default" size="100%">0803939612</style></isbn><abstract><style face="normal" font="default" size="100%">This study focused on the impact of reunification on sexually abusive families. A project of this nature seems warranted since our review of the literature indicated very little research to date that examines the functioning of reunited families. Trepper and Traicoff (1985) studied the effects of a specific treatment modality on incest families. O&apos;Connell (1986) formulated a step-by-step procedure for reuniting incest families. This research moves beyond previous studies and focuses on the functioning of reunited families—specifically on how reunification was perceived and experienced by each family member. The study also identifies what intervention and treatment had occurred and was further needed. By studying reunification from this perspective, we hoped to identify factors that could give professionals in the field early warning that reunification would be either detrimental or constructive for individual family members or for the family as a whole. What follows is a description of the background and limits of this study, discussion of the research methodology, the foundation for defining a &quot;good enough&quot; family, and findings on the experience of reunification as described by the perpetrators, spouses, and victims of a limited sample of five families. This research is continuing, with the goal of studying at least 15 families, including additional data on levels of family functioning.</style></abstract><urls><pdf-urls><url>internal-pdf://Matthews et al 1991 - Effects of reunification-0189524993/Matthews et al 1991 - Effects of reunification.pdf</url></pdf-urls></urls></record><record><database name="NSCClibrary.enl" path="F:\NSCClibrary.enl">NSCClibrary.enl</database><source-app name="EndNote" version="17.1">EndNote</source-app><rec-number>3251</rec-number><foreign-keys><key app="EN" db-id="5s5ppfp52t55w0eadv7p5ss3vfxzs5fwwe5w">3251</key></foreign-keys><ref-type name="Journal Article">17</ref-type><contributors><authors><author><style face="normal" font="default" size="100%">McCartt Hess, Peg</style></author><author><style face="normal" font="default" size="100%">McGowan, Brenda G.</style></author><author><style face="normal" font="default" size="100%">Botsko, Michael</style></author></authors></contributors><titles><title><style face="normal" font="default" size="100%">A preventive services program model for preserving and supporting families over time</style></title><secondary-title><style face="normal" font="default" size="100%">Child Welfare</style></secondary-title></titles><periodical><full-title><style face="normal" font="default" size="100%">Child Welfare</style></full-title></periodical><pages><style face="normal" font="default" size="100%">227-65</style></pages><volume><style face="normal" font="default" size="100%">79</style></volume><number><style face="normal" font="default" size="100%">3</style></number><keywords><keyword><style face="normal" font="default" size="100%">Child welfare</style></keyword><keyword><style face="normal" font="default" size="100%">Family preservation</style></keyword><keyword><style face="normal" font="default" size="100%">Foster care</style></keyword><keyword><style face="normal" font="default" size="100%">Out of home care</style></keyword></keywords><dates><year><style face="normal" font="default" size="100%">2000</style></year></dates><isbn><style face="normal" font="default" size="100%">0009-4021</style></isbn><abstract><style face="normal" font="default" size="100%">A 3-year study evaluated a program to prevent unnecessary out-of-home placement of children. The program combines family preservation and family support services into a comprehensive yet individualized response to families. Findings indicate that four program elements correspond with those identified as characterizing family preservation programs, and three key program elements differentiate the Center&apos;s approach from other family preservation programs.</style></abstract><urls><pdf-urls><url>internal-pdf://McCartt 2000 - A preventive services program-1117697537/McCartt 2000 - A preventive services program.pdf</url></pdf-urls></urls></record><record><database name="NSCClibrary.enl" path="F:\NSCClibrary.enl">NSCClibrary.enl</database><source-app name="EndNote" version="17.1">EndNote</source-app><rec-number>1976</rec-number><foreign-keys><key app="EN" db-id="5s5ppfp52t55w0eadv7p5ss3vfxzs5fwwe5w">1976</key><key app="ENWeb" db-id="ThEeKwrtqggAAHqv064">4973</key></foreign-keys><ref-type name="Conference Paper">47</ref-type><contributors><authors><author><style face="normal" font="default" size="100%">Miller, Robyn</style></author><author><style face="normal" font="default" size="100%">Dwyer, Jenny</style></author></authors></contributors><titles><title><style face="normal" font="default" size="100%">Victim led therapy with intrafamilial sex offenders: A pathway to healing</style></title><secondary-title><style face="normal" font="default" size="100%">VOTA Conference</style></secondary-title></titles><keywords><keyword><style face="normal" font="default" size="100%">Intrafamilial sexual abuse</style></keyword><keyword><style face="normal" font="default" size="100%">Incest</style></keyword><keyword><style face="normal" font="default" size="100%">Therapy</style></keyword><keyword><style face="normal" font="default" size="100%">Sex offender treatment</style></keyword><keyword><style face="normal" font="default" size="100%">Child protection</style></keyword><keyword><style face="normal" font="default" size="100%">Shame</style></keyword></keywords><dates><year><style face="normal" font="default" size="100%">2007</style></year><pub-dates><date><style face="normal" font="default" size="100%">28 November 2007</style></date></pub-dates></dates><pub-location><style face="normal" font="default" size="100%">Melbourne, Victoria</style></pub-location><abstract><style face="normal" font="default" size="100%">Powerpoint presentation slides from Child Protection and Family Services Branch, Office for Children, Victoria on the treatment of intrafamilial sexual abusers with a focus on the Dialectical Healing Model, shame and accountability, integrated healing, pragmatics of practice, and confrontative interviews.</style></abstract><urls><pdf-urls><url>internal-pdf://Dwyer_Jenny%2520-4016105728/Dwyer_Jenny%2520.pdf</url></pdf-urls></urls></record><record><database name="NSCClibrary.enl" path="F:\NSCClibrary.enl">NSCClibrary.enl</database><source-app name="EndNote" version="17.1">EndNote</source-app><rec-number>2826</rec-number><foreign-keys><key app="EN" db-id="5s5ppfp52t55w0eadv7p5ss3vfxzs5fwwe5w">2826</key></foreign-keys><ref-type name="Journal Article">17</ref-type><contributors><authors><author><style face="normal" font="default" size="100%">Saunders, Benjamin E.</style></author><author><style face="normal" font="default" size="100%">Meinig, Mary B.</style></author></authors></contributors><titles><title><style face="normal" font="default" size="100%">Immediate issues affecting long term family resolution in cases of parent-child sexual abuse</style></title><secondary-title><style face="normal" font="default" size="100%">Treatment of child abuse: Common ground for mental health, medical, and legal practitioners</style></secondary-title></titles><periodical><full-title><style face="normal" font="default" size="100%">Treatment of child abuse: Common ground for mental health, medical, and legal practitioners</style></full-title></periodical><pages><style face="normal" font="default" size="100%">36-53</style></pages><keywords><keyword><style face="normal" font="default" size="100%">Criminal justice responses</style></keyword><keyword><style face="normal" font="default" size="100%">Family therapy</style></keyword><keyword><style face="normal" font="default" size="100%">Incest</style></keyword><keyword><style face="normal" font="default" size="100%">Intrafamilial sexual abuse</style></keyword><keyword><style face="normal" font="default" size="100%">Law</style></keyword><keyword><style face="normal" font="default" size="100%">Legal</style></keyword><keyword><style face="normal" font="default" size="100%">Parent-child relations</style></keyword></keywords><dates><year><style face="normal" font="default" size="100%">2000</style></year></dates><abstract><style face="normal" font="default" size="100%">When sexual abuse occurs in a family, medical, social service, mental health, and legal systerns will converge. Their presence is time-limited, but the continuing needs of the family and long-term family functioning must be considered in the services it receives and the issues that are addressed. These issues include separation/removal, continuing manipulation of the family by the parent offender, conflicting feelings of family members (child victim, nonoffending parent, non-abused siblings), and shared familial cognitive distortions. Successful family therapy will consider all the problems incest families will face over time, help develop ways of anticipating and managing these problems, affirm the positive parts of existing relationships, and seek to achieve some form of long-term family resolution in the best interest of child victims allowing them both physical safety and the benefits of a positive parent-child relationship when possible.</style></abstract><urls><pdf-urls><url>internal-pdf://Saunders et al 2000 - Immediate issues-2899083265/Saunders et al 2000 - Immediate issues.pdf</url></pdf-urls></urls></record><record><database name="NSCClibrary.enl" path="F:\NSCClibrary.enl">NSCClibrary.enl</database><source-app name="EndNote" version="17.1">EndNote</source-app><rec-number>1944</rec-number><foreign-keys><key app="EN" db-id="5s5ppfp52t55w0eadv7p5ss3vfxzs5fwwe5w">1944</key><key app="ENWeb" db-id="ThEeKwrtqggAAHqv064">4941</key></foreign-keys><ref-type name="Online Multimedia">48</ref-type><contributors><authors><author><style face="normal" font="default" size="100%">Saunders, Benjamin E.</style></author><author><style face="normal" font="default" size="100%">Meinig, Mary B.</style></author></authors></contributors><titles><title><style face="normal" font="default" size="100%">Family resolution therapy in cases of intrafamilial sexual abuse</style></title></titles><keywords><keyword><style face="normal" font="default" size="100%">Child welfare</style></keyword><keyword><style face="normal" font="default" size="100%">Clarification session</style></keyword><keyword><style face="normal" font="default" size="100%">Family therapy</style></keyword><keyword><style face="normal" font="default" size="100%">Family treatment</style></keyword><keyword><style face="normal" font="default" size="100%">Incest</style></keyword><keyword><style face="normal" font="default" size="100%">Intervention</style></keyword><keyword><style face="normal" font="default" size="100%">Intrafamilial sexual abuse</style></keyword><keyword><style face="normal" font="default" size="100%">Reunification</style></keyword><keyword><style face="normal" font="default" size="100%">Visitation</style></keyword></keywords><dates><year><style face="normal" font="default" size="100%">2001</style></year></dates><pub-location><style face="normal" font="default" size="100%">Charleston, S.C.</style></pub-location><abstract><style face="normal" font="default" size="100%">Powerpoint slides from presentation on the treatment of intrafamilial sexual abusers, their victims and families through Family Resolution Therapy methods. These include, chaperoned visits and clarification letters.</style></abstract><urls><pdf-urls><url>internal-pdf://famresolutiontherapy-3545805568/famresolutiontherapy.pdf</url></pdf-urls></urls></record><record><database name="NSCClibrary.enl" path="F:\NSCClibrary.enl">NSCClibrary.enl</database><source-app name="EndNote" version="17.1">EndNote</source-app><rec-number>3359</rec-number><foreign-keys><key app="EN" db-id="5s5ppfp52t55w0eadv7p5ss3vfxzs5fwwe5w">3359</key></foreign-keys><ref-type name="Journal Article">17</ref-type><contributors><authors><author><style face="normal" font="default" size="100%">Staudt, Marlys M.</style></author><author><style face="normal" font="default" size="100%">Scheuler-Whitaker, Leslie</style></author><author><style face="normal" font="default" size="100%">Hinterlong, Jim</style></author></authors></contributors><titles><title><style face="normal" font="default" size="100%">The role of family preservation therapists in facilitating use of aftercare services</style></title><secondary-title><style face="normal" font="default" size="100%">Child Abuse &amp; Neglect</style></secondary-title></titles><periodical><full-title><style face="normal" font="default" size="100%">Child Abuse &amp; Neglect</style></full-title></periodical><pages><style face="normal" font="default" size="100%">803-817</style></pages><volume><style face="normal" font="default" size="100%">25</style></volume><number><style face="normal" font="default" size="100%">6</style></number><keywords><keyword><style face="normal" font="default" size="100%">Aftercare services</style></keyword><keyword><style face="normal" font="default" size="100%">Child maltreatment</style></keyword><keyword><style face="normal" font="default" size="100%">Family preservation</style></keyword><keyword><style face="normal" font="default" size="100%">Referral</style></keyword><keyword><style face="normal" font="default" size="100%">Services</style></keyword></keywords><dates><year><style face="normal" font="default" size="100%">2001</style></year></dates><isbn><style face="normal" font="default" size="100%">0145-2134</style></isbn><abstract><style face="normal" font="default" size="100%">Objective: The aims were to: (1) examine the process that family preservation therapists use when developing and implementing aftercare plans, and (2) examine how family preservation therapists perceive the availability and accessibility of community services that families need after short-term family preservation services. Method: Focus groups were conducted with therapists (n 5 26) from five agencies that provide family preservation services in a large Midwest city. One agency was the local public child welfare agency, and the other four were nonprofit agencies with state contracts to provide family preservation services. Results: Therapists viewed aftercare services as important and necessary, yet perceived barriers to families’ use of aftercare services. Therapists undertook a number of activities to help families access and use services, though some therapists took a less active role than others did in helping families link to services. It was perceived that more follow-up was needed to ensure service use. Participants viewed certain services as especially difficult to access or unavailable, including services for men and adolescents. Conclusions: More explicit and focused attention to facilitating service use is needed. This can be accomplished by therapists focusing on service use during assessment and treatment planning. Regular follow-ups after short-term family preservation services for the purpose of helping families to productively use services may be needed. However, systemic changes are also needed to ensure that needed services are available and accessible.</style></abstract><urls><pdf-urls><url>internal-pdf://Staudt et al 2001 - The role of family-1719240449/Staudt et al 2001 - The role of family.pdf</url></pdf-urls></urls></record><record><database name="NSCClibrary.enl" path="F:\NSCClibrary.enl">NSCClibrary.enl</database><source-app name="EndNote" version="17.1">EndNote</source-app><rec-number>914</rec-number><foreign-keys><key app="EN" db-id="5s5ppfp52t55w0eadv7p5ss3vfxzs5fwwe5w">914</key><key app="ENWeb" db-id="ThEeKwrtqggAAHqv064">4510</key></foreign-keys><ref-type name="Book Section">5</ref-type><contributors><authors><author><style face="normal" font="default" size="100%">Thomas, Jerry</style></author><author><style face="normal" font="default" size="100%">Viar, C. Wilson</style></author></authors><secondary-authors><author><style face="normal" font="default" size="100%">Calder, M.C.</style></author></secondary-authors></contributors><titles><title><style face="normal" font="default" size="100%">Family reunification in cases of sibling incest</style></title><secondary-title><style face="normal" font="default" size="100%">Children and young people who sexually abuse: New theory, research and practice development.</style></secondary-title></titles><pages><style face="normal" font="default" size="100%">354-371</style></pages><section><style face="normal" font="default" size="100%">20</style></section><keywords><keyword><style face="normal" font="default" size="100%">Family reunification</style></keyword><keyword><style face="normal" font="default" size="100%">Sibling incest</style></keyword><keyword><style face="normal" font="default" size="100%">Sibling sexual abuse</style></keyword></keywords><dates><year><style face="normal" font="default" size="100%">2005</style></year></dates><pub-location><style face="normal" font="default" size="100%">Dorset</style></pub-location><publisher><style face="normal" font="default" size="100%">Russell House Publishing</style></publisher><abstract><style face="normal" font="default" size="100%">The subject of family reunification for neglected and abused children is a serious concern for all professionals who are faced with responsibility for making these decisions. The consequences of bad decision making can have a devastating impact on all concerned. This chapter focuses on the family reunification process in cases of sexual abuse by a young person upon a sibling, the key criteria for determining the appropriate level of reunification, or, alternately, the decision not to reunify at all</style></abstract><notes><style face="normal" font="default" size="100%">New Street and Cedar Cottage Training CD September 2008</style></notes><urls><pdf-urls><url>internal-pdf://Family.Reunification-1316146945/Family.Reunification.pdf</url></pdf-urls></urls></record><record><database name="NSCClibrary.enl" path="F:\NSCClibrary.enl">NSCClibrary.enl</database><source-app name="EndNote" version="17.1">EndNote</source-app><rec-number>3489</rec-number><foreign-keys><key app="EN" db-id="5s5ppfp52t55w0eadv7p5ss3vfxzs5fwwe5w">3489</key></foreign-keys><ref-type name="Government Document">46</ref-type><contributors><authors><author><style face="normal" font="default" size="100%">Valenta, Linda</style></author></authors><secondary-authors><author><style face="normal" font="default" size="100%">Department of Juvenile Justice,</style></author></secondary-authors></contributors><titles><title><style face="normal" font="default" size="100%">How safe is safe enough? Reunification of families where there has been sibling incest</style></title></titles><pages><style face="normal" font="default" size="100%">45</style></pages><keywords><keyword><style face="normal" font="default" size="100%">Family reunification</style></keyword><keyword><style face="normal" font="default" size="100%">Intrafamilial sexual abuse</style></keyword><keyword><style face="normal" font="default" size="100%">Sibling incest</style></keyword><keyword><style face="normal" font="default" size="100%">Sibling sexual abuse</style></keyword></keywords><dates><year><style face="normal" font="default" size="100%">2002</style></year></dates><pub-location><style face="normal" font="default" size="100%">West Gosford, NSW</style></pub-location><publisher><style face="normal" font="default" size="100%">Baxter Juvenile Justice Centre</style></publisher><abstract><style face="normal" font="default" size="100%">In the absence of adequate clinical and empirical literature, decisions regarding reunification of sibling incest offenders and their families are often made on the basis of clinical observations and/or the application of the principles and practices used with adult incest offenders. Drawing upon the available literature describing the dynamics of sibling incest, and the characteristics of sibling incest offenders and their families, this paper discusses the issues of risk and safety in families where sibling incest has occurred. In considering the question of &quot;how safe, is safe enough&quot;, issues of risk of re offence, victim recovery and protection, family functioning and recognition and responsibility emerge as clinically significant with this population. How these issues reflect, or differ from those considered important in reunification with adult offenders is also considered and the clinical implications for offender, victim, and family intervention are discussed and the gaps in the empirical and clinical literature highlighted.</style></abstract><urls><pdf-urls><url>internal-pdf://Valenta 2002 - How safe is safe enough-2713879552/Valenta 2002 - How safe is safe enough.pdf</url></pdf-urls></urls></record><record><database name="NSCClibrary.enl" path="F:\NSCClibrary.enl">NSCClibrary.enl</database><source-app name="EndNote" version="17.1">EndNote</source-app><rec-number>3166</rec-number><foreign-keys><key app="EN" db-id="5s5ppfp52t55w0eadv7p5ss3vfxzs5fwwe5w">3166</key></foreign-keys><ref-type name="Journal Article">17</ref-type><contributors><authors><author><style face="normal" font="default" size="100%">Werrbach, Gail B.</style></author></authors></contributors><titles><title><style face="normal" font="default" size="100%">The family reunification role-play</style></title><secondary-title><style face="normal" font="default" size="100%">Child Welfare: Journal of Policy, Practice, and Program</style></secondary-title></titles><periodical><full-title><style face="normal" font="default" size="100%">Child Welfare: Journal of Policy, Practice, and Program</style></full-title></periodical><pages><style face="normal" font="default" size="100%">555-568</style></pages><volume><style face="normal" font="default" size="100%">72</style></volume><number><style face="normal" font="default" size="100%">5</style></number><keywords><keyword><style face="normal" font="default" size="100%">Family reunification</style></keyword><keyword><style face="normal" font="default" size="100%">Foster care</style></keyword><keyword><style face="normal" font="default" size="100%">Out of home care</style></keyword></keywords><dates><year><style face="normal" font="default" size="100%">1993</style></year></dates><isbn><style face="normal" font="default" size="100%">0009-4021</style></isbn><abstract><style face="normal" font="default" size="100%">Collaboration, knowledge, value, and skills among parents, professionals, and service delivery systems are particularly important in family reunification. This article reports on a teaching strategy drawn from current family reunification training materials, particularly from Warsh et al. [1994] , to enhance social work students&apos; use of collaboration in child and family settings. M.S.W. students participate in a videotaped role-play of a family reunification case planning conference. Implications for training in family reunification are discussed</style></abstract><urls><pdf-urls><url>internal-pdf://Werrbach 1993 - The family reunification-3794951937/Werrbach 1993 - The family reunification.pdf</url></pdf-urls></urls></record></records></xml>