<?xml version="1.0" encoding="UTF-8" ?><xml><records><record><database name="NSCClibrary.enl" path="F:\NSCClibrary.enl">NSCClibrary.enl</database><source-app name="EndNote" version="17.1">EndNote</source-app><rec-number>3906</rec-number><foreign-keys><key app="EN" db-id="5s5ppfp52t55w0eadv7p5ss3vfxzs5fwwe5w">3906</key></foreign-keys><ref-type name="Journal Article">17</ref-type><contributors><authors><author><style face="normal" font="default" size="100%">Chan, Ko Ling</style></author></authors></contributors><titles><title><style face="normal" font="default" size="100%">The Chinese concept of face and violence against women</style></title><secondary-title><style face="normal" font="default" size="100%">International Social Work</style></secondary-title></titles><periodical><full-title><style face="normal" font="default" size="100%">International Social Work</style></full-title></periodical><pages><style face="normal" font="default" size="100%">65-73</style></pages><volume><style face="normal" font="default" size="100%">49</style></volume><number><style face="normal" font="default" size="100%">1</style></number><keywords><keyword><style face="normal" font="default" size="100%">Chinese</style></keyword><keyword><style face="normal" font="default" size="100%">Culture</style></keyword><keyword><style face="normal" font="default" size="100%">Domestic violence</style></keyword><keyword><style face="normal" font="default" size="100%">Gender</style></keyword><keyword><style face="normal" font="default" size="100%">Intimate partner violence</style></keyword></keywords><dates><year><style face="normal" font="default" size="100%">2006</style></year><pub-dates><date><style face="normal" font="default" size="100%">January 1, 2006</style></date></pub-dates></dates><abstract><style face="normal" font="default" size="100%">The study examines the Chinese face embedded in marital violence. Results from the analysis of male batterers showed that the stronger the face orientation, the greater the masculine gender role stress and thus the greater the likelihood of using violence against a female partner.</style></abstract><urls><related-urls><url><style face="normal" font="default" size="100%">http://isw.sagepub.com/content/49/1/65.abstract</style></url></related-urls><pdf-urls><url>internal-pdf://Chan 2006 - The Chinese concept-3972436224/Chan 2006 - The Chinese concept.pdf</url></pdf-urls></urls><electronic-resource-num><style face="normal" font="default" size="100%">10.1177/0020872806059402</style></electronic-resource-num></record><record><database name="NSCClibrary.enl" path="F:\NSCClibrary.enl">NSCClibrary.enl</database><source-app name="EndNote" version="17.1">EndNote</source-app><rec-number>3905</rec-number><foreign-keys><key app="EN" db-id="5s5ppfp52t55w0eadv7p5ss3vfxzs5fwwe5w">3905</key></foreign-keys><ref-type name="Journal Article">17</ref-type><contributors><authors><author><style face="normal" font="default" size="100%">Chan, Ko Ling</style></author></authors></contributors><titles><title><style face="normal" font="default" size="100%">Sexual violence against women and children in Chinese societies</style></title><secondary-title><style face="normal" font="default" size="100%">Trauma, Violence, &amp; Abuse</style></secondary-title></titles><periodical><full-title><style face="normal" font="default" size="100%">Trauma, Violence, &amp; Abuse</style></full-title></periodical><pages><style face="normal" font="default" size="100%">69-85</style></pages><volume><style face="normal" font="default" size="100%">10</style></volume><number><style face="normal" font="default" size="100%">1</style></number><keywords><keyword><style face="normal" font="default" size="100%">Chinese</style></keyword><keyword><style face="normal" font="default" size="100%">Culture</style></keyword><keyword><style face="normal" font="default" size="100%">Sexual violence</style></keyword></keywords><dates><year><style face="normal" font="default" size="100%">2009</style></year><pub-dates><date><style face="normal" font="default" size="100%">January 1, 2009</style></date></pub-dates></dates><abstract><style face="normal" font="default" size="100%">This article provides a comprehensive overview of the reported patterns of sexual violence against women and children in China. It reviews the prevalence of and risk factors for various types of sexual violence and discusses community knowledge and perceptions of these violent acts. It also critically examines three major problems of sexual violence research in China. First, the diversity of findings and study methods reported by surveys and criminal reports reflects the problems in obtaining accurate figures on the scope of the problem. Second, precautions must be taken in reading studies on Chinese culture-specific risk factors for domestic violence. Third, the study of culture-specific factors should not focus solely on cultural factors in a vacuum but rather, should examine traditional culture in the context of modern societies and consensus international standards of human rights. Recommendations for future research are also discussed.</style></abstract><urls><related-urls><url><style face="normal" font="default" size="100%">http://tva.sagepub.com/content/10/1/69.abstract</style></url></related-urls><pdf-urls><url>internal-pdf://Chan 2009 - Sexual violence against-1153269760/Chan 2009 - Sexual violence against.pdf</url></pdf-urls></urls><electronic-resource-num><style face="normal" font="default" size="100%">10.1177/1524838008327260</style></electronic-resource-num></record><record><database name="NSCClibrary.enl" path="F:\NSCClibrary.enl">NSCClibrary.enl</database><source-app name="EndNote" version="17.1">EndNote</source-app><rec-number>3031</rec-number><foreign-keys><key app="EN" db-id="5s5ppfp52t55w0eadv7p5ss3vfxzs5fwwe5w">3031</key></foreign-keys><ref-type name="Journal Article">17</ref-type><contributors><authors><author><style face="normal" font="default" size="100%">Halverson, Kelly</style></author><author><style face="normal" font="default" size="100%">Puig, Maria Elena</style></author><author><style face="normal" font="default" size="100%">Byers, Steven R.</style></author></authors></contributors><titles><title><style face="normal" font="default" size="100%">Culture loss: American Indian family disruption, urbanization, and the Indian Child Welfare Act</style></title><secondary-title><style face="normal" font="default" size="100%">Child Welfare</style></secondary-title></titles><periodical><full-title><style face="normal" font="default" size="100%">Child Welfare</style></full-title></periodical><pages><style face="normal" font="default" size="100%">319-36</style></pages><volume><style face="normal" font="default" size="100%">81</style></volume><number><style face="normal" font="default" size="100%">2</style></number><keywords><keyword><style face="normal" font="default" size="100%">Child welfare</style></keyword><keyword><style face="normal" font="default" size="100%">Culture</style></keyword><keyword><style face="normal" font="default" size="100%">Family</style></keyword><keyword><style face="normal" font="default" size="100%">Foster care</style></keyword><keyword><style face="normal" font="default" size="100%">Indigenous</style></keyword><keyword><style face="normal" font="default" size="100%">Native Americans</style></keyword><keyword><style face="normal" font="default" size="100%">Out of home care</style></keyword></keywords><dates><year><style face="normal" font="default" size="100%">2002</style></year></dates><isbn><style face="normal" font="default" size="100%">0009-4021</style></isbn><abstract><style face="normal" font="default" size="100%">This study examined the perceptions and views of urban American Indian parents regarding foster care and American Indian family issues. Findings highlight four themes: (1) discouragement from working with the current foster care system, (2) the role of culture in caregiving, (3) differing definitions of family and relatedness, and (4) the effects of historical pain due to past family disruption. These themes are used to formulate guidelines for the development of an American Indian foster care and child welfare program.</style></abstract><urls><pdf-urls><url>internal-pdf://Halverson et al 2002 - Culture loss American-1683437312/Halverson et al 2002 - Culture loss American.pdf</url></pdf-urls></urls></record><record><database name="NSCClibrary.enl" path="F:\NSCClibrary.enl">NSCClibrary.enl</database><source-app name="EndNote" version="17.1">EndNote</source-app><rec-number>3043</rec-number><foreign-keys><key app="EN" db-id="5s5ppfp52t55w0eadv7p5ss3vfxzs5fwwe5w">3043</key></foreign-keys><ref-type name="Journal Article">17</ref-type><contributors><authors><author><style face="normal" font="default" size="100%">Ho, Ting-Pong</style></author><author><style face="normal" font="default" size="100%">Kwok, Wai-Ming</style></author></authors></contributors><titles><title><style face="normal" font="default" size="100%">Child sexual abuse in Hong Kong</style></title><secondary-title><style face="normal" font="default" size="100%">Child Abuse &amp; Neglect</style></secondary-title></titles><periodical><full-title><style face="normal" font="default" size="100%">Child Abuse &amp; Neglect</style></full-title></periodical><pages><style face="normal" font="default" size="100%">597-600</style></pages><volume><style face="normal" font="default" size="100%">15</style></volume><number><style face="normal" font="default" size="100%">4</style></number><keywords><keyword><style face="normal" font="default" size="100%">Child sexual abuse</style></keyword><keyword><style face="normal" font="default" size="100%">Culture</style></keyword><keyword><style face="normal" font="default" size="100%">Hong Kong</style></keyword></keywords><dates><year><style face="normal" font="default" size="100%">1991</style></year></dates><isbn><style face="normal" font="default" size="100%">0145-2134</style></isbn><abstract><style face="normal" font="default" size="100%">Despite growing concern and intense research in child sexual abuse in the West for the past two decades, similar enthusiasm is unheard of in Chinese or Asian societies. The extent of the problem reported in the West is a serious one. In the United Kingdom the annual incidence rate has been reported to be 0.3 per 1,000 children (Mrazek, Lynch, &amp; Bentovim, 1983); and the prevalence rate 12% for females, 8% for males (Baker &amp; Duncan, 1985). In the United States, corresponding figures were 0.7 per 1,000 children (NCCAN, 1981); 6-62% for females and 3-31% for males (Finkelhor, 1986). Across different ethnic groups, the prevalence rates were found to be similar for Afro-Americans (Wyatt, 1985), higher for Hispanics (Kercher &amp; McShane, 1984), and lower for Asians and Jews (Russell, 1986). The basis for such ethnic differences is poorly understood. A Medline search of the literature from 1984 to 1990 did not reveal a single publication on child sexual abuse in Chinese populations. Two papers touched on this issue indirectly: Kok (1984) described three cases in Singapore of parasuicides who were sexually abused in their childhood. Law (1979) reported 155 cases of child molesters in a 10-year period in Hong Kong. A total of 165 girl victims and 18 boy victims were involved. Over half (56%) of the victims were either casual acquaintances or strangers to the offenders. In 1989, only four cases of child sexual abuse were recorded by the child protection services unit of the Social Welfare Department and one case by the Against Child Abuse Agency (1989). Both agencies are official organisations whose sole function is the management of child abuse cases for the whole territory of Hong Kong. Less than ten cases were identified in the past ten years in the child psychiatry unit of Queen Mary Hospital, a regional general hospital serving a local population of 1.5 million. In this paper we report three sexually abused Chinese children in Hong Kong and explore the sociocultural factors that relate to the apparent rarity of the problem.</style></abstract><urls><pdf-urls><url>internal-pdf://Ho et al 1991 - Child sexual abuse-0245933056/Ho et al 1991 - Child sexual abuse.pdf</url></pdf-urls></urls></record><record><database name="NSCClibrary.enl" path="F:\NSCClibrary.enl">NSCClibrary.enl</database><source-app name="EndNote" version="17.1">EndNote</source-app><rec-number>3045</rec-number><foreign-keys><key app="EN" db-id="5s5ppfp52t55w0eadv7p5ss3vfxzs5fwwe5w">3045</key></foreign-keys><ref-type name="Journal Article">17</ref-type><contributors><authors><author><style face="normal" font="default" size="100%">Hosley, Cheryl A.</style></author><author><style face="normal" font="default" size="100%">Gensheimer, Linda</style></author><author><style face="normal" font="default" size="100%">Yang, Mai</style></author></authors></contributors><titles><title><style face="normal" font="default" size="100%">Building effective working relationships across culturally and ethnically diverse communities</style></title><secondary-title><style face="normal" font="default" size="100%">Child Welfare</style></secondary-title></titles><periodical><full-title><style face="normal" font="default" size="100%">Child Welfare</style></full-title></periodical><pages><style face="normal" font="default" size="100%">157-167</style></pages><volume><style face="normal" font="default" size="100%">82</style></volume><number><style face="normal" font="default" size="100%">2</style></number><keywords><keyword><style face="normal" font="default" size="100%">Cultural care</style></keyword><keyword><style face="normal" font="default" size="100%">Cultural safety</style></keyword><keyword><style face="normal" font="default" size="100%">Cultural sensitivity</style></keyword><keyword><style face="normal" font="default" size="100%">Prevention</style></keyword><keyword><style face="normal" font="default" size="100%">Services</style></keyword><keyword><style face="normal" font="default" size="100%">Substance abuse</style></keyword></keywords><dates><year><style face="normal" font="default" size="100%">2003</style></year></dates><isbn><style face="normal" font="default" size="100%">0009-4021</style></isbn><abstract><style face="normal" font="default" size="100%">Amherst H. Wilder Foundation&apos;s Social Adjustment Program for Southeast Asians is implementing two collaborative, best practice, mental health and substance abuse prevention service models in Minnesota. It faced several issues in effectively bridging multiple cultural groups, including building a diverse collaborative team, involving families and youth, reconciling cultural variation in meeting styles, and making best practice models culturally appropriate. Researchers and program staff used multiple strategies to address these challenges and build successful partnerships. Through shared goals, flexibility, and a willingness to explore and address challenges, collaboratives can promote stronger relationships across cultural communities and improve their service delivery systems.</style></abstract><urls><pdf-urls><url>internal-pdf://Hosley et al 2003 - Building effective-1654499073/Hosley et al 2003 - Building effective.pdf</url></pdf-urls></urls></record><record><database name="NSCClibrary.enl" path="F:\NSCClibrary.enl">NSCClibrary.enl</database><source-app name="EndNote" version="17.1">EndNote</source-app><rec-number>3084</rec-number><foreign-keys><key app="EN" db-id="5s5ppfp52t55w0eadv7p5ss3vfxzs5fwwe5w">3084</key></foreign-keys><ref-type name="Journal Article">17</ref-type><contributors><authors><author><style face="normal" font="default" size="100%">McPhatter, Anna R.</style></author><author><style face="normal" font="default" size="100%">Ganaway, Traci L.</style></author></authors></contributors><titles><title><style face="normal" font="default" size="100%">Beyond the rhetoric: Strategies for implementing culturally effective practice with children, families and communities</style></title><secondary-title><style face="normal" font="default" size="100%">Child Welfare</style></secondary-title></titles><periodical><full-title><style face="normal" font="default" size="100%">Child Welfare</style></full-title></periodical><pages><style face="normal" font="default" size="100%">103-24</style></pages><volume><style face="normal" font="default" size="100%">82</style></volume><number><style face="normal" font="default" size="100%">2</style></number><keywords><keyword><style face="normal" font="default" size="100%">Child welfare</style></keyword><keyword><style face="normal" font="default" size="100%">Cultural care</style></keyword><keyword><style face="normal" font="default" size="100%">Cultural competence</style></keyword><keyword><style face="normal" font="default" size="100%">Cultural safety</style></keyword><keyword><style face="normal" font="default" size="100%">Cultural sensitivity</style></keyword><keyword><style face="normal" font="default" size="100%">Professionals</style></keyword></keywords><dates><year><style face="normal" font="default" size="100%">2003</style></year></dates><isbn><style face="normal" font="default" size="100%">0009-4021</style></isbn><abstract><style face="normal" font="default" size="100%">Culturally effective practice remains elusive within child welfare agencies. Recognizing the hierarchical nature of becoming culturally competent, this article presents specific strategies that enhance cultural effectiveness at the individual, interprofessional, middle management, and upper management levels. The approaches evolve from a five-stage model of change: precontemplation, contemplation, preparation, action, and maintenance. Becoming culturally competent requires a clear assessment of where the individual practitioner and agency are on the change continuum. The article also explores barriers to culturally competent practice, with a focus on multilevel strategies that work within child welfare agencies.</style></abstract><urls><pdf-urls><url>internal-pdf://McPhatter et al 2003 - Beyond the rhetoric-3762147585/McPhatter et al 2003 - Beyond the rhetoric.pdf</url></pdf-urls></urls></record><record><database name="NSCClibrary.enl" path="F:\NSCClibrary.enl">NSCClibrary.enl</database><source-app name="EndNote" version="17.1">EndNote</source-app><rec-number>3085</rec-number><foreign-keys><key app="EN" db-id="5s5ppfp52t55w0eadv7p5ss3vfxzs5fwwe5w">3085</key></foreign-keys><ref-type name="Journal Article">17</ref-type><contributors><authors><author><style face="normal" font="default" size="100%">Mederos, Fernando</style></author><author><style face="normal" font="default" size="100%">Woldeguiorguis, Isa</style></author></authors></contributors><titles><title><style face="normal" font="default" size="100%">Beyond cultural competence: What child protection managers need to know and do</style></title><secondary-title><style face="normal" font="default" size="100%">Child Welfare</style></secondary-title></titles><periodical><full-title><style face="normal" font="default" size="100%">Child Welfare</style></full-title></periodical><pages><style face="normal" font="default" size="100%">125-142</style></pages><volume><style face="normal" font="default" size="100%">82</style></volume><number><style face="normal" font="default" size="100%">2</style></number><keywords><keyword><style face="normal" font="default" size="100%">Child protection</style></keyword><keyword><style face="normal" font="default" size="100%">Cultural care</style></keyword><keyword><style face="normal" font="default" size="100%">Cultural competence</style></keyword><keyword><style face="normal" font="default" size="100%">Cultural safety</style></keyword><keyword><style face="normal" font="default" size="100%">Cultural sensitivity</style></keyword><keyword><style face="normal" font="default" size="100%">Policy</style></keyword><keyword><style face="normal" font="default" size="100%">Professionals</style></keyword></keywords><dates><year><style face="normal" font="default" size="100%">2003</style></year></dates><isbn><style face="normal" font="default" size="100%">0009-4021</style></isbn><abstract><style face="normal" font="default" size="100%">This article addresses issues for child protection managers, such as hiring, program design, service evaluation, and policy development. It presents three frameworks for levels of organisational change: cultural sensitivity, which modifies existing services to better meet the needs of target populations; self-reflective cultural sensitivity, which calls for managers to be aware of personal and organisational cultural values; and cultural solidarity, which acknowledges that organisational power is vested in managers, which can oppress clients.</style></abstract><urls><pdf-urls><url>internal-pdf://Mederos et al 2003 -  Beyond cultural competence-0927994625/Mederos et al 2003 -  Beyond cultural competence.pdf</url></pdf-urls></urls></record><record><database name="NSCClibrary.enl" path="F:\NSCClibrary.enl">NSCClibrary.enl</database><source-app name="EndNote" version="17.1">EndNote</source-app><rec-number>3095</rec-number><foreign-keys><key app="EN" db-id="5s5ppfp52t55w0eadv7p5ss3vfxzs5fwwe5w">3095</key></foreign-keys><ref-type name="Journal Article">17</ref-type><contributors><authors><author><style face="normal" font="default" size="100%">Murphy, Suzanne M.</style></author><author><style face="normal" font="default" size="100%">Bryant, Doris</style></author></authors></contributors><titles><title><style face="normal" font="default" size="100%">The effect of cross-cultural dialogue on child welfare parenting classes: Anecdotal evidence in black and white</style></title><secondary-title><style face="normal" font="default" size="100%">Child Welfare</style></secondary-title></titles><periodical><full-title><style face="normal" font="default" size="100%">Child Welfare</style></full-title></periodical><pages><style face="normal" font="default" size="100%">385-405</style></pages><volume><style face="normal" font="default" size="100%">81</style></volume><number><style face="normal" font="default" size="100%">2</style></number><keywords><keyword><style face="normal" font="default" size="100%">Child welfare</style></keyword><keyword><style face="normal" font="default" size="100%">Cultural care</style></keyword><keyword><style face="normal" font="default" size="100%">Professionals</style></keyword><keyword><style face="normal" font="default" size="100%">Social work</style></keyword></keywords><dates><year><style face="normal" font="default" size="100%">2002</style></year></dates><isbn><style face="normal" font="default" size="100%">0009-4021</style></isbn><abstract><style face="normal" font="default" size="100%">The child welfare system indicates that evidence of successful completion of parenting classes is instrumental in determining whether parents are actively engaged in the process of permanency planning. Such classes vary in length and intensity with topics ranging from &quot;How to Raise Healthy Families&quot; to &quot;How to Discipline Your Child.&quot; Two social workers (one white and one black), who initially disagreed about the format of a parenting class, chronicle their efforts to collaborate and create a class format that recognizes the psychosocial and, more specifically, the cultural influences inherent in facilitating these classes. The juxtaposition of the clinical concepts of projection and projective identification are evaluated against the backdrop of the social concepts of empowerment and diversity</style></abstract><urls><pdf-urls><url>internal-pdf://Murphy et al 2002 - The effect of cross-cultural-2780125697/Murphy et al 2002 - The effect of cross-cultural.pdf</url></pdf-urls></urls></record><record><database name="NSCClibrary.enl" path="F:\NSCClibrary.enl">NSCClibrary.enl</database><source-app name="EndNote" version="17.1">EndNote</source-app><rec-number>3156</rec-number><foreign-keys><key app="EN" db-id="5s5ppfp52t55w0eadv7p5ss3vfxzs5fwwe5w">3156</key></foreign-keys><ref-type name="Journal Article">17</ref-type><contributors><authors><author><style face="normal" font="default" size="100%">Stevenson, Kay M.</style></author></authors></contributors><titles><title><style face="normal" font="default" size="100%">A new approach to training child protective services workers for ethnically sensitive practice</style></title><secondary-title><style face="normal" font="default" size="100%">Child Welfare</style></secondary-title></titles><periodical><full-title><style face="normal" font="default" size="100%">Child Welfare</style></full-title></periodical><pages><style face="normal" font="default" size="100%">291-305</style></pages><volume><style face="normal" font="default" size="100%">71</style></volume><number><style face="normal" font="default" size="100%">4</style></number><keywords><keyword><style face="normal" font="default" size="100%">Child protection</style></keyword><keyword><style face="normal" font="default" size="100%">Cross cultural communication</style></keyword><keyword><style face="normal" font="default" size="100%">Cultural care</style></keyword><keyword><style face="normal" font="default" size="100%">Cultural safety</style></keyword><keyword><style face="normal" font="default" size="100%">Cultural sensitivity</style></keyword></keywords><dates><year><style face="normal" font="default" size="100%">1992</style></year></dates><isbn><style face="normal" font="default" size="100%">0009-4021</style></isbn><abstract><style face="normal" font="default" size="100%">A three-dimensional approach to ethnic sensitivity as one of the critical components in the broader context of cultural sensitivity for child protective services (CPS training and evaluation is presented. It incorporates three training and evaluation components—attitudes, knowledge, and skill-building—required in CPS practice in a seven-phase practice process, and encompasses the importance of cross-cultural interactions among clients and workers. Training exercises using this approach and a systematic questioning method are recommended</style></abstract><urls><pdf-urls><url>internal-pdf://Stevenson 1992 - A new approach-0338237440/Stevenson 1992 - A new approach.pdf</url></pdf-urls></urls></record><record><database name="NSCClibrary.enl" path="F:\NSCClibrary.enl">NSCClibrary.enl</database><source-app name="EndNote" version="17.1">EndNote</source-app><rec-number>3470</rec-number><foreign-keys><key app="EN" db-id="5s5ppfp52t55w0eadv7p5ss3vfxzs5fwwe5w">3470</key></foreign-keys><ref-type name="Journal Article">17</ref-type><contributors><authors><author><style face="normal" font="default" size="100%">Tsun, O.K. Angela</style></author></authors></contributors><titles><title><style face="normal" font="default" size="100%">Sibling incest: A Hong Kong experience</style></title><secondary-title><style face="normal" font="default" size="100%">Child Abuse &amp; Neglect</style></secondary-title></titles><periodical><full-title><style face="normal" font="default" size="100%">Child Abuse &amp; Neglect</style></full-title></periodical><pages><style face="normal" font="default" size="100%">71-79</style></pages><volume><style face="normal" font="default" size="100%">23</style></volume><number><style face="normal" font="default" size="100%">1</style></number><keywords><keyword><style face="normal" font="default" size="100%">Brother-sister incest</style></keyword><keyword><style face="normal" font="default" size="100%">Cultural care</style></keyword><keyword><style face="normal" font="default" size="100%">Disclosure</style></keyword><keyword><style face="normal" font="default" size="100%">Guilt</style></keyword><keyword><style face="normal" font="default" size="100%">Incest</style></keyword><keyword><style face="normal" font="default" size="100%">Intrafamilial sexual abuse</style></keyword><keyword><style face="normal" font="default" size="100%">Secrecy</style></keyword><keyword><style face="normal" font="default" size="100%">Shame</style></keyword><keyword><style face="normal" font="default" size="100%">Sibling incest</style></keyword><keyword><style face="normal" font="default" size="100%">Sibling sexual abuse</style></keyword><keyword><style face="normal" font="default" size="100%">Survivors</style></keyword><keyword><style face="normal" font="default" size="100%">Symptoms</style></keyword></keywords><dates><year><style face="normal" font="default" size="100%">1999</style></year></dates><isbn><style face="normal" font="default" size="100%">0145-2134</style></isbn><abstract><style face="normal" font="default" size="100%">Objective: The one case study intends to gain a preliminary understanding of the long term impact of older brother-younger sister incest in Hong Kong Results: The adult survivor’s experience did cohere with Western studies to date on age of onset, symptomatology, and feelings such as shame and guilt. The symptoms and negative feelings might also be the results of inaccessible parents and negative parental response at disclosure. Specific contextual factors such as patriarchal power structure, strong moral codes, and secrecy of family shame in Chinese culture may have contributed to the victim’s inability to protect herself from her older brother’s sexual advances. Conclusion: This case study calls for a multi-dimensional, and interactive rather than a unidimensional and unidirectional view to explore into the individual, familial, and contextual factors that may contribute to sibling incest and a delay in disclosure. The brief analysis is also a plea for systematic research in the Hong Kong context and comparative studies that take into account cultural specificity.</style></abstract><urls><pdf-urls><url>internal-pdf://Tsun 1999 - Sibling incest-0421895425/Tsun 1999 - Sibling incest.pdf</url></pdf-urls></urls></record><record><database name="NSCClibrary.enl" path="F:\NSCClibrary.enl">NSCClibrary.enl</database><source-app name="EndNote" version="17.1">EndNote</source-app><rec-number>3173</rec-number><foreign-keys><key app="EN" db-id="5s5ppfp52t55w0eadv7p5ss3vfxzs5fwwe5w">3173</key></foreign-keys><ref-type name="Journal Article">17</ref-type><contributors><authors><author><style face="normal" font="default" size="100%">Woodroffe, Annette</style></author><author><style face="normal" font="default" size="100%">Spencer, Mavis</style></author></authors></contributors><titles><title><style face="normal" font="default" size="100%">Culturally and ethnically diverse communities: Building blocks for working relationships</style></title><secondary-title><style face="normal" font="default" size="100%">Child Welfare</style></secondary-title></titles><periodical><full-title><style face="normal" font="default" size="100%">Child Welfare</style></full-title></periodical><pages><style face="normal" font="default" size="100%">169-83</style></pages><volume><style face="normal" font="default" size="100%">82</style></volume><number><style face="normal" font="default" size="100%">2</style></number><keywords><keyword><style face="normal" font="default" size="100%">CALD</style></keyword><keyword><style face="normal" font="default" size="100%">Child protection</style></keyword><keyword><style face="normal" font="default" size="100%">Child welfare</style></keyword><keyword><style face="normal" font="default" size="100%">Cultural care</style></keyword></keywords><dates><year><style face="normal" font="default" size="100%">2003</style></year></dates><isbn><style face="normal" font="default" size="100%">0009-4021</style></isbn><abstract><style face="normal" font="default" size="100%">Acceptance of diversity in American society, as well as the will of diverse populations to perpetuate their cultures, have created a need to understand building working relationships with and among diverse populations. This article discusses facilitating opportunities for a grounded knowledge base, building culturally competent relationships, facilitating discussion of stereotyping, and forming collaborative alliances with culturally and ethnically diverse communities as foundational strategic building blocks. Child welfare workers need to lay a foundation of excellence in these areas before moving to higher levels in pursuit of working relationships with culturally and ethnically diverse communities. The article presents child welfare workers and agencies as initiators who build relationships with these communities.</style></abstract><urls><pdf-urls><url>internal-pdf://Woodroffe et al 2003 - Culturally and ethnically-0172938497/Woodroffe et al 2003 - Culturally and ethnically.pdf</url></pdf-urls></urls></record></records></xml>