<?xml version="1.0" encoding="UTF-8" ?><xml><records><record><database name="NSCClibrary.enl" path="F:\NSCClibrary.enl">NSCClibrary.enl</database><source-app name="EndNote" version="17.1">EndNote</source-app><rec-number>2939</rec-number><foreign-keys><key app="EN" db-id="5s5ppfp52t55w0eadv7p5ss3vfxzs5fwwe5w">2939</key></foreign-keys><ref-type name="Journal Article">17</ref-type><contributors><authors><author><style face="normal" font="default" size="100%">Barth, Richard P.</style></author></authors></contributors><titles><title><style face="normal" font="default" size="100%">An experimental evaluation of in-home child abuse prevention services</style></title><secondary-title><style face="normal" font="default" size="100%">Child Abuse &amp; Neglect</style></secondary-title></titles><periodical><full-title><style face="normal" font="default" size="100%">Child Abuse &amp; Neglect</style></full-title></periodical><pages><style face="normal" font="default" size="100%">363-375</style></pages><volume><style face="normal" font="default" size="100%">15</style></volume><number><style face="normal" font="default" size="100%">4</style></number><keywords><keyword><style face="normal" font="default" size="100%">Child abuse</style></keyword><keyword><style face="normal" font="default" size="100%">Prevention</style></keyword></keywords><dates><year><style face="normal" font="default" size="100%">1991</style></year></dates><isbn><style face="normal" font="default" size="100%">0145-2134</style></isbn><abstract><style face="normal" font="default" size="100%">Perinatal child abuse prevention projects are rarely rigorously evaluated. Women were referred to the Child Parent Enrichment Project (CPEP) project during or just after pregnancy if identified as at-risk of engaging in child abuse by community professionals. Clients were randomly assigned to CPEP services (n = 97) or traditional community services (n = 94). CPEP services are based on ecological theory and involve six months of home visiting by paraprofessional women and linkage to other formal and informal community resources. No advantages on self-report measures for the CPEP group were measured at posttest, and follow-up reports of child abuse were similar for both groups. Consumer satisfaction indicates that clients highly valued the program. Some indication of greater success with families with less serious problems was observed. The results argue for caution regarding the capacities of perinatal child abuse prevention services to serve the high-risk clientele they often receive.</style></abstract><urls><pdf-urls><url>internal-pdf://Barth 1991 - An experimental-3269234944/Barth 1991 - An experimental.pdf</url></pdf-urls></urls></record><record><database name="NSCClibrary.enl" path="F:\NSCClibrary.enl">NSCClibrary.enl</database><source-app name="EndNote" version="17.1">EndNote</source-app><rec-number>2953</rec-number><foreign-keys><key app="EN" db-id="5s5ppfp52t55w0eadv7p5ss3vfxzs5fwwe5w">2953</key></foreign-keys><ref-type name="Journal Article">17</ref-type><contributors><authors><author><style face="normal" font="default" size="100%">Blau, Gary M.</style></author><author><style face="normal" font="default" size="100%">Whewell, Mary Cay</style></author><author><style face="normal" font="default" size="100%">Gullotta, Thomas P.</style></author><author><style face="normal" font="default" size="100%">Bloom, Martin</style></author></authors></contributors><titles><title><style face="normal" font="default" size="100%">The prevention and treatment of child abuse in households of substance abusers: A research demonstration progress report</style></title><secondary-title><style face="normal" font="default" size="100%">Child Welfare: Journal of Policy, Practice, and Program; Child Welfare: Journal of Policy, Practice, and Program</style></secondary-title></titles><periodical><full-title><style face="normal" font="default" size="100%">Child Welfare: Journal of Policy, Practice, and Program; Child Welfare: Journal of Policy, Practice, and Program</style></full-title></periodical><pages><style face="normal" font="default" size="100%">83-93</style></pages><volume><style face="normal" font="default" size="100%">73</style></volume><number><style face="normal" font="default" size="100%">1</style></number><keywords><keyword><style face="normal" font="default" size="100%">Child abuse</style></keyword><keyword><style face="normal" font="default" size="100%">Prevention</style></keyword><keyword><style face="normal" font="default" size="100%">Substance abuse</style></keyword></keywords><dates><year><style face="normal" font="default" size="100%">1994</style></year></dates><isbn><style face="normal" font="default" size="100%">0009-4021</style></isbn><abstract><style face="normal" font="default" size="100%">There is no question that the prevention of child abuse is difficult, but the problems become exponential when members of the household are substance abusers. This article reviews the scant literature identifying substance abuse as a primary contributing factor to child abuse and neglect. It describes a federally funded research demonstration project currently in its second trial year, and sets forth the conceptual perspective of the project. The article concludes with impressions of the successes and tribulations of the project to date.</style></abstract><urls><pdf-urls><url>internal-pdf://Blau et al 1994 - The prevention-0073420801/Blau et al 1994 - The prevention.pdf</url></pdf-urls></urls></record><record><database name="NSCClibrary.enl" path="F:\NSCClibrary.enl">NSCClibrary.enl</database><source-app name="EndNote" version="17.1">EndNote</source-app><rec-number>2749</rec-number><foreign-keys><key app="EN" db-id="5s5ppfp52t55w0eadv7p5ss3vfxzs5fwwe5w">2749</key></foreign-keys><ref-type name="Journal Article">17</ref-type><contributors><authors><author><style face="normal" font="default" size="100%">Conte, Jon R.</style></author><author><style face="normal" font="default" size="100%">Wolf, Steven</style></author><author><style face="normal" font="default" size="100%">Smith, Tim</style></author></authors></contributors><titles><title><style face="normal" font="default" size="100%">What sexual offenders tell us about prevention strategies</style></title><secondary-title><style face="normal" font="default" size="100%">Child Abuse &amp; Neglect</style></secondary-title></titles><periodical><full-title><style face="normal" font="default" size="100%">Child Abuse &amp; Neglect</style></full-title></periodical><pages><style face="normal" font="default" size="100%">293-301</style></pages><volume><style face="normal" font="default" size="100%">13</style></volume><number><style face="normal" font="default" size="100%">2</style></number><keywords><keyword><style face="normal" font="default" size="100%">Grooming</style></keyword><keyword><style face="normal" font="default" size="100%">Minimisation</style></keyword><keyword><style face="normal" font="default" size="100%">Prevention</style></keyword><keyword><style face="normal" font="default" size="100%">Sex offenders</style></keyword><keyword><style face="normal" font="default" size="100%">Survivors</style></keyword><keyword><style face="normal" font="default" size="100%">Tactics</style></keyword><keyword><style face="normal" font="default" size="100%">Victims</style></keyword></keywords><dates><year><style face="normal" font="default" size="100%">1989</style></year></dates><isbn><style face="normal" font="default" size="100%">0145-2134</style></isbn><abstract><style face="normal" font="default" size="100%">A sample of 20 adult sexual offenders were interviewed about the process whereby they selected, recruited, and maintained children in a sexual abuse situation. Offenders were selected if they were making “successful” progress in treatment in order that they might be less likely to distort their descriptions. Offenders were interviewed by their therapist in a community treatment program using a semi-structured interview guide. Results suggest that this sample of offenders claim a special ability to identify vulnerable children, to use that vulnerability to sexually use a child, that sexual abuse is inherently coercive, even though many offender statements minimise the level of coercion and violence, and that offenders systematically desensitise children to touch. Implications for prevention of sexual abuse are highlighted.</style></abstract><urls><pdf-urls><url>internal-pdf://Conte et al 1989 - What sexual offenders-3697300225/Conte et al 1989 - What sexual offenders.pdf</url></pdf-urls></urls></record><record><database name="NSCClibrary.enl" path="F:\NSCClibrary.enl">NSCClibrary.enl</database><source-app name="EndNote" version="17.1">EndNote</source-app><rec-number>2964</rec-number><foreign-keys><key app="EN" db-id="5s5ppfp52t55w0eadv7p5ss3vfxzs5fwwe5w">2964</key></foreign-keys><ref-type name="Journal Article">17</ref-type><contributors><authors><author><style face="normal" font="default" size="100%">Elrod, Jeanne M.</style></author><author><style face="normal" font="default" size="100%">Rubin, Roger H.</style></author></authors></contributors><titles><title><style face="normal" font="default" size="100%">Parental involvement in sexual abuse prevention education</style></title><secondary-title><style face="normal" font="default" size="100%">Child Abuse &amp; Neglect</style></secondary-title></titles><periodical><full-title><style face="normal" font="default" size="100%">Child Abuse &amp; Neglect</style></full-title></periodical><pages><style face="normal" font="default" size="100%">527-538</style></pages><volume><style face="normal" font="default" size="100%">17</style></volume><number><style face="normal" font="default" size="100%">4</style></number><keywords><keyword><style face="normal" font="default" size="100%">Child abuse</style></keyword><keyword><style face="normal" font="default" size="100%">Child sexual abuse</style></keyword><keyword><style face="normal" font="default" size="100%">Education</style></keyword><keyword><style face="normal" font="default" size="100%">Parents</style></keyword><keyword><style face="normal" font="default" size="100%">Prevention</style></keyword></keywords><dates><year><style face="normal" font="default" size="100%">1993</style></year></dates><isbn><style face="normal" font="default" size="100%">0145-2134</style></isbn><abstract><style face="normal" font="default" size="100%">Parental knowledge of child sexual abuse and interest in educating themselves and their children for primary prevention was studied. Fifty-one mothers and 50 fathers of preschool and day-care center children were interviewed. Parents wanted to he the primary educators of their child, but demonstrated a lack of knowledge about important sexual abuse issues and planned to discuss only the least threatening topics. Mothers and fathers obtained most of their information about sexual abuse from the media. However, parents were open to numerous methods and referral sources for prevention education. One dependent variable, sex of parent, showed significant differences on sources of sexual abuse information; preferred educators for their children; number and types of topics acceptable for children to learn about at preschool ages or other times; the number of topics parents planned to discuss; sources parents would respond to most for a parent program; and factors in parent&apos;s decision to attend parent programs. There were no significant differences based upon the sex of the child and no significant interaction effects between sex of parent and sex of child. Further research on parent motivation for their own education and the education of their children is indicated.</style></abstract><urls><pdf-urls><url>internal-pdf://Elrod et al 1993 - Parental involvement in sexual-1183511553/Elrod et al 1993 - Parental involvement in sexual.pdf</url></pdf-urls></urls></record><record><database name="NSCClibrary.enl" path="F:\NSCClibrary.enl">NSCClibrary.enl</database><source-app name="EndNote" version="17.1">EndNote</source-app><rec-number>4305</rec-number><foreign-keys><key app="EN" db-id="5s5ppfp52t55w0eadv7p5ss3vfxzs5fwwe5w">4305</key><key app="ENWeb" db-id="">0</key></foreign-keys><ref-type name="Journal Article">17</ref-type><contributors><authors><author><style face="normal" font="default" size="100%">Kenny, M. C.</style></author><author><style face="normal" font="default" size="100%">Wurtele, S. K.</style></author></authors></contributors><auth-address><style face="normal" font="default" size="100%">Department of Leadership &amp; Professional Studies, College of Education, Florida International University, Miami, FL 33199, USA. kennym@fiu.edu</style></auth-address><titles><title><style face="normal" font="default" size="100%">Preventing childhood sexual abuse: an ecological approach</style></title><secondary-title><style face="normal" font="default" size="100%">J Child Sex Abus</style></secondary-title><alt-title><style face="normal" font="default" size="100%">Journal of child sexual abuse</style></alt-title></titles><periodical><full-title><style face="normal" font="default" size="100%">J Child Sex Abus</style></full-title></periodical><alt-periodical><full-title><style face="normal" font="default" size="100%">Journal of Child Sexual Abuse</style></full-title></alt-periodical><pages><style face="normal" font="default" size="100%">361-7</style></pages><volume><style face="normal" font="default" size="100%">21</style></volume><number><style face="normal" font="default" size="100%">4</style></number><keywords><keyword><style face="normal" font="default" size="100%">Child sexual abuse</style></keyword><keyword><style face="normal" font="default" size="100%">Education</style></keyword></keywords><dates><year><style face="normal" font="default" size="100%">2012</style></year></dates><isbn><style face="normal" font="default" size="100%">1547-0679 (Electronic)&#xD;1053-8712 (Linking)</style></isbn><accession-num><style face="normal" font="default" size="100%">22809043</style></accession-num><abstract><style face="normal" font="default" size="100%">Childhood sexual abuse is a significant public health problem that negatively affects victims, families, organizations, and society. This special issue presents innovative approaches designed to prevent the sexual exploitation of youth. Using both an ecological approach and the Spectrum of Prevention ( Parks, Davis &amp; Cohen, 2010 ), the articles collected for this special issue highlight cutting-edge prevention approaches educating children, parents, professionals, organizations, and the general public.</style></abstract><notes><style face="normal" font="default" size="100%">Kenny, Maureen C&#xD;Wurtele, Sandy K&#xD;eng&#xD;Introductory&#xD;2012/07/20 06:00&#xD;J Child Sex Abus. 2012;21(4):361-7. doi: 10.1080/10538712.2012.675567.</style></notes><urls><related-urls><url><style face="normal" font="default" size="100%">http://www.ncbi.nlm.nih.gov/pubmed/22809043</style></url></related-urls><pdf-urls><url>internal-pdf://0861613779/Kenny2012Preventing.pdf</url></pdf-urls></urls><electronic-resource-num><style face="normal" font="default" size="100%">10.1080/10538712.2012.675567</style></electronic-resource-num></record><record><database name="NSCClibrary.enl" path="F:\NSCClibrary.enl">NSCClibrary.enl</database><source-app name="EndNote" version="17.1">EndNote</source-app><rec-number>3255</rec-number><foreign-keys><key app="EN" db-id="5s5ppfp52t55w0eadv7p5ss3vfxzs5fwwe5w">3255</key></foreign-keys><ref-type name="Journal Article">17</ref-type><contributors><authors><author><style face="normal" font="default" size="100%">MacLeod, Jennifer</style></author><author><style face="normal" font="default" size="100%">Nelson, Geoffrey</style></author></authors></contributors><titles><title><style face="normal" font="default" size="100%">Programs for the promotion of family wellness and the prevention of child maltreatment: A meta-analytic review</style></title><secondary-title><style face="normal" font="default" size="100%">Child Abuse &amp; Neglect</style></secondary-title></titles><periodical><full-title><style face="normal" font="default" size="100%">Child Abuse &amp; Neglect</style></full-title></periodical><pages><style face="normal" font="default" size="100%">1127-1149</style></pages><volume><style face="normal" font="default" size="100%">24</style></volume><number><style face="normal" font="default" size="100%">9</style></number><keywords><keyword><style face="normal" font="default" size="100%">Child maltreatment</style></keyword><keyword><style face="normal" font="default" size="100%">Prevention</style></keyword><keyword><style face="normal" font="default" size="100%">Well-being</style></keyword></keywords><dates><year><style face="normal" font="default" size="100%">2000</style></year></dates><isbn><style face="normal" font="default" size="100%">0145-2134</style></isbn><abstract><style face="normal" font="default" size="100%">Objective: The objectives were to determine the effectiveness of programs in promoting family wellness and preventing child maltreatment and to identify factors that moderate program success. Method: Meta-analysis, employing a 3-step model testing procedure, was used to review 56 programs designed to promote family wellness and prevent child maltreatment. Results: The effect sizes for proactive interventions were larger at follow-up than at post-assessment, while the effect sizes for reactive interventions were higher at post-assessment than follow-up. The lowest effect sizes for home visitation programs on child maltreatment were for programs with 12 or fewer visits and less than a 6-month duration. Intensive family preservation programs with high levels of participant involvement, an empowerment/strengths-based approach, and a component of social support had higher effect sizes than programs without those elements. Also, both home visitation and intensive family preservation interventions achieved higher effect sizes with participants of mixed socioeconomic status (SES) than participants with low SES. Conclusions: The total mean weighted effect size was .41, indicating that outcomes for the intervention group exceed 66% of those in control/comparison groups. The findings from this review demonstrated that child maltreatment can be prevented and that family wellness can be promoted.</style></abstract><urls><pdf-urls><url>internal-pdf://MacLeod et al 2000 - Programs for the promotion-3938946560/MacLeod et al 2000 - Programs for the promotion.pdf</url></pdf-urls></urls></record><record><database name="NSCClibrary.enl" path="F:\NSCClibrary.enl">NSCClibrary.enl</database><source-app name="EndNote" version="17.1">EndNote</source-app><rec-number>4786</rec-number><foreign-keys><key app="EN" db-id="5s5ppfp52t55w0eadv7p5ss3vfxzs5fwwe5w">4786</key></foreign-keys><ref-type name="Electronic Article">43</ref-type><contributors><authors><author><style face="normal" font="default" size="100%">Ronken, Carol</style></author><author><style face="normal" font="default" size="100%">Johnston, Hetty</style></author></authors></contributors><titles><title><style face="normal" font="default" size="100%">Position paper : the management and treatment of child sex offenders - Protecting Children through Prevention and Therapy</style></title></titles><pages><style face="normal" font="default" size="100%">1-30 </style></pages><keywords><keyword><style face="normal" font="default" size="100%">Management</style></keyword><keyword><style face="normal" font="default" size="100%">Treatment</style></keyword><keyword><style face="normal" font="default" size="100%">Prevention</style></keyword><keyword><style face="normal" font="default" size="100%">Child protection</style></keyword><keyword><style face="normal" font="default" size="100%">Child sexual abuse</style></keyword></keywords><dates><year><style face="normal" font="default" size="100%">2006</style></year></dates><pub-location><style face="normal" font="default" size="100%">Arundel BC, Qld</style></pub-location><publisher><style face="normal" font="default" size="100%">Bravehearts Inc.</style></publisher><abstract><style face="normal" font="default" size="100%">In Australia, most paedophiles (more than 90 percent) escape the notice of the&#xD;authorities (Queensland Crime Commission and Queensland Police Service, 2000).&#xD;Of those that are actually convicted, only a proportion are treated and managed in a&#xD;way that is likely to reduce the incidence of their re-offending.&#xD;There are several sentencing options for convicted paedophiles. Some paedophiles&#xD;receive prison sentences, perhaps with the requirement to participate in a therapy&#xD;intervention while in prison. Non-prison sentences include: periodic detention,&#xD;community service (which often does not involve supervision or access to a&#xD;treatment program), supervised recognisance (which includes supervision of the&#xD;offender for up to 3 years), unsupervised recognisance or a fine. In 1992 only 48&#xD;percent of those convicted of sexual assaults on children went to prison (cited in&#xD;NSW Child Protection Council, 1996).&#xD;A prison sentence by itself is an ineffective deterrent to re-offending for&#xD;paedophiles, except while they are in prison. However, there are various treatment&#xD;interventions and management strategies that are being used in an attempt to&#xD;achieve this end. The objective of this Position Paper is to summarise the&#xD;information available on these interventions, and to report on their varying degrees&#xD;of success. The paper also presents Bravehearts’ own Position Statements on the&#xD;treatment and management of paedophiles.</style></abstract><urls><related-urls><url><style face="normal" font="default" size="100%">www.bravehearts.org.au</style></url></related-urls><pdf-urls><url>internal-pdf://0497525125/Management and treatment_2006.pdf</url></pdf-urls></urls></record><record><database name="NSCClibrary.enl" path="F:\NSCClibrary.enl">NSCClibrary.enl</database><source-app name="EndNote" version="17.1">EndNote</source-app><rec-number>3616</rec-number><foreign-keys><key app="EN" db-id="5s5ppfp52t55w0eadv7p5ss3vfxzs5fwwe5w">3616</key></foreign-keys><ref-type name="Journal Article">17</ref-type><contributors><authors><author><style face="normal" font="default" size="100%">Tomison, Adam M.</style></author></authors></contributors><titles><title><style face="normal" font="default" size="100%">Evaluating child abuse prevention programs</style></title><secondary-title><style face="normal" font="default" size="100%">Issues in Child Abuse Prevention</style></secondary-title></titles><periodical><full-title><style face="normal" font="default" size="100%">Issues in Child Abuse Prevention</style></full-title></periodical><volume><style face="normal" font="default" size="100%">12</style></volume><number><style face="normal" font="default" size="100%">Autumn</style></number><keywords><keyword><style face="normal" font="default" size="100%">Child abuse</style></keyword><keyword><style face="normal" font="default" size="100%">Prevention</style></keyword></keywords><dates><year><style face="normal" font="default" size="100%">2000</style></year></dates><isbn><style face="normal" font="default" size="100%">0642394733</style></isbn><abstract><style face="normal" font="default" size="100%">This paper provides an overview of the current state of program evaluation as it is applied to the field of child abuse prevention, the extent to which empirical evaluation has been used, and the degree to which programs have been shown to be effective. Some of the problems that hamper the rigorous evaluation of real world (in situ) applied social programs are discussed. A ‘developmental’ framework for the comprehensive evaluation of prevention programs is described, as are some alternative approaches that are capable of providing a more flexible response to the demands of evaluation.</style></abstract><urls><pdf-urls><url>internal-pdf://Tomison 2000 - Evaluating child abuse prevention-3535305728/Tomison 2000 - Evaluating child abuse prevention.pdf</url></pdf-urls></urls></record><record><database name="NSCClibrary.enl" path="F:\NSCClibrary.enl">NSCClibrary.enl</database><source-app name="EndNote" version="17.1">EndNote</source-app><rec-number>3117</rec-number><foreign-keys><key app="EN" db-id="5s5ppfp52t55w0eadv7p5ss3vfxzs5fwwe5w">3117</key></foreign-keys><ref-type name="Journal Article">17</ref-type><contributors><authors><author><style face="normal" font="default" size="100%">Tutty, Leslie M.</style></author></authors></contributors><titles><title><style face="normal" font="default" size="100%">The ability of elementary school children to learn child sexual abuse prevention concepts</style></title><secondary-title><style face="normal" font="default" size="100%">Child Abuse &amp; Neglect</style></secondary-title></titles><periodical><full-title><style face="normal" font="default" size="100%">Child Abuse &amp; Neglect</style></full-title></periodical><pages><style face="normal" font="default" size="100%">369-384</style></pages><volume><style face="normal" font="default" size="100%">16</style></volume><number><style face="normal" font="default" size="100%">3</style></number><keywords><keyword><style face="normal" font="default" size="100%">Age</style></keyword><keyword><style face="normal" font="default" size="100%">Child sexual abuse</style></keyword><keyword><style face="normal" font="default" size="100%">Prevention</style></keyword></keywords><dates><year><style face="normal" font="default" size="100%">1992</style></year></dates><isbn><style face="normal" font="default" size="100%">0145-2134</style></isbn><abstract><style face="normal" font="default" size="100%">This research was designed to address several of the methodological problems in the current body of knowledge on the efficacy of child abuse prevention programs for elementary school-aged children. A new measure, the Children&apos;s Knowledge of Abuse Questionnaire (C.K.A.Q.) was developed, and its psychometric properties assessed. In total, 400 children were tested in four groups. Half of the sample participated in a child abuse prevention program &apos;Touching&apos;, and the other half were in a waiting list control group. Half of each group were pretested, and the other half were not, in order to determine whether the pretesting sensitized the students. All children were tested again 5 months afterward to investigate the long-term retention of prevention concepts. Results showed that children who participated in the prevention program scored significantly higher on the C.K.A.Q. than children in the control condition. Age was a critical factor, with significant improvements as age increased between the kindergarten, Grade 1, Grade 3 and Grade 6 students. All participants maintained their level of knowledge after 5 months had passed. The relevance and practical implications which stem from this research are discussed.</style></abstract><urls><pdf-urls><url>internal-pdf://Tutty 1992 - The ability of elementary school-2330249216/Tutty 1992 - The ability of elementary school.pdf</url></pdf-urls></urls></record><record><database name="NSCClibrary.enl" path="F:\NSCClibrary.enl">NSCClibrary.enl</database><source-app name="EndNote" version="17.1">EndNote</source-app><rec-number>3405</rec-number><foreign-keys><key app="EN" db-id="5s5ppfp52t55w0eadv7p5ss3vfxzs5fwwe5w">3405</key></foreign-keys><ref-type name="Journal Article">17</ref-type><contributors><authors><author><style face="normal" font="default" size="100%">Wortley, R.</style></author><author><style face="normal" font="default" size="100%">Smallbone, S.</style></author></authors></contributors><titles><title><style face="normal" font="default" size="100%">Applying situational principles to sexual offending against children</style></title><secondary-title><style face="normal" font="default" size="100%">Crilne Prevention Studies</style></secondary-title></titles><periodical><full-title><style face="normal" font="default" size="100%">Crilne Prevention Studies</style></full-title></periodical><pages><style face="normal" font="default" size="100%">7-35</style></pages><volume><style face="normal" font="default" size="100%">19</style></volume><keywords><keyword><style face="normal" font="default" size="100%">Child sexual abuse</style></keyword><keyword><style face="normal" font="default" size="100%">Sex offenders</style></keyword><keyword><style face="normal" font="default" size="100%">Prevention</style></keyword></keywords><dates><year><style face="normal" font="default" size="100%">2006</style></year></dates><isbn><style face="normal" font="default" size="100%">1881798615</style></isbn><abstract><style face="normal" font="default" size="100%">Explanations of sexual offending against children have traditionally foucsed on the intrapsychic forces that are assumed to drive the offender&apos;s deviant behaviour. The situational crime prevention persopective, on the other hand, examines the immediate behavioural setting to identify factors that encourage or permit sexual abuse. Empirical evidence increasingly indicates that sexual offenses against chidlren are significantly mediated by opportunities and other environmental conditions. It is argued in this chapter that the primary prevention of the sexual abuse of children may be effected by systematically identifing and altering these problematic environmental elements. </style></abstract><urls><pdf-urls><url>internal-pdf://Wortley et al 2006 - Applying situational principles-3314606593/Wortley et al 2006 - Applying situational principles.pdf</url></pdf-urls></urls></record><record><database name="NSCClibrary.enl" path="F:\NSCClibrary.enl">NSCClibrary.enl</database><source-app name="EndNote" version="17.1">EndNote</source-app><rec-number>3177</rec-number><foreign-keys><key app="EN" db-id="5s5ppfp52t55w0eadv7p5ss3vfxzs5fwwe5w">3177</key></foreign-keys><ref-type name="Journal Article">17</ref-type><contributors><authors><author><style face="normal" font="default" size="100%">Wurtele, Sandy K.</style></author><author><style face="normal" font="default" size="100%">Kast, Laura C.</style></author><author><style face="normal" font="default" size="100%">Melzer, Anastasia M.</style></author></authors></contributors><titles><title><style face="normal" font="default" size="100%">Sexual abuse prevention education for young children: A comparison of teachers and parents as instructors</style></title><secondary-title><style face="normal" font="default" size="100%">Child Abuse &amp; Neglect</style></secondary-title></titles><periodical><full-title><style face="normal" font="default" size="100%">Child Abuse &amp; Neglect</style></full-title></periodical><pages><style face="normal" font="default" size="100%">865-876</style></pages><volume><style face="normal" font="default" size="100%">16</style></volume><number><style face="normal" font="default" size="100%">6</style></number><keywords><keyword><style face="normal" font="default" size="100%">Child sexual abuse</style></keyword><keyword><style face="normal" font="default" size="100%">Education</style></keyword><keyword><style face="normal" font="default" size="100%">Preschool</style></keyword><keyword><style face="normal" font="default" size="100%">Prevention</style></keyword></keywords><dates><year><style face="normal" font="default" size="100%">1992</style></year></dates><isbn><style face="normal" font="default" size="100%">0145-2134</style></isbn><abstract><style face="normal" font="default" size="100%">The purpose of this study was to compare teachers and parents as instructors of a personal safety program. One hundred seventy-two Head Start preschoolers were randomly assigned to a personal safety program taught by their teachers. parents, both teachers and parents, or to a general safety control program. Following program participation, children taught the personal safety program by their teachers, parents, or both, demonstrated greater knowledge about sexual abuse and higher levels of personal safety skills compared with those in the control group. Gains in knowledge and skills were maintained at the 5-month follow up. Children taught by their parents showed greater improvements in recognizing inappropriate-touch requests and in their personal safety skills compared with children taught by their teachers, and children who received the program both at home and school were better able to recognise appropriate-touch requests and to demonstrate higher levels of personal safety skills compared with children taught only at school. The emotional costs associated with participating in the program were minimal, and both parents and children rated the program positively. The advantages of home-based instruction for young children are discussed and suggestions for future research are offered.</style></abstract><urls><pdf-urls><url>internal-pdf://Wurtele et al 1992 - Sexual abuse prevention-3126305025/Wurtele et al 1992 - Sexual abuse prevention.pdf</url></pdf-urls></urls></record></records></xml>