<?xml version="1.0" encoding="UTF-8" ?><xml><records><record><database name="NSCClibrary.enl" path="F:\NSCClibrary.enl">NSCClibrary.enl</database><source-app name="EndNote" version="17.1">EndNote</source-app><rec-number>3191</rec-number><foreign-keys><key app="EN" db-id="5s5ppfp52t55w0eadv7p5ss3vfxzs5fwwe5w">3191</key></foreign-keys><ref-type name="Government Document">46</ref-type><contributors><authors><author><style face="normal" font="default" size="100%">NSW Sexual Assault Committee,</style></author></authors></contributors><titles><title><style face="normal" font="default" size="100%">Ritual abuse: Information for health &amp; welfare professionals</style></title></titles><pages><style face="normal" font="default" size="100%">23</style></pages><keywords><keyword><style face="normal" font="default" size="100%">Child protection</style></keyword><keyword><style face="normal" font="default" size="100%">Counselling</style></keyword><keyword><style face="normal" font="default" size="100%">Cults</style></keyword><keyword><style face="normal" font="default" size="100%">Professionals</style></keyword><keyword><style face="normal" font="default" size="100%">Ritual abuse</style></keyword><keyword><style face="normal" font="default" size="100%">Survivors</style></keyword><keyword><style face="normal" font="default" size="100%">Victim treatment</style></keyword></keywords><dates><year><style face="normal" font="default" size="100%">1993</style></year></dates><publisher><style face="normal" font="default" size="100%">NSW Sexual Assault Committee</style></publisher><abstract><style face="normal" font="default" size="100%">The purpose of this booklet is to provide an overview of the subject of ritual abuse based on currently available information. The booklet is primarily a resource for those working in organisations and agencies which provide counselling and/or support to child and adult survivors of ritual abuse. Its aims are: to increase workers&apos; awareness and understanding of ritual abuse so that they are better equipped to respond to the needs of clients who are survivors of ritual abuse and to begin breaking down the isolation of and lack of support for those who are already working with child and adult survivors of ritual abuse. The information is also relevant for police, and health and child protection professionals whose work may bring them into contact with child and adult victims and survivors of ritual abuse.</style></abstract><urls><pdf-urls><url>internal-pdf://NSAC 1993 - Ritual abuse information for-2562994433/NSAC 1993 - Ritual abuse information for.pdf</url></pdf-urls></urls></record></records></xml>