<?xml version="1.0" encoding="UTF-8" ?><xml><records><record><database name="NSCClibrary.enl" path="F:\NSCClibrary.enl">NSCClibrary.enl</database><source-app name="EndNote" version="17.1">EndNote</source-app><rec-number>4406</rec-number><foreign-keys><key app="EN" db-id="5s5ppfp52t55w0eadv7p5ss3vfxzs5fwwe5w">4406</key></foreign-keys><ref-type name="Government Document">46</ref-type><contributors><authors><author><style face="normal" font="default" size="100%">Ascione, Frank R.</style></author></authors><secondary-authors><author><style face="normal" font="default" size="100%">U.S. Department of Justice</style></author></secondary-authors></contributors><auth-address><style face="normal" font="default" size="100%">Juvenile Justice Clearinghouse, PO Box 6000, Rockville, MD.</style></auth-address><titles><title><style face="normal" font="default" size="100%">Animal Abuse and Youth Violence</style></title><tertiary-title><style face="normal" font="default" size="100%">Juvenile Justice Bulletin</style></tertiary-title></titles><pages><style face="normal" font="default" size="100%">17</style></pages><keywords><keyword><style face="normal" font="default" size="100%">Animal abuse</style></keyword><keyword><style face="normal" font="default" size="100%">Violence</style></keyword></keywords><dates><year><style face="normal" font="default" size="100%">2001</style></year></dates><pub-location><style face="normal" font="default" size="100%">Rockville, MD</style></pub-location><publisher><style face="normal" font="default" size="100%">Juvenile Justice Clearinghouse</style></publisher><abstract><style face="normal" font="default" size="100%">The forms of abuse that animals are subjected to are similar to the forms of abuse children experience, such as physical abuse, serious neglect, and psychological abuse. This document describes psychiatric, psychological, and criminal research linking animal abuse to violence perpetrated by juveniles and adults. Particular attention is given to the prevalence of cruelty to animals by children and adolescents and to the role of animal abuse as a possible symptom of conduct disorders. It reviews the motivations and etiology underlying the maltreatment of animals. The importance of including information about animal abuse in the assessment of youth at-risk of committing interpersonal violence is emphasized throughout the publication. Recommendations are included on how to curb animal cruelty. A list of resources is included for additional information. (Contains 90 references.) (JDM)</style></abstract><urls><pdf-urls><url>internal-pdf://4093445560/Ascione2001Animal abuse.pdf</url></pdf-urls></urls><language><style face="normal" font="default" size="100%">Eng</style></language></record><record><database name="NSCClibrary.enl" path="F:\NSCClibrary.enl">NSCClibrary.enl</database><source-app name="EndNote" version="17.1">EndNote</source-app><rec-number>4403</rec-number><foreign-keys><key app="EN" db-id="5s5ppfp52t55w0eadv7p5ss3vfxzs5fwwe5w">4403</key></foreign-keys><ref-type name="Journal Article">17</ref-type><contributors><authors><author><style face="normal" font="default" size="100%">Duffield, Gary</style></author><author><style face="normal" font="default" size="100%">Hassiotis, Angela</style></author><author><style face="normal" font="default" size="100%">Vizard, Eileen</style></author></authors></contributors><titles><title><style face="normal" font="default" size="100%">Zoophilia in young sexual abusers</style></title><secondary-title><style face="normal" font="default" size="100%">The Journal of Forensic Psychiatry</style></secondary-title></titles><periodical><full-title><style face="normal" font="default" size="100%">The Journal of Forensic Psychiatry</style></full-title></periodical><pages><style face="normal" font="default" size="100%">294-304</style></pages><volume><style face="normal" font="default" size="100%">9</style></volume><number><style face="normal" font="default" size="100%">2</style></number><keywords><keyword><style face="normal" font="default" size="100%">Adolescent sex offenders</style></keyword><keyword><style face="normal" font="default" size="100%">Adolescents who sexually abuse</style></keyword><keyword><style face="normal" font="default" size="100%">Adolescents who sexually harm</style></keyword><keyword><style face="normal" font="default" size="100%">Adolescents who sexually offend</style></keyword><keyword><style face="normal" font="default" size="100%">Juvenile sex offenders</style></keyword><keyword><style face="normal" font="default" size="100%">Young people who sexually abuse</style></keyword><keyword><style face="normal" font="default" size="100%">Young people who sexually offend</style></keyword><keyword><style face="normal" font="default" size="100%">Zoophilia</style></keyword><keyword><style face="normal" font="default" size="100%">Bestiality</style></keyword><keyword><style face="normal" font="default" size="100%">Paraphilia</style></keyword></keywords><dates><year><style face="normal" font="default" size="100%">1998</style></year><pub-dates><date><style face="normal" font="default" size="100%">1998/09/01</style></date></pub-dates></dates><publisher><style face="normal" font="default" size="100%">Routledge</style></publisher><isbn><style face="normal" font="default" size="100%">0958-5184</style></isbn><abstract><style face="normal" font="default" size="100%">Abstract Zoophilia or bestiality is a rare paraphilia which has received little attention in recent psychiatric literature. We describe a cohort of seven patients who were referred to a tertiary child and adolescent psychiatry service specializing in the assessment and treatment of young abusers. On the basis of the available material, we highlight the importance of enquiring into this type of behaviour and consider its implications for the risk assessment and treatment of young sex abusers.&#xD;Zoophilia or bestiality is a rare paraphilia which has received little attention in recent psychiatric literature. We describe a cohort of seven patients who were referred to a tertiary child and adolescent psychiatry service specializing in the assessment and treatment of young abusers. On the basis of the available material, we highlight the importance of enquiring into this type of behaviour and consider its implications for the risk assessment and treatment of young sex abusers.</style></abstract><urls><related-urls><url><style face="normal" font="default" size="100%">http://dx.doi.org/10.1080/09585189808402198</style></url></related-urls><pdf-urls><url>internal-pdf://4246447297/Duffield1998Zoophilia.pdf</url></pdf-urls></urls><electronic-resource-num><style face="normal" font="default" size="100%">10.1080/09585189808402198</style></electronic-resource-num><language><style face="normal" font="default" size="100%">Eng</style></language><access-date><style face="normal" font="default" size="100%">2014/02/20</style></access-date></record><record><database name="NSCClibrary.enl" path="F:\NSCClibrary.enl">NSCClibrary.enl</database><source-app name="EndNote" version="17.1">EndNote</source-app><rec-number>2919</rec-number><foreign-keys><key app="EN" db-id="5s5ppfp52t55w0eadv7p5ss3vfxzs5fwwe5w">2919</key></foreign-keys><ref-type name="Journal Article">17</ref-type><contributors><authors><author><style face="normal" font="default" size="100%">Fawcett, Nicholas R. </style></author><author><style face="normal" font="default" size="100%">Gullone, Eleonora</style></author><author><style face="normal" font="default" size="100%">Johnson, Judy</style></author></authors></contributors><titles><title><style face="normal" font="default" size="100%">Domestic violence and animal abuse: Encouraging collaborative relations between animal welfare and human welfare agencies in Australia</style></title><secondary-title><style face="normal" font="default" size="100%">InPsych</style></secondary-title></titles><periodical><full-title><style face="normal" font="default" size="100%">InPsych</style></full-title></periodical><pages><style face="normal" font="default" size="100%">36-39</style></pages><volume><style face="normal" font="default" size="100%">April</style></volume><keywords><keyword><style face="normal" font="default" size="100%">Animal abuse</style></keyword><keyword><style face="normal" font="default" size="100%">Child abuse</style></keyword><keyword><style face="normal" font="default" size="100%">Child neglect</style></keyword><keyword><style face="normal" font="default" size="100%">Domestic violence</style></keyword><keyword><style face="normal" font="default" size="100%">Physical abuse</style></keyword></keywords><dates><year><style face="normal" font="default" size="100%">2002</style></year></dates><urls><pdf-urls><url>internal-pdf://Fawcett, Nicholas R et al 2002 - Domestic Violence and Anima-2123908609/Fawcett, Nicholas R et al 2002 - Domestic Violence and Anima.pdf</url></pdf-urls></urls></record><record><database name="NSCClibrary.enl" path="F:\NSCClibrary.enl">NSCClibrary.enl</database><source-app name="EndNote" version="17.1">EndNote</source-app><rec-number>733</rec-number><foreign-keys><key app="EN" db-id="5s5ppfp52t55w0eadv7p5ss3vfxzs5fwwe5w">733</key><key app="ENWeb" db-id="ThEeKwrtqggAAHqv064">3810</key></foreign-keys><ref-type name="Journal Article">17</ref-type><contributors><authors><author><style face="normal" font="default" size="100%">Fleming, William M.</style></author><author><style face="normal" font="default" size="100%">Jory, Brian</style></author><author><style face="normal" font="default" size="100%">Burton, David L.</style></author></authors></contributors><titles><title><style face="normal" font="default" size="100%">Characteristics of juvenile offenders admitting to sexual activity with non-human animals</style></title><secondary-title><style face="normal" font="default" size="100%">Society and Animals</style></secondary-title></titles><periodical><full-title><style face="normal" font="default" size="100%">Society and Animals</style></full-title></periodical><pages><style face="normal" font="default" size="100%">31-45</style></pages><volume><style face="normal" font="default" size="100%">10</style></volume><number><style face="normal" font="default" size="100%">1</style></number><keywords><keyword><style face="normal" font="default" size="100%">Adolescent sex offenders</style></keyword><keyword><style face="normal" font="default" size="100%">Adolescents who sexually abuse</style></keyword><keyword><style face="normal" font="default" size="100%">Adolescents who sexually harm</style></keyword><keyword><style face="normal" font="default" size="100%">Animal abuse</style></keyword><keyword><style face="normal" font="default" size="100%">Bestiality</style></keyword><keyword><style face="normal" font="default" size="100%">Juvenile sex offenders</style></keyword><keyword><style face="normal" font="default" size="100%">Young people who sexually abuse</style></keyword><keyword><style face="normal" font="default" size="100%">Zoophilia</style></keyword><keyword><style face="normal" font="default" size="100%">Adolescents who sexually offend</style></keyword><keyword><style face="normal" font="default" size="100%">Young people who sexually offend</style></keyword></keywords><dates><year><style face="normal" font="default" size="100%">2002</style></year></dates><isbn><style face="normal" font="default" size="100%">1063-1119</style></isbn><abstract><style face="normal" font="default" size="100%">This study compared the family characteristics, victimisation histories, and number of perpetration offenses of juvenile offenders who admitted to having had sex with animals to juvenile offenders who did not. The study found that 96% of the juveniles whohad engaged in sex with non-human animals also admitted to sex offenses against humans and reported more offensesagainsthumans than other sex offenders their same age and race. Thosejuvenileswho had engagedin sexwith animals were similar to other sex offenders in that they also came from families with less affirming and more incendiary communication, lower attachment, less adaptability and less positive environments. Those juveniles who had engaged in sex with animals reported victimisation histories with more emotional abuse and neglect and a higher number of victimisation events than other offenders. This would seem to indicate that sex with animals may be an important indicator of potential or co-occurring sex offenses against humans and maybe a sign of severe family dysfunction and abuse that should be addressed in the arenas of psychological intervention, juvenile justice programs, and public policy.</style></abstract><urls><pdf-urls><url>internal-pdf://Characteristics Juvenile Off. Admitting (Animals)-3930085888/Characteristics Juvenile Off. Admitting (Animals).PDF</url></pdf-urls></urls></record><record><database name="NSCClibrary.enl" path="F:\NSCClibrary.enl">NSCClibrary.enl</database><source-app name="EndNote" version="17.1">EndNote</source-app><rec-number>4405</rec-number><foreign-keys><key app="EN" db-id="5s5ppfp52t55w0eadv7p5ss3vfxzs5fwwe5w">4405</key></foreign-keys><ref-type name="Journal Article">17</ref-type><contributors><authors><author><style face="normal" font="default" size="100%">Fleming, William M.</style></author><author><style face="normal" font="default" size="100%">Jory, Brian</style></author><author><style face="normal" font="default" size="100%">Burton, David L.</style></author></authors></contributors><titles><title><style face="normal" font="default" size="100%">Characteristics of Juvenile Offenders Admitting to Sexual Activity with Nonhuman Animals</style></title><secondary-title><style face="normal" font="default" size="100%">Society and Animals</style></secondary-title></titles><periodical><full-title><style face="normal" font="default" size="100%">Society and Animals</style></full-title></periodical><pages><style face="normal" font="default" size="100%">31-45</style></pages><volume><style face="normal" font="default" size="100%">10</style></volume><number><style face="normal" font="default" size="100%">1</style></number><keywords><keyword><style face="normal" font="default" size="100%">Adolescent sex offenders</style></keyword><keyword><style face="normal" font="default" size="100%">Adolescents who sexually abuse</style></keyword><keyword><style face="normal" font="default" size="100%">Adolescents who sexually harm</style></keyword><keyword><style face="normal" font="default" size="100%">Adolescents who sexually offend</style></keyword><keyword><style face="normal" font="default" size="100%">Juvenile sex offenders</style></keyword><keyword><style face="normal" font="default" size="100%">Young people who sexually abuse</style></keyword><keyword><style face="normal" font="default" size="100%">Young people who sexually offend</style></keyword><keyword><style face="normal" font="default" size="100%">Animal abuse</style></keyword></keywords><dates><year><style face="normal" font="default" size="100%">2002</style></year></dates><publisher><style face="normal" font="default" size="100%">BRILL</style></publisher><isbn><style face="normal" font="default" size="100%">1063-1119</style></isbn><abstract><style face="normal" font="default" size="100%">This study compared the family characteristics, victimization histories, and number of perpetration offenses of juvenile offenders who admitted to having had sex with animals to juvenile offenders who did not. The study found that 96% of the juveniles who had engaged in sex with nonhuman animals also admitted to sex offenses against humans and reported more offenses against humans than other sex offenders their same age and race. Those juveniles who had engaged in sex with animals were similar to other sex offenders in that they also came from families with less affirming and more incendiary communication, lower attachment, less adaptability, and less positive environments. Those juveniles who had engaged in sex with animals reported victimization histories with more emotional abuse and neglect and a higher number of victimization events than other offenders. This would seem to indicate that sex with animals may be an important indicator of potential or co-occurring sex offenses against humans and may be a sign of severe family dysfunction and abuse that should be addressed in the arenas of psychological intervention, juvenile justice programs, and public policy.</style></abstract><urls><pdf-urls><url>internal-pdf://1859157644/Fleming2002Characteristics of juvenile.pdf</url></pdf-urls></urls><electronic-resource-num><style face="normal" font="default" size="100%">10.1163/156853002760030860</style></electronic-resource-num><language><style face="normal" font="default" size="100%">Eng</style></language></record><record><database name="NSCClibrary.enl" path="F:\NSCClibrary.enl">NSCClibrary.enl</database><source-app name="EndNote" version="17.1">EndNote</source-app><rec-number>4404</rec-number><foreign-keys><key app="EN" db-id="5s5ppfp52t55w0eadv7p5ss3vfxzs5fwwe5w">4404</key></foreign-keys><ref-type name="Journal Article">17</ref-type><contributors><authors><author><style face="normal" font="default" size="100%">Hensley, Christopher</style></author><author><style face="normal" font="default" size="100%">Tallichet, Suzanne E.</style></author><author><style face="normal" font="default" size="100%">Singer, Stephen D.</style></author></authors></contributors><titles><title><style face="normal" font="default" size="100%">Exploring the Possible Link Between Childhood and Adolescent Bestiality and Interpersonal Violence</style></title><secondary-title><style face="normal" font="default" size="100%">Journal of Interpersonal Violence</style></secondary-title></titles><periodical><full-title><style face="normal" font="default" size="100%">Journal of Interpersonal Violence</style></full-title></periodical><pages><style face="normal" font="default" size="100%">910-923</style></pages><volume><style face="normal" font="default" size="100%">21</style></volume><number><style face="normal" font="default" size="100%">7</style></number><keywords><keyword><style face="normal" font="default" size="100%">Bestiality</style></keyword><keyword><style face="normal" font="default" size="100%">Animal cruelty</style></keyword><keyword><style face="normal" font="default" size="100%">Interpersonal violence</style></keyword></keywords><dates><year><style face="normal" font="default" size="100%">2006</style></year><pub-dates><date><style face="normal" font="default" size="100%">July 1, 2006</style></date></pub-dates></dates><abstract><style face="normal" font="default" size="100%">Bestiality is a serious although less frequently occurring form of animal cruelty that may be linked to subsequent aggression against humans. This investigation examines whether a perpetrator&apos;s race, childhood residence, education, commission of a personal crime, and the number of personal crimes committed affects acts of bestiality committed during childhood or adolescence among a sample of incarcerated males. The results show that respondents with less education and those who had been convicted of committing crimes against people on one or more occasions were more likely to have had sex with animals during their childhood or adolescence than other respondents in the sample. These findings lend some support to the sexually polymorphous theory that among these perpetrators sex and aggression have become mutually inclusive and that bestiality as a form of animal cruelty may be linked with interpersonal human violence.</style></abstract><urls><related-urls><url><style face="normal" font="default" size="100%">http://jiv.sagepub.com/content/21/7/910.abstract</style></url></related-urls><pdf-urls><url>internal-pdf://3100469510/Hensley2006Exploring the possible.pdf</url></pdf-urls></urls><electronic-resource-num><style face="normal" font="default" size="100%">10.1177/0886260506288937</style></electronic-resource-num><language><style face="normal" font="default" size="100%">English</style></language></record><record><database name="NSCClibrary.enl" path="F:\NSCClibrary.enl">NSCClibrary.enl</database><source-app name="EndNote" version="17.1">EndNote</source-app><rec-number>4407</rec-number><foreign-keys><key app="EN" db-id="5s5ppfp52t55w0eadv7p5ss3vfxzs5fwwe5w">4407</key></foreign-keys><ref-type name="Government Document">46</ref-type><contributors><authors><author><style face="normal" font="default" size="100%">U.S. Department of Justice</style></author></authors><secondary-authors><author><style face="normal" font="default" size="100%">U.S. Department of Justice</style></author></secondary-authors></contributors><auth-address><style face="normal" font="default" size="100%">Juvenile Justice Clearinghouse, PO Box 6000, Rockville, MD.</style></auth-address><titles><title><style face="normal" font="default" size="100%">The etiology of animal abuse</style></title><tertiary-title><style face="normal" font="default" size="100%">Juvenile Justice Bulletin</style></tertiary-title></titles><pages><style face="normal" font="default" size="100%">4</style></pages><keywords><keyword><style face="normal" font="default" size="100%">Animal abuse</style></keyword></keywords><dates><year><style face="normal" font="default" size="100%">2001</style></year></dates><pub-location><style face="normal" font="default" size="100%">Rockville, MD</style></pub-location><publisher><style face="normal" font="default" size="100%">Juvenile Justice Clearinghouse</style></publisher><abstract><style face="normal" font="default" size="100%">This section addresses factors in children’s lives that have been associated with increased levels of animal abuse. The factors range from negative but relatively normative experiences (corporal punishment) to potentially more devastating circumstances (physical abuse, sexual abuse, and domestic violence). </style></abstract><urls><pdf-urls><url>internal-pdf://3887288888/The Etiology of Animal Abuse.pdf</url></pdf-urls></urls><language><style face="normal" font="default" size="100%">Eng</style></language></record><record><database name="NSCClibrary.enl" path="F:\NSCClibrary.enl">NSCClibrary.enl</database><source-app name="EndNote" version="17.1">EndNote</source-app><rec-number>3261</rec-number><foreign-keys><key app="EN" db-id="5s5ppfp52t55w0eadv7p5ss3vfxzs5fwwe5w">3261</key></foreign-keys><ref-type name="Journal Article">17</ref-type><contributors><authors><author><style face="normal" font="default" size="100%">Merz-Perez, Linda</style></author><author><style face="normal" font="default" size="100%">Heide, Kathleen M.</style></author><author><style face="normal" font="default" size="100%">Silverman, Ira J.</style></author></authors></contributors><titles><title><style face="normal" font="default" size="100%">Childhood cruelty to animals and subsequent violence against humans</style></title><secondary-title><style face="normal" font="default" size="100%">International Journal of Offender Therapy and Comparative Criminology</style></secondary-title></titles><periodical><full-title><style face="normal" font="default" size="100%">International Journal of Offender Therapy and Comparative Criminology</style></full-title></periodical><pages><style face="normal" font="default" size="100%">556</style></pages><volume><style face="normal" font="default" size="100%">45</style></volume><number><style face="normal" font="default" size="100%">5</style></number><keywords><keyword><style face="normal" font="default" size="100%">Animal abuse</style></keyword><keyword><style face="normal" font="default" size="100%">Violent offending</style></keyword></keywords><dates><year><style face="normal" font="default" size="100%">2001</style></year></dates><isbn><style face="normal" font="default" size="100%">0306-624X</style></isbn><abstract><style face="normal" font="default" size="100%">Recent studies have offered compelling evidence supporting a relationship between childhood cruelty to animals and later violence against humans. This study investigated whether violent offenders were significantly more likely than nonviolent offenders to have abused animals of various types during childhood. Interviews were conducted with 45 violent and 45 nonviolent offenders incarcerated in a maximum-security prison and randomly selected for this study by institutional staff members. Two data collection instruments were used. The first extracted demographic and social history from the participants. The second was used to gather information regarding cruelty to animals as categorized into four types (wild, farm, pet, and stray). Results indicated that a statistically significant relationship existed between childhood cruelty to animals and later violence against humans. Furthermore, the study found, consistent with prior research, that violent offenders were significantly more likely than nonviolent offenders to have committed acts of cruelty toward pet animals as children.</style></abstract><urls><pdf-urls><url>internal-pdf://Merz-Perez et al 2001 - Childhood cruelty-0203524865/Merz-Perez et al 2001 - Childhood cruelty.pdf</url></pdf-urls></urls></record></records></xml>