<?xml version="1.0" encoding="UTF-8" ?><xml><records><record><database name="NSCClibrary.enl" path="F:\NSCClibrary.enl">NSCClibrary.enl</database><source-app name="EndNote" version="17.1">EndNote</source-app><rec-number>4439</rec-number><foreign-keys><key app="EN" db-id="5s5ppfp52t55w0eadv7p5ss3vfxzs5fwwe5w">4439</key></foreign-keys><ref-type name="Journal Article">17</ref-type><contributors><authors><author><style face="normal" font="default" size="100%">Hilton, N. Zoe</style></author><author><style face="normal" font="default" size="100%">Harris, Grant T.</style></author><author><style face="normal" font="default" size="100%">Rice, Marnie E.</style></author></authors></contributors><titles><title><style face="normal" font="default" size="100%">Adolescents&apos; Perceptions of the Seriousness of Sexual Aggression: Influence of Gender, Traditional Attitudes, and Self-Reported Experience</style></title><secondary-title><style face="normal" font="default" size="100%">Sexual Abuse: A Journal of Research and Treatment</style></secondary-title></titles><periodical><full-title><style face="normal" font="default" size="100%">Sexual Abuse: A Journal of Research and Treatment</style></full-title></periodical><pages><style face="normal" font="default" size="100%">201-214</style></pages><volume><style face="normal" font="default" size="100%">15</style></volume><number><style face="normal" font="default" size="100%">3</style></number><keywords><keyword><style face="normal" font="default" size="100%">Sexual aggression</style></keyword><keyword><style face="normal" font="default" size="100%">Perception</style></keyword><keyword><style face="normal" font="default" size="100%">Self-reporting</style></keyword></keywords><dates><year><style face="normal" font="default" size="100%">2003</style></year><pub-dates><date><style face="normal" font="default" size="100%">July 1, 2003</style></date></pub-dates></dates><abstract><style face="normal" font="default" size="100%">Little is known about adolescents&apos; perceptions of interpersonal aggression and the role of traditional social attitudes in these perceptions. Sixteen-year-old students (N = 212) of both sexes rated the seriousness of 9 aurally presented scenarios depicting either sexual or nonsexual, physical aggression. Sex of perpetrator and sex of victim were manipulated partly factorially. Students also reported on their own experiences (as perpetrators and victims) of the aggression portrayed, and completed a measure of traditional sex role ideology. Sexual aggression was rated as more serious than nonsexual physical aggression, especially when involving physical force. Girls gave higher seriousness ratings than did boys. Male-to-female aggression was rated as most serious, and male-to-male aggression, least serious. Self-reported perpetrators tended to give lower ratings of seriousness than did victims. Traditional sex-role attitudes were associated with lower rated seriousness but not with reported perpetration or victimization. Multivariate analyses suggested that the effects of traditional sex-role attitudes could largely be subsumed by the effects of other study variables, especially participant sex. The role of attitudes as a direct cause of interpersonal aggression is discussed along with implications for intervention.</style></abstract><urls><pdf-urls><url>internal-pdf://0315368081/Hilton2003Adolescents Perceptions.pdf</url></pdf-urls></urls><electronic-resource-num><style face="normal" font="default" size="100%">10.1177/107906320301500304</style></electronic-resource-num></record></records></xml>