<?xml version="1.0" encoding="UTF-8" ?><xml><records><record><database name="NSCClibrary.enl" path="F:\NSCClibrary.enl">NSCClibrary.enl</database><source-app name="EndNote" version="17.1">EndNote</source-app><rec-number>4652</rec-number><foreign-keys><key app="EN" db-id="5s5ppfp52t55w0eadv7p5ss3vfxzs5fwwe5w">4652</key><key app="ENWeb" db-id="">0</key></foreign-keys><ref-type name="Journal Article">17</ref-type><contributors><authors><author><style face="normal" font="default" size="100%">Ballan, M. S.</style></author></authors></contributors><auth-address><style face="normal" font="default" size="100%">School of Social Work, Columbia University, 1255 Amsterdam Avenue, New York, NY 10027, USA. msb2008@columbia.edu</style></auth-address><titles><title><style face="normal" font="default" size="100%">Parental perspectives of communication about sexuality in families of children with autism spectrum disorders</style></title><secondary-title><style face="normal" font="default" size="100%">J Autism Dev Disord</style></secondary-title><alt-title><style face="normal" font="default" size="100%">Journal of autism and developmental disorders</style></alt-title></titles><periodical><full-title><style face="normal" font="default" size="100%">J Autism Dev Disord</style></full-title><abbr-1><style face="normal" font="default" size="100%">Journal of autism and developmental disorders</style></abbr-1></periodical><alt-periodical><full-title><style face="normal" font="default" size="100%">J Autism Dev Disord</style></full-title><abbr-1><style face="normal" font="default" size="100%">Journal of autism and developmental disorders</style></abbr-1></alt-periodical><pages><style face="normal" font="default" size="100%">676-84</style></pages><volume><style face="normal" font="default" size="100%">42</style></volume><number><style face="normal" font="default" size="100%">5</style></number><keywords><keyword><style face="normal" font="default" size="100%">Communication</style></keyword><keyword><style face="normal" font="default" size="100%">Autism spectrum disorders</style></keyword><keyword><style face="normal" font="default" size="100%">Sexuality</style></keyword></keywords><dates><year><style face="normal" font="default" size="100%">2012</style></year><pub-dates><date><style face="normal" font="default" size="100%">May</style></date></pub-dates></dates><isbn><style face="normal" font="default" size="100%">1573-3432 (Electronic)&#xD;0162-3257 (Linking)</style></isbn><accession-num><style face="normal" font="default" size="100%">21681591</style></accession-num><abstract><style face="normal" font="default" size="100%">To explore the content of communication about sexuality between parents and children with autism spectrum disorders, semi-structured interviews were conducted with 18 parents of children ages 6-13. Content analysis and ethnographic summary were used to interpret the data. Findings suggest that parent&apos;s perceptions of a child&apos;s behaviors and comprehension are associated with the likelihood that communication occurs. However, parents recognize the risks their children experience, with the greatest fears being sexual victimization and misperceptions related to the intent of their child&apos;s behaviors. This study provides information on the nature of communication about sexuality in families of children with autism spectrum disorders and can help tailor interventions aimed at assisting parents to communicate sexuality information effectively.</style></abstract><notes><style face="normal" font="default" size="100%">Ballan, Michelle S&#xD;eng&#xD;Research Support, Non-U.S. Gov&apos;t&#xD;2011/06/18 06:00&#xD;J Autism Dev Disord. 2012 May;42(5):676-84. doi: 10.1007/s10803-011-1293-y.</style></notes><urls><related-urls><url><style face="normal" font="default" size="100%">http://www.ncbi.nlm.nih.gov/pubmed/21681591</style></url></related-urls><pdf-urls><url>internal-pdf://2720101927/Ballan2012Parental Perspectives.pdf</url></pdf-urls></urls><electronic-resource-num><style face="normal" font="default" size="100%">10.1007/s10803-011-1293-y</style></electronic-resource-num></record><record><database name="NSCClibrary.enl" path="F:\NSCClibrary.enl">NSCClibrary.enl</database><source-app name="EndNote" version="17.1">EndNote</source-app><rec-number>3901</rec-number><foreign-keys><key app="EN" db-id="5s5ppfp52t55w0eadv7p5ss3vfxzs5fwwe5w">3901</key></foreign-keys><ref-type name="Conference Proceedings">10</ref-type><contributors><authors><author><style face="normal" font="default" size="100%">Bath, Howard</style></author><author><style face="normal" font="default" size="100%">Howell, Jenny</style></author></authors></contributors><titles><title><style face="normal" font="default" size="100%">Asperger&apos;s Syndrome and sexual behaviour problems</style></title><secondary-title><style face="normal" font="default" size="100%">ANZATSA</style></secondary-title></titles><keywords><keyword><style face="normal" font="default" size="100%">Asperger&apos;s Syndrome</style></keyword><keyword><style face="normal" font="default" size="100%">Risk assessment</style></keyword><keyword><style face="normal" font="default" size="100%">Sexual behaviour</style></keyword><keyword><style face="normal" font="default" size="100%">Sexualised behaviours</style></keyword></keywords><dates><year><style face="normal" font="default" size="100%">2006</style></year><pub-dates><date><style face="normal" font="default" size="100%">March</style></date></pub-dates></dates><pub-location><style face="normal" font="default" size="100%">Sydney and Melbourne</style></pub-location><abstract><style face="normal" font="default" size="100%">Contains PowerPoint slides from Bath&apos;s presentation in addition to supplementary material. Areas covered include: diagnosis, co-occurring conditions and prevalence; conceptual perspectives; characteristics of adolescents with sexual behaviour problems (SSP&apos;s); clinical samples; risk assessment; and, treatment implications.</style></abstract><urls><pdf-urls><url>internal-pdf://Bath et al 2006 - Aspergers syndrome-3580351232/Bath et al 2006 - Aspergers syndrome.pdf</url></pdf-urls></urls></record><record><database name="NSCClibrary.enl" path="F:\NSCClibrary.enl">NSCClibrary.enl</database><source-app name="EndNote" version="17.1">EndNote</source-app><rec-number>3924</rec-number><foreign-keys><key app="EN" db-id="5s5ppfp52t55w0eadv7p5ss3vfxzs5fwwe5w">3924</key></foreign-keys><ref-type name="Journal Article">17</ref-type><contributors><authors><author><style face="normal" font="default" size="100%">Bleil Walters, Jessica</style></author><author><style face="normal" font="default" size="100%">Hughes, Tammy L.</style></author><author><style face="normal" font="default" size="100%">Sutton, Lawrence R.</style></author><author><style face="normal" font="default" size="100%">Marshall, Stephanie N.</style></author><author><style face="normal" font="default" size="100%">Crothers, Laura M.</style></author><author><style face="normal" font="default" size="100%">Lehman, Cathryn</style></author><author><style face="normal" font="default" size="100%">Paserba, Dave</style></author><author><style face="normal" font="default" size="100%">Talkington, Vanessa</style></author><author><style face="normal" font="default" size="100%">Taormina, Rochelle</style></author><author><style face="normal" font="default" size="100%">Huang, Ann</style></author></authors></contributors><titles><title><style face="normal" font="default" size="100%">Maltreatment and depression in adolescent sexual offenders with an Autism Spectrum Disorder</style></title><secondary-title><style face="normal" font="default" size="100%">Journal of Child Sexual Abuse</style></secondary-title></titles><periodical><full-title><style face="normal" font="default" size="100%">Journal of Child Sexual Abuse</style></full-title></periodical><pages><style face="normal" font="default" size="100%">72-89</style></pages><volume><style face="normal" font="default" size="100%">22</style></volume><number><style face="normal" font="default" size="100%">1</style></number><keywords><keyword><style face="normal" font="default" size="100%">Adolescent sex offenders</style></keyword><keyword><style face="normal" font="default" size="100%">Adolescents who sexually abuse</style></keyword><keyword><style face="normal" font="default" size="100%">Adolescents who sexually harm</style></keyword><keyword><style face="normal" font="default" size="100%">Autism</style></keyword><keyword><style face="normal" font="default" size="100%">Child abuse</style></keyword><keyword><style face="normal" font="default" size="100%">Child maltreatment</style></keyword><keyword><style face="normal" font="default" size="100%">Child neglect</style></keyword><keyword><style face="normal" font="default" size="100%">Depression</style></keyword><keyword><style face="normal" font="default" size="100%">Juvenile sex offenders</style></keyword><keyword><style face="normal" font="default" size="100%">Young people who sexually abuse</style></keyword></keywords><dates><year><style face="normal" font="default" size="100%">2013</style></year><pub-dates><date><style face="normal" font="default" size="100%">2013/01/01</style></date></pub-dates></dates><publisher><style face="normal" font="default" size="100%">Routledge</style></publisher><isbn><style face="normal" font="default" size="100%">1053-8712</style></isbn><abstract><style face="normal" font="default" size="100%">This study examined the self-reported presence and severity of abuse, neglect, and depressive symptoms for 43 adolescents adjudicated delinquent due to a sexual offense. Twenty-seven of the adolescent sexual offenders were also diagnosed with an autism spectrum disorder, and 16 did not carry an autism spectrum disorder diagnosis. Both groups reported moderate to high levels of abuse and neglect. Adolescent sexual offenders with an autism spectrum disorder reported significantly higher depressive symptoms than those without an autism spectrum disorder. Furthermore, of the group with an autism spectrum disorder, those reporting severe levels of emotional abuse and/or emotional neglect were more likely to also have depressive symptoms. Results suggest a need to tailor treatment programs to match the unique needs of sexual offenders.</style></abstract><notes><style face="normal" font="default" size="100%">Special Issue on Young People Who Sexually Abuse</style></notes><urls><related-urls><url><style face="normal" font="default" size="100%">http://dx.doi.org/10.1080/10538712.2013.735357</style></url></related-urls><pdf-urls><url>internal-pdf://Bleil Waters et al 2013 - Maltreatment and-1310524160/Bleil Waters et al 2013 - Maltreatment and.pdf</url><url>internal-pdf://1564619659/Bleil2013Maltreatment.pdf</url></pdf-urls></urls><electronic-resource-num><style face="normal" font="default" size="100%">10.1080/10538712.2013.735357</style></electronic-resource-num><access-date><style face="normal" font="default" size="100%">2013/01/30</style></access-date></record><record><database name="NSCClibrary.enl" path="F:\NSCClibrary.enl">NSCClibrary.enl</database><source-app name="EndNote" version="17.1">EndNote</source-app><rec-number>4653</rec-number><foreign-keys><key app="EN" db-id="5s5ppfp52t55w0eadv7p5ss3vfxzs5fwwe5w">4653</key><key app="ENWeb" db-id="">0</key></foreign-keys><ref-type name="Journal Article">17</ref-type><contributors><authors><author><style face="normal" font="default" size="100%">Byers, E. S.</style></author><author><style face="normal" font="default" size="100%">Nichols, S.</style></author><author><style face="normal" font="default" size="100%">Voyer, S. D.</style></author><author><style face="normal" font="default" size="100%">Reilly, G.</style></author></authors></contributors><auth-address><style face="normal" font="default" size="100%">Department of psychology, University of New Brunswick, Canada. byers@unb.ca</style></auth-address><titles><title><style face="normal" font="default" size="100%">Sexual well-being of a community sample of high-functioning adults on the autism spectrum who have been in a romantic relationship</style></title><secondary-title><style face="normal" font="default" size="100%">Autism</style></secondary-title><alt-title><style face="normal" font="default" size="100%">Autism : the international journal of research and practice</style></alt-title></titles><periodical><full-title><style face="normal" font="default" size="100%">Autism</style></full-title><abbr-1><style face="normal" font="default" size="100%">Autism : the international journal of research and practice</style></abbr-1></periodical><alt-periodical><full-title><style face="normal" font="default" size="100%">Autism</style></full-title><abbr-1><style face="normal" font="default" size="100%">Autism : the international journal of research and practice</style></abbr-1></alt-periodical><pages><style face="normal" font="default" size="100%">418-33</style></pages><volume><style face="normal" font="default" size="100%">17</style></volume><number><style face="normal" font="default" size="100%">4</style></number><keywords><keyword><style face="normal" font="default" size="100%">Autism spectrum disorders</style></keyword><keyword><style face="normal" font="default" size="100%">Sexuality</style></keyword><keyword><style face="normal" font="default" size="100%">Adult</style></keyword></keywords><dates><year><style face="normal" font="default" size="100%">2013</style></year><pub-dates><date><style face="normal" font="default" size="100%">Jul</style></date></pub-dates></dates><isbn><style face="normal" font="default" size="100%">1461-7005 (Electronic)&#xD;1362-3613 (Linking)</style></isbn><accession-num><style face="normal" font="default" size="100%">23045223</style></accession-num><abstract><style face="normal" font="default" size="100%">This study explored factors (gender, age, relationship status, symptomatology) associated with the sexual well-being of 141 (56 men and 85 women) adults with high-functioning autism and Asperger syndrome (HFA/AS) living in the community. Participants completed an online survey consisting of a measure of autistic symptoms as well as measures of dyadic and solitary sexual well-being. Canonical correlation analyses showed that participants who were currently in a romantic relationship reported more frequent dyadic affectionate and genital activity and greater sexual assertiveness and sexual satisfaction, pointing to the importance of context in an active sex life. After controlling for the first variate, men and individuals with less autism symptomatology, particularly in the social and communication domains, generally reported significantly greater dyadic sexual well-being, including greater sexual satisfaction, assertiveness, arousability, and desire and lower sexual anxiety and fewer sexual problems. Men also reported better solitary sexual well-being, including more sexual thoughts, more sexual desire, and more frequent solitary sexual activity; however, they had lower sexual knowledge. These results highlight the importance for research and sexuality education with individuals with HFA/AS to conceptualize sexual well-being as a multidimensional construct consisting of both dyadic and solitary aspects.</style></abstract><notes><style face="normal" font="default" size="100%">Byers, E Sandra&#xD;Nichols, Shana&#xD;Voyer, Susan D&#xD;Reilly, Georgianna&#xD;eng&#xD;England&#xD;2012/10/10 06:00&#xD;Autism. 2013 Jul;17(4):418-33. doi: 10.1177/1362361311431950. Epub 2012 Oct 8.</style></notes><urls><related-urls><url><style face="normal" font="default" size="100%">http://www.ncbi.nlm.nih.gov/pubmed/23045223</style></url></related-urls><pdf-urls><url>internal-pdf://1546137049/Byer2013Sexual well being.pdf</url></pdf-urls></urls><electronic-resource-num><style face="normal" font="default" size="100%">10.1177/1362361311431950</style></electronic-resource-num></record><record><database name="NSCClibrary.enl" path="F:\NSCClibrary.enl">NSCClibrary.enl</database><source-app name="EndNote" version="17.1">EndNote</source-app><rec-number>4654</rec-number><foreign-keys><key app="EN" db-id="5s5ppfp52t55w0eadv7p5ss3vfxzs5fwwe5w">4654</key><key app="ENWeb" db-id="">0</key></foreign-keys><ref-type name="Journal Article">17</ref-type><contributors><authors><author><style face="normal" font="default" size="100%">Hellemans, H.</style></author><author><style face="normal" font="default" size="100%">Colson, K.</style></author><author><style face="normal" font="default" size="100%">Verbraeken, C.</style></author><author><style face="normal" font="default" size="100%">Vermeiren, R.</style></author><author><style face="normal" font="default" size="100%">Deboutte, D.</style></author></authors></contributors><auth-address><style face="normal" font="default" size="100%">University Center of Child and Adolescent Psychiatry Antwerp, ZNA Middelheim, University of Antwerp, Lindendreef 1, B-2020, Antwerp, Belgium. Hans.Hellemans@telenet.be</style></auth-address><titles><title><style face="normal" font="default" size="100%">Sexual behavior in high-functioning male adolescents and young adults with autism spectrum disorder</style></title><secondary-title><style face="normal" font="default" size="100%">J Autism Dev Disord</style></secondary-title><alt-title><style face="normal" font="default" size="100%">Journal of autism and developmental disorders</style></alt-title></titles><periodical><full-title><style face="normal" font="default" size="100%">J Autism Dev Disord</style></full-title><abbr-1><style face="normal" font="default" size="100%">Journal of autism and developmental disorders</style></abbr-1></periodical><alt-periodical><full-title><style face="normal" font="default" size="100%">J Autism Dev Disord</style></full-title><abbr-1><style face="normal" font="default" size="100%">Journal of autism and developmental disorders</style></abbr-1></alt-periodical><pages><style face="normal" font="default" size="100%">260-9</style></pages><volume><style face="normal" font="default" size="100%">37</style></volume><number><style face="normal" font="default" size="100%">2</style></number><keywords><keyword><style face="normal" font="default" size="100%">Autism spectrum disorders</style></keyword><keyword><style face="normal" font="default" size="100%">Out of home care</style></keyword><keyword><style face="normal" font="default" size="100%">Sexuality</style></keyword><keyword><style face="normal" font="default" size="100%">Sexual behaviour</style></keyword></keywords><dates><year><style face="normal" font="default" size="100%">2007</style></year><pub-dates><date><style face="normal" font="default" size="100%">Feb</style></date></pub-dates></dates><isbn><style face="normal" font="default" size="100%">0162-3257 (Print)&#xD;0162-3257 (Linking)</style></isbn><accession-num><style face="normal" font="default" size="100%">16868848</style></accession-num><abstract><style face="normal" font="default" size="100%">Group home caregivers of 24 institutionalized, male, high-functioning adolescents and young adults with Autism Spectrum Disorder, were interviewed with the Interview Sexuality Autism. Most subjects were reported to express sexual interest and to display some kind of sexual behavior. Knowledge of socio-sexual skills existed, but practical use was moderate. Masturbation was common. Many subjects were seeking physical contact with others. Half of the sample had experienced a relationship, while three were reported to have had sexual intercourse. The number of bisexual orientations appeared high. Ritual-sexual use of objects and sensory fascination with a sexual connotation were sometimes present. A paraphilia was present in two subjects. About one third of the group needed intervention regarding sexual development or behavior.</style></abstract><notes><style face="normal" font="default" size="100%">Hellemans, Hans&#xD;Colson, Kathy&#xD;Verbraeken, Christine&#xD;Vermeiren, Robert&#xD;Deboutte, Dirk&#xD;eng&#xD;2006/07/27 09:00&#xD;J Autism Dev Disord. 2007 Feb;37(2):260-9.</style></notes><urls><related-urls><url><style face="normal" font="default" size="100%">http://www.ncbi.nlm.nih.gov/pubmed/16868848</style></url></related-urls><pdf-urls><url>internal-pdf://2801603634/Hellemans2007Sexual Behavior.pdf</url></pdf-urls></urls><electronic-resource-num><style face="normal" font="default" size="100%">10.1007/s10803-006-0159-1</style></electronic-resource-num></record><record><database name="NSCClibrary.enl" path="F:\NSCClibrary.enl">NSCClibrary.enl</database><source-app name="EndNote" version="17.1">EndNote</source-app><rec-number>4704</rec-number><foreign-keys><key app="EN" db-id="5s5ppfp52t55w0eadv7p5ss3vfxzs5fwwe5w">4704</key></foreign-keys><ref-type name="Electronic Article">43</ref-type><contributors><authors><author><style face="normal" font="default" size="100%">Howell, Jenny</style></author></authors></contributors><titles><title><style face="normal" font="default" size="100%">Working with young people with autism spectrum disorders and sexual behaviour problems</style></title></titles><pages><style face="normal" font="default" size="100%">88 pieces of slides</style></pages><keywords><keyword><style face="normal" font="default" size="100%">Autism spectrum disorders</style></keyword><keyword><style face="normal" font="default" size="100%">Sexual behaviour</style></keyword><keyword><style face="normal" font="default" size="100%">Sexual behaviour problems</style></keyword></keywords><dates><year><style face="normal" font="default" size="100%">2011</style></year></dates><pub-location><style face="normal" font="default" size="100%">Sydney, NSW</style></pub-location><publisher><style face="normal" font="default" size="100%">New Street Adolecent Service</style></publisher><abstract><style face="normal" font="default" size="100%">This powerpoint shows you how to diagnosis and assess Autistic Disorder and its sexual behaviour problems.</style></abstract><urls><pdf-urls><url>internal-pdf://0686407720/Howell2011WORKING.pdf</url></pdf-urls></urls></record><record><database name="NSCClibrary.enl" path="F:\NSCClibrary.enl">NSCClibrary.enl</database><source-app name="EndNote" version="17.1">EndNote</source-app><rec-number>4660</rec-number><foreign-keys><key app="EN" db-id="5s5ppfp52t55w0eadv7p5ss3vfxzs5fwwe5w">4660</key></foreign-keys><ref-type name="Journal Article">17</ref-type><contributors><authors><author><style face="normal" font="default" size="100%">Howlin, P.</style></author><author><style face="normal" font="default" size="100%">Jones, D. P.</style></author></authors></contributors><auth-address><style face="normal" font="default" size="100%">Department of Psychology, St. George&apos;s Hospital Medical School, London, UK.</style></auth-address><titles><title><style face="normal" font="default" size="100%">An assessment approach to abuse allegations made through facilitated communication</style></title><secondary-title><style face="normal" font="default" size="100%">Child Abuse &amp; Neglect</style></secondary-title><alt-title><style face="normal" font="default" size="100%">Child Abuse Negl</style></alt-title></titles><periodical><full-title><style face="normal" font="default" size="100%">Child Abuse &amp; Neglect</style></full-title></periodical><alt-periodical><full-title><style face="normal" font="default" size="100%">Child Abuse Negl</style></full-title></alt-periodical><pages><style face="normal" font="default" size="100%">103-10</style></pages><volume><style face="normal" font="default" size="100%">20</style></volume><number><style face="normal" font="default" size="100%">2</style></number><keywords><keyword><style face="normal" font="default" size="100%">Facilitated communication</style></keyword><keyword><style face="normal" font="default" size="100%">Intellectual disability</style></keyword><keyword><style face="normal" font="default" size="100%">Autism</style></keyword><keyword><style face="normal" font="default" size="100%">Autism spectrum disorders</style></keyword><keyword><style face="normal" font="default" size="100%">Allegations</style></keyword></keywords><dates><year><style face="normal" font="default" size="100%">1996</style></year><pub-dates><date><style face="normal" font="default" size="100%">Feb</style></date></pub-dates></dates><isbn><style face="normal" font="default" size="100%">0145-2134</style></isbn><accession-num><style face="normal" font="default" size="100%">8838407</style></accession-num><abstract><style face="normal" font="default" size="100%">Over the last few years a number of cases have been reported in which accusations of sexual abuse have been made through the medium of facilitated communication. Although experimental evaluations of facilitated communication indicate that responses are almost always under the control of the facilitator, not the client, such allegations cannot be ignored. The following case study describes the procedures followed when a young girl with autism began to make accusations of abuse against family members. The paper suggests a number of guidelines that might be followed when professionals are faced with dilemmas of a similar kind.</style></abstract><notes><style face="normal" font="default" size="100%">Howlin, P&#xD;Jones, D P</style></notes><work-type><style face="normal" font="default" size="100%">Case Reports</style></work-type><urls><pdf-urls><url>internal-pdf://2177629241/Howlin1996An Assessment Approach.pdf</url></pdf-urls></urls><remote-database-name><style face="normal" font="default" size="100%">MEDLINE</style></remote-database-name><remote-database-provider><style face="normal" font="default" size="100%">Ovid Technologies</style></remote-database-provider><language><style face="normal" font="default" size="100%">English</style></language></record><record><database name="NSCClibrary.enl" path="F:\NSCClibrary.enl">NSCClibrary.enl</database><source-app name="EndNote" version="17.1">EndNote</source-app><rec-number>4661</rec-number><foreign-keys><key app="EN" db-id="5s5ppfp52t55w0eadv7p5ss3vfxzs5fwwe5w">4661</key></foreign-keys><ref-type name="Journal Article">17</ref-type><contributors><authors><author><style face="normal" font="default" size="100%">Kohn, Y.</style></author><author><style face="normal" font="default" size="100%">Fahum, T.</style></author><author><style face="normal" font="default" size="100%">Ratzoni, G.</style></author><author><style face="normal" font="default" size="100%">Apter, A.</style></author></authors></contributors><auth-address><style face="normal" font="default" size="100%">Psychiatry Department, Hadassah University Hospital, Hebrew University-Hadassah School of Medicine, Jerusalem, Israel.</style></auth-address><titles><title><style face="normal" font="default" size="100%">Aggression and sexual offense in Asperger&apos;s syndrome</style></title><secondary-title><style face="normal" font="default" size="100%">Israel Journal of Psychiatry &amp; Related Sciences</style></secondary-title><alt-title><style face="normal" font="default" size="100%">Isr J Psychiatry Relat Sci</style></alt-title></titles><periodical><full-title><style face="normal" font="default" size="100%">Israel Journal of Psychiatry &amp; Related Sciences</style></full-title><abbr-1><style face="normal" font="default" size="100%">Isr J Psychiatry Relat Sci</style></abbr-1></periodical><alt-periodical><full-title><style face="normal" font="default" size="100%">Israel Journal of Psychiatry &amp; Related Sciences</style></full-title><abbr-1><style face="normal" font="default" size="100%">Isr J Psychiatry Relat Sci</style></abbr-1></alt-periodical><pages><style face="normal" font="default" size="100%">293-9</style></pages><volume><style face="normal" font="default" size="100%">35</style></volume><number><style face="normal" font="default" size="100%">4</style></number><keywords><keyword><style face="normal" font="default" size="100%">Autism spectrum disorders</style></keyword><keyword><style face="normal" font="default" size="100%">Asperger Syndrome</style></keyword><keyword><style face="normal" font="default" size="100%">Pervasive developmental disorders</style></keyword><keyword><style face="normal" font="default" size="100%">Aggression</style></keyword><keyword><style face="normal" font="default" size="100%">Sexual offences</style></keyword></keywords><dates><year><style face="normal" font="default" size="100%">1998</style></year></dates><isbn><style face="normal" font="default" size="100%">0333-7308</style></isbn><accession-num><style face="normal" font="default" size="100%">9988987</style></accession-num><abstract><style face="normal" font="default" size="100%">Asperger&apos;s Syndrome is one of the diagnostic subcategories of pervasive developmental disorders. It is characterized by a defect in reciprocal social interaction, lack of empathy for others and poor non-verbal communication. Antisocial acts, including aggression and sexual offense, are not considered to be common in this disorder. We describe an adolescent with Asperger&apos;s Syndrome whose main problems are his violence and sexual offenses. We assume that these symptoms are secondary to his diagnosis of Asperger&apos;s as a manifestation of his difficulties with the &quot;theory of mind&quot; of others. This atypical case report is in contrast with the low prevalence of aggression and sexual offense in Asperger&apos;s, as reported in the literature. We discuss the reasons for this low prevalence. Our conclusions are based on one case history and a literature review. We call for further research in this field.</style></abstract><notes><style face="normal" font="default" size="100%">Kohn, Y&#xD;Fahum, T&#xD;Ratzoni, G&#xD;Apter, A</style></notes><work-type><style face="normal" font="default" size="100%">Case Reports</style></work-type><urls><pdf-urls><url>internal-pdf://3524797476/Kohn1998Aggression.pdf</url></pdf-urls></urls><remote-database-name><style face="normal" font="default" size="100%">MEDLINE</style></remote-database-name><remote-database-provider><style face="normal" font="default" size="100%">Ovid Technologies</style></remote-database-provider><language><style face="normal" font="default" size="100%">English</style></language></record><record><database name="NSCClibrary.enl" path="F:\NSCClibrary.enl">NSCClibrary.enl</database><source-app name="EndNote" version="17.1">EndNote</source-app><rec-number>4662</rec-number><foreign-keys><key app="EN" db-id="5s5ppfp52t55w0eadv7p5ss3vfxzs5fwwe5w">4662</key></foreign-keys><ref-type name="Journal Article">17</ref-type><contributors><authors><author><style face="normal" font="default" size="100%">Konstantareas, M. M.</style></author><author><style face="normal" font="default" size="100%">Lunsky, Y. J.</style></author></authors></contributors><auth-address><style face="normal" font="default" size="100%">Department of Psychology, College of Social Science, University of Guelph, Ontario, Canada.</style></auth-address><titles><title><style face="normal" font="default" size="100%">Sociosexual knowledge, experience, attitudes, and interests of individuals with autistic disorder and developmental delay</style></title><secondary-title><style face="normal" font="default" size="100%">Journal of Autism &amp; Developmental Disorders</style></secondary-title><alt-title><style face="normal" font="default" size="100%">J Autism Dev Disord</style></alt-title></titles><alt-periodical><full-title><style face="normal" font="default" size="100%">J Autism Dev Disord</style></full-title><abbr-1><style face="normal" font="default" size="100%">Journal of autism and developmental disorders</style></abbr-1></alt-periodical><pages><style face="normal" font="default" size="100%">397-413</style></pages><volume><style face="normal" font="default" size="100%">27</style></volume><number><style face="normal" font="default" size="100%">4</style></number><keywords><keyword><style face="normal" font="default" size="100%">Autism spectrum disorders</style></keyword><keyword><style face="normal" font="default" size="100%">Intellectual disability</style></keyword><keyword><style face="normal" font="default" size="100%">Sexual development</style></keyword></keywords><dates><year><style face="normal" font="default" size="100%">1997</style></year><pub-dates><date><style face="normal" font="default" size="100%">Aug</style></date></pub-dates></dates><isbn><style face="normal" font="default" size="100%">0162-3257</style></isbn><accession-num><style face="normal" font="default" size="100%">9261666</style></accession-num><abstract><style face="normal" font="default" size="100%">Thirty-one individuals, 15 with autistic disorder and 16 with developmental delay, male and female, were asked to select from a series of drawings depicting sexually relevant activities and to define them. In addition they were asked to describe their sexual experiences, attitudes, and interests, using a semistructured interview format. Ability to select through pointing out sexually relevant body parts or activities was not different by level of functioning, group, or gender. There were differences in providing a sociosexual label, however, with better performance for those with developmental delay and for the higher functioning. No differences were evident for sexual experiences, likely because of the considerable variability across subjects and types of activity, with some individuals reporting very many and others very few. As to attitudes, individuals with autistic disorder endorsed more sexual activities than those with developmental delay. Higher knowledge of sexuality terms and activities was inversely related to their endorsement. Literalness and perseveration were evident in the responses of some, primarily those with autistic disorder. Results are discussed for their relevance to the reliability and validity of information on sexual awareness among the developmentally disabled. Suggestions for future research are offered.</style></abstract><notes><style face="normal" font="default" size="100%">Konstantareas, M M&#xD;Lunsky, Y J</style></notes><urls><pdf-urls><url>internal-pdf://1094273453/Konstantareas1997Sociosexual Knowledge.pdf</url></pdf-urls></urls><remote-database-name><style face="normal" font="default" size="100%">MEDLINE</style></remote-database-name><remote-database-provider><style face="normal" font="default" size="100%">Ovid Technologies</style></remote-database-provider><language><style face="normal" font="default" size="100%">English</style></language></record><record><database name="NSCClibrary.enl" path="F:\NSCClibrary.enl">NSCClibrary.enl</database><source-app name="EndNote" version="17.1">EndNote</source-app><rec-number>4663</rec-number><foreign-keys><key app="EN" db-id="5s5ppfp52t55w0eadv7p5ss3vfxzs5fwwe5w">4663</key></foreign-keys><ref-type name="Journal Article">17</ref-type><contributors><authors><author><style face="normal" font="default" size="100%">Realmuto, G. M.</style></author><author><style face="normal" font="default" size="100%">Ruble, L. A.</style></author></authors></contributors><auth-address><style face="normal" font="default" size="100%">Division of Child and Adolescent Psychiatry, University of Minnesota, Minneapolis 55455, USA. Realm001@maroon.tc.umn.edu</style></auth-address><titles><title><style face="normal" font="default" size="100%">Sexual behaviors in autism: problems of definition and management</style></title><secondary-title><style face="normal" font="default" size="100%">Journal of Autism &amp; Developmental Disorders</style></secondary-title><alt-title><style face="normal" font="default" size="100%">J Autism Dev Disord</style></alt-title></titles><alt-periodical><full-title><style face="normal" font="default" size="100%">J Autism Dev Disord</style></full-title><abbr-1><style face="normal" font="default" size="100%">Journal of autism and developmental disorders</style></abbr-1></alt-periodical><pages><style face="normal" font="default" size="100%">121-7</style></pages><volume><style face="normal" font="default" size="100%">29</style></volume><number><style face="normal" font="default" size="100%">2</style></number><keywords><keyword><style face="normal" font="default" size="100%">Sexual development</style></keyword><keyword><style face="normal" font="default" size="100%">Sexual behaviour</style></keyword><keyword><style face="normal" font="default" size="100%">Autism</style></keyword><keyword><style face="normal" font="default" size="100%">Autism spectrum disorders</style></keyword><keyword><style face="normal" font="default" size="100%">Intellectual disability</style></keyword></keywords><dates><year><style face="normal" font="default" size="100%">1999</style></year><pub-dates><date><style face="normal" font="default" size="100%">Apr</style></date></pub-dates></dates><isbn><style face="normal" font="default" size="100%">0162-3257</style></isbn><accession-num><style face="normal" font="default" size="100%">10382132</style></accession-num><abstract><style face="normal" font="default" size="100%">Surveys of sexual behavior in autism suggest a variety of behavioral expression. However, the course of sexual development in autism is unplotted, leaving questions about the normalcy of specific behaviors. Even less is known about deviations of sexual development and the incidence of paraphilias in this population. We explore the problems of definition of sexual behaviors and describe a case report that highlights the difficulties of management. An application of a testosterone-suppressing medication and its effect on sexual behavior are reported. After failure of behavioral and educational programs, leuprolide, an injectable antiandrogen, resulted in suppression of behaviors and retention of the participants&apos; community placement. Follow-up for almost 3 years shows no abnormal physical effects. Dosage has been tapered over that period to a low but effective dose. Directions for research are discussed.</style></abstract><notes><style face="normal" font="default" size="100%">Realmuto, G M&#xD;Ruble, L A</style></notes><work-type><style face="normal" font="default" size="100%">Case Reports</style></work-type><urls><pdf-urls><url>internal-pdf://2899540328/Realmuto1999Rrealmuto.pdf</url></pdf-urls></urls><remote-database-name><style face="normal" font="default" size="100%">MEDLINE</style></remote-database-name><remote-database-provider><style face="normal" font="default" size="100%">Ovid Technologies</style></remote-database-provider><language><style face="normal" font="default" size="100%">English</style></language></record><record><database name="NSCClibrary.enl" path="F:\NSCClibrary.enl">NSCClibrary.enl</database><source-app name="EndNote" version="17.1">EndNote</source-app><rec-number>3916</rec-number><foreign-keys><key app="EN" db-id="5s5ppfp52t55w0eadv7p5ss3vfxzs5fwwe5w">3916</key></foreign-keys><ref-type name="Conference Paper">47</ref-type><contributors><authors><author><style face="normal" font="default" size="100%">Ryan, Gail</style></author></authors></contributors><titles><title><style face="normal" font="default" size="100%">Co-occurring psychiatric disorders in childhood and adolescence: Fuel for the cycle and risk to relapse prevention</style></title><secondary-title><style face="normal" font="default" size="100%">ANZATSA</style></secondary-title></titles><keywords><keyword><style face="normal" font="default" size="100%">Attention deficit disorder</style></keyword><keyword><style face="normal" font="default" size="100%">Brain</style></keyword><keyword><style face="normal" font="default" size="100%">Mood disorders</style></keyword><keyword><style face="normal" font="default" size="100%">Post-traumatic stress disorder</style></keyword><keyword><style face="normal" font="default" size="100%">PTSD</style></keyword><keyword><style face="normal" font="default" size="100%">Relapse prevention</style></keyword><keyword><style face="normal" font="default" size="100%">Sexual behaviour</style></keyword><keyword><style face="normal" font="default" size="100%">Sexualised behaviours</style></keyword></keywords><dates><year><style face="normal" font="default" size="100%">2002</style></year></dates><pub-location><style face="normal" font="default" size="100%">Sydney</style></pub-location><abstract><style face="normal" font="default" size="100%">Hypotheses regarding how Attention Deficit Disorder (ADD/ADHD), Major Mood Disorders, and Post-traumatic Stress Disorder might: 1. Increase the risk of sexual or abusive behaviours; 2. Impede the treatment process; and, 3. Be addressed in treatment to moderate risk. Also looks at the implications of recent advances in research regarding brain functioning.</style></abstract><urls><pdf-urls><url>internal-pdf://Ryan 2002 - Co-occuring psychiatric-2838080256/Ryan 2002 - Co-occuring psychiatric.pdf</url></pdf-urls></urls></record><record><database name="NSCClibrary.enl" path="F:\NSCClibrary.enl">NSCClibrary.enl</database><source-app name="EndNote" version="17.1">EndNote</source-app><rec-number>4657</rec-number><foreign-keys><key app="EN" db-id="5s5ppfp52t55w0eadv7p5ss3vfxzs5fwwe5w">4657</key><key app="ENWeb" db-id="">0</key></foreign-keys><ref-type name="Journal Article">17</ref-type><contributors><authors><author><style face="normal" font="default" size="100%">Stokes, M. A.</style></author><author><style face="normal" font="default" size="100%">Kaur, A.</style></author></authors></contributors><auth-address><style face="normal" font="default" size="100%">Deakin University, Victoria, Australia. stokes@deakin.edu.au</style></auth-address><titles><title><style face="normal" font="default" size="100%">High-functioning autism and sexuality: a parental perspective</style></title><secondary-title><style face="normal" font="default" size="100%">Autism</style></secondary-title><alt-title><style face="normal" font="default" size="100%">Autism : the international journal of research and practice</style></alt-title></titles><periodical><full-title><style face="normal" font="default" size="100%">Autism</style></full-title><abbr-1><style face="normal" font="default" size="100%">Autism : the international journal of research and practice</style></abbr-1></periodical><alt-periodical><full-title><style face="normal" font="default" size="100%">Autism</style></full-title><abbr-1><style face="normal" font="default" size="100%">Autism : the international journal of research and practice</style></abbr-1></alt-periodical><pages><style face="normal" font="default" size="100%">266-89</style></pages><volume><style face="normal" font="default" size="100%">9</style></volume><number><style face="normal" font="default" size="100%">3</style></number><keywords><keyword><style face="normal" font="default" size="100%">Autism spectrum disorders</style></keyword><keyword><style face="normal" font="default" size="100%">Autism</style></keyword><keyword><style face="normal" font="default" size="100%">Sexual behaviour</style></keyword></keywords><dates><year><style face="normal" font="default" size="100%">2005</style></year><pub-dates><date><style face="normal" font="default" size="100%">Jul</style></date></pub-dates></dates><isbn><style face="normal" font="default" size="100%">1362-3613 (Print)&#xD;1362-3613 (Linking)</style></isbn><accession-num><style face="normal" font="default" size="100%">15937042</style></accession-num><abstract><style face="normal" font="default" size="100%">Few studies have compared sexual behaviours among adolescents with high-functioning autism (HFA) and typical populations, and indicated whether specialized education is required. We hypothesized that adolescents with HFA would (1) display poorer social behaviours; (2) engage in fewer behaviours related to privacy and have poorer knowledge regarding privacy issues; (3) have less sex education; and (4) display more inappropriate sexual behaviours; and that (5) parental concerns would be greater for the HFA sample. Parents of typical adolescents (n=50) and adolescents with HFA (n=23) were surveyed with a Sexual Behaviour Scale (SBS) developed by the authors, with domains corresponding to the hypotheses. The HFA and typical groups were found to be significantly different on all five domains. However, following covariation with age and level of social behaviour, it was found that only parental concerns about their child distinguished between typical adolescents and those with HFA. Specialized sex education programmes with a social interaction emphasis should be considered for this group.</style></abstract><notes><style face="normal" font="default" size="100%">Stokes, Mark A&#xD;Kaur, Archana&#xD;eng&#xD;England&#xD;2005/06/07 09:00&#xD;Autism. 2005 Jul;9(3):266-89.</style></notes><urls><related-urls><url><style face="normal" font="default" size="100%">http://www.ncbi.nlm.nih.gov/pubmed/15937042</style></url></related-urls><pdf-urls><url>internal-pdf://2209981324/Stokes2005High functioning.pdf</url></pdf-urls></urls><electronic-resource-num><style face="normal" font="default" size="100%">10.1177/1362361305053258</style></electronic-resource-num></record></records></xml>