<?xml version="1.0" encoding="UTF-8" ?><xml><records><record><database name="NSCClibrary.enl" path="F:\NSCClibrary.enl">NSCClibrary.enl</database><source-app name="EndNote" version="17.1">EndNote</source-app><rec-number>4764</rec-number><foreign-keys><key app="EN" db-id="5s5ppfp52t55w0eadv7p5ss3vfxzs5fwwe5w">4764</key><key app="ENWeb" db-id="">0</key></foreign-keys><ref-type name="Journal Article">17</ref-type><contributors><authors><author><style face="normal" font="default" size="100%">Flanagan, Karen</style></author></authors></contributors><titles><title><style face="normal" font="default" size="100%">Reflections on working with male adolescent sex offenders</style></title><secondary-title><style face="normal" font="default" size="100%">Psychotherapy in Australia</style></secondary-title></titles><periodical><full-title><style face="normal" font="default" size="100%">Psychotherapy in Australia</style></full-title></periodical><pages><style face="normal" font="default" size="100%">45-49</style></pages><volume><style face="normal" font="default" size="100%">2</style></volume><number><style face="normal" font="default" size="100%">2</style></number><keywords><keyword><style face="normal" font="default" size="100%">Therapeutic relationships</style></keyword><keyword><style face="normal" font="default" size="100%">Sexually abusive behaviour</style></keyword><keyword><style face="normal" font="default" size="100%">Victims</style></keyword></keywords><dates><year><style face="normal" font="default" size="100%">1996</style></year></dates><isbn><style face="normal" font="default" size="100%">1323-0921</style></isbn><abstract><style face="normal" font="default" size="100%">The author outlines the issues in building a respectful therapeutic relationship with a client to whom you have said &quot;I cannot fully trust you; I will challenge what you tell me; I will predict your self preservation tactics; I find your sexually abusive behaviours unacceptable; I cannot promise you confidentiality; program staff will determine the content of therapy and set goals for you and will set limits to protect current victims and prevent future victims&quot;. She explores approaches to therapy and the demands it places on the therapist.</style></abstract><urls><pdf-urls><url>internal-pdf://0305707130/Reflections on working 1996.pdf</url></pdf-urls></urls></record><record><database name="NSCClibrary.enl" path="F:\NSCClibrary.enl">NSCClibrary.enl</database><source-app name="EndNote" version="17.1">EndNote</source-app><rec-number>1101</rec-number><foreign-keys><key app="EN" db-id="5s5ppfp52t55w0eadv7p5ss3vfxzs5fwwe5w">1101</key><key app="ENWeb" db-id="ThEeKwrtqggAAHqv064">4052</key></foreign-keys><ref-type name="Book">6</ref-type><contributors><authors><author><style face="normal" font="default" size="100%">Fuller, Andrew</style></author></authors></contributors><titles><title><style face="normal" font="default" size="100%">From surviving to thriving: Promoting mental health in young people</style></title></titles><keywords><keyword><style face="normal" font="default" size="100%">Adolescents</style></keyword><keyword><style face="normal" font="default" size="100%">Assessment</style></keyword><keyword><style face="normal" font="default" size="100%">At-risk</style></keyword><keyword><style face="normal" font="default" size="100%">Resilience</style></keyword></keywords><dates><year><style face="normal" font="default" size="100%">1998</style></year></dates><pub-location><style face="normal" font="default" size="100%">Melbourne</style></pub-location><publisher><style face="normal" font="default" size="100%">Acer Press</style></publisher><notes><style face="normal" font="default" size="100%">Held at Cedar Cottage Library - 1 copy&#xD;Held at New Street, Sydney - 1 copy</style></notes><urls><pdf-urls><url>internal-pdf://Fuller, Andrew - Promoting Resilience in High .....-0020145152/Fuller, Andrew - Promoting Resilience in High ......pdf</url></pdf-urls></urls></record><record><database name="NSCClibrary.enl" path="F:\NSCClibrary.enl">NSCClibrary.enl</database><source-app name="EndNote" version="17.1">EndNote</source-app><rec-number>1870</rec-number><foreign-keys><key app="EN" db-id="5s5ppfp52t55w0eadv7p5ss3vfxzs5fwwe5w">1870</key><key app="ENWeb" db-id="ThEeKwrtqggAAHqv064">4781</key></foreign-keys><ref-type name="Book">6</ref-type><contributors><authors><author><style face="normal" font="default" size="100%">Jenkins, Alan</style></author></authors></contributors><titles><title><style face="normal" font="default" size="100%">Invitations to responsibility: The therapeutic engagement of men who are violent and abusive</style></title></titles><keywords><keyword><style face="normal" font="default" size="100%">Therapeutic engagement</style></keyword><keyword><style face="normal" font="default" size="100%">Men</style></keyword><keyword><style face="normal" font="default" size="100%">Violent behaviour</style></keyword><keyword><style face="normal" font="default" size="100%">Abusive behaviour</style></keyword></keywords><dates><year><style face="normal" font="default" size="100%">1990</style></year></dates><pub-location><style face="normal" font="default" size="100%">Adelaide, SA</style></pub-location><publisher><style face="normal" font="default" size="100%">Dulwich Centre Publications</style></publisher><abstract><style face="normal" font="default" size="100%">This influential and compassionate book explores ways of working with adult men and young men who are violent and abusive. It gives practical examples of how they can be invited to discover more sensitive, respectful, and personally rewarding ways of relating to others. Part One focuses on explanations of violent and abusive behaviour. Part Two examines the process of engaging men who have abused their partners. Part Three focuses on engaging with men who have sexually abused a child.</style></abstract><notes><style face="normal" font="default" size="100%">Held at New Street, Sydney - 2 copies&#xD;Circulated to Cedar Cottage Staff - 6 copies&#xD;Held at Rural New Street Adolescent Service,  Western - 1 copy&#xD;Held at Rural New Street Adolescent Service, Tamworth - 1 copy</style></notes><urls></urls></record><record><database name="NSCClibrary.enl" path="F:\NSCClibrary.enl">NSCClibrary.enl</database><source-app name="EndNote" version="17.1">EndNote</source-app><rec-number>1157</rec-number><foreign-keys><key app="EN" db-id="5s5ppfp52t55w0eadv7p5ss3vfxzs5fwwe5w">1157</key><key app="ENWeb" db-id="ThEeKwrtqggAAHqv064">4105</key></foreign-keys><ref-type name="Book">6</ref-type><contributors><authors><author><style face="normal" font="default" size="100%">Jenkins, Alan</style></author></authors></contributors><titles><title><style face="normal" font="default" size="100%">Becoming ethical : A parallel, political journey with men who have abused</style></title></titles><keywords><keyword><style face="normal" font="default" size="100%">Intervention</style></keyword><keyword><style face="normal" font="default" size="100%">Sexually abusive behaviour</style></keyword><keyword><style face="normal" font="default" size="100%">Counselling</style></keyword></keywords><dates><year><style face="normal" font="default" size="100%">2009</style></year></dates><pub-location><style face="normal" font="default" size="100%">Dorset, UK</style></pub-location><publisher><style face="normal" font="default" size="100%">Russell House Publishing</style></publisher><isbn><style face="normal" font="default" size="100%">ISBN: 1905541406&#xD;ISBN: 978-1-905541-40-9</style></isbn><abstract><style face="normal" font="default" size="100%">This book is a practical guide for counselors and therapists who work in the field of interventions with men who have engaged in violence or sexual abuse towards partners and family members. The book argues that intervention practices must move beyond attempts to coerce, confront, or educate a seemingly unwilling or unmotivated man. Instead, it offers respectful intervention practices, necessitating a parallel journey by the therapist, which includes: assisting men in finding an ethical basis and the means to cease abusive behavior and to develop new ways of relating * being informed by political, rather than psychological, metaphors of explanation and understanding * seeing intervention in terms of power relations and practices within families and communities, and within the institutional, statutory, and therapeutic settings in which men participate * moving to a restorative project which promotes the cessation of violence and abuse; promotes the restitution for harm done to individuals, community, and culture; and promotes a reclamation of a sense of integrity for the person who has abused. The book argues that such a parallel journey acknowledges the political nature of the intervention, which shifts the emphasis of the intervention away from an &quot;us and them&quot; attitude, and has a far more substantial impact in assisting clients to challenge abusive behavior, compared to other practice methods or techniques for intervention. The book is organized in five parts - with four case studies being revisited throughout, from initial engagement through to restitution and family restoration - which: detail invitational theory concerning the nature and politics of violence, resistance, and restorative practice * outline the paradigm for invitational practice, including practices for addressing restraints, establishing an ethical foundation, and addressing abusive practices * present a map with guidelines for an ethical journey, and practices for facilitating this journey in the context of an restorative project * concern invitational context within a relationship and family context * outline a collaborative invitational process for evaluation of goal attainment by men who have abused. Becoming Ethical builds on the invitational model, introduced by Alan Jenkins in his book Invitations to Responsibility (Dulwich, 1990), which has sold over 20,000 copies.</style></abstract><notes><style face="normal" font="default" size="100%">Held at Cedar Cottage Library - 1 copy&#xD;Held at New Street, Sydney - 2 copies&#xD;Held at Rural New Street Adolescent Service,  Western - 1 copy&#xD;Held at Rural New Street Adolescent Service, Newcastle - 1 copy [Borrowed]&#xD;Held at Rural New Street Adolescent Service, Tamworth - 1 copy&#xD;Held at Rural New Street Adolescent Service, Tamworth - 1 copy [Follow-up]</style></notes><urls></urls></record><record><database name="NSCClibrary.enl" path="F:\NSCClibrary.enl">NSCClibrary.enl</database><source-app name="EndNote" version="17.1">EndNote</source-app><rec-number>4020</rec-number><foreign-keys><key app="EN" db-id="5s5ppfp52t55w0eadv7p5ss3vfxzs5fwwe5w">4020</key></foreign-keys><ref-type name="Pamphlet">24</ref-type><contributors><authors><author><style face="normal" font="default" size="100%">Jenkins, Alan</style></author></authors></contributors><titles><title><style face="normal" font="default" size="100%">Enabling respectful practice: Workshop notes</style></title></titles><keywords><keyword><style face="normal" font="default" size="100%">Respect</style></keyword><keyword><style face="normal" font="default" size="100%">Therapy</style></keyword><keyword><style face="normal" font="default" size="100%">Counselling</style></keyword></keywords><dates><year><style face="normal" font="default" size="100%">2009</style></year></dates><pub-location><style face="normal" font="default" size="100%">Stirling, SA</style></pub-location><publisher><style face="normal" font="default" size="100%">NADA Consultants</style></publisher><urls><pdf-urls><url>internal-pdf://Jenkins 2009 - Enabling respectful-2705655552/Jenkins 2009 - Enabling respectful.pdf</url></pdf-urls></urls></record><record><database name="NSCClibrary.enl" path="F:\NSCClibrary.enl">NSCClibrary.enl</database><source-app name="EndNote" version="17.1">EndNote</source-app><rec-number>915</rec-number><foreign-keys><key app="EN" db-id="5s5ppfp52t55w0eadv7p5ss3vfxzs5fwwe5w">915</key><key app="ENWeb" db-id="ThEeKwrtqggAAHqv064">4494</key></foreign-keys><ref-type name="Book Section">5</ref-type><contributors><authors><author><style face="normal" font="default" size="100%">O’Reilly, Gary</style></author><author><style face="normal" font="default" size="100%">Carr, Alan</style></author></authors><secondary-authors><author><style face="normal" font="default" size="100%">O&apos;Reilly, Gary</style></author><author><style face="normal" font="default" size="100%">Marshall, William L.</style></author><author><style face="normal" font="default" size="100%">Carr, Alan </style></author><author><style face="normal" font="default" size="100%">Beckett , Richard C.</style></author></secondary-authors></contributors><titles><title><style face="normal" font="default" size="100%">A review of theoretical models of sexual offending</style></title><secondary-title><style face="normal" font="default" size="100%">The handbook of clinical intervention with young people who sexually abuse</style></secondary-title></titles><periodical><full-title><style face="normal" font="default" size="100%">The handbook of clinical intervention with young people who sexually abuse</style></full-title></periodical><pages><style face="normal" font="default" size="100%">36-61</style></pages><section><style face="normal" font="default" size="100%">2</style></section><keywords><keyword><style face="normal" font="default" size="100%">Adolescent sex offenders</style></keyword><keyword><style face="normal" font="default" size="100%">Adolescents who sexually abuse</style></keyword><keyword><style face="normal" font="default" size="100%">Adolescents who sexually harm</style></keyword><keyword><style face="normal" font="default" size="100%">Counselling</style></keyword><keyword><style face="normal" font="default" size="100%">Juvenile sex offenders</style></keyword><keyword><style face="normal" font="default" size="100%">Young people who sexually abuse</style></keyword><keyword><style face="normal" font="default" size="100%">Adolescents who sexually offend</style></keyword><keyword><style face="normal" font="default" size="100%">Young people who sexually offend</style></keyword></keywords><dates><year><style face="normal" font="default" size="100%">2004</style></year></dates><pub-location><style face="normal" font="default" size="100%">New York</style></pub-location><publisher><style face="normal" font="default" size="100%">Brunner-Routledge</style></publisher><abstract><style face="normal" font="default" size="100%">This chapter reviews the main theoretical ideas that have emerged in the literature concerning sexual offending. The models described here are specific descriptions of the development of sexually abusive behaviour and its maintenance rather than a recasting of the traditional theoretical paradigms within psychology (such as behaviourist theory or psychoanalytic theory) to explain sexual offending. Initially many of the specific models were concerned with the development of sexual offending behaviour among adults. However, over time theorists have expanded their conceptual thinking to incorporate ideas on the development of sexually abusive behaviour in adolescents and children.</style></abstract><notes><style face="normal" font="default" size="100%">New Street and Cedar Cottage Training CD September 2008&#xD;Held at Cedar Cottage Library - 1 copy&#xD;Held at New Street, Sydney - 1 copy</style></notes><urls><pdf-urls><url>internal-pdf://O&apos;Reilly&amp;Carr. Theoretical Models-4167125761/O&apos;Reilly&amp;Carr. Theoretical Models.pdf</url></pdf-urls></urls></record><record><database name="NSCClibrary.enl" path="F:\NSCClibrary.enl">NSCClibrary.enl</database><source-app name="EndNote" version="17.1">EndNote</source-app><rec-number>466</rec-number><foreign-keys><key app="EN" db-id="5s5ppfp52t55w0eadv7p5ss3vfxzs5fwwe5w">466</key><key app="ENWeb" db-id="ThEeKwrtqggAAHqv064">4830</key></foreign-keys><ref-type name="Government Document">46</ref-type><contributors><authors><author><style face="normal" font="default" size="100%">Pratt, Russell</style></author><author><style face="normal" font="default" size="100%">Miller, Robyn</style></author><author><style face="normal" font="default" size="100%">Boyd, Cameron</style></author></authors><secondary-authors><author><style face="normal" font="default" size="100%">Department of Human Services,</style></author></secondary-authors></contributors><auth-address><style face="normal" font="default" size="100%">50 Lonsdale Street, Melbourne.</style></auth-address><titles><title><style face="normal" font="default" size="100%">Adolescents with sexually abusive behaviours and their families: Best interests case practice model and specialist practice resources</style></title></titles><keywords><keyword><style face="normal" font="default" size="100%">Adolescent sex offenders</style></keyword><keyword><style face="normal" font="default" size="100%">Adolescents who sexually abuse</style></keyword><keyword><style face="normal" font="default" size="100%">Adolescents who sexually harm</style></keyword><keyword><style face="normal" font="default" size="100%">Juvenile sex offenders</style></keyword><keyword><style face="normal" font="default" size="100%">Sexual behaviour</style></keyword><keyword><style face="normal" font="default" size="100%">Sexualised behaviours</style></keyword><keyword><style face="normal" font="default" size="100%">Young people who sexually abuse</style></keyword><keyword><style face="normal" font="default" size="100%">Adolescents who sexually offend</style></keyword><keyword><style face="normal" font="default" size="100%">Young people who sexually offend</style></keyword></keywords><dates><year><style face="normal" font="default" size="100%">2010</style></year></dates><pub-location><style face="normal" font="default" size="100%">Melbourne, Australia</style></pub-location><publisher><style face="normal" font="default" size="100%">Victorian Government Department of Human Services and the Australian Institute of Family Studies</style></publisher><abstract><style face="normal" font="default" size="100%">The best interests case practice model provides you with a foundation for working with adolescents and their families. Specialist practice resources provide additional guidance on: information gathering, analysis and planning; action; and reviewing outcomes in cases where specific problems exist or with particular developmental stages. This resource consists of two parts: an overview of issues for young people with sexually abusive behaviours, and a practice tool to guide you when working with these young people.</style></abstract><urls><related-urls><url><style face="normal" font="default" size="100%">http://www.cyf.vic.gov.au/__data/assets/pdf_file/0008/497960/adolescents-with-sexually-abusive-behaviours-specialist-practice-resource-2010.pdf</style></url></related-urls><pdf-urls><url>internal-pdf://Pratt et al 2010 - Adolescents with-3077026048/Pratt et al 2010 - Adolescents with.pdf</url></pdf-urls></urls><custom1><style face="normal" font="default" size="100%">Victorian Government</style></custom1></record><record><database name="NSCClibrary.enl" path="F:\NSCClibrary.enl">NSCClibrary.enl</database><source-app name="EndNote" version="17.1">EndNote</source-app><rec-number>1925</rec-number><foreign-keys><key app="EN" db-id="5s5ppfp52t55w0eadv7p5ss3vfxzs5fwwe5w">1925</key><key app="ENWeb" db-id="ThEeKwrtqggAAHqv064">4922</key></foreign-keys><ref-type name="Report">27</ref-type><contributors><authors><author><style face="normal" font="default" size="100%">Saunders, Benjamin E.</style></author><author><style face="normal" font="default" size="100%">Berliner, Lucy E.</style></author><author><style face="normal" font="default" size="100%">Hanson, R.E.</style></author></authors></contributors><titles><title><style face="normal" font="default" size="100%">Child physical and sexual abuse: Guidelines for treatment</style></title></titles><pages><style face="normal" font="default" size="100%">133</style></pages><volume><style face="normal" font="default" size="100%">Revised Report: April 26, 2004</style></volume><keywords><keyword><style face="normal" font="default" size="100%">Child abuse</style></keyword><keyword><style face="normal" font="default" size="100%">Counselling</style></keyword><keyword><style face="normal" font="default" size="100%">Mental health</style></keyword><keyword><style face="normal" font="default" size="100%">Victim treatment</style></keyword></keywords><dates><year><style face="normal" font="default" size="100%">2004</style></year></dates><pub-location><style face="normal" font="default" size="100%">Charleston, S.C.</style></pub-location><publisher><style face="normal" font="default" size="100%">National Crime Victims Research and Treatment Center</style></publisher><abstract><style face="normal" font="default" size="100%">Helping child abuse victims receive the mental health treatment they need is an important component of victim advocacy with children, and benefits both the children and the criminal justice system. As part of this work, the National Crime Victims Research and Treatment Center at the Medical University of South Carolina and the Center for Sexual Assault and Traumatic Stress at the Harborview Medical Center, University of Washington conducted a collaborative project with the Office for Victims of Crime to develop guidelines for the mental health assessment and treatment of child victims of sexual and physical abuse and their families. The primary purpose of this project was to encourage the use of mental health treatment protocols and procedures that have a sound theoretical basis, a good clinical-anecdotal literature, high acceptance among practitioners in the child abuse field, a low chance for causing harm, and empirical support for their utility with victims of abuse. These Guidelines seek to present the best available information about the mental health treatment of cases of physical and sexual abuse in a concise and consistent format that can be easily used by practitioners and other interested professionals. The Guidelines seek to cover the most common approaches, the protocols with the most empirical support, theoretically sound and promising treatments that may not have been tested empirically, and some practices that raise concern. By providing practitioners with clear and succinct information and directions for how to obtain more detailed knowledge, they will be better equipped to work with these child abuse victims and their families.</style></abstract><urls><pdf-urls><url>internal-pdf://Guidelines Working with Physical &amp; Sexual Abuse-3195652353/Guidelines Working with Physical &amp; Sexual Abuse.pdf</url></pdf-urls></urls></record><record><database name="NSCClibrary.enl" path="F:\NSCClibrary.enl">NSCClibrary.enl</database><source-app name="EndNote" version="17.1">EndNote</source-app><rec-number>763</rec-number><foreign-keys><key app="EN" db-id="5s5ppfp52t55w0eadv7p5ss3vfxzs5fwwe5w">763</key><key app="ENWeb" db-id="ThEeKwrtqggAAHqv064">4493</key></foreign-keys><ref-type name="Journal Article">17</ref-type><contributors><authors><author><style face="normal" font="default" size="100%">Stillman, John R.</style></author></authors></contributors><titles><title><style face="normal" font="default" size="100%">Working with adolescents who have committed sexual abuse: Establishing a new place to stand</style></title><secondary-title><style face="normal" font="default" size="100%">International Journal of Narrative Therapy &amp; Community Work</style></secondary-title></titles><periodical><full-title><style face="normal" font="default" size="100%">International Journal of Narrative Therapy &amp; Community Work</style></full-title></periodical><pages><style face="normal" font="default" size="100%">32</style></pages><number><style face="normal" font="default" size="100%">1</style></number><keywords><keyword><style face="normal" font="default" size="100%">Adolescent sex offenders</style></keyword><keyword><style face="normal" font="default" size="100%">Adolescents who sexually abuse</style></keyword><keyword><style face="normal" font="default" size="100%">Adolescents who sexually harm</style></keyword><keyword><style face="normal" font="default" size="100%">Juvenile sex offenders</style></keyword><keyword><style face="normal" font="default" size="100%">Labelling</style></keyword><keyword><style face="normal" font="default" size="100%">Narrative therapy</style></keyword><keyword><style face="normal" font="default" size="100%">Young people who sexually abuse</style></keyword><keyword><style face="normal" font="default" size="100%">Adolescents who sexually offend</style></keyword><keyword><style face="normal" font="default" size="100%">Young people who sexually offend</style></keyword></keywords><dates><year><style face="normal" font="default" size="100%">2006</style></year></dates><abstract><style face="normal" font="default" size="100%">A central goal of treating adolescents who have committed sexual abuse is to reduce the risk of future offences. In order to achieve this goal and for the sake of the children who have experienced abuse, alternative means of treating older children who have perpetrated abuse are needed. This paper discusses a way of going about such treatment which offers these older children something different than strengthening the label they have as sex offenders. When working with young men who have perpetrated abuse, establishing a &apos;new place to stand&apos; before discussing the abuse opens up new possibilities in conversations.</style></abstract><urls><pdf-urls><url>internal-pdf://Stillman 2006 - Working with-2486437632/Stillman 2006 - Working with.pdf</url></pdf-urls></urls></record></records></xml>