<?xml version="1.0" encoding="UTF-8" ?><xml><records><record><database name="NSCClibrary.enl" path="F:\NSCClibrary.enl">NSCClibrary.enl</database><source-app name="EndNote" version="17.1">EndNote</source-app><rec-number>4197</rec-number><foreign-keys><key app="EN" db-id="5s5ppfp52t55w0eadv7p5ss3vfxzs5fwwe5w">4197</key></foreign-keys><ref-type name="Book Section">5</ref-type><contributors><authors><author><style face="normal" font="default" size="100%">Arndt Jr, William B.</style></author></authors><secondary-authors><author><style face="normal" font="default" size="100%">Rekers, George A.</style></author></secondary-authors></contributors><titles><title><style face="normal" font="default" size="100%">Deviant sexual behavior in children and adolescents</style></title><secondary-title><style face="normal" font="default" size="100%">Handbook of child and adolescent sexual problems</style></secondary-title></titles><periodical><full-title><style face="normal" font="default" size="100%">Handbook of child and adolescent sexual problems</style></full-title></periodical><pages><style face="normal" font="default" size="100%">424-?</style></pages><section><style face="normal" font="default" size="100%">18</style></section><keywords><keyword><style face="normal" font="default" size="100%">Adolescents who sexually abuse</style></keyword><keyword><style face="normal" font="default" size="100%">Adolescents who sexually harm</style></keyword><keyword><style face="normal" font="default" size="100%">Adolescent sex offenders</style></keyword><keyword><style face="normal" font="default" size="100%">Children who sexually abuse</style></keyword><keyword><style face="normal" font="default" size="100%">Children who sexually harm</style></keyword><keyword><style face="normal" font="default" size="100%">Denial</style></keyword><keyword><style face="normal" font="default" size="100%">Juvenile sex offenders</style></keyword><keyword><style face="normal" font="default" size="100%">Young people who sexually abuse</style></keyword><keyword><style face="normal" font="default" size="100%">Adolescents who sexually offend</style></keyword><keyword><style face="normal" font="default" size="100%">Young people who sexually offend</style></keyword><keyword><style face="normal" font="default" size="100%">Children who sexually offend</style></keyword></keywords><dates><year><style face="normal" font="default" size="100%">1995</style></year></dates><pub-location><style face="normal" font="default" size="100%">San Francisco, CA</style></pub-location><publisher><style face="normal" font="default" size="100%">Jossey-Bass</style></publisher><isbn><style face="normal" font="default" size="100%">0029263174</style></isbn><abstract><style face="normal" font="default" size="100%">An initial problem in assessment is presented by those who deny their offense, as about half of offenders do. Deniers tend to come from enmeshed families that support their denial. (Value judgements/early research?) Compared to admitters, who come from disengaged families, deniers have higher self-esteem, are more dependable, and more often offend in their role as baby-sitters (Sefarbi, 1990). Those who do admit their offense and also show remorse are excellent candidates for treatment. (This belief may not be sustainable).</style></abstract><urls><pdf-urls><url>internal-pdf://Arndt 1995 - Deviant sexual-0853594113/Arndt 1995 - Deviant sexual.pdf</url></pdf-urls></urls></record><record><database name="NSCClibrary.enl" path="F:\NSCClibrary.enl">NSCClibrary.enl</database><source-app name="EndNote" version="17.1">EndNote</source-app><rec-number>1933</rec-number><foreign-keys><key app="EN" db-id="5s5ppfp52t55w0eadv7p5ss3vfxzs5fwwe5w">1933</key><key app="ENWeb" db-id="ThEeKwrtqggAAHqv064">4930</key></foreign-keys><ref-type name="Journal Article">17</ref-type><contributors><authors><author><style face="normal" font="default" size="100%">Baker, Amy J.L.</style></author><author><style face="normal" font="default" size="100%">Tabacoff, Risa</style></author><author><style face="normal" font="default" size="100%">Tornusciolo, Gabril</style></author></authors></contributors><titles><title><style face="normal" font="default" size="100%">Calculating number of offenses and victims of juvenile sexual offending: The role of posttreatment disclosures</style></title><secondary-title><style face="normal" font="default" size="100%">Sexual Abuse: A Journal of Research and Treatment</style></secondary-title></titles><periodical><full-title><style face="normal" font="default" size="100%">Sexual Abuse: A Journal of Research and Treatment</style></full-title></periodical><pages><style face="normal" font="default" size="100%">79-90</style></pages><volume><style face="normal" font="default" size="100%">13</style></volume><number><style face="normal" font="default" size="100%">2</style></number><keywords><keyword><style face="normal" font="default" size="100%">Abused-to-abuser</style></keyword><keyword><style face="normal" font="default" size="100%">Adolescent sex offenders</style></keyword><keyword><style face="normal" font="default" size="100%">Adolescents who sexually abuse</style></keyword><keyword><style face="normal" font="default" size="100%">Adolescents who sexually harm</style></keyword><keyword><style face="normal" font="default" size="100%">Adolescents who sexually offend</style></keyword><keyword><style face="normal" font="default" size="100%">Cycle of abuse</style></keyword><keyword><style face="normal" font="default" size="100%">Intergenerational cycle of abuse</style></keyword><keyword><style face="normal" font="default" size="100%">Juvenile sex offenders</style></keyword><keyword><style face="normal" font="default" size="100%">Denial</style></keyword><keyword><style face="normal" font="default" size="100%">Disclosure</style></keyword><keyword><style face="normal" font="default" size="100%">Sex offender treatment</style></keyword><keyword><style face="normal" font="default" size="100%">Victim-to-victimiser</style></keyword><keyword><style face="normal" font="default" size="100%">Young people who sexually abuse</style></keyword><keyword><style face="normal" font="default" size="100%">Young people who sexually offend</style></keyword></keywords><dates><year><style face="normal" font="default" size="100%">2001</style></year></dates><isbn><style face="normal" font="default" size="100%">1079-0632</style></isbn><abstract><style face="normal" font="default" size="100%">This research was designed to compare data obtained from agency records at three treatment programs for juvenile male sex offenders with information available from clinicians once youth and their families had been in treatment for at least 6 months. Results revealed that over the course of treatment, youth and their families disclosed information about additional victims and offenses, physical and sexual abuse of the offenders, and several aspects of a violent and sexualised family environment. Over half the boys reported additional victims or additional offenses or both. There were significant increases in the number of reports of physical abuse, witnessing of domestic violence, living in a sexual environment, maternal sexual victimisation, maternal victimisation of domestic violence, and fathers being perpetrators of domestic violence. These data clearly support the hypotheses of the study and have important implications for both clinical practice and future research in this area.</style></abstract><urls><pdf-urls><url>internal-pdf://Baker et al 2001 - Calculating number of-3276781569/Baker et al 2001 - Calculating number of.pdf</url></pdf-urls></urls></record><record><database name="NSCClibrary.enl" path="F:\NSCClibrary.enl">NSCClibrary.enl</database><source-app name="EndNote" version="17.1">EndNote</source-app><rec-number>4196</rec-number><foreign-keys><key app="EN" db-id="5s5ppfp52t55w0eadv7p5ss3vfxzs5fwwe5w">4196</key></foreign-keys><ref-type name="Electronic Book Section">60</ref-type><contributors><authors><author><style face="normal" font="default" size="100%">Barbaree, Howard E.</style></author><author><style face="normal" font="default" size="100%">Cortoni, Franca A.</style></author></authors><secondary-authors><author><style face="normal" font="default" size="100%">Barbaree, Howard E.</style></author><author><style face="normal" font="default" size="100%">Marshall, William L.</style></author><author><style face="normal" font="default" size="100%">Hudson, S.M.</style></author></secondary-authors></contributors><titles><title><style face="normal" font="default" size="100%">Treatment of the juvenile sex offender within the criminal justice and mental health systems</style></title><secondary-title><style face="normal" font="default" size="100%">The juvenile sex offender</style></secondary-title></titles><periodical><full-title><style face="normal" font="default" size="100%">The juvenile sex offender</style></full-title></periodical><pages><style face="normal" font="default" size="100%">243-263</style></pages><number><style face="normal" font="default" size="100%">13</style></number><keywords><keyword><style face="normal" font="default" size="100%">Denial</style></keyword><keyword><style face="normal" font="default" size="100%">Minimisation</style></keyword></keywords><dates><year><style face="normal" font="default" size="100%">1993</style></year></dates><pub-location><style face="normal" font="default" size="100%">New York, NY</style></pub-location><publisher><style face="normal" font="default" size="100%">The Guilford Press</style></publisher><abstract><style face="normal" font="default" size="100%">For clinicians and professionals working with the sex offender, it comes as no surprise that many juvenile offenders deny their offenses.</style></abstract><urls><pdf-urls><url>internal-pdf://Barbaree et al 1993 - Treatment-3584374017/Barbaree et al 1993 - Treatment.pdf</url></pdf-urls></urls></record><record><database name="NSCClibrary.enl" path="F:\NSCClibrary.enl">NSCClibrary.enl</database><source-app name="EndNote" version="17.1">EndNote</source-app><rec-number>4212</rec-number><foreign-keys><key app="EN" db-id="5s5ppfp52t55w0eadv7p5ss3vfxzs5fwwe5w">4212</key></foreign-keys><ref-type name="Book Section">5</ref-type><contributors><authors><author><style face="normal" font="default" size="100%">Bradford, John M.W.</style></author><author><style face="normal" font="default" size="100%">Motayne, Gregory</style></author><author><style face="normal" font="default" size="100%">Gratzer, Thomas</style></author><author><style face="normal" font="default" size="100%">Pawlak, Anne</style></author><author><style face="normal" font="default" size="100%">Rekers, G.A.</style></author></authors><secondary-authors><author><style face="normal" font="default" size="100%">Rekers, George A.</style></author></secondary-authors></contributors><titles><title><style face="normal" font="default" size="100%">Child and adolescent sexual offenders</style></title><secondary-title><style face="normal" font="default" size="100%">Handbook of child and adolescent sexual problems. </style></secondary-title></titles><pages><style face="normal" font="default" size="100%">446-?</style></pages><section><style face="normal" font="default" size="100%">19</style></section><keywords><keyword><style face="normal" font="default" size="100%">Adolescents who sexually abuse</style></keyword><keyword><style face="normal" font="default" size="100%">Adolescents who sexually harm</style></keyword><keyword><style face="normal" font="default" size="100%">Adolescent sex offenders</style></keyword><keyword><style face="normal" font="default" size="100%">Children who sexually abuse</style></keyword><keyword><style face="normal" font="default" size="100%">Children who sexually harm</style></keyword><keyword><style face="normal" font="default" size="100%">Denial</style></keyword><keyword><style face="normal" font="default" size="100%">Juvenile sex offenders</style></keyword><keyword><style face="normal" font="default" size="100%">Young people who sexually abuse</style></keyword><keyword><style face="normal" font="default" size="100%">Adolescents who sexually offend</style></keyword><keyword><style face="normal" font="default" size="100%">Young people who sexually offend</style></keyword></keywords><dates><year><style face="normal" font="default" size="100%">1995</style></year></dates><pub-location><style face="normal" font="default" size="100%">New York, NY</style></pub-location><publisher><style face="normal" font="default" size="100%">Lexington Books</style></publisher><abstract><style face="normal" font="default" size="100%">Over the past 10 years, there has been an increased awareness by society concerning the serious nature of sexual abuse and assault. There is a growing body of scientific literature that deals with adult sexual offenders, their characteristics, and psychopathology (Marshall, Laws, &amp; Barbaree, 1990). By contrast, the information pertaining to adolescent and child sexual offenders is scanty. A child sexual offender is someone 13 years of age or less. An adolescent sexual offender is someone between puberty and 18 years of age. As prepubertal deviant sexual behaviour is rare, child sexual offenders would therefore constitute a small minority of all sexual offenders. This chapter will therefore principally address adolescent sexual offenders, some of whom could be defined as child sexual offenders. Another term relevant to child sexual offenders is &quot;prepubertal perpetrators.&quot; Although the exact nature and prevalence of sexually aggressive behavior committed by prepubescent males or females is not known, the data that is available causes considerable concern.</style></abstract><urls><pdf-urls><url>internal-pdf://Bradford et al 1995 - Child and-4072251393/Bradford et al 1995 - Child and.pdf</url></pdf-urls></urls></record><record><database name="NSCClibrary.enl" path="F:\NSCClibrary.enl">NSCClibrary.enl</database><source-app name="EndNote" version="17.1">EndNote</source-app><rec-number>4194</rec-number><foreign-keys><key app="EN" db-id="5s5ppfp52t55w0eadv7p5ss3vfxzs5fwwe5w">4194</key></foreign-keys><ref-type name="Book Section">5</ref-type><contributors><authors><author><style face="normal" font="default" size="100%">Epps, Kevin J.</style></author></authors><secondary-authors><author><style face="normal" font="default" size="100%">Hoghughi, Masud</style></author><author><style face="normal" font="default" size="100%">Bhate, Surya R.</style></author><author><style face="normal" font="default" size="100%">Graham, F.</style></author></secondary-authors></contributors><titles><title><style face="normal" font="default" size="100%">Managing risk</style></title><secondary-title><style face="normal" font="default" size="100%">Working with sexually abusive adolescents</style></secondary-title></titles><periodical><full-title><style face="normal" font="default" size="100%">Working with sexually abusive adolescents</style></full-title></periodical><pages><style face="normal" font="default" size="100%">35-51</style></pages><section><style face="normal" font="default" size="100%">3</style></section><keywords><keyword><style face="normal" font="default" size="100%">Adolescents who sexually abuse</style></keyword><keyword><style face="normal" font="default" size="100%">Adolescents who sexually harm</style></keyword><keyword><style face="normal" font="default" size="100%">Adolescent sex offenders</style></keyword><keyword><style face="normal" font="default" size="100%">Denial</style></keyword><keyword><style face="normal" font="default" size="100%">Juvenile sex offenders</style></keyword><keyword><style face="normal" font="default" size="100%">Recidivism</style></keyword><keyword><style face="normal" font="default" size="100%">Risk assessment</style></keyword><keyword><style face="normal" font="default" size="100%">Young people who sexually abuse</style></keyword><keyword><style face="normal" font="default" size="100%">Adolescents who sexually offend</style></keyword><keyword><style face="normal" font="default" size="100%">Young people who sexually offend</style></keyword></keywords><dates><year><style face="normal" font="default" size="100%">1997</style></year></dates><pub-location><style face="normal" font="default" size="100%">London</style></pub-location><publisher><style face="normal" font="default" size="100%">Sage Publications</style></publisher><abstract><style face="normal" font="default" size="100%">Managing the care and treatment of sexually abusive adolescents entails predicting their likely future behaviour in an effort to prevent further episodes of abuse. Decisions about management generally consider the amount of supervision the young person requires in various settings and whether he should remain at home or be removed to alternative accommodation, perhaps even to a secure setting.</style></abstract><urls><pdf-urls><url>internal-pdf://Epps 1997 - Managing risk-3951997185/Epps 1997 - Managing risk.pdf</url></pdf-urls></urls></record><record><database name="NSCClibrary.enl" path="F:\NSCClibrary.enl">NSCClibrary.enl</database><source-app name="EndNote" version="17.1">EndNote</source-app><rec-number>4211</rec-number><foreign-keys><key app="EN" db-id="5s5ppfp52t55w0eadv7p5ss3vfxzs5fwwe5w">4211</key></foreign-keys><ref-type name="Book Section">5</ref-type><contributors><authors><author><style face="normal" font="default" size="100%">Gray, Alison Stickrod</style></author><author><style face="normal" font="default" size="100%">Pithers, William D.</style></author></authors><secondary-authors><author><style face="normal" font="default" size="100%">Barbaree, Howard E.</style></author><author><style face="normal" font="default" size="100%">Marshall, William L.</style></author><author><style face="normal" font="default" size="100%">Hudson, S.M.</style></author></secondary-authors></contributors><titles><title><style face="normal" font="default" size="100%">Relapse preventaion with sexually aggressive adolescents and children: Expanding treatment and supervision</style></title><secondary-title><style face="normal" font="default" size="100%">The juvenile sex offender</style></secondary-title></titles><periodical><full-title><style face="normal" font="default" size="100%">The juvenile sex offender</style></full-title></periodical><pages><style face="normal" font="default" size="100%">289-319</style></pages><keywords><keyword><style face="normal" font="default" size="100%">Adolescents who sexually abuse</style></keyword><keyword><style face="normal" font="default" size="100%">Adolescents who sexually harm</style></keyword><keyword><style face="normal" font="default" size="100%">Adolescent sex offenders</style></keyword><keyword><style face="normal" font="default" size="100%">Denial</style></keyword><keyword><style face="normal" font="default" size="100%">Juvenile sex offenders</style></keyword><keyword><style face="normal" font="default" size="100%">Relapse prevention</style></keyword><keyword><style face="normal" font="default" size="100%">Young people who sexually abuse</style></keyword><keyword><style face="normal" font="default" size="100%">Adolescents who sexually offend</style></keyword><keyword><style face="normal" font="default" size="100%">Young people who sexually offend</style></keyword></keywords><dates><year><style face="normal" font="default" size="100%">1993</style></year></dates><pub-location><style face="normal" font="default" size="100%">New York, NY</style></pub-location><publisher><style face="normal" font="default" size="100%">The Guilford Press</style></publisher><isbn><style face="normal" font="default" size="100%">0898621208</style></isbn><abstract><style face="normal" font="default" size="100%">Describes the implementation of the relapse prevention (RP) model in assessing and treating juvenile sexual abusers. RP has served three distinct functions in sex offender treatment: (1) an internal, self-management dimension used to enhance the client&apos;s self-control; (2) an external, supervisory dimension used by a &quot;prevention team&quot; of professional and collateral contacts (including mental health personnel, probation officers and family members) who monitor the juvenile&apos;s behaviours and who model appropriate behaviours; and (3) a conceptual framework, which integrates highly specific therapeutic interventions within a unifying theory.</style></abstract><urls><pdf-urls><url>internal-pdf://Gray et al 1993 - Relapse prevention-2997647617/Gray et al 1993 - Relapse prevention.pdf</url></pdf-urls></urls></record><record><database name="NSCClibrary.enl" path="F:\NSCClibrary.enl">NSCClibrary.enl</database><source-app name="EndNote" version="17.1">EndNote</source-app><rec-number>4198</rec-number><foreign-keys><key app="EN" db-id="5s5ppfp52t55w0eadv7p5ss3vfxzs5fwwe5w">4198</key></foreign-keys><ref-type name="Book Section">5</ref-type><contributors><authors><author><style face="normal" font="default" size="100%">Northey Jr, William F.</style></author></authors><secondary-authors><author><style face="normal" font="default" size="100%">Schwartz, Barbara K.</style></author><author><style face="normal" font="default" size="100%">Cellini, Henry R.</style></author></secondary-authors></contributors><titles><title><style face="normal" font="default" size="100%">The politics of denial: A post-modern critique</style></title><secondary-title><style face="normal" font="default" size="100%">The sex offender: Theoretical advances, treating special populations and legal developments</style></secondary-title></titles><periodical><full-title><style face="normal" font="default" size="100%">The sex offender: Theoretical advances, treating special populations and legal developments</style></full-title></periodical><pages><style face="normal" font="default" size="100%">32-1-32-9</style></pages><volume><style face="normal" font="default" size="100%">III</style></volume><keywords><keyword><style face="normal" font="default" size="100%">Adolescents who sexually abuse</style></keyword><keyword><style face="normal" font="default" size="100%">Adolescents who sexually harm</style></keyword><keyword><style face="normal" font="default" size="100%">Denial</style></keyword><keyword><style face="normal" font="default" size="100%">Juvenile sex offenders</style></keyword><keyword><style face="normal" font="default" size="100%">Young people who sexually abuse</style></keyword><keyword><style face="normal" font="default" size="100%">Adolescents who sexually offend</style></keyword><keyword><style face="normal" font="default" size="100%">Young people who sexually offend</style></keyword></keywords><dates><year><style face="normal" font="default" size="100%">1999</style></year></dates><pub-location><style face="normal" font="default" size="100%">Kingston, NJ</style></pub-location><publisher><style face="normal" font="default" size="100%">Civic Research Institute</style></publisher><isbn><style face="normal" font="default" size="100%">1887554114</style></isbn><abstract><style face="normal" font="default" size="100%">In this chapter the author challenges some very basic assumptions about treating adolescents who have been charged with sex offenses. Rather than confronting a juvenile whose story does not match with the official version, this author suggests that the juvenile&apos;s view of what occurred should be considered therapeutically relevant. He also challenges the role that sex offender treatment providers should have with the criminal justice system. This chapter has been included to prompt sex offender providers to continually challenge their own most basic assumptions .</style></abstract><urls><pdf-urls><url>internal-pdf://Northey 1999 - The politics of-1019242497/Northey 1999 - The politics of.pdf</url></pdf-urls></urls></record><record><database name="NSCClibrary.enl" path="F:\NSCClibrary.enl">NSCClibrary.enl</database><source-app name="EndNote" version="17.1">EndNote</source-app><rec-number>4195</rec-number><foreign-keys><key app="EN" db-id="5s5ppfp52t55w0eadv7p5ss3vfxzs5fwwe5w">4195</key></foreign-keys><ref-type name="Book Section">5</ref-type><contributors><authors><author><style face="normal" font="default" size="100%">Taylor, John L.</style></author></authors><secondary-authors><author><style face="normal" font="default" size="100%">Hoghughi, Masud</style></author><author><style face="normal" font="default" size="100%">Bhate, Surya R.</style></author><author><style face="normal" font="default" size="100%">Graham, F.</style></author></secondary-authors></contributors><titles><title><style face="normal" font="default" size="100%">Educational approaches to treatment</style></title><secondary-title><style face="normal" font="default" size="100%">Working with sexually abusive adolescents</style></secondary-title></titles><periodical><full-title><style face="normal" font="default" size="100%">Working with sexually abusive adolescents</style></full-title></periodical><pages><style face="normal" font="default" size="100%">114-127</style></pages><section><style face="normal" font="default" size="100%">6</style></section><keywords><keyword><style face="normal" font="default" size="100%">Adolescents who sexually abuse</style></keyword><keyword><style face="normal" font="default" size="100%">Adolescents who sexually harm</style></keyword><keyword><style face="normal" font="default" size="100%">Denial</style></keyword><keyword><style face="normal" font="default" size="100%">Juvenile sex offenders</style></keyword><keyword><style face="normal" font="default" size="100%">Young people who sexually abuse</style></keyword><keyword><style face="normal" font="default" size="100%">Adolescents who sexually offend</style></keyword><keyword><style face="normal" font="default" size="100%">Young people who sexually offend</style></keyword></keywords><dates><year><style face="normal" font="default" size="100%">1997</style></year></dates><pub-location><style face="normal" font="default" size="100%">London</style></pub-location><publisher><style face="normal" font="default" size="100%">Sage Publications</style></publisher><abstract><style face="normal" font="default" size="100%">Denial of the nature or extent of offending behaviour is often linked to cognitive distortions which allow abusers to abrogate responsibility for their actions. This process may be supported by the belief that the disclosure of offending will have a number of negative consequences, including prolonged incarceration or other restrictions. Re-education and re socialisation are important in helping adolescent sex offenders accept responsibility for their behaviour (Perry and Orchard 1992). O&apos;Donohue and Letourneau (1993) showed that a treatment programme including elements of education about the nature of sex offender therapy and sex education had a positive effect in reducing long-held denials, which was maintained at the end of therapy. Perpetrators suggested that information about treatment demystified the procedures involved, reduced fears and helped them overcome their denial. Several educational devices for motivating abusers are available, including providing information concerning the limits of confidentiality, the purpose of assessments, treatments available and the role of the therapist (Garland and Dougher 1991). It is also commonly agreed that therapists should communicate to perpetrators their understanding of abusers&apos; reasons for denying their acts (Garland and Dougher 1991). Apart from giving information about the likely consequences of persistent denial, such as relapse and its consequences, such discussion also undermines confidence in the value of denial. Staff observations can increase perpetrators&apos; doubts about the wisdom of continuing to deny or minimise their acts. Challenging abusers with inconsistencies between information in official records and from assessments and self-reports may also motivate perpetrators to consider treatment. Telling abusers that keeping a daily log or diary may provide a safeguard against future allegations of abuse, may be a useful method of directing them towards a therapeutic relationship. Learning that disclosure does not result in punishment is important, developing trust in the safety of reporting thoughts, feelings and actions.</style></abstract><urls><pdf-urls><url>internal-pdf://Taylor 1997 - Educational approaches-2661062145/Taylor 1997 - Educational approaches.pdf</url></pdf-urls></urls></record><record><database name="NSCClibrary.enl" path="F:\NSCClibrary.enl">NSCClibrary.enl</database><source-app name="EndNote" version="17.1">EndNote</source-app><rec-number>871</rec-number><foreign-keys><key app="EN" db-id="5s5ppfp52t55w0eadv7p5ss3vfxzs5fwwe5w">871</key><key app="ENWeb" db-id="ThEeKwrtqggAAHqv064">4866</key></foreign-keys><ref-type name="Book Section">5</ref-type><contributors><authors><author><style face="normal" font="default" size="100%">Thomas, Jerry</style></author></authors><secondary-authors><author><style face="normal" font="default" size="100%">O&apos;Reilly, G. </style></author><author><style face="normal" font="default" size="100%">Marshall, W.L.</style></author><author><style face="normal" font="default" size="100%">Carr, A.</style></author><author><style face="normal" font="default" size="100%">Beckett , R.C.</style></author></secondary-authors></contributors><titles><title><style face="normal" font="default" size="100%">Family intervention with young people with sexually abusive behaviour</style></title><secondary-title><style face="normal" font="default" size="100%">The handbook of clinical intervention with young people who sexually abuse</style></secondary-title></titles><periodical><full-title><style face="normal" font="default" size="100%">The handbook of clinical intervention with young people who sexually abuse</style></full-title></periodical><pages><style face="normal" font="default" size="100%">315–342</style></pages><section><style face="normal" font="default" size="100%">12</style></section><keywords><keyword><style face="normal" font="default" size="100%">Adolescent sex offenders</style></keyword><keyword><style face="normal" font="default" size="100%">Adolescents who sexually abuse</style></keyword><keyword><style face="normal" font="default" size="100%">Adolescents who sexually harm</style></keyword><keyword><style face="normal" font="default" size="100%">Family therapy</style></keyword><keyword><style face="normal" font="default" size="100%">Juvenile sex offenders</style></keyword><keyword><style face="normal" font="default" size="100%">Sexual behaviour</style></keyword><keyword><style face="normal" font="default" size="100%">Sexualised behaviours</style></keyword><keyword><style face="normal" font="default" size="100%">Young people who sexually abuse</style></keyword><keyword><style face="normal" font="default" size="100%">Adolescents who sexually offend</style></keyword><keyword><style face="normal" font="default" size="100%">Young people who sexually offend</style></keyword></keywords><dates><year><style face="normal" font="default" size="100%">2004</style></year></dates><pub-location><style face="normal" font="default" size="100%">New York</style></pub-location><publisher><style face="normal" font="default" size="100%">Brunner-Routledge</style></publisher><abstract><style face="normal" font="default" size="100%">Family focused treatment recognises that the family is one of the most important influences on the shaping of any child&apos;s beliefs and behaviours. Therefore, whether overtly or covertly, knowingly or unwittingly, it is very possible that the family has in some way contributed to the shaping or supporting of sexually abusive behaviours. If this is true, then the family can learn to identify, interrupt and replace those patterns of behaviour with patterns of behaviour that support non-offending behaviour. Family focused treatment is also important because of the strong support system required by abuse specific treatment, particularly in the relapse prevention model. For youth the most influential and practical support system is the family. Further, the participation and support of family members contributes significantly towards many youth&apos;s own degree of involvement in treatment, achievement of treatment goals, and maintenance of a non-offending lifestyle.</style></abstract><notes><style face="normal" font="default" size="100%">New Street and Cedar Cottage Training CD September 2008</style></notes><urls><pdf-urls><url>internal-pdf://Thomas 2004 - Family intervention-1682608640/Thomas 2004 - Family intervention.pdf</url></pdf-urls></urls></record></records></xml>