<?xml version="1.0" encoding="UTF-8" ?><xml><records><record><database name="NSCClibrary.enl" path="F:\NSCClibrary.enl">NSCClibrary.enl</database><source-app name="EndNote" version="17.1">EndNote</source-app><rec-number>2941</rec-number><foreign-keys><key app="EN" db-id="5s5ppfp52t55w0eadv7p5ss3vfxzs5fwwe5w">2941</key></foreign-keys><ref-type name="Journal Article">17</ref-type><contributors><authors><author><style face="normal" font="default" size="100%">Becker, Judith V.</style></author><author><style face="normal" font="default" size="100%">Kaplan, Meg S.</style></author><author><style face="normal" font="default" size="100%">Tenke, Craig E.</style></author><author><style face="normal" font="default" size="100%">Tartaglini, Aldo</style></author></authors></contributors><titles><title><style face="normal" font="default" size="100%">The incidence of depressive symptomatology in juvenile sex offenders with a history of abuse</style></title><secondary-title><style face="normal" font="default" size="100%">Child Abuse &amp; Neglect</style></secondary-title></titles><periodical><full-title><style face="normal" font="default" size="100%">Child Abuse &amp; Neglect</style></full-title></periodical><pages><style face="normal" font="default" size="100%">531-536</style></pages><volume><style face="normal" font="default" size="100%">15</style></volume><number><style face="normal" font="default" size="100%">4</style></number><keywords><keyword><style face="normal" font="default" size="100%">Abuse history</style></keyword><keyword><style face="normal" font="default" size="100%">Adolescent sex offenders</style></keyword><keyword><style face="normal" font="default" size="100%">Adolescents who sexually abuse</style></keyword><keyword><style face="normal" font="default" size="100%">Adolescents who sexually harm</style></keyword><keyword><style face="normal" font="default" size="100%">Depression</style></keyword><keyword><style face="normal" font="default" size="100%">Juvenile sex offenders</style></keyword><keyword><style face="normal" font="default" size="100%">Young people who sexually abuse</style></keyword><keyword><style face="normal" font="default" size="100%">Adolescents who sexually offend</style></keyword><keyword><style face="normal" font="default" size="100%">Young people who sexually offend</style></keyword></keywords><dates><year><style face="normal" font="default" size="100%">1991</style></year></dates><isbn><style face="normal" font="default" size="100%">0145-2134</style></isbn><abstract><style face="normal" font="default" size="100%">Depressive symptomatology was assessed in a sample of 246 male juvenile sex offenders using the Beck Depression Inventory. Of these participants, the racial composition was black = 147, Hispanic = 62, Caucasian = 34. Three adolescents elected not to identify their racial origin. Subjects were divided according to their self-reports of having been sexually or physically abused. The mean Beck score across all subjects was 14.3, a value markedly higher than published norms and indicative of mild depression. Forty-two percent of subjects attained scores indicative of appreciable depressive symptomatology. A history of sexual or physical abuse was significantly related to high Beck scores; abused subjects had a mean Beck score of 16.4, as contrasted to 12.3 for nonabused subjects (Wilcoxon test: z = 2.82; p &lt; .005). This relationship was apparent across all racial groups. While Hispanic subjects tended to have higher Beck scores and Caucasians lower scores, racial differences were not statistically significant. Results indicate that juveniles who have committed sexual crimes, particularly those with a history of abuse, should be evaluated for depression.</style></abstract><urls><pdf-urls><url>internal-pdf://Becker et al 1991 - The incidence of depressive-3332860417/Becker et al 1991 - The incidence of depressive.pdf</url></pdf-urls></urls></record><record><database name="NSCClibrary.enl" path="F:\NSCClibrary.enl">NSCClibrary.enl</database><source-app name="EndNote" version="17.1">EndNote</source-app><rec-number>3924</rec-number><foreign-keys><key app="EN" db-id="5s5ppfp52t55w0eadv7p5ss3vfxzs5fwwe5w">3924</key></foreign-keys><ref-type name="Journal Article">17</ref-type><contributors><authors><author><style face="normal" font="default" size="100%">Bleil Walters, Jessica</style></author><author><style face="normal" font="default" size="100%">Hughes, Tammy L.</style></author><author><style face="normal" font="default" size="100%">Sutton, Lawrence R.</style></author><author><style face="normal" font="default" size="100%">Marshall, Stephanie N.</style></author><author><style face="normal" font="default" size="100%">Crothers, Laura M.</style></author><author><style face="normal" font="default" size="100%">Lehman, Cathryn</style></author><author><style face="normal" font="default" size="100%">Paserba, Dave</style></author><author><style face="normal" font="default" size="100%">Talkington, Vanessa</style></author><author><style face="normal" font="default" size="100%">Taormina, Rochelle</style></author><author><style face="normal" font="default" size="100%">Huang, Ann</style></author></authors></contributors><titles><title><style face="normal" font="default" size="100%">Maltreatment and depression in adolescent sexual offenders with an Autism Spectrum Disorder</style></title><secondary-title><style face="normal" font="default" size="100%">Journal of Child Sexual Abuse</style></secondary-title></titles><periodical><full-title><style face="normal" font="default" size="100%">Journal of Child Sexual Abuse</style></full-title></periodical><pages><style face="normal" font="default" size="100%">72-89</style></pages><volume><style face="normal" font="default" size="100%">22</style></volume><number><style face="normal" font="default" size="100%">1</style></number><keywords><keyword><style face="normal" font="default" size="100%">Adolescent sex offenders</style></keyword><keyword><style face="normal" font="default" size="100%">Adolescents who sexually abuse</style></keyword><keyword><style face="normal" font="default" size="100%">Adolescents who sexually harm</style></keyword><keyword><style face="normal" font="default" size="100%">Autism</style></keyword><keyword><style face="normal" font="default" size="100%">Child abuse</style></keyword><keyword><style face="normal" font="default" size="100%">Child maltreatment</style></keyword><keyword><style face="normal" font="default" size="100%">Child neglect</style></keyword><keyword><style face="normal" font="default" size="100%">Depression</style></keyword><keyword><style face="normal" font="default" size="100%">Juvenile sex offenders</style></keyword><keyword><style face="normal" font="default" size="100%">Young people who sexually abuse</style></keyword></keywords><dates><year><style face="normal" font="default" size="100%">2013</style></year><pub-dates><date><style face="normal" font="default" size="100%">2013/01/01</style></date></pub-dates></dates><publisher><style face="normal" font="default" size="100%">Routledge</style></publisher><isbn><style face="normal" font="default" size="100%">1053-8712</style></isbn><abstract><style face="normal" font="default" size="100%">This study examined the self-reported presence and severity of abuse, neglect, and depressive symptoms for 43 adolescents adjudicated delinquent due to a sexual offense. Twenty-seven of the adolescent sexual offenders were also diagnosed with an autism spectrum disorder, and 16 did not carry an autism spectrum disorder diagnosis. Both groups reported moderate to high levels of abuse and neglect. Adolescent sexual offenders with an autism spectrum disorder reported significantly higher depressive symptoms than those without an autism spectrum disorder. Furthermore, of the group with an autism spectrum disorder, those reporting severe levels of emotional abuse and/or emotional neglect were more likely to also have depressive symptoms. Results suggest a need to tailor treatment programs to match the unique needs of sexual offenders.</style></abstract><notes><style face="normal" font="default" size="100%">Special Issue on Young People Who Sexually Abuse</style></notes><urls><related-urls><url><style face="normal" font="default" size="100%">http://dx.doi.org/10.1080/10538712.2013.735357</style></url></related-urls><pdf-urls><url>internal-pdf://Bleil Waters et al 2013 - Maltreatment and-1310524160/Bleil Waters et al 2013 - Maltreatment and.pdf</url><url>internal-pdf://1564619659/Bleil2013Maltreatment.pdf</url></pdf-urls></urls><electronic-resource-num><style face="normal" font="default" size="100%">10.1080/10538712.2013.735357</style></electronic-resource-num><access-date><style face="normal" font="default" size="100%">2013/01/30</style></access-date></record></records></xml>