<?xml version="1.0" encoding="UTF-8" ?><xml><records><record><database name="NSCClibrary.enl" path="F:\NSCClibrary.enl">NSCClibrary.enl</database><source-app name="EndNote" version="17.1">EndNote</source-app><rec-number>4025</rec-number><foreign-keys><key app="EN" db-id="5s5ppfp52t55w0eadv7p5ss3vfxzs5fwwe5w">4025</key></foreign-keys><ref-type name="Report">27</ref-type><contributors><authors><author><style face="normal" font="default" size="100%">Jenkins, Alan</style></author></authors></contributors><titles><title><style face="normal" font="default" size="100%">Engaging adolescents who sexually abuse: Workshop notes - Update #5</style></title></titles><keywords><keyword><style face="normal" font="default" size="100%">Adolescent sex offenders</style></keyword><keyword><style face="normal" font="default" size="100%">Adolescents who sexually abuse</style></keyword><keyword><style face="normal" font="default" size="100%">Adolescents who sexually harm</style></keyword><keyword><style face="normal" font="default" size="100%">Engagement</style></keyword><keyword><style face="normal" font="default" size="100%">Juvenile sex offenders</style></keyword><keyword><style face="normal" font="default" size="100%">Minimisation</style></keyword><keyword><style face="normal" font="default" size="100%">Responsibility</style></keyword><keyword><style face="normal" font="default" size="100%">Young people who sexually abuse</style></keyword><keyword><style face="normal" font="default" size="100%">Adolescents who sexually offend</style></keyword><keyword><style face="normal" font="default" size="100%">Young people who sexually offend</style></keyword></keywords><dates><year><style face="normal" font="default" size="100%">1995</style></year></dates><pub-location><style face="normal" font="default" size="100%">Stirling, SA</style></pub-location><publisher><style face="normal" font="default" size="100%">NADA Consultants</style></publisher><urls><pdf-urls><url>internal-pdf://Jenkins 1995 - Engaging adolescents-3855247360/Jenkins 1995 - Engaging adolescents.pdf</url></pdf-urls></urls></record><record><database name="NSCClibrary.enl" path="F:\NSCClibrary.enl">NSCClibrary.enl</database><source-app name="EndNote" version="17.1">EndNote</source-app><rec-number>859</rec-number><foreign-keys><key app="EN" db-id="5s5ppfp52t55w0eadv7p5ss3vfxzs5fwwe5w">859</key><key app="ENWeb" db-id="ThEeKwrtqggAAHqv064">3808</key></foreign-keys><ref-type name="Book Section">5</ref-type><contributors><authors><author><style face="normal" font="default" size="100%">Jenkins, Alan</style></author></authors><secondary-authors><author><style face="normal" font="default" size="100%">Marshall, W.L.</style></author><author><style face="normal" font="default" size="100%">Fernandez, Y.M.</style></author><author><style face="normal" font="default" size="100%">Hudson, S.M.</style></author><author><style face="normal" font="default" size="100%">Ward, T.</style></author></secondary-authors></contributors><titles><title><style face="normal" font="default" size="100%">Invitations to responsibility: Engaging adolescents and young men who have sexually abused</style></title><secondary-title><style face="normal" font="default" size="100%">Sourcebook of treatment programs for sexual offenders</style></secondary-title></titles><periodical><full-title><style face="normal" font="default" size="100%">Sourcebook of treatment programs for sexual offenders</style></full-title></periodical><pages><style face="normal" font="default" size="100%">163–89</style></pages><section><style face="normal" font="default" size="100%">12</style></section><keywords><keyword><style face="normal" font="default" size="100%">Adolescent sex offenders</style></keyword><keyword><style face="normal" font="default" size="100%">Adolescents who sexually abuse</style></keyword><keyword><style face="normal" font="default" size="100%">Adolescents who sexually harm</style></keyword><keyword><style face="normal" font="default" size="100%">Juvenile sex offenders</style></keyword><keyword><style face="normal" font="default" size="100%">Responsibility</style></keyword><keyword><style face="normal" font="default" size="100%">Sex offender treatment</style></keyword><keyword><style face="normal" font="default" size="100%">Young people who sexually abuse</style></keyword></keywords><dates><year><style face="normal" font="default" size="100%">1998</style></year></dates><pub-location><style face="normal" font="default" size="100%">New York, NY</style></pub-location><publisher><style face="normal" font="default" size="100%">Plenum Press</style></publisher><isbn><style face="normal" font="default" size="100%">030645730X</style></isbn><abstract><style face="normal" font="default" size="100%">Describes a model of engagement for working with adolescent boys and young men who have sexually abused. The practice of engagement concerns assisting young men to find motivation to discover their own preferences and capacities for respectful ways of being and relating. It involves processes for inviting adolescents to cease abusive practices by choosing to undertake and invest in a journey toward responsibility and respect of self and others. A detailed description of theory and practice concerning the application of this model to adult men who abuse has been previously documented. This chapter concerns specific developments and applications of the model for young men.</style></abstract><notes><style face="normal" font="default" size="100%">New Street and Cedar Cottage Training CD September 2008</style></notes><urls><pdf-urls><url>internal-pdf://Jenkins 1998 - Invitations to-2439581440/Jenkins 1998 - Invitations to.pdf</url></pdf-urls></urls></record></records></xml>