<?xml version="1.0" encoding="UTF-8" ?><xml><records><record><database name="NSCClibrary.enl" path="F:\NSCClibrary.enl">NSCClibrary.enl</database><source-app name="EndNote" version="17.1">EndNote</source-app><rec-number>3965</rec-number><foreign-keys><key app="EN" db-id="5s5ppfp52t55w0eadv7p5ss3vfxzs5fwwe5w">3965</key></foreign-keys><ref-type name="Journal Article">17</ref-type><contributors><authors><author><style face="normal" font="default" size="100%">Root, C.</style></author><author><style face="normal" font="default" size="100%">MacKay, S.</style></author><author><style face="normal" font="default" size="100%">Henderson, J.</style></author><author><style face="normal" font="default" size="100%">Del Bove, G.</style></author><author><style face="normal" font="default" size="100%">Warling, D.</style></author></authors></contributors><titles><title><style face="normal" font="default" size="100%">The link between maltreatment and juvenile firesetting: Correlates and underlying mechanisms</style></title><secondary-title><style face="normal" font="default" size="100%">Child Abuse &amp; Neglect</style></secondary-title></titles><periodical><full-title><style face="normal" font="default" size="100%">Child Abuse &amp; Neglect</style></full-title></periodical><pages><style face="normal" font="default" size="100%">161-176</style></pages><volume><style face="normal" font="default" size="100%">32</style></volume><number><style face="normal" font="default" size="100%">2</style></number><keywords><keyword><style face="normal" font="default" size="100%">Abuse history</style></keyword><keyword><style face="normal" font="default" size="100%">Adolescents</style></keyword><keyword><style face="normal" font="default" size="100%">Child maltreatment</style></keyword><keyword><style face="normal" font="default" size="100%">Fire-setting</style></keyword></keywords><dates><year><style face="normal" font="default" size="100%">2008</style></year></dates><isbn><style face="normal" font="default" size="100%">0145-2134</style></isbn><abstract><style face="normal" font="default" size="100%">Objective: Despite the widely held belief that abuse is a risk factor for childhood firesetting, the role of maltreatment in firesetting is largely unexplored. This study reports on a sample of children and adolescents referred to a brief assessment and intervention program for juvenile firesetters. Firesetting histories of maltreated youth were compared to a group of firesetting youth with no maltreatment history. Methods: Participants included 205 children and youth aged 4–17 years and their caregivers. Assessments were completed with a standardised protocol. Forty-eight percent of the sample had a history of maltreatment as reported by caregivers; 26% of the sample had experienced more than one type of maltreatment. Results: When compared to the non-maltreated group, children with histories of maltreatment demonstrated more frequent fire involvement, more versatility regarding ignition sources and targets, and a greater likelihood of an immediate family stressor as a motive for firesetting (all p &lt; .05). Maltreated children were more likely to become involved with fire out of anger (p = .001), and there was also a trend towards higher rates of recidivism (p = .07). Children&apos;s externalising behaviour partially mediated the influence of maltreatment on specific fire-related outcomes of children (OR = 1.10; 95% CI = 1.04–1.17; p = .001). Conclusions: Within a juvenile firesetting population, the presence of maltreatment is a risk factor for a more severe course of firesetting. The findings also suggest that the link between maltreatment and firesetting is operating partially through heightened emotional and behavioral difficulties. Practice implications This study demonstrates that maltreatment is a risk factor that contributes to a more severe course of juvenile fire involvement, and that the link between maltreatment and firesetting operates largely through heightened behavioral and emotional difficulties. These findings highlight the need for mental health clinicians to (a) be aware that these two serious clinical issues frequently co-occur, (b) screen for fire-related behaviors and maltreatment during general assessments, and (c) consider maltreatment status when thinking about the risk of firesetting.</style></abstract><urls><related-urls><url><style face="normal" font="default" size="100%">http://www.sciencedirect.com/science/article/pii/S0145213408000069</style></url></related-urls><pdf-urls><url>internal-pdf://Root et al 2008 - The link between-2942601984/Root et al 2008 - The link between.pdf</url></pdf-urls></urls><electronic-resource-num><style face="normal" font="default" size="100%">http://dx.doi.org/10.1016/j.chiabu.2007.07.004</style></electronic-resource-num></record><record><database name="NSCClibrary.enl" path="F:\NSCClibrary.enl">NSCClibrary.enl</database><source-app name="EndNote" version="17.1">EndNote</source-app><rec-number>1923</rec-number><foreign-keys><key app="EN" db-id="5s5ppfp52t55w0eadv7p5ss3vfxzs5fwwe5w">1923</key><key app="ENWeb" db-id="ThEeKwrtqggAAHqv064">4920</key></foreign-keys><ref-type name="Journal Article">17</ref-type><contributors><authors><author><style face="normal" font="default" size="100%">Stanley, Janet</style></author></authors></contributors><titles><title><style face="normal" font="default" size="100%">Preventing children and young people lighting bushfires in Australia</style></title><secondary-title><style face="normal" font="default" size="100%">Child Abuse Prevention Newsletter</style></secondary-title></titles><periodical><full-title><style face="normal" font="default" size="100%">Child abuse prevention newsletter</style></full-title></periodical><pages><style face="normal" font="default" size="100%">6-11</style></pages><volume><style face="normal" font="default" size="100%">10</style></volume><number><style face="normal" font="default" size="100%">2</style></number><keywords><keyword><style face="normal" font="default" size="100%">Adolescents</style></keyword><keyword><style face="normal" font="default" size="100%">Fire-setting</style></keyword><keyword><style face="normal" font="default" size="100%">Psychology</style></keyword><keyword><style face="normal" font="default" size="100%">Young people</style></keyword></keywords><dates><year><style face="normal" font="default" size="100%">2002</style></year></dates><abstract><style face="normal" font="default" size="100%">Last summer, and again already this summer, Australia is experiencing extensive bushfires. On 27 December 2001 it was reported that there were at least 100 separate fires burning in New South Wales (Ellicott and Pryor 2001: 1), many of which were lit by young people. This article explores what is known about children and young people who light fires, with the aim of understanding approaches which are, and could be, taken to prevent this happening. The article refers to young people as those who are 18 years of age and under, and uses the term &apos;fire-lighter&apos; as a universal term for people who illegally light fires.</style></abstract><urls><pdf-urls><url>internal-pdf://firelighting and adolescent sex offending-3648670721/firelighting and adolescent sex offending.pdf</url></pdf-urls></urls></record></records></xml>