<?xml version="1.0" encoding="UTF-8" ?><xml><records><record><database name="NSCClibrary.enl" path="F:\NSCClibrary.enl">NSCClibrary.enl</database><source-app name="EndNote" version="17.1">EndNote</source-app><rec-number>4320</rec-number><foreign-keys><key app="EN" db-id="5s5ppfp52t55w0eadv7p5ss3vfxzs5fwwe5w">4320</key></foreign-keys><ref-type name="Journal Article">17</ref-type><contributors><authors><author><style face="normal" font="default" size="100%">Letourneau, Elizabeth J.</style></author><author><style face="normal" font="default" size="100%">Caldwell, Michael F.</style></author></authors></contributors><titles><title><style face="normal" font="default" size="100%">Expensive, Harmful Policies that Don’t Work or How Juvenile Sexual Offending is Addressed in the US</style></title><secondary-title><style face="normal" font="default" size="100%">The International Journal of Behavioral Consulta-tion and Therapy (IJBCT) publishes original re-search, topical reviews, theoretical and conceptual work, clinical case studies, program descriptions, and organizational and community focused eval</style></secondary-title></titles><periodical><full-title><style face="normal" font="default" size="100%">The International Journal of Behavioral Consulta-tion and Therapy (IJBCT) publishes original re-search, topical reviews, theoretical and conceptual work, clinical case studies, program descriptions, and organizational and community focused eval</style></full-title></periodical><pages><style face="normal" font="default" size="100%">23-29</style></pages><volume><style face="normal" font="default" size="100%">8</style></volume><number><style face="normal" font="default" size="100%">3-4</style></number><keywords><keyword><style face="normal" font="default" size="100%">Sexually abusive behavior</style></keyword><keyword><style face="normal" font="default" size="100%">Sexually abusive youth</style></keyword><keyword><style face="normal" font="default" size="100%">Juvenile sexual offenders</style></keyword><keyword><style face="normal" font="default" size="100%">Juvenile sexual offending</style></keyword><keyword><style face="normal" font="default" size="100%">Sexual offense treatment</style></keyword><keyword><style face="normal" font="default" size="100%">Juvenile public policy</style></keyword><keyword><style face="normal" font="default" size="100%">Juvenile</style></keyword><keyword><style face="normal" font="default" size="100%">Sex offender registration</style></keyword></keywords><dates><year><style face="normal" font="default" size="100%">2013</style></year></dates><abstract><style face="normal" font="default" size="100%">In this policy paper we briefly review the historical predecessors of modern sex crime legislation. We then review modern policies, focusing on those that have been applied to youth who have sexually offended and for which there is at least some empirical evaluation. These include sex offender civil commitment, registration and public notification. None of the existing research validates the use of these strategies with juveniles and indeed there is growing evidence of harm. As such, we recommend that policies be revised to either exclude juveniles altogether or to mitigate the negative effects of policies when applied to juveniles.</style></abstract><urls><pdf-urls><url>internal-pdf://1255893237/Letournou.Costs Tx.2013.pdf</url></pdf-urls></urls><language><style face="normal" font="default" size="100%">English</style></language></record><record><database name="NSCClibrary.enl" path="F:\NSCClibrary.enl">NSCClibrary.enl</database><source-app name="EndNote" version="17.1">EndNote</source-app><rec-number>248</rec-number><foreign-keys><key app="EN" db-id="5s5ppfp52t55w0eadv7p5ss3vfxzs5fwwe5w">248</key><key app="ENWeb" db-id="ThEeKwrtqggAAHqv064">3796</key></foreign-keys><ref-type name="Journal Article">17</ref-type><contributors><authors><author><style face="normal" font="default" size="100%">Chaffin, Mark</style></author></authors></contributors><titles><title><style face="normal" font="default" size="100%">Our minds are made up - don&apos;t confuse us with the facts: Commentary on policies concerning children with sexual behavior problems and juvenile sex offenders</style></title><secondary-title><style face="normal" font="default" size="100%">Child Maltreatment</style></secondary-title></titles><periodical><full-title><style face="normal" font="default" size="100%">Child Maltreatment</style></full-title></periodical><pages><style face="normal" font="default" size="100%">110-121</style></pages><volume><style face="normal" font="default" size="100%">13</style></volume><number><style face="normal" font="default" size="100%">2</style></number><keywords><keyword><style face="normal" font="default" size="100%">Adolescent sex offenders</style></keyword><keyword><style face="normal" font="default" size="100%">Adolescents who sexually abuse</style></keyword><keyword><style face="normal" font="default" size="100%">Adolescents who sexually harm</style></keyword><keyword><style face="normal" font="default" size="100%">Juvenile sex offender registration</style></keyword><keyword><style face="normal" font="default" size="100%">Juvenile sex offenders</style></keyword><keyword><style face="normal" font="default" size="100%">Labelling</style></keyword><keyword><style face="normal" font="default" size="100%">Policy</style></keyword><keyword><style face="normal" font="default" size="100%">Sexual behaviour</style></keyword><keyword><style face="normal" font="default" size="100%">Sexualised behaviours</style></keyword><keyword><style face="normal" font="default" size="100%">Young people who sexually abuse</style></keyword><keyword><style face="normal" font="default" size="100%">Adolescents who sexually offend</style></keyword><keyword><style face="normal" font="default" size="100%">Young people who sexually offend</style></keyword></keywords><dates><year><style face="normal" font="default" size="100%">2008</style></year></dates><isbn><style face="normal" font="default" size="100%">1077-5595</style></isbn><abstract><style face="normal" font="default" size="100%">This commentary examines four common policy-relevant perceptions of teen and preteen sex offenders—high risk, “specialness,” homogeneity, and intransigence. Each perception is contrasted with long-standing as well as more current scientific facts. It is argued that public policies for these youth have been fundamentally driven by misperceptions, resulting in a set of well-intentioned but ultimately flawed policies and practices that are unlikely to deliver either child protection or juvenile justice benefits. These include federal and state policies pertaining to public registration and notification, community management, institutional placement, treatment approaches, and treatment standards. The research evidence about these juveniles is considerably more positive than current policies or clinical practices might suggest, and reflects a sharp disconnect between popular policy-relevant perceptions and the facts as we know them about these diverse cases.</style></abstract><notes><style face="normal" font="default" size="100%">Special Issue on Children With Sexual Behaviour Problems</style></notes><urls><pdf-urls><url>internal-pdf://Chaffin 2008 - Our minds are-3996859904/Chaffin 2008 - Our minds are.pdf</url></pdf-urls></urls><electronic-resource-num><style face="normal" font="default" size="100%">10.1177/1077559508314510</style></electronic-resource-num></record><record><database name="NSCClibrary.enl" path="F:\NSCClibrary.enl">NSCClibrary.enl</database><source-app name="EndNote" version="17.1">EndNote</source-app><rec-number>4326</rec-number><foreign-keys><key app="EN" db-id="5s5ppfp52t55w0eadv7p5ss3vfxzs5fwwe5w">4326</key></foreign-keys><ref-type name="Journal Article">17</ref-type><contributors><authors><author><style face="normal" font="default" size="100%">Worling, James R</style></author></authors></contributors><titles><title><style face="normal" font="default" size="100%">What were we thinking? Five erroneous assumptions that have fueled specialized interventions for adolescents who have sexually offended</style></title><secondary-title><style face="normal" font="default" size="100%">INTERNATIONAL JOURNAL OF BEHAVIORAL CONSULTATION AND THERAPY</style></secondary-title></titles><periodical><full-title><style face="normal" font="default" size="100%">INTERNATIONAL JOURNAL OF BEHAVIORAL CONSULTATION AND THERAPY</style></full-title></periodical><pages><style face="normal" font="default" size="100%">80-88</style></pages><volume><style face="normal" font="default" size="100%">8</style></volume><number><style face="normal" font="default" size="100%">3-4</style></number><keywords><keyword><style face="normal" font="default" size="100%">Adolescent sex offenders</style></keyword><keyword><style face="normal" font="default" size="100%">Adolescents who sexually abuse</style></keyword><keyword><style face="normal" font="default" size="100%">Adolescents who sexually harm</style></keyword><keyword><style face="normal" font="default" size="100%">Adolescents who sexually offend</style></keyword><keyword><style face="normal" font="default" size="100%">Juvenile sex offenders</style></keyword><keyword><style face="normal" font="default" size="100%">Young people who sexually abuse</style></keyword><keyword><style face="normal" font="default" size="100%">Young people who sexually offend</style></keyword></keywords><dates><year><style face="normal" font="default" size="100%">2013</style></year></dates><abstract><style face="normal" font="default" size="100%">Since the early 1980s, five assumptions have influenced the assessment, treatment, and community supervision of adolescents who have offended sexually. In particular, interventions with this population have been informed by the assumptions that these youth are (i) deviant, (ii) delinquent, (iii) disordered, (iv) deficit-ridden, and (v) deceitful. There is very little research to support these beliefs, however, and some researchers and clinicians have long pointed out that adolescents who commit sexual crimes are heterogeneous and that there is no typical profile. Indeed, many adolescents who commit sexual crimes display healthy sexual interests, are prosocial in their orientation, are not psychiatrically disordered, can be described by many strengths and protective factors, and are open regarding past sexual crimes and their sexual interests. If the goal of intervention is to help adolescents to prevent future offenses, then it is essential for all involved in their care to be more critical of these erroneous assumptions that have influenced the field for the past several decades.</style></abstract><urls><pdf-urls><url>internal-pdf://2200526970/Worling.5 errors.2013.pdf</url></pdf-urls></urls><language><style face="normal" font="default" size="100%">English</style></language></record></records></xml>