<?xml version="1.0" encoding="UTF-8" ?><xml><records><record><database name="NSCClibrary.enl" path="F:\NSCClibrary.enl">NSCClibrary.enl</database><source-app name="EndNote" version="17.1">EndNote</source-app><rec-number>914</rec-number><foreign-keys><key app="EN" db-id="5s5ppfp52t55w0eadv7p5ss3vfxzs5fwwe5w">914</key><key app="ENWeb" db-id="ThEeKwrtqggAAHqv064">4510</key></foreign-keys><ref-type name="Book Section">5</ref-type><contributors><authors><author><style face="normal" font="default" size="100%">Thomas, Jerry</style></author><author><style face="normal" font="default" size="100%">Viar, C. Wilson</style></author></authors><secondary-authors><author><style face="normal" font="default" size="100%">Calder, M.C.</style></author></secondary-authors></contributors><titles><title><style face="normal" font="default" size="100%">Family reunification in cases of sibling incest</style></title><secondary-title><style face="normal" font="default" size="100%">Children and young people who sexually abuse: New theory, research and practice development.</style></secondary-title></titles><pages><style face="normal" font="default" size="100%">354-371</style></pages><section><style face="normal" font="default" size="100%">20</style></section><keywords><keyword><style face="normal" font="default" size="100%">Family reunification</style></keyword><keyword><style face="normal" font="default" size="100%">Sibling incest</style></keyword><keyword><style face="normal" font="default" size="100%">Sibling sexual abuse</style></keyword></keywords><dates><year><style face="normal" font="default" size="100%">2005</style></year></dates><pub-location><style face="normal" font="default" size="100%">Dorset</style></pub-location><publisher><style face="normal" font="default" size="100%">Russell House Publishing</style></publisher><abstract><style face="normal" font="default" size="100%">The subject of family reunification for neglected and abused children is a serious concern for all professionals who are faced with responsibility for making these decisions. The consequences of bad decision making can have a devastating impact on all concerned. This chapter focuses on the family reunification process in cases of sexual abuse by a young person upon a sibling, the key criteria for determining the appropriate level of reunification, or, alternately, the decision not to reunify at all</style></abstract><notes><style face="normal" font="default" size="100%">New Street and Cedar Cottage Training CD September 2008</style></notes><urls><pdf-urls><url>internal-pdf://Family.Reunification-1316146945/Family.Reunification.pdf</url></pdf-urls></urls></record></records></xml>