<?xml version="1.0" encoding="UTF-8" ?><xml><records><record><database name="NSCClibrary.enl" path="F:\NSCClibrary.enl">NSCClibrary.enl</database><source-app name="EndNote" version="17.1">EndNote</source-app><rec-number>1903</rec-number><foreign-keys><key app="EN" db-id="5s5ppfp52t55w0eadv7p5ss3vfxzs5fwwe5w">1903</key><key app="ENWeb" db-id="ThEeKwrtqggAAHqv064">4900</key></foreign-keys><ref-type name="Journal Article">17</ref-type><contributors><authors><author><style face="normal" font="default" size="100%">Hoffer, Tia</style></author><author><style face="normal" font="default" size="100%">Shelton, Joy</style></author><author><style face="normal" font="default" size="100%">Behnke, Stephen</style></author><author><style face="normal" font="default" size="100%">Erdberg, Philip</style></author></authors></contributors><titles><title><style face="normal" font="default" size="100%">Exploring the impact of child sex offender suicide</style></title><secondary-title><style face="normal" font="default" size="100%">Journal of Family Violence</style></secondary-title></titles><periodical><full-title><style face="normal" font="default" size="100%">Journal of family violence</style></full-title></periodical><pages><style face="normal" font="default" size="100%">777-786</style></pages><volume><style face="normal" font="default" size="100%">25</style></volume><number><style face="normal" font="default" size="100%">8</style></number><keywords><keyword><style face="normal" font="default" size="100%">Child pornography</style></keyword><keyword><style face="normal" font="default" size="100%">Impact</style></keyword><keyword><style face="normal" font="default" size="100%">Internet</style></keyword><keyword><style face="normal" font="default" size="100%">Law enforcement</style></keyword><keyword><style face="normal" font="default" size="100%">Suicide</style></keyword></keywords><dates><year><style face="normal" font="default" size="100%">2010</style></year></dates><publisher><style face="normal" font="default" size="100%">Springer Netherlands</style></publisher><isbn><style face="normal" font="default" size="100%">0885-7482</style></isbn><abstract><style face="normal" font="default" size="100%">This paper explores the issues and widespread impact surrounding child sex offenders (CSO) who commit suicide after learning they are under criminal investigation. This phenomenon, which has received scant attention in the literature, affects family, friends, and victims of offenders who may experience a range of conflicting emotions including anger, guilt, confusion, betrayal, and loss. Involved law enforcement may, likewise, experience a range of complex reactions. Law enforcement personnel are neither trained nor required to assess offenders’ suicidality. However, awareness of how CSOs are impacted by an investigation may mitigate the risk of suicide and enhance operational strategies, including officer safety.</style></abstract><urls><related-urls><url><style face="normal" font="default" size="100%">http://dx.doi.org/10.1007/s10896-010-9335-3</style></url></related-urls><pdf-urls><url>internal-pdf://hoffer2010-0386796288/hoffer2010.pdf</url></pdf-urls></urls><electronic-resource-num><style face="normal" font="default" size="100%">10.1007/s10896-010-9335-3</style></electronic-resource-num></record></records></xml>