<?xml version="1.0" encoding="UTF-8" ?><xml><records><record><database name="NSCClibrary.enl" path="F:\NSCClibrary.enl">NSCClibrary.enl</database><source-app name="EndNote" version="17.1">EndNote</source-app><rec-number>4530</rec-number><foreign-keys><key app="EN" db-id="5s5ppfp52t55w0eadv7p5ss3vfxzs5fwwe5w">4530</key></foreign-keys><ref-type name="Journal Article">17</ref-type><contributors><authors><author><style face="normal" font="default" size="100%">Amy-Chinn, Dee</style></author></authors></contributors><titles><title><style face="normal" font="default" size="100%">This is just for me(n): How the regulation of post-feminist lingerie advertising perpetuates woman as object</style></title><secondary-title><style face="normal" font="default" size="100%">Journal of Consumer Culture</style></secondary-title></titles><periodical><full-title><style face="normal" font="default" size="100%">Journal of Consumer Culture</style></full-title></periodical><pages><style face="normal" font="default" size="100%">155-175</style></pages><volume><style face="normal" font="default" size="100%">6</style></volume><number><style face="normal" font="default" size="100%">2</style></number><keywords><keyword><style face="normal" font="default" size="100%">Gaze</style></keyword><keyword><style face="normal" font="default" size="100%">Gossard</style></keyword><keyword><style face="normal" font="default" size="100%">Heterosexuality</style></keyword><keyword><style face="normal" font="default" size="100%">Offence</style></keyword><keyword><style face="normal" font="default" size="100%">Underwear</style></keyword><keyword><style face="normal" font="default" size="100%">Wonderbra</style></keyword></keywords><dates><year><style face="normal" font="default" size="100%">2006</style></year><pub-dates><date><style face="normal" font="default" size="100%">July 1, 2006</style></date></pub-dates></dates><abstract><style face="normal" font="default" size="100%">This article argues that the official process by which advertising is regulated in the UK, when applied to the advertising of women&apos;s underwear, restricts and undermines, rather than encourages, attempts to renegotiate the discourse that surrounds the representation of women in advertising, particularly when it seeks to construct a discourse that questions the centrality of men to female sexual pleasure. This process judges ads on the basis of whether they are likely to cause ‘serious or widespread offence’. The regulators&apos; interpretation of this ensures that lingerie advertising that represents women as objects for the male gaze remains acceptable, as do ads in which women are deliberately offering up a sexualized self-presentation, while images that seek to negotiate a discourse outside a heterosexuality governed by the coital imperative are considered problematic. This encourages the perpetuation of a conservative framework in which women can be viewed as objects rather than subjects.</style></abstract><urls><pdf-urls><url>internal-pdf://3313200544/Amy-Chinn2006This is just for men.pdf</url></pdf-urls></urls><electronic-resource-num><style face="normal" font="default" size="100%">10.1177/1469540506064742</style></electronic-resource-num></record><record><database name="NSCClibrary.enl" path="F:\NSCClibrary.enl">NSCClibrary.enl</database><source-app name="EndNote" version="17.1">EndNote</source-app><rec-number>4528</rec-number><foreign-keys><key app="EN" db-id="5s5ppfp52t55w0eadv7p5ss3vfxzs5fwwe5w">4528</key></foreign-keys><ref-type name="Journal Article">17</ref-type><contributors><authors><author><style face="normal" font="default" size="100%">Amy-Chinn, Dee</style></author><author><style face="normal" font="default" size="100%">Jantzen, Christian</style></author><author><style face="normal" font="default" size="100%">Østergaard, Per</style></author></authors></contributors><titles><title><style face="normal" font="default" size="100%">Doing and meaning: Towards an integrated approach to the study of women&apos;s relationship to underwear</style></title><secondary-title><style face="normal" font="default" size="100%">Journal of Consumer Culture</style></secondary-title></titles><periodical><full-title><style face="normal" font="default" size="100%">Journal of Consumer Culture</style></full-title></periodical><pages><style face="normal" font="default" size="100%">379-401</style></pages><volume><style face="normal" font="default" size="100%">6</style></volume><number><style face="normal" font="default" size="100%">3</style></number><keywords><keyword><style face="normal" font="default" size="100%">Women&apos;s underwear</style></keyword><keyword><style face="normal" font="default" size="100%">Underwear theft</style></keyword><keyword><style face="normal" font="default" size="100%">Sexuality</style></keyword><keyword><style face="normal" font="default" size="100%">Sensuality</style></keyword><keyword><style face="normal" font="default" size="100%">Cross cultural exchange</style></keyword><keyword><style face="normal" font="default" size="100%">Cross disciplinary exchange</style></keyword></keywords><dates><year><style face="normal" font="default" size="100%">2006</style></year><pub-dates><date><style face="normal" font="default" size="100%">November 1, 2006</style></date></pub-dates></dates><abstract><style face="normal" font="default" size="100%">In our last issue, the Journal of Consumer Culture published two very different contributions to the debate around women&apos;s underwear. In order to develop the issues raised in the original articles, we invited the authors to engage in a cross-cultural and cross-disciplinary exchange.This dialogue is the result.</style></abstract><urls><pdf-urls><url>internal-pdf://1296189524/Amy-Chinn2006DoingAndMeaning.pdf</url></pdf-urls></urls><electronic-resource-num><style face="normal" font="default" size="100%">10.1177/1469540506068685</style></electronic-resource-num></record><record><database name="NSCClibrary.enl" path="F:\NSCClibrary.enl">NSCClibrary.enl</database><source-app name="EndNote" version="17.1">EndNote</source-app><rec-number>852</rec-number><foreign-keys><key app="EN" db-id="5s5ppfp52t55w0eadv7p5ss3vfxzs5fwwe5w">852</key><key app="ENWeb" db-id="ThEeKwrtqggAAHqv064">4491</key></foreign-keys><ref-type name="Book Section">5</ref-type><contributors><authors><author><style face="normal" font="default" size="100%">Araji, Sharon K.</style></author></authors><secondary-authors><author><style face="normal" font="default" size="100%">O&apos;Reilly, G. </style></author><author><style face="normal" font="default" size="100%">Marshall, W.L.</style></author><author><style face="normal" font="default" size="100%">Carr, A.</style></author><author><style face="normal" font="default" size="100%">Beckett, R.C.</style></author></secondary-authors></contributors><titles><title><style face="normal" font="default" size="100%">Preadolescents and adolescents: Evaluating normative and non-normative sexual behaviours and development</style></title><secondary-title><style face="normal" font="default" size="100%">The handbook of clinical intervention with young people who sexually abuse</style></secondary-title></titles><periodical><full-title><style face="normal" font="default" size="100%">The handbook of clinical intervention with young people who sexually abuse</style></full-title></periodical><pages><style face="normal" font="default" size="100%">4–35</style></pages><keywords><keyword><style face="normal" font="default" size="100%">Sexual behaviour</style></keyword><keyword><style face="normal" font="default" size="100%">Sexual development</style></keyword><keyword><style face="normal" font="default" size="100%">Sexualised behaviours</style></keyword><keyword><style face="normal" font="default" size="100%">Underwear theft</style></keyword></keywords><dates><year><style face="normal" font="default" size="100%">2004</style></year></dates><pub-location><style face="normal" font="default" size="100%">New York, NY</style></pub-location><publisher><style face="normal" font="default" size="100%">Brunner-Routledge</style></publisher><abstract><style face="normal" font="default" size="100%">In discussing sexual development in both children and adolescents, Bukowski et al. (1993, p. 87) ask, &quot;What is healthy sexual development?&quot; In response, they argue that descriptions of the goals of sexual development are unclear and have relied heavily on abstractions. As such, they say that little guidance has been provided with respect to identifying what constitutes healthy or unhealthy sexual development. They continue by saying that specifying the goals of healthy sexual development is a very difficult task because the development consists of factors that are subjective, interpersonal and socially embedded and vary as a function of age, sex and culture. Distinguishing between normative and non-normative sexual behaviours and development among preadolescents and adolescents is like drawing lines in the sand. Definitions shift across individuals, professionals, groups, organisations, communities, social institutions, societies and situations. While there are some cases that most would agree involve crossing the line between normative, non-normative and even criminal sexual behaviours, others are less clear.</style></abstract><notes><style face="normal" font="default" size="100%">New Street and Cedar Cottage Training CD September 2008</style></notes><urls><pdf-urls><url>internal-pdf://Araji 2004 - Sexual behaviours-3744063745/Araji 2004 - Sexual behaviours.pdf</url></pdf-urls></urls></record><record><database name="NSCClibrary.enl" path="F:\NSCClibrary.enl">NSCClibrary.enl</database><source-app name="EndNote" version="17.1">EndNote</source-app><rec-number>4610</rec-number><foreign-keys><key app="EN" db-id="5s5ppfp52t55w0eadv7p5ss3vfxzs5fwwe5w">4610</key></foreign-keys><ref-type name="Journal Article">17</ref-type><contributors><authors><author><style face="normal" font="default" size="100%">Attwood, Feona</style></author></authors></contributors><titles><title><style face="normal" font="default" size="100%">Fashion and Passion: Marketing Sex to Women</style></title><secondary-title><style face="normal" font="default" size="100%">Sexualities</style></secondary-title></titles><periodical><full-title><style face="normal" font="default" size="100%">Sexualities</style></full-title></periodical><pages><style face="normal" font="default" size="100%">392-406</style></pages><volume><style face="normal" font="default" size="100%">8</style></volume><number><style face="normal" font="default" size="100%">4</style></number><keywords><keyword><style face="normal" font="default" size="100%">Lingerie</style></keyword><keyword><style face="normal" font="default" size="100%">Sex</style></keyword><keyword><style face="normal" font="default" size="100%">Vibrators</style></keyword><keyword><style face="normal" font="default" size="100%">Women</style></keyword></keywords><dates><year><style face="normal" font="default" size="100%">2005</style></year><pub-dates><date><style face="normal" font="default" size="100%">October 1, 2005</style></date></pub-dates></dates><abstract><style face="normal" font="default" size="100%">Against a backdrop of a ‘pornographication’ of mainstream media and the emergence of a more heavily sexualized culture, women are increasingly targeted as sexual consumers. In the UK, the success of TV shows like Sex and the City and the ‘fashion ‘n’ passion’ of sex emporia like Ann Summers suggests that late 20th-century discourses which foregrounded female pleasure have crystallized in a new form of sexual address to women. This article examines how sex products are being marketed for female consumers, focusing on the websites of sex businesses such as Myla, Babes n Horny, Beecourse, tabooboo and Ann Summers. It asks how a variety of existing discourses - of fashion, consumerism, bodily pleasure and sexuality - are drawn on in the construction of this new market, how they negotiate the dangers and pleasures of sexuality for women, and what they show about the construction of ‘new’ female sexualities.</style></abstract><urls><pdf-urls><url>internal-pdf://0243395118/Attwood2005Fashion.pdf</url></pdf-urls></urls><electronic-resource-num><style face="normal" font="default" size="100%">10.1177/1363460705056617</style></electronic-resource-num></record><record><database name="NSCClibrary.enl" path="F:\NSCClibrary.enl">NSCClibrary.enl</database><source-app name="EndNote" version="17.1">EndNote</source-app><rec-number>847</rec-number><foreign-keys><key app="EN" db-id="5s5ppfp52t55w0eadv7p5ss3vfxzs5fwwe5w">847</key><key app="ENWeb" db-id="ThEeKwrtqggAAHqv064">4548</key></foreign-keys><ref-type name="Journal Article">17</ref-type><contributors><authors><author><style face="normal" font="default" size="100%">Borduin, Charles M.</style></author><author><style face="normal" font="default" size="100%">Henggeler, Scott W.</style></author><author><style face="normal" font="default" size="100%">Blaske, David M.</style></author><author><style face="normal" font="default" size="100%">Stein, Risa J.</style></author></authors></contributors><titles><title><style face="normal" font="default" size="100%">Multisystemic treatment of adolescent sexual offenders</style></title><secondary-title><style face="normal" font="default" size="100%">International Journal of Offender Therapy and Comparative Criminology</style></secondary-title></titles><periodical><full-title><style face="normal" font="default" size="100%">International Journal of Offender Therapy and Comparative Criminology</style></full-title></periodical><pages><style face="normal" font="default" size="100%">105-113</style></pages><volume><style face="normal" font="default" size="100%">3</style></volume><number><style face="normal" font="default" size="100%">1</style></number><keywords><keyword><style face="normal" font="default" size="100%">Adolescent sex offenders</style></keyword><keyword><style face="normal" font="default" size="100%">Adolescents who sexually abuse</style></keyword><keyword><style face="normal" font="default" size="100%">Adolescents who sexually harm</style></keyword><keyword><style face="normal" font="default" size="100%">Adolescents who sexually offend</style></keyword><keyword><style face="normal" font="default" size="100%">Juvenile sex offenders</style></keyword><keyword><style face="normal" font="default" size="100%">MST</style></keyword><keyword><style face="normal" font="default" size="100%">Multisystemic therapy</style></keyword><keyword><style face="normal" font="default" size="100%">Underwear theft</style></keyword><keyword><style face="normal" font="default" size="100%">Young people who sexually abuse</style></keyword><keyword><style face="normal" font="default" size="100%">Young people who sexually offend</style></keyword></keywords><dates><year><style face="normal" font="default" size="100%">1996</style></year></dates><abstract><style face="normal" font="default" size="100%">This study compared the efficacy of multisystemic therapy (MST) and individual therapy (IT) in the outpatient treatment of adolescent sexual offenders. Sixteen adolescent sexual offenders were randomly assigned to either MST or IT conditions. Youths in the MST and IT conditions received an average of 37 hours and 45 hours of treatment, respectively. Recidivism data were collected on all subjects at an approximately 3-year follow-up. Between groups comparisons showed that significantly fewer subjects in the MST condition had been rearrested for sexual crimes and that the frequency of sexual rearrests was significantly lower in the MST condition than in the IT condition. The relative efficacy of MST was attributed to its emphasis on changing behavior and interpersonal relations within the offender&apos;s natural environment.</style></abstract><urls><pdf-urls><url>internal-pdf://Bourduin et al 1996 - Multisystemic-0630418177/Bourduin et al 1996 - Multisystemic.pdf</url></pdf-urls></urls></record><record><database name="NSCClibrary.enl" path="F:\NSCClibrary.enl">NSCClibrary.enl</database><source-app name="EndNote" version="17.1">EndNote</source-app><rec-number>864</rec-number><foreign-keys><key app="EN" db-id="5s5ppfp52t55w0eadv7p5ss3vfxzs5fwwe5w">864</key><key app="ENWeb" db-id="ThEeKwrtqggAAHqv064">4889</key></foreign-keys><ref-type name="Journal Article">17</ref-type><contributors><authors><author><style face="normal" font="default" size="100%">Chalkley, AJ</style></author><author><style face="normal" font="default" size="100%">Powell, G.E.</style></author></authors></contributors><titles><title><style face="normal" font="default" size="100%">The clinical description of forty-eight cases of sexual fetishism</style></title><secondary-title><style face="normal" font="default" size="100%">The British Journal of Psychiatry</style></secondary-title></titles><periodical><full-title><style face="normal" font="default" size="100%">The British Journal of Psychiatry</style></full-title></periodical><pages><style face="normal" font="default" size="100%">292</style></pages><volume><style face="normal" font="default" size="100%">142</style></volume><number><style face="normal" font="default" size="100%">3</style></number><keywords><keyword><style face="normal" font="default" size="100%">Fetishism</style></keyword><keyword><style face="normal" font="default" size="100%">Underwear theft</style></keyword></keywords><dates><year><style face="normal" font="default" size="100%">1983</style></year></dates><isbn><style face="normal" font="default" size="100%">0007-1250</style></isbn><abstract><style face="normal" font="default" size="100%">This study surveys the discharge register of a large London teaching hospital over 20 years and presents data on its 48 cases of clinical sexual fetishism. An attempt was made to answer two questions: (1) What are the clinical problems these patients present? They have more to do with the perception of fetishes as personally or socially unacceptable than with &apos;objective&apos; restrictions placed on sexual activity. (2) What is the classification used to describe? The data have not enabled any conclusions to be drawn about the existence of particular fetishist syndromes. Certainly, a fifth or more of the sample had fetishes for clothes or rubber or rubber items, or wore or stole a fetish or fetishes; but this information is insufficient to allow one to assume that these patients had something significant in common, and leaves open the question of what more precisely each individual was attracted to. </style></abstract><notes><style face="normal" font="default" size="100%">Need to obtain pdf through ILL</style></notes><urls><related-urls><url><style face="normal" font="default" size="100%">http://bjp.rcpsych.org/content/142/3/292</style></url></related-urls></urls><electronic-resource-num><style face="normal" font="default" size="100%">10.1192/bjp.142.3.292</style></electronic-resource-num></record><record><database name="NSCClibrary.enl" path="F:\NSCClibrary.enl">NSCClibrary.enl</database><source-app name="EndNote" version="17.1">EndNote</source-app><rec-number>829</rec-number><foreign-keys><key app="EN" db-id="5s5ppfp52t55w0eadv7p5ss3vfxzs5fwwe5w">829</key><key app="ENWeb" db-id="ThEeKwrtqggAAHqv064">4877</key></foreign-keys><ref-type name="Journal Article">17</ref-type><contributors><authors><author><style face="normal" font="default" size="100%">Christiansen, K.O.</style></author></authors></contributors><titles><title><style face="normal" font="default" size="100%">Theft with atypical motive</style></title><secondary-title><style face="normal" font="default" size="100%">Acta Psychiatrica Scandinavica</style></secondary-title></titles><periodical><full-title><style face="normal" font="default" size="100%">Acta Psychiatrica Scandinavica</style></full-title></periodical><pages><style face="normal" font="default" size="100%">195-210</style></pages><volume><style face="normal" font="default" size="100%">21</style></volume><number><style face="normal" font="default" size="100%">1 3</style></number><keywords><keyword><style face="normal" font="default" size="100%">Underwear theft</style></keyword></keywords><dates><year><style face="normal" font="default" size="100%">1946</style></year></dates><isbn><style face="normal" font="default" size="100%">1600-0447</style></isbn><notes><style face="normal" font="default" size="100%">Not available</style></notes><urls><related-urls><url><style face="normal" font="default" size="100%">http://onlinelibrary.wiley.com/doi/10.1111/j.1600-0447.1946.tb07273.x/abstract</style></url></related-urls></urls><electronic-resource-num><style face="normal" font="default" size="100%">10.1111/j.1600-0447.1946.tb07273.x</style></electronic-resource-num></record><record><database name="NSCClibrary.enl" path="F:\NSCClibrary.enl">NSCClibrary.enl</database><source-app name="EndNote" version="17.1">EndNote</source-app><rec-number>4529</rec-number><foreign-keys><key app="EN" db-id="5s5ppfp52t55w0eadv7p5ss3vfxzs5fwwe5w">4529</key></foreign-keys><ref-type name="Journal Article">17</ref-type><contributors><authors><author><style face="normal" font="default" size="100%">Cook, Daniel Thomas</style></author><author><style face="normal" font="default" size="100%">Kaiser, Susan B.</style></author></authors></contributors><titles><title><style face="normal" font="default" size="100%">Betwixt and be Tween: Age Ambiguity and the Sexualization of the Female Consuming Subject</style></title><secondary-title><style face="normal" font="default" size="100%">Journal of Consumer Culture</style></secondary-title></titles><periodical><full-title><style face="normal" font="default" size="100%">Journal of Consumer Culture</style></full-title></periodical><pages><style face="normal" font="default" size="100%">203-227</style></pages><volume><style face="normal" font="default" size="100%">4</style></volume><number><style face="normal" font="default" size="100%">2</style></number><keywords><keyword><style face="normal" font="default" size="100%">Girls</style></keyword><keyword><style face="normal" font="default" size="100%">Young women</style></keyword><keyword><style face="normal" font="default" size="100%">Sexuality</style></keyword><keyword><style face="normal" font="default" size="100%">Tweens</style></keyword></keywords><dates><year><style face="normal" font="default" size="100%">2004</style></year><pub-dates><date><style face="normal" font="default" size="100%">July 1, 2004</style></date></pub-dates></dates><abstract><style face="normal" font="default" size="100%">In this article, we argue that what is now known as the ‘tween’ cannot be understood apart from its inception in, and articulation with, the market exigencies of childhood - specifically girlhood - as they have emerged since the Second World War. Drawing upon trade discourses from the children’s clothing industry since the 1940s, interviews with children and views expressed by children’s market observers, we demonstrate how ‘the tween’ (or subteen/preteen) has been constructed and maintained as an ambiguous, age-delineated marketing and merchandising category. This category tends to produce and reproduce a ‘female consuming subject’ who has generally been presumed to be white, middle or upper middle class and heterosexual. Building upon historical materials, we focus much of our efforts on analyzing contemporary cultural commercial iterations of the tween as they have arisen since the early 1990s, a time when clothing makers and entrepreneurs of childhood redoubled their efforts to define a market semantic space for the Tween on the continuum of age-based goods and meanings.</style></abstract><urls><pdf-urls><url>internal-pdf://3430026989/Cook2004Betwixt.pdf</url></pdf-urls></urls><electronic-resource-num><style face="normal" font="default" size="100%">10.1177/1469540504043682</style></electronic-resource-num></record><record><database name="NSCClibrary.enl" path="F:\NSCClibrary.enl">NSCClibrary.enl</database><source-app name="EndNote" version="17.1">EndNote</source-app><rec-number>832</rec-number><foreign-keys><key app="EN" db-id="5s5ppfp52t55w0eadv7p5ss3vfxzs5fwwe5w">832</key><key app="ENWeb" db-id="ThEeKwrtqggAAHqv064">4879</key></foreign-keys><ref-type name="Journal Article">17</ref-type><contributors><authors><author><style face="normal" font="default" size="100%">Fehrenbach, Peter A.</style></author><author><style face="normal" font="default" size="100%">Smith, Wayne R.</style></author><author><style face="normal" font="default" size="100%">Monastersky, Caren</style></author><author><style face="normal" font="default" size="100%">Deisher, Robert W.</style></author></authors></contributors><titles><title><style face="normal" font="default" size="100%">Adolescent sexual offenders: Offender and offense characteristics</style></title><secondary-title><style face="normal" font="default" size="100%">American Journal of Orthopsychiatry</style></secondary-title></titles><periodical><full-title><style face="normal" font="default" size="100%">American Journal of Orthopsychiatry</style></full-title></periodical><pages><style face="normal" font="default" size="100%">225-233</style></pages><volume><style face="normal" font="default" size="100%">56</style></volume><number><style face="normal" font="default" size="100%">2</style></number><keywords><keyword><style face="normal" font="default" size="100%">Adolescent sex offender</style></keyword><keyword><style face="normal" font="default" size="100%">Adolescents who sexually abuse</style></keyword><keyword><style face="normal" font="default" size="100%">Adolescents who sexually harm</style></keyword><keyword><style face="normal" font="default" size="100%">Sexual behaviour</style></keyword><keyword><style face="normal" font="default" size="100%">Sexualised behaviours</style></keyword><keyword><style face="normal" font="default" size="100%">Underwear theft</style></keyword><keyword><style face="normal" font="default" size="100%">Young people who sexually abuse</style></keyword><keyword><style face="normal" font="default" size="100%">Adolescents who sexually offend</style></keyword><keyword><style face="normal" font="default" size="100%">Young people who sexually offend</style></keyword></keywords><dates><year><style face="normal" font="default" size="100%">1986</style></year></dates><isbn><style face="normal" font="default" size="100%">1939-0025</style></isbn><abstract><style face="normal" font="default" size="100%">Descriptive data are presented on 305 adolescent sexual offenders. Types of offenses and the circumstances under which they occurred are described. Results suggest that adolescents commit an array of sexual offenses, that they are not typically isolated incidents, and that they are frequently indicative of more general adjustment difficulties.</style></abstract><urls><pdf-urls><url>internal-pdf://Fehrenbach et al 1986 - Adolescent sexual offenders-1433969153/Fehrenbach et al 1986 - Adolescent sexual offenders.pdf</url></pdf-urls></urls><electronic-resource-num><style face="normal" font="default" size="100%">10.1111/j.1939-0025.1986.tb02722.x</style></electronic-resource-num></record><record><database name="NSCClibrary.enl" path="F:\NSCClibrary.enl">NSCClibrary.enl</database><source-app name="EndNote" version="17.1">EndNote</source-app><rec-number>870</rec-number><foreign-keys><key app="EN" db-id="5s5ppfp52t55w0eadv7p5ss3vfxzs5fwwe5w">870</key><key app="ENWeb" db-id="ThEeKwrtqggAAHqv064">4892</key></foreign-keys><ref-type name="Conference Paper">47</ref-type><contributors><authors><author><style face="normal" font="default" size="100%">Harris, Rosalind</style></author></authors></contributors><titles><title><style face="normal" font="default" size="100%">Early intervention is the best prevention</style></title><secondary-title><style face="normal" font="default" size="100%">Australian Institute of Criminology Conference: Paedophilia: Policy and Prevention</style></secondary-title></titles><keywords><keyword><style face="normal" font="default" size="100%">Risk assessment</style></keyword><keyword><style face="normal" font="default" size="100%">Sex offender treatment</style></keyword><keyword><style face="normal" font="default" size="100%">Underwear theft</style></keyword></keywords><dates><year><style face="normal" font="default" size="100%">1997</style></year><pub-dates><date><style face="normal" font="default" size="100%">14-15 April</style></date></pub-dates></dates><pub-location><style face="normal" font="default" size="100%">Sydney, Australia</style></pub-location><abstract><style face="normal" font="default" size="100%">&quot;Hands off offenses: Exposing genitals, stalking, obscene phone calls, looking in windows, stealing underwear (Ross, 1994)&quot; p. 4. This presentation provides an overview of the MAPPS program, in particular how the change process in treatment is tied to the two-stage group structure. Treatment effectiveness factors will be identified, both systemic and program-specific. Additionally, the adolescent sex offender will be discussed within an offending and developmental context, and in relation to how paedophile and rapist distinctions are integrated into treatment.</style></abstract><urls><related-urls><url><style face="normal" font="default" size="100%">http://www.aic.gov.au/events/aic%20upcoming%20events/1997/~/media/conferences/paedophilia/harris.ashx</style></url></related-urls><pdf-urls><url>internal-pdf://harris-earlyintervent-2246790145/harris-earlyintervent.pdf</url></pdf-urls></urls></record><record><database name="NSCClibrary.enl" path="F:\NSCClibrary.enl">NSCClibrary.enl</database><source-app name="EndNote" version="17.1">EndNote</source-app><rec-number>4531</rec-number><foreign-keys><key app="EN" db-id="5s5ppfp52t55w0eadv7p5ss3vfxzs5fwwe5w">4531</key></foreign-keys><ref-type name="Journal Article">17</ref-type><contributors><authors><author><style face="normal" font="default" size="100%">Jantzen, Christian</style></author><author><style face="normal" font="default" size="100%">Østergaard, Per</style></author><author><style face="normal" font="default" size="100%">Vieira, Carla M. Sucena</style></author></authors></contributors><titles><title><style face="normal" font="default" size="100%">Becoming a ‘woman to the backbone’: Lingerie consumption and the experience of feminine identity</style></title><secondary-title><style face="normal" font="default" size="100%">Journal of Consumer Culture</style></secondary-title></titles><periodical><full-title><style face="normal" font="default" size="100%">Journal of Consumer Culture</style></full-title></periodical><pages><style face="normal" font="default" size="100%">177-202</style></pages><volume><style face="normal" font="default" size="100%">6</style></volume><number><style face="normal" font="default" size="100%">2</style></number><keywords><keyword><style face="normal" font="default" size="100%">Femininity</style></keyword><keyword><style face="normal" font="default" size="100%">Feminism</style></keyword><keyword><style face="normal" font="default" size="100%">Underwear</style></keyword></keywords><dates><year><style face="normal" font="default" size="100%">2006</style></year><pub-dates><date><style face="normal" font="default" size="100%">July 1, 2006</style></date></pub-dates></dates><abstract><style face="normal" font="default" size="100%">The connection between consumption and identity construction is a well-known topic in consumer research.Identity has two sides: a social side directed towards an external world of shared values and symbols, and an intra-psychological side directed towards an internal world of longings and bodily sensations.In this study we investigate how women&apos;s consumption of lingerie may enhance their experience of inter- and intra-psychological identity.This process of identity formation is analysed with reference to Foucault&apos;s concept of ‘technologies of the self’which emphasizes the role of practices and instruments in generating a sense of ‘self’.Lingerie is treated as such an instrument, and the categorizations that consumers use are treated as a form of practical knowledge of how to determine the‘right’underwear for the‘right’occasion. Consuming lingerie with the purpose of experiencing feminine identity is a matter of controlling your bodily performance in social life.This working on identity by purchasing and wearing lingerie may furthermore fulfil or generate longings, thus potentially leading to intensified experiences, feelings and sensations of ‘who I really am’.The article highlights some of the paradoxes in this attempt to manage identity.The analysis is based on interviews with 22 women about their underwear and lingerie consumption.</style></abstract><urls><pdf-urls><url>internal-pdf://3975989441/Jantzen2006Becoming.pdf</url></pdf-urls></urls><electronic-resource-num><style face="normal" font="default" size="100%">10.1177/1469540506064743</style></electronic-resource-num></record><record><database name="NSCClibrary.enl" path="F:\NSCClibrary.enl">NSCClibrary.enl</database><source-app name="EndNote" version="17.1">EndNote</source-app><rec-number>869</rec-number><foreign-keys><key app="EN" db-id="5s5ppfp52t55w0eadv7p5ss3vfxzs5fwwe5w">869</key><key app="ENWeb" db-id="ThEeKwrtqggAAHqv064">4891</key></foreign-keys><ref-type name="Journal Article">17</ref-type><contributors><authors><author><style face="normal" font="default" size="100%">Kafka, Martin P. </style></author></authors></contributors><titles><title><style face="normal" font="default" size="100%">The DSM diagnostic criteria for fetishism</style></title><secondary-title><style face="normal" font="default" size="100%">Archives of Sexual Behavior</style></secondary-title></titles><periodical><full-title><style face="normal" font="default" size="100%">Archives of Sexual Behavior</style></full-title></periodical><pages><style face="normal" font="default" size="100%">357-362</style></pages><volume><style face="normal" font="default" size="100%">39</style></volume><number><style face="normal" font="default" size="100%">2</style></number><keywords><keyword><style face="normal" font="default" size="100%">Fetishism</style></keyword><keyword><style face="normal" font="default" size="100%">Paraphilia</style></keyword><keyword><style face="normal" font="default" size="100%">Underwear theft</style></keyword></keywords><dates><year><style face="normal" font="default" size="100%">2009</style></year></dates><isbn><style face="normal" font="default" size="100%">0004-0002 (Print)&#xD;1573-2800 (Online)</style></isbn><abstract><style face="normal" font="default" size="100%">&quot;Fetishes tend to be articles of clothing, such as female undergarments ... In the DSM-III-R, Fetishism was operationally defined as: A. Over a period of at least 6 months, recurrent intense sexual urges and sexually arousing fantasies involving the use of nonliving objects by themselves (e.g., female undergarments)&quot; p. 2 &quot;All of these men had stolen inanimate objects, typically women’s undergarments, i.e., typical fetish nonliving objects. In discussing fetishism, I suggest:They comment in discussing fetishism&quot; p. 3. The historical definitions of sexual Fetishism are reviewed. Prior to the advent of DSM-III-R (American Psychiatric Association, 1987), Fetishism was typically operationally described as persistent preferential sexual arousal in association with non-living objects, an over-inclusive focus on (typically non-sexual) body parts (e.g., feet, hands) and body secretions. In the DSM-III-R, Partialism, an ‘‘exclusive focus on part of the body,’’was cleaved from Fetishism and added to the Paraphilia Not Otherwise Specified category. The current literature reviewed suggests that Partialism and Fetishism are related, can be co-associated, and are non-exclusive domains of sexual behavior. The author suggests that since the advent and elaboration of the clinical significance criterion (CriterionB) for designating a psychiatric disorder in DSM-IV (American Psychiatric Association, 1994), a diagnostic distinction between Partialism and Fetishism is no longer clinically meaningful or necessary. It is recommended that the diagnostic Criterion A for Fetishism be modified to reflect there integration of Partialism and that a fetishistic focus on non-sexual body parts be a specifier of Fetishism.</style></abstract><urls><related-urls><url><style face="normal" font="default" size="100%">http://www.dsm5.org/Documents/Sex%20and%20GID%20Lit%20Reviews/Paraphilias/KAFKADSM2.pdf</style></url></related-urls><pdf-urls><url>internal-pdf://DSM-kafka-3470513153/DSM-kafka.pdf</url></pdf-urls></urls><electronic-resource-num><style face="normal" font="default" size="100%">10.1007/s10508-009-9558-7</style></electronic-resource-num></record><record><database name="NSCClibrary.enl" path="F:\NSCClibrary.enl">NSCClibrary.enl</database><source-app name="EndNote" version="17.1">EndNote</source-app><rec-number>4609</rec-number><foreign-keys><key app="EN" db-id="5s5ppfp52t55w0eadv7p5ss3vfxzs5fwwe5w">4609</key></foreign-keys><ref-type name="Journal Article">17</ref-type><contributors><authors><author><style face="normal" font="default" size="100%">Kleinhans, Chuck</style></author></authors></contributors><titles><title><style face="normal" font="default" size="100%">Virtual Child Porn: The Law and the Semiotics of the Image</style></title><secondary-title><style face="normal" font="default" size="100%">Journal of Visual Culture</style></secondary-title></titles><periodical><full-title><style face="normal" font="default" size="100%">Journal of Visual Culture</style></full-title></periodical><pages><style face="normal" font="default" size="100%">17-34</style></pages><volume><style face="normal" font="default" size="100%">3</style></volume><number><style face="normal" font="default" size="100%">1</style></number><keywords><keyword><style face="normal" font="default" size="100%">Child abuse</style></keyword><keyword><style face="normal" font="default" size="100%">Criminal law</style></keyword><keyword><style face="normal" font="default" size="100%">Pornography</style></keyword><keyword><style face="normal" font="default" size="100%">Child pornography</style></keyword></keywords><dates><year><style face="normal" font="default" size="100%">2004</style></year><pub-dates><date><style face="normal" font="default" size="100%">April 1, 2004</style></date></pub-dates></dates><abstract><style face="normal" font="default" size="100%">A Supreme Court decision on virtual child pornography dramatizes new issues for understanding pornography, images of children and image technology. Contested understandings of childhood change the cultural and legal fields as conservative forces push for expanded definitions of childhood and increasing restrictions on children, while capitalist marketing sexualizes consumption practices. Increasing protection of children expands the scope of pedophilic discourse, while attention to image material diverts concern for, and resources from, actual child abuse incidents.</style></abstract><urls><pdf-urls><url>internal-pdf://1205610494/Kleinhans2004Virtual Child Porn.pdf</url></pdf-urls></urls><electronic-resource-num><style face="normal" font="default" size="100%">10.1177/1470412904042267</style></electronic-resource-num></record><record><database name="NSCClibrary.enl" path="F:\NSCClibrary.enl">NSCClibrary.enl</database><source-app name="EndNote" version="17.1">EndNote</source-app><rec-number>831</rec-number><foreign-keys><key app="EN" db-id="5s5ppfp52t55w0eadv7p5ss3vfxzs5fwwe5w">831</key><key app="ENWeb" db-id="ThEeKwrtqggAAHqv064">4878</key></foreign-keys><ref-type name="Journal Article">17</ref-type><contributors><authors><author><style face="normal" font="default" size="100%">Langevin, Ron</style></author></authors></contributors><titles><title><style face="normal" font="default" size="100%">A study of the psychosexual characteristics of sex killers: Can we identify them before it is too late?</style></title><secondary-title><style face="normal" font="default" size="100%">International Journal of Offender Therapy and Comparative Criminology</style></secondary-title></titles><periodical><full-title><style face="normal" font="default" size="100%">International Journal of Offender Therapy and Comparative Criminology</style></full-title></periodical><pages><style face="normal" font="default" size="100%">366</style></pages><volume><style face="normal" font="default" size="100%">47</style></volume><number><style face="normal" font="default" size="100%">4</style></number><keywords><keyword><style face="normal" font="default" size="100%">Paraphilia</style></keyword><keyword><style face="normal" font="default" size="100%">Underwear theft</style></keyword></keywords><dates><year><style face="normal" font="default" size="100%">2003</style></year></dates><isbn><style face="normal" font="default" size="100%">0306-624X</style></isbn><abstract><style face="normal" font="default" size="100%">&quot;They found that many of the thefts and breaking and enterings committed by sex killers involved the stealing of trivial items such as women’s underwear, although theft of valuable objects that indicated a profit motive were also common&quot; p. 369. Thirty-three sex killers were compared to 80 sexual aggressives, 23 sadists, and 611 general sex offenders on sexual history and preferences, substance abuse crime, violence, mental illness, personality, neurological and endocrine abnormalities. Compared to other groups, sex killers started their criminal careers earlier, more often had been to reform school, were members of criminal gangs, set fires, and were cruel to animals. They tended so show more sadism, fetishism, and voyeurism. They more often collected pornography, but they did not use it in their offenses. They more often abused drugs and some suffered from drug induced psychoses. Their most common diagnosis was antisocial personality disorder, but only 15.2% met criteria for psychopathy. Sex killers showed most signs of neuropsychological impairment, grades failure, and learning disabilities. Results suggest that greater emphasis be placed on studying adolescent sex offenders and conduct disordered children which may help identify potential sex killers.</style></abstract><urls><pdf-urls><url>internal-pdf://Langevin 2003 - A study of the psychosexual-2340108545/Langevin 2003 - A study of the psychosexual.pdf</url></pdf-urls></urls><electronic-resource-num><style face="normal" font="default" size="100%">10.1177/0306624X03253848 </style></electronic-resource-num></record><record><database name="NSCClibrary.enl" path="F:\NSCClibrary.enl">NSCClibrary.enl</database><source-app name="EndNote" version="17.1">EndNote</source-app><rec-number>866</rec-number><foreign-keys><key app="EN" db-id="5s5ppfp52t55w0eadv7p5ss3vfxzs5fwwe5w">866</key><key app="ENWeb" db-id="ThEeKwrtqggAAHqv064">3917</key></foreign-keys><ref-type name="Book">6</ref-type><contributors><authors><author><style face="normal" font="default" size="100%">Laws, D. Richard</style></author><author><style face="normal" font="default" size="100%">O&apos;Donohue, W.T.</style></author></authors></contributors><titles><title><style face="normal" font="default" size="100%">Sexual deviance: Theory, assessment, and treatment</style></title></titles><edition><style face="normal" font="default" size="100%">2nd</style></edition><keywords><keyword><style face="normal" font="default" size="100%">Risk assessment</style></keyword><keyword><style face="normal" font="default" size="100%">Sex offender treatment</style></keyword><keyword><style face="normal" font="default" size="100%">Sexual deviance</style></keyword><keyword><style face="normal" font="default" size="100%">Underwear theft</style></keyword></keywords><dates><year><style face="normal" font="default" size="100%">2008</style></year></dates><pub-location><style face="normal" font="default" size="100%">New York, NY</style></pub-location><publisher><style face="normal" font="default" size="100%">The Guilford Press</style></publisher><isbn><style face="normal" font="default" size="100%">1593856059</style></isbn><abstract><style face="normal" font="default" size="100%">&quot;Some forms of sexual deviance may give rise to thoughts, urges, or fantasies involving illegal behaviour (e.g., stealing women&apos;s underwear ...). Thus some people with sexual deviance have an appetite drive to commit certain crimes; they find the thought of committing these crimes to be potentially rewarding. Two follow-up questions then arise. First, to what degree has sexual deviance affected such people&apos;s ability to control their behaviour, either currently or in the past? And second, to what degree has sexual deviance increased the risk that these people will commit sexual violence in the future?&quot; p. 559. &quot;Mathews, Matthews and Speltz (1990): &apos;Few female offenders appear in clinical and research populations for exposing, stealing men&apos;s underwear, making obscene phone calls or window peeping. Do females not engage in these nontouch types of behaviour, or are they not considered offenses when committed by females, or both? (p. 289)&quot; pp. 508-509. Now in a fully revised and updated second edition, this important work provides authoritative scientific and applied perspectives on the full range of paraphilias and other sexual behaviour problems. For each major clinical syndrome, a chapter on psychopathology and theory is followed by a chapter on assessment and treatment. Challenges in working with sex offenders are considered in depth. Thoroughly rewritten to reflect a decade of advances in the field, the second edition features many new chapters and new authors. New topics include an integrated etiological model, sexual deviance across the lifespan, Internet offenders, multiple paraphilias, neurobiological processes, the clinician as expert witness, and public health approaches.</style></abstract><notes><style face="normal" font="default" size="100%">Held at Cedar Cottage Library - 1 copy</style></notes><urls></urls></record><record><database name="NSCClibrary.enl" path="F:\NSCClibrary.enl">NSCClibrary.enl</database><source-app name="EndNote" version="17.1">EndNote</source-app><rec-number>837</rec-number><foreign-keys><key app="EN" db-id="5s5ppfp52t55w0eadv7p5ss3vfxzs5fwwe5w">837</key><key app="ENWeb" db-id="ThEeKwrtqggAAHqv064">4883</key></foreign-keys><ref-type name="Journal Article">17</ref-type><contributors><authors><author><style face="normal" font="default" size="100%">Leitz, Mary Ann</style></author><author><style face="normal" font="default" size="100%">Theriot, Matthew T.</style></author></authors></contributors><titles><title><style face="normal" font="default" size="100%">Adolescent stalking: A review</style></title><secondary-title><style face="normal" font="default" size="100%">Journal of Evidence-Based Social Work</style></secondary-title></titles><periodical><full-title><style face="normal" font="default" size="100%">Journal of Evidence-Based Social Work</style></full-title></periodical><pages><style face="normal" font="default" size="100%">97-112</style></pages><volume><style face="normal" font="default" size="100%">2</style></volume><number><style face="normal" font="default" size="100%">3-4</style></number><keywords><keyword><style face="normal" font="default" size="100%">Adolescents</style></keyword><keyword><style face="normal" font="default" size="100%">Juvenile justice</style></keyword><keyword><style face="normal" font="default" size="100%">Stalking</style></keyword><keyword><style face="normal" font="default" size="100%">Underwear theft</style></keyword></keywords><dates><year><style face="normal" font="default" size="100%">2005</style></year></dates><isbn><style face="normal" font="default" size="100%">0789030373</style></isbn><abstract><style face="normal" font="default" size="100%">Stalking is a dangerous and prevalent crime that traumatises victims. Professional literature usually focuses exclusively on adult stalkers, ignoring the possibility that adolescents also stalk. However, recent research has established that adolescents do stalk. There are some similarities found between adult and adolescent stalking. For example, adolescent stalking tends to be male on female, just as adult stalking. However, unlike adult stalking, stalking in adolescence is more likely to be motivated by romantic emotions, stalking behaviors are more likely to involve physical approaches, and adolescent stalkers frequently change victims. This article reviews the pertinent literature on adolescent stalking with special focus on developmental and psychosocial factors, the relationship between adult and adolescent stalking, the legal and school response, and implications for social work. Suggestions for future research are also included.</style></abstract><urls><pdf-urls><url>internal-pdf://adolstalking-leitz-2212974336/adolstalking-leitz.pdf</url></pdf-urls></urls><electronic-resource-num><style face="normal" font="default" size="100%">10.1300/J394v02n03_07</style></electronic-resource-num></record><record><database name="NSCClibrary.enl" path="F:\NSCClibrary.enl">NSCClibrary.enl</database><source-app name="EndNote" version="17.1">EndNote</source-app><rec-number>839</rec-number><foreign-keys><key app="EN" db-id="5s5ppfp52t55w0eadv7p5ss3vfxzs5fwwe5w">839</key><key app="ENWeb" db-id="ThEeKwrtqggAAHqv064">4884</key></foreign-keys><ref-type name="Journal Article">17</ref-type><contributors><authors><author><style face="normal" font="default" size="100%">Lowenstein, L.F.</style></author></authors></contributors><titles><title><style face="normal" font="default" size="100%">Fetishes and their associated behavior</style></title><secondary-title><style face="normal" font="default" size="100%">Sexuality and Disability</style></secondary-title></titles><periodical><full-title><style face="normal" font="default" size="100%">Sexuality and Disability</style></full-title></periodical><pages><style face="normal" font="default" size="100%">135-147</style></pages><volume><style face="normal" font="default" size="100%">20</style></volume><number><style face="normal" font="default" size="100%">2</style></number><keywords><keyword><style face="normal" font="default" size="100%">Fetishism</style></keyword><keyword><style face="normal" font="default" size="100%">Sexual behaviour</style></keyword><keyword><style face="normal" font="default" size="100%">Sexualised behaviours</style></keyword><keyword><style face="normal" font="default" size="100%">Underwear theft</style></keyword></keywords><dates><year><style face="normal" font="default" size="100%">2002</style></year></dates><isbn><style face="normal" font="default" size="100%">0146-1044</style></isbn><abstract><style face="normal" font="default" size="100%">This article provides an overview as to the definition and history of fetishes. The paper reviews early and recent research regarding fetishes and explores behaviors often associated with fetishes. In addition, various types of fetishes are examined, including a number of fetishes that are unique to people with disabilities. Finally, coming from a psychoanalytical perspective, a number of treatment approaches are reviewed and discussed.</style></abstract><urls><pdf-urls><url>internal-pdf://fetishes-lowenstein-0426608640/fetishes-lowenstein.pdf</url></pdf-urls></urls></record><record><database name="NSCClibrary.enl" path="F:\NSCClibrary.enl">NSCClibrary.enl</database><source-app name="EndNote" version="17.1">EndNote</source-app><rec-number>944</rec-number><foreign-keys><key app="EN" db-id="5s5ppfp52t55w0eadv7p5ss3vfxzs5fwwe5w">944</key><key app="ENWeb" db-id="ThEeKwrtqggAAHqv064">4894</key></foreign-keys><ref-type name="Journal Article">17</ref-type><contributors><authors><author><style face="normal" font="default" size="100%">McClintock, T.L.</style></author></authors></contributors><titles><title><style face="normal" font="default" size="100%">Sexual offending</style></title><secondary-title><style face="normal" font="default" size="100%">International Review of Psychiatry</style></secondary-title></titles><periodical><full-title><style face="normal" font="default" size="100%">International Review of Psychiatry</style></full-title></periodical><pages><style face="normal" font="default" size="100%">253-259</style></pages><volume><style face="normal" font="default" size="100%">7</style></volume><number><style face="normal" font="default" size="100%">2</style></number><keywords><keyword><style face="normal" font="default" size="100%">Underwear theft</style></keyword></keywords><dates><year><style face="normal" font="default" size="100%">1995</style></year></dates><isbn><style face="normal" font="default" size="100%">0954-0261</style></isbn><abstract><style face="normal" font="default" size="100%">British law is inconsistent in what behaviours it considers to be criminal and although most of the clients whom forensic services assess have broken one or other sexual laws, there is both a great variation in the characteristics of these offenders and a great undisclosed amount of offending which never comes to the attention of professional services. Forensic psychiatrists are in the main concerned with the treatment of two relatively distinct groups: those individuals in the Special Hospitals and those being treated in the community. The former group are characterized by the sadistic traits of their sexual fantasy life and by a psychiatric and Mental Health Act diagnosis of psychopathic disorder. How abnormal their sexual sadistic fantasies are is not entirely certain, as such types of fantasy can be found in non-criminal populations and other factors may be at work to lead to criminal activity, rather than the sole presence of a sadistic or violent fantasy in itself. Various treatment approaches for both this group and those offenders on probation orders in the community are discussed. Following the publication of the reports of a number of potentially influential Government Committees and advisory bodies, some potential changes to the sexual offences laws are proposed.</style></abstract><urls><pdf-urls><url>internal-pdf://sexoffending-mcclintock-1672326144/sexoffending-mcclintock.pdf</url></pdf-urls></urls></record><record><database name="NSCClibrary.enl" path="F:\NSCClibrary.enl">NSCClibrary.enl</database><source-app name="EndNote" version="17.1">EndNote</source-app><rec-number>841</rec-number><foreign-keys><key app="EN" db-id="5s5ppfp52t55w0eadv7p5ss3vfxzs5fwwe5w">841</key><key app="ENWeb" db-id="ThEeKwrtqggAAHqv064">4885</key></foreign-keys><ref-type name="Report">27</ref-type><contributors><authors><author><style face="normal" font="default" size="100%">Nishikawa, H.</style></author></authors></contributors><titles><title><style face="normal" font="default" size="100%">Assessment of juvenile sex offenders in the family court: Annual report for 2006</style></title></titles><pages><style face="normal" font="default" size="100%">120</style></pages><keywords><keyword><style face="normal" font="default" size="100%">Underwear theft</style></keyword><keyword><style face="normal" font="default" size="100%">Sex offender</style></keyword></keywords><dates><year><style face="normal" font="default" size="100%">2007</style></year><pub-dates><date><style face="normal" font="default" size="100%">August, 2007</style></date></pub-dates></dates><pub-location><style face="normal" font="default" size="100%">Fuchu, Tokyo, Japan</style></pub-location><publisher><style face="normal" font="default" size="100%">UNAFEI</style></publisher><abstract><style face="normal" font="default" size="100%">&quot;When the juvenile was in the sixth grade of elementary school, he took care of a small child, and he has never forgotten the feeling of that child’s soft body (he has named this feeling “punipuni”). When he was a first-year junior high school student, he stole a female classmate’s underwear during a swimming session. Several months before this, he became bored with his studies in school and was quite disagreeable and irritated. He then desired to experience this feeling of “punipuni” again&quot; p. 125</style></abstract><urls><related-urls><url><style face="normal" font="default" size="100%">http://www.unafei.or.jp/english/pdf/PDF_rms_all/no72.pdf#page=123</style></url></related-urls><pdf-urls><url>internal-pdf://assessmentofjuvenile-1359217153/assessmentofjuvenile.pdf</url></pdf-urls></urls></record><record><database name="NSCClibrary.enl" path="F:\NSCClibrary.enl">NSCClibrary.enl</database><source-app name="EndNote" version="17.1">EndNote</source-app><rec-number>833</rec-number><foreign-keys><key app="EN" db-id="5s5ppfp52t55w0eadv7p5ss3vfxzs5fwwe5w">833</key><key app="ENWeb" db-id="ThEeKwrtqggAAHqv064">4880</key></foreign-keys><ref-type name="Journal Article">17</ref-type><contributors><authors><author><style face="normal" font="default" size="100%">Öncu, Fatih</style></author><author><style face="normal" font="default" size="100%">Turkan, Solmaz</style></author><author><style face="normal" font="default" size="100%">Canbek, Özge</style></author><author><style face="normal" font="default" size="100%">Yesilbursa, Dogan</style></author><author><style face="normal" font="default" size="100%">Uygur, Niyazi</style></author></authors></contributors><titles><title><style face="normal" font="default" size="100%">Fetishism and kleptomania: A case report in forensic psychiatry</style></title><secondary-title><style face="normal" font="default" size="100%">Archives of Neuropsychiatry</style></secondary-title></titles><periodical><full-title><style face="normal" font="default" size="100%">Archives of Neuropsychiatry</style></full-title></periodical><pages><style face="normal" font="default" size="100%">125-128</style></pages><volume><style face="normal" font="default" size="100%">46</style></volume><keywords><keyword><style face="normal" font="default" size="100%">Fetishism</style></keyword><keyword><style face="normal" font="default" size="100%">Kleptomania</style></keyword><keyword><style face="normal" font="default" size="100%">Paraphilia</style></keyword><keyword><style face="normal" font="default" size="100%">Underwear theft</style></keyword></keywords><dates><year><style face="normal" font="default" size="100%">2009</style></year></dates><isbn><style face="normal" font="default" size="100%">1300-0667</style></isbn><abstract><style face="normal" font="default" size="100%">Fetishism is defined as the recurrent and intense use of nonliving objects for sexual arousal and gratification. Kleptomania is defined as a recurrent failure to resist impulses to steal objects not needed for personal use or their monetary value. Both fetishism and kleptomania cases are generally sent mandatory to psychiatric clinics by courts. In this paper, a 32-year old male patient, followed-up with a diagnosis of fetishism and kleptomania, and referred for psychiatric evaluation as a result of multiple stealing of the “fetish”, with multiple jail experience and some social losses is reported, and fetishism and kleptomania are discussed with regard to the biological and dynamic approaches and forensic psychiatry.</style></abstract><urls><pdf-urls><url>internal-pdf://fetishism-kleptomania-0626210048/fetishism-kleptomania.pdf</url></pdf-urls></urls></record><record><database name="NSCClibrary.enl" path="F:\NSCClibrary.enl">NSCClibrary.enl</database><source-app name="EndNote" version="17.1">EndNote</source-app><rec-number>920</rec-number><foreign-keys><key app="EN" db-id="5s5ppfp52t55w0eadv7p5ss3vfxzs5fwwe5w">920</key><key app="ENWeb" db-id="ThEeKwrtqggAAHqv064">4893</key></foreign-keys><ref-type name="Book">6</ref-type><contributors><authors><author><style face="normal" font="default" size="100%">Prescott, David S.</style></author></authors></contributors><titles><title><style face="normal" font="default" size="100%">Risk assessment of youth who have sexually abused: Theory, controversy and emerging strategies</style></title></titles><keywords><keyword><style face="normal" font="default" size="100%">Adolescent sex offenders</style></keyword><keyword><style face="normal" font="default" size="100%">Adolescents who sexually abuse</style></keyword><keyword><style face="normal" font="default" size="100%">Adolescents who sexually harm</style></keyword><keyword><style face="normal" font="default" size="100%">Adolescents who sexually offend</style></keyword><keyword><style face="normal" font="default" size="100%">Juvenile sex offenders</style></keyword><keyword><style face="normal" font="default" size="100%">Young people who sexually abuse</style></keyword><keyword><style face="normal" font="default" size="100%">Young people who sexually offend</style></keyword><keyword><style face="normal" font="default" size="100%">Risk assessment</style></keyword><keyword><style face="normal" font="default" size="100%">Underwear theft</style></keyword></keywords><dates><year><style face="normal" font="default" size="100%">2006</style></year></dates><pub-location><style face="normal" font="default" size="100%">Oklahoma City, OK</style></pub-location><publisher><style face="normal" font="default" size="100%">Wood&apos;N&apos;Barnes Publishing</style></publisher><isbn><style face="normal" font="default" size="100%">1885473834</style></isbn><abstract><style face="normal" font="default" size="100%">&quot;... Take the case of a young man who steals underwear from his neighbour’s clothesline. What is the most problematic aspect of this behaviour? Is it that he masturbated with the underwear? If so, this is not common among young men. Is it that he stole the underwear? If so, this may be more related to a willingness to engage in generally illegal behaviour than illegal sexual behaviour. Is the greatest concern that he prefers masturbating with the underwear to seeking out appropriate peer-age relationships? This could indicate a sexual behaviour problem, although it is important to recall that the sexual arousal patterns of youth are more subject to change that those of their adult counterparts. Many, if not most, youth will find their interests move from the underwear to the underwear&apos;s owner by the time they reach maturity. Very often youth are willing to self-disclose these kinds of interests&quot; p. 26&#xD;&#xD;&quot;Example #1: Timmy&apos;s mother was concerned because she found him in possession of women&apos;s underwear. Although he was not known to have committed sexual harm, she was concerned that he might escalate toward sexual violence. What was his risk? ... What is the most unacceptable element of this young man&apos;s stealing underwear? How should we further assess the crime of stealing underwear? If we know that theft is common among adolescents, and that sexual arousal and interest change rapidly across these tumultuous years, should we emphasise the importance of this young man&apos;s ability to feel connected to others, or should we make a plan to ward off relapse with a plan for dealing with high-risk situations such as clotheslines?&quot; p. 64-65&#xD;&#xD;&quot;Ricky became increasingly involved in fetish burglary, stealing items such as jewellery and underwear from young, attractive neighbourhood women. Although the police were notified on several occasions, Ricky&apos;s mother and stepfather consistently convinced the authorities to refrain from prosecution and sent him to various counsellors and psychiatrists. Ricky, however, persisted in stalking, stealing, and spying on neighbourhood women. He would later state that if he owned their belongings, this was like owning them outright&quot; p. 67</style></abstract><notes><style face="normal" font="default" size="100%">Held at Rural New Street Adolescent Service, Tamworth - 1 copy</style></notes><urls><related-urls><url><style face="normal" font="default" size="100%">http://books.google.com.au/books?id=N0EzXPbAqcgC&amp;printsec=frontcover&amp;source=gbs_ge_summary_r&amp;cad=0#v=onepage&amp;q&amp;f=false</style></url></related-urls></urls></record><record><database name="NSCClibrary.enl" path="F:\NSCClibrary.enl">NSCClibrary.enl</database><source-app name="EndNote" version="17.1">EndNote</source-app><rec-number>842</rec-number><foreign-keys><key app="EN" db-id="5s5ppfp52t55w0eadv7p5ss3vfxzs5fwwe5w">842</key><key app="ENWeb" db-id="ThEeKwrtqggAAHqv064">4886</key></foreign-keys><ref-type name="Book Section">5</ref-type><contributors><authors><author><style face="normal" font="default" size="100%">Rich, Phil</style></author></authors><secondary-authors><author><style face="normal" font="default" size="100%">Rich, P.</style></author></secondary-authors></contributors><titles><title><style face="normal" font="default" size="100%">The concept of risk in adults and adolescents</style></title><secondary-title><style face="normal" font="default" size="100%">Juvenile Sexual Offenders: A Comprehensive Guide To Risk Evaluation </style></secondary-title></titles><pages><style face="normal" font="default" size="100%">7-30</style></pages><section><style face="normal" font="default" size="100%">1</style></section><keywords><keyword><style face="normal" font="default" size="100%">Adolescent sex offenders</style></keyword><keyword><style face="normal" font="default" size="100%">Adolescents who sexually abuse</style></keyword><keyword><style face="normal" font="default" size="100%">Adolescents who sexually harm</style></keyword><keyword><style face="normal" font="default" size="100%">Fetishism</style></keyword><keyword><style face="normal" font="default" size="100%">Juvenile sex offenders</style></keyword><keyword><style face="normal" font="default" size="100%">Paraphilia</style></keyword><keyword><style face="normal" font="default" size="100%">Risk assessment</style></keyword><keyword><style face="normal" font="default" size="100%">Underwear theft</style></keyword><keyword><style face="normal" font="default" size="100%">Young people who sexually abuse</style></keyword><keyword><style face="normal" font="default" size="100%">Adolescents who sexually offend</style></keyword><keyword><style face="normal" font="default" size="100%">Young people who sexually offend</style></keyword></keywords><dates><year><style face="normal" font="default" size="100%">2009</style></year></dates><pub-location><style face="normal" font="default" size="100%">Hoboken, NJ</style></pub-location><publisher><style face="normal" font="default" size="100%">John Wiley &amp; Sons</style></publisher><isbn><style face="normal" font="default" size="100%">9780470484968</style></isbn><abstract><style face="normal" font="default" size="100%">Clinicians who do not exclusively work with juvenile sexual offenders still need to evaluate and assess risk with sexually reactive children in their practices. Providing crucial, current literature, Juvenile Sexual Offenders offers a timely overview of the process of risk evaluation of juvenile sexual offenders. Practical information is provided in effectively conducting thorough evaluations of juvenile sexual offenders. Topics include projecting risk and using the instruments. Professionals in the field, including clinicians, supervisors, and administrators, will receive detailed guidelines on how to gauge potential risk of repeat offense.&#xD;&#xD;&quot;... theft of items for sexual use (such as underwear)&quot; p.10</style></abstract><urls><pdf-urls><url>internal-pdf://risk-fetish-0913775360/risk-fetish.pdf</url></pdf-urls></urls></record><record><database name="NSCClibrary.enl" path="F:\NSCClibrary.enl">NSCClibrary.enl</database><source-app name="EndNote" version="17.1">EndNote</source-app><rec-number>865</rec-number><foreign-keys><key app="EN" db-id="5s5ppfp52t55w0eadv7p5ss3vfxzs5fwwe5w">865</key><key app="ENWeb" db-id="ThEeKwrtqggAAHqv064">4890</key></foreign-keys><ref-type name="Journal Article">17</ref-type><contributors><authors><author><style face="normal" font="default" size="100%">Sharma, B.R.</style></author></authors></contributors><titles><title><style face="normal" font="default" size="100%">Disorders of sexual preference and medicolegal issues thereof</style></title><secondary-title><style face="normal" font="default" size="100%">The American journal of forensic medicine and pathology</style></secondary-title></titles><periodical><full-title><style face="normal" font="default" size="100%">The American journal of forensic medicine and pathology</style></full-title></periodical><pages><style face="normal" font="default" size="100%">277-282</style></pages><volume><style face="normal" font="default" size="100%">24</style></volume><number><style face="normal" font="default" size="100%">3</style></number><keywords><keyword><style face="normal" font="default" size="100%">Fetishism</style></keyword><keyword><style face="normal" font="default" size="100%">Paraphilia</style></keyword><keyword><style face="normal" font="default" size="100%">Sexual behaviour</style></keyword><keyword><style face="normal" font="default" size="100%">Sexual preference</style></keyword><keyword><style face="normal" font="default" size="100%">Underwear theft</style></keyword></keywords><dates><year><style face="normal" font="default" size="100%">2003</style></year></dates><publisher><style face="normal" font="default" size="100%">Raven Press</style></publisher><isbn><style face="normal" font="default" size="100%">0195-7910</style></isbn><abstract><style face="normal" font="default" size="100%">Disorders of sexual preference or paraphilias are bizarre patterns of sexual behavior that have diverse manifestations and are of complicated sexual orientations. Some of these are harmless, while others are not, robbing sufferers and possibly their partners of loving sexual relationship. At least 40 paraphilias have been named, but the full extent of the field, perhaps, is still undiscovered. Recent studies have reported many paraphilias as long-term effects of sexual abuse in childhood, and the more frequent and persistent the abuse is, the worse the long-term psychologic, behavioral, and relationship problems. Psychopathology within this group of disorders may lead to criminal behavior, ranging from infringement of decency to some of the most heinous crimes known. &quot;Fetishism can be defined as recurrent, intense, sexual fantasies, sexual urges, or behavior involving the use of nonliving objects (e.g., female undergarments) ... It is estimated that 25% steal their fetish objects, e.g., women’s undergarments&quot; p. 278</style></abstract><urls><pdf-urls><url>internal-pdf://sharma-disorders-2742332673/sharma-disorders.pdf</url></pdf-urls></urls></record><record><database name="NSCClibrary.enl" path="F:\NSCClibrary.enl">NSCClibrary.enl</database><source-app name="EndNote" version="17.1">EndNote</source-app><rec-number>835</rec-number><foreign-keys><key app="EN" db-id="5s5ppfp52t55w0eadv7p5ss3vfxzs5fwwe5w">835</key><key app="ENWeb" db-id="ThEeKwrtqggAAHqv064">4882</key></foreign-keys><ref-type name="Journal Article">17</ref-type><contributors><authors><author><style face="normal" font="default" size="100%">Snow, Barbara</style></author><author><style face="normal" font="default" size="100%">Sorensen, Teena</style></author></authors></contributors><titles><title><style face="normal" font="default" size="100%">Ritualistic child abuse in a neighborhood setting</style></title><secondary-title><style face="normal" font="default" size="100%">Journal of Interpersonal Violence</style></secondary-title></titles><periodical><full-title><style face="normal" font="default" size="100%">Journal of Interpersonal Violence</style></full-title></periodical><pages><style face="normal" font="default" size="100%">474</style></pages><volume><style face="normal" font="default" size="100%">5</style></volume><number><style face="normal" font="default" size="100%">4</style></number><keywords><keyword><style face="normal" font="default" size="100%">Child sexual abuse</style></keyword><keyword><style face="normal" font="default" size="100%">Underwear theft</style></keyword></keywords><dates><year><style face="normal" font="default" size="100%">1990</style></year></dates><isbn><style face="normal" font="default" size="100%">0886-2605</style></isbn><abstract><style face="normal" font="default" size="100%">&quot;Theft of female siblings&apos; and neighbours&apos; underwear often brought about exposure&quot; p. 480</style></abstract><urls><pdf-urls><url>internal-pdf://ritualisticabuse-snow-0953585153/ritualisticabuse-snow.pdf</url></pdf-urls></urls></record><record><database name="NSCClibrary.enl" path="F:\NSCClibrary.enl">NSCClibrary.enl</database><source-app name="EndNote" version="17.1">EndNote</source-app><rec-number>846</rec-number><foreign-keys><key app="EN" db-id="5s5ppfp52t55w0eadv7p5ss3vfxzs5fwwe5w">846</key><key app="ENWeb" db-id="ThEeKwrtqggAAHqv064">4888</key></foreign-keys><ref-type name="Report">27</ref-type><contributors><authors><author><style face="normal" font="default" size="100%">Thornton, David</style></author></authors></contributors><titles><title><style face="normal" font="default" size="100%">Scoring guide for risk matrix 2000.9/SVC</style></title></titles><keywords><keyword><style face="normal" font="default" size="100%">Risk assessment</style></keyword><keyword><style face="normal" font="default" size="100%">Underwear theft</style></keyword></keywords><dates><year><style face="normal" font="default" size="100%">2009</style></year></dates><abstract><style face="normal" font="default" size="100%">&quot;Examples would be a man stealing women’s underwear in order to gratify a sexual fetish, a man strangling a woman because doing so gave him sexual pleasure or a man engaged in illegal sexual acts with animals&quot; p. 18</style></abstract><urls><pdf-urls><url>internal-pdf://riskmatrix-2056443136/riskmatrix.pdf</url></pdf-urls></urls></record><record><database name="NSCClibrary.enl" path="F:\NSCClibrary.enl">NSCClibrary.enl</database><source-app name="EndNote" version="17.1">EndNote</source-app><rec-number>844</rec-number><foreign-keys><key app="EN" db-id="5s5ppfp52t55w0eadv7p5ss3vfxzs5fwwe5w">844</key><key app="ENWeb" db-id="ThEeKwrtqggAAHqv064">4887</key></foreign-keys><ref-type name="Journal Article">17</ref-type><contributors><authors><author><style face="normal" font="default" size="100%">Timms, S.</style></author><author><style face="normal" font="default" size="100%">Goreczny, A.J.</style></author></authors></contributors><titles><title><style face="normal" font="default" size="100%">Adolescent sex offenders with mental retardation: Literature review and assessment considerations</style></title><secondary-title><style face="normal" font="default" size="100%">Aggression and Violent Behavior</style></secondary-title></titles><periodical><full-title><style face="normal" font="default" size="100%">Aggression and Violent Behavior</style></full-title></periodical><pages><style face="normal" font="default" size="100%">1-19</style></pages><volume><style face="normal" font="default" size="100%">7</style></volume><number><style face="normal" font="default" size="100%">1</style></number><keywords><keyword><style face="normal" font="default" size="100%">Assessment</style></keyword><keyword><style face="normal" font="default" size="100%">Adolescent sex offenders</style></keyword><keyword><style face="normal" font="default" size="100%">Adolescents who sexually abuse</style></keyword><keyword><style face="normal" font="default" size="100%">Juvenile sex offenders</style></keyword><keyword><style face="normal" font="default" size="100%">Sex offender treatment</style></keyword><keyword><style face="normal" font="default" size="100%">Underwear theft</style></keyword><keyword><style face="normal" font="default" size="100%">Young people who sexually abuse</style></keyword><keyword><style face="normal" font="default" size="100%">Adolescents who sexually offend</style></keyword><keyword><style face="normal" font="default" size="100%">Young people who sexually offend</style></keyword></keywords><dates><year><style face="normal" font="default" size="100%">2002</style></year></dates><isbn><style face="normal" font="default" size="100%">1359-1789</style></isbn><abstract><style face="normal" font="default" size="100%">Working with adolescent sex offenders can be a difficult challenge. When an offender also suffers from mental retardation, this challenge increases. Unfortunately, this has been a largely ignored population, and clinicians working with this group often find little empirical work to assist them. Yet, many theorists posit that addressing sexual offending behavior when the offender is an adolescent may help prevent that behavior from continuing into adulthood. This is important because adult sexual offenders are often very difficult to treat. The current paper begins by reviewing literature on social deficits of individuals who have mental retardation. These deficits may contribute to aberrant sexual behavior among adolescents. The focus of the paper is then a review of literature on adolescent sex offenders, including those with mental retardation. We conclude this review with suggestions for assessment of adolescent sex offenders and with recommendations for future directions.</style></abstract><notes><style face="normal" font="default" size="100%">‘‘... hands-off’’ offenses (i.e., peeping, obscene phone calls, stealing underwear)&quot; p. 7</style></notes><urls><pdf-urls><url>internal-pdf://timms-adolescentsex-2088649472/timms-adolescentsex.pdf</url></pdf-urls></urls></record><record><database name="NSCClibrary.enl" path="F:\NSCClibrary.enl">NSCClibrary.enl</database><source-app name="EndNote" version="17.1">EndNote</source-app><rec-number>822</rec-number><foreign-keys><key app="EN" db-id="5s5ppfp52t55w0eadv7p5ss3vfxzs5fwwe5w">822</key><key app="ENWeb" db-id="ThEeKwrtqggAAHqv064">4876</key></foreign-keys><ref-type name="Journal Article">17</ref-type><contributors><authors><author><style face="normal" font="default" size="100%">Trillot, J.</style></author></authors></contributors><titles><title><style face="normal" font="default" size="100%">Theft of women&apos;s underwear: Fetishism</style></title><secondary-title><style face="normal" font="default" size="100%">Annales de medecine legale, criminologie, police scientifique et toxicologie</style></secondary-title></titles><periodical><full-title><style face="normal" font="default" size="100%">Annales de medecine legale, criminologie, police scientifique et toxicologie</style></full-title></periodical><pages><style face="normal" font="default" size="100%">325-328</style></pages><volume><style face="normal" font="default" size="100%">32</style></volume><number><style face="normal" font="default" size="100%">5</style></number><edition><style face="normal" font="default" size="100%">1952/10/01</style></edition><keywords><keyword><style face="normal" font="default" size="100%">Obsessive Compulsive Disorder</style></keyword><keyword><style face="normal" font="default" size="100%">Sexual behaviour</style></keyword><keyword><style face="normal" font="default" size="100%">Sexualised behaviours</style></keyword><keyword><style face="normal" font="default" size="100%">Underwear theft</style></keyword></keywords><dates><year><style face="normal" font="default" size="100%">1952</style></year><pub-dates><date><style face="normal" font="default" size="100%">Oct-Nov</style></date></pub-dates></dates><orig-pub><style face="normal" font="default" size="100%">Vols de sous-vetements feminins: fetichisme.</style></orig-pub><accession-num><style face="normal" font="default" size="100%">13040837</style></accession-num><notes><style face="normal" font="default" size="100%">Not Available</style></notes><urls><related-urls><url><style face="normal" font="default" size="100%">http://www.ncbi.nlm.nih.gov/pubmed/13040837</style></url></related-urls></urls><language><style face="normal" font="default" size="100%">und</style></language></record><record><database name="NSCClibrary.enl" path="F:\NSCClibrary.enl">NSCClibrary.enl</database><source-app name="EndNote" version="17.1">EndNote</source-app><rec-number>804</rec-number><foreign-keys><key app="EN" db-id="5s5ppfp52t55w0eadv7p5ss3vfxzs5fwwe5w">804</key><key app="ENWeb" db-id="ThEeKwrtqggAAHqv064">4861</key></foreign-keys><ref-type name="Report">27</ref-type><contributors><authors><author><style face="normal" font="default" size="100%">Worling, James R.</style></author><author><style face="normal" font="default" size="100%">Curwen, Tracey</style></author></authors></contributors><auth-address><style face="normal" font="default" size="100%">51 Panorama Court, Toronto, Ontario, Canada M9V 4L8</style></auth-address><titles><title><style face="normal" font="default" size="100%">Estimate of risk of adolescent sexual offense recidivism (ERASOR; Version 2.0)</style></title><secondary-title><style face="normal" font="default" size="100%">Sexual Abuse: Family Education and Treatment (SAFE-T) Program</style></secondary-title></titles><pages><style face="normal" font="default" size="100%">372-397</style></pages><keywords><keyword><style face="normal" font="default" size="100%">ERASOR</style></keyword><keyword><style face="normal" font="default" size="100%">Recidivism</style></keyword><keyword><style face="normal" font="default" size="100%">Risk factors</style></keyword><keyword><style face="normal" font="default" size="100%">Underwear theft</style></keyword><keyword><style face="normal" font="default" size="100%">Adolescent sex offenders</style></keyword><keyword><style face="normal" font="default" size="100%">Adolescents who sexually abuse</style></keyword><keyword><style face="normal" font="default" size="100%">Adolescents who sexually harm</style></keyword><keyword><style face="normal" font="default" size="100%">Adolescents who sexually offend</style></keyword><keyword><style face="normal" font="default" size="100%">Juvenile sex offenders</style></keyword><keyword><style face="normal" font="default" size="100%">Young people who sexually abuse</style></keyword><keyword><style face="normal" font="default" size="100%">Young people who sexually offend</style></keyword></keywords><dates><year><style face="normal" font="default" size="100%">2001</style></year></dates><pub-location><style face="normal" font="default" size="100%">Toronto, Canada</style></pub-location><publisher><style face="normal" font="default" size="100%">Thistletown Regional Centre for Children and Adolescents, Ontario Ministry of Community and Social Services</style></publisher><abstract><style face="normal" font="default" size="100%">The Estimate of Risk of Adolescent Sexual Offense Recidivism (ERASOR) is an empirically guided checklist designed to assist clinicians to estimate the short-term risk of a sexual reoffense for youth aged 12–18 years of age. The ERASOR provides objective coding instructions for 25 risk factors (16 dynamic and 9 static). Included here are the following: complete ERASOR manual, ERASOR coding form, ERASOR coding examples, suggestions for interpreting overall risk ratings, overview of research support and using the ERASOR with &apos;special&apos; populations.</style></abstract><notes><style face="normal" font="default" size="100%">New Street and Cedar Cottage Training CD September 2008</style></notes><urls><pdf-urls><url>internal-pdf://ERASOR 2.0-3127038208/ERASOR 2.0.pdf</url><url>internal-pdf://ERASOR 2.0 10 Page Coding Form-1365486336/ERASOR 2.0 10 Page Coding Form.pdf</url><url>internal-pdf://ERASOR Coding examples 2006-3865395200/ERASOR Coding examples 2006.pdf</url><url>internal-pdf://ERASOR risk rating suggested interpretations 2007-1080415744/ERASOR risk rating suggested interpretations 2007.pdf</url><url>internal-pdf://ERASOR overview of research support October 2009-3026675200/ERASOR overview of research support October 2009.pdf</url><url>internal-pdf://What about special populations-1047064064/What about special populations.pdf</url><url>internal-pdf://Worling 2001 - ERASOR-0547976961/Worling 2001 - ERASOR.pdf</url></pdf-urls></urls></record></records></xml>