<?xml version="1.0" encoding="UTF-8" ?><xml><records><record><database name="NSCClibrary.enl" path="F:\NSCClibrary.enl">NSCClibrary.enl</database><source-app name="EndNote" version="17.1">EndNote</source-app><rec-number>3224</rec-number><foreign-keys><key app="EN" db-id="5s5ppfp52t55w0eadv7p5ss3vfxzs5fwwe5w">3224</key></foreign-keys><ref-type name="Journal Article">17</ref-type><contributors><authors><author><style face="normal" font="default" size="100%">Bonach, Kathryn</style></author><author><style face="normal" font="default" size="100%">Heckert, Alex</style></author></authors></contributors><titles><title><style face="normal" font="default" size="100%">Predictors of secondary traumatic stress among Children&apos;s Advocacy Center forensic interviewers</style></title><secondary-title><style face="normal" font="default" size="100%">Journal of Child Sexual Abuse</style></secondary-title></titles><periodical><full-title><style face="normal" font="default" size="100%">Journal of Child Sexual Abuse</style></full-title></periodical><pages><style face="normal" font="default" size="100%">295-314</style></pages><volume><style face="normal" font="default" size="100%">21</style></volume><number><style face="normal" font="default" size="100%">3</style></number><keywords><keyword><style face="normal" font="default" size="100%">Burnout</style></keyword><keyword><style face="normal" font="default" size="100%">Compassion fatigue</style></keyword><keyword><style face="normal" font="default" size="100%">Countertransference</style></keyword><keyword><style face="normal" font="default" size="100%">Secondary trauma</style></keyword><keyword><style face="normal" font="default" size="100%">Self-care</style></keyword><keyword><style face="normal" font="default" size="100%">Therapist</style></keyword><keyword><style face="normal" font="default" size="100%">Vicarious trauma</style></keyword></keywords><dates><year><style face="normal" font="default" size="100%">2012</style></year><pub-dates><date><style face="normal" font="default" size="100%">2012/05/01</style></date></pub-dates></dates><publisher><style face="normal" font="default" size="100%">Routledge</style></publisher><isbn><style face="normal" font="default" size="100%">1053-8712</style></isbn><abstract><style face="normal" font="default" size="100%">This study examined various predictor variables that were hypothesized to impact secondary traumatic stress in forensic interviewers (n = 257) from children&apos;s advocacy centers across the United States. Data were examined to investigate the relationship between organisational satisfaction, organisational buffers, and job support with secondary traumatic stress using the Secondary Traumatic Stress Scale. The most salient significant result was an inverse relationship between three indicators of job support and secondary traumatic stress. Also significant to secondary traumatic stress were the age of interviewer and whether the forensic interviewer had experienced at least one significant loss in the previous 12 months. Implications for future research, training, program practice, and policy are discussed.</style></abstract><urls><related-urls><url><style face="normal" font="default" size="100%">http://dx.doi.org/10.1080/10538712.2012.647263</style></url></related-urls><pdf-urls><url>internal-pdf://Bonach et al 2012 - Predictors of secondary-0723819776/Bonach et al 2012 - Predictors of secondary.pdf</url></pdf-urls></urls><electronic-resource-num><style face="normal" font="default" size="100%">10.1080/10538712.2012.647263</style></electronic-resource-num><access-date><style face="normal" font="default" size="100%">2012/05/15</style></access-date></record><record><database name="NSCClibrary.enl" path="F:\NSCClibrary.enl">NSCClibrary.enl</database><source-app name="EndNote" version="17.1">EndNote</source-app><rec-number>4971</rec-number><foreign-keys><key app="EN" db-id="5s5ppfp52t55w0eadv7p5ss3vfxzs5fwwe5w">4971</key></foreign-keys><ref-type name="Book Section">5</ref-type><contributors><authors><author><style face="normal" font="default" size="100%">Hackett, S.</style></author></authors><secondary-authors><author><style face="normal" font="default" size="100%">Erooga, M.</style></author><author><style face="normal" font="default" size="100%">Masson, H.</style></author></secondary-authors></contributors><titles><title><style face="normal" font="default" size="100%">The personal and professional context to work with children and young people who have sexually abused</style></title><secondary-title><style face="normal" font="default" size="100%">Children and Young People Who Sexually Abuse Others: Current Developments and Practice Responses</style></secondary-title></titles><periodical><full-title><style face="normal" font="default" size="100%">Children and young people who sexually abuse others: current developments and practice responses</style></full-title></periodical><edition><style face="normal" font="default" size="100%">2nd ed.</style></edition><keywords><keyword><style face="normal" font="default" size="100%">Therapists</style></keyword><keyword><style face="normal" font="default" size="100%">Counsellors</style></keyword><keyword><style face="normal" font="default" size="100%">Self-care</style></keyword><keyword><style face="normal" font="default" size="100%">Professional context</style></keyword></keywords><dates><year><style face="normal" font="default" size="100%">2006</style></year></dates><publisher><style face="normal" font="default" size="100%">Routledge</style></publisher><isbn><style face="normal" font="default" size="100%">ISBN-10: 0415354137&#xD;ISBN-13: 978-0415354134</style></isbn><urls><pdf-urls><url>internal-pdf://3727068491/Hackett S. 2006. The personal and professional.pdf</url></pdf-urls></urls></record><record><database name="NSCClibrary.enl" path="F:\NSCClibrary.enl">NSCClibrary.enl</database><source-app name="EndNote" version="17.1">EndNote</source-app><rec-number>1463</rec-number><foreign-keys><key app="EN" db-id="5s5ppfp52t55w0eadv7p5ss3vfxzs5fwwe5w">1463</key><key app="ENWeb" db-id="ThEeKwrtqggAAHqv064">3868</key></foreign-keys><ref-type name="Journal Article">17</ref-type><contributors><authors><author><style face="normal" font="default" size="100%">Hagon, Zoe</style></author></authors></contributors><titles><title><style face="normal" font="default" size="100%">Vicarious traumatisation</style></title><secondary-title><style face="normal" font="default" size="100%">Psychotherapy in Australia</style></secondary-title></titles><periodical><full-title><style face="normal" font="default" size="100%">Psychotherapy in Australia</style></full-title></periodical><pages><style face="normal" font="default" size="100%">26-30 </style></pages><volume><style face="normal" font="default" size="100%">3</style></volume><number><style face="normal" font="default" size="100%">4</style></number><keywords><keyword><style face="normal" font="default" size="100%">Burnout</style></keyword><keyword><style face="normal" font="default" size="100%">Compassion fatigue</style></keyword><keyword><style face="normal" font="default" size="100%">Countertransference</style></keyword><keyword><style face="normal" font="default" size="100%">Secondary trauma</style></keyword><keyword><style face="normal" font="default" size="100%">Self-care</style></keyword><keyword><style face="normal" font="default" size="100%">Therapist</style></keyword><keyword><style face="normal" font="default" size="100%">Vicarious trauma</style></keyword></keywords><dates><year><style face="normal" font="default" size="100%">1997</style></year><pub-dates><date><style face="normal" font="default" size="100%">August</style></date></pub-dates></dates><isbn><style face="normal" font="default" size="100%">1323-0921 </style></isbn><abstract><style face="normal" font="default" size="100%">Few therapists are immune to some form of vicarious traumatisation as a result of being exposed to clients&apos; horrific stories of trauma. Zoe Hagon considers the costs of this work in the therapist&apos;s personal and professional life.</style></abstract><urls><pdf-urls><url>internal-pdf://vicarioustraumatisation-2205761793/vicarioustraumatisation.pdf</url></pdf-urls></urls></record><record><database name="NSCClibrary.enl" path="F:\NSCClibrary.enl">NSCClibrary.enl</database><source-app name="EndNote" version="17.1">EndNote</source-app><rec-number>1457</rec-number><foreign-keys><key app="EN" db-id="5s5ppfp52t55w0eadv7p5ss3vfxzs5fwwe5w">1457</key><key app="ENWeb" db-id="ThEeKwrtqggAAHqv064">3863</key></foreign-keys><ref-type name="Journal Article">17</ref-type><contributors><authors><author><style face="normal" font="default" size="100%">Hilton, N. Zoe</style></author><author><style face="normal" font="default" size="100%">Jennings, Kathryn T.</style></author><author><style face="normal" font="default" size="100%">Drugge, Jeffrey</style></author><author><style face="normal" font="default" size="100%">Stephens, Judith</style></author></authors></contributors><titles><title><style face="normal" font="default" size="100%">Childhood sexual abuse among clinicians working with sex offenders</style></title><secondary-title><style face="normal" font="default" size="100%">Journal of Interpersonal Violence</style></secondary-title></titles><periodical><full-title><style face="normal" font="default" size="100%">Journal of Interpersonal Violence</style></full-title></periodical><pages><style face="normal" font="default" size="100%">525</style></pages><volume><style face="normal" font="default" size="100%">10</style></volume><number><style face="normal" font="default" size="100%">4</style></number><keywords><keyword><style face="normal" font="default" size="100%">Burnout</style></keyword><keyword><style face="normal" font="default" size="100%">Compassion fatigue</style></keyword><keyword><style face="normal" font="default" size="100%">Countertransference</style></keyword><keyword><style face="normal" font="default" size="100%">Secondary trauma</style></keyword><keyword><style face="normal" font="default" size="100%">Self-care</style></keyword><keyword><style face="normal" font="default" size="100%">Sex offender treatment</style></keyword><keyword><style face="normal" font="default" size="100%">Therapist</style></keyword><keyword><style face="normal" font="default" size="100%">Vicarious trauma</style></keyword></keywords><dates><year><style face="normal" font="default" size="100%">1995</style></year></dates><isbn><style face="normal" font="default" size="100%">0886-2605</style></isbn><abstract><style face="normal" font="default" size="100%">Child sexual abuse (CSA) has been related to a range of psychiatric problems. Given CSA prevalence estimates, it would be surprising not to find some victims among clinicians working with sex offenders. The present mail survey obtained reports of CSA from 36.9% of female and 27.3% of male respondents (N = 150), higher-than-typical estimates from studies using similar methodology. The reported acts ranged from noncontact to penetration, but were mostly minor with few emotional effects reported. Clinicians reporting CSA perceived its effects on their work with sex offenders to be positive or nonexistent. Possible reasons for the high prevalence of CSA reports are considered. The authors encourage awareness of apparently high rates of subjectively mild CSA among clinicians working with sex offenders. </style></abstract><urls><pdf-urls><url>internal-pdf://Hilton et al 1995 - Childhood sexual abuse-0697409537/Hilton et al 1995 - Childhood sexual abuse.pdf</url></pdf-urls></urls></record><record><database name="NSCClibrary.enl" path="F:\NSCClibrary.enl">NSCClibrary.enl</database><source-app name="EndNote" version="17.1">EndNote</source-app><rec-number>1465</rec-number><foreign-keys><key app="EN" db-id="5s5ppfp52t55w0eadv7p5ss3vfxzs5fwwe5w">1465</key><key app="ENWeb" db-id="ThEeKwrtqggAAHqv064">3870</key></foreign-keys><ref-type name="Journal Article">17</ref-type><contributors><authors><author><style face="normal" font="default" size="100%">Morrison, Tony</style></author></authors></contributors><titles><title><style face="normal" font="default" size="100%">The emotional effects of child protection work on the worker</style></title><secondary-title><style face="normal" font="default" size="100%">Practice</style></secondary-title></titles><periodical><full-title><style face="normal" font="default" size="100%">Practice</style></full-title></periodical><pages><style face="normal" font="default" size="100%">253-271</style></pages><volume><style face="normal" font="default" size="100%">4</style></volume><number><style face="normal" font="default" size="100%">1</style></number><keywords><keyword><style face="normal" font="default" size="100%">Burnout</style></keyword><keyword><style face="normal" font="default" size="100%">Caregivers</style></keyword><keyword><style face="normal" font="default" size="100%">CSAA</style></keyword><keyword><style face="normal" font="default" size="100%">Compassion fatigue</style></keyword><keyword><style face="normal" font="default" size="100%">Countertransference</style></keyword><keyword><style face="normal" font="default" size="100%">Secondary trauma</style></keyword><keyword><style face="normal" font="default" size="100%">Self-care</style></keyword><keyword><style face="normal" font="default" size="100%">Therapist</style></keyword><keyword><style face="normal" font="default" size="100%">Vicarious trauma</style></keyword></keywords><dates><year><style face="normal" font="default" size="100%">1994</style></year></dates><abstract><style face="normal" font="default" size="100%">This paper describes and analyses the emotional impact of child protection work on staff. Two models are used for this, an organisational stress model, and an adaptation of Summit&apos;s Child Sexual Abuse Accommodation Syndrome. Attention is drawn to both the primary effect of clients on workers and the secondary effect of the organisational response to worker distress. Factors conducive to ameliorating the alienating work environment are considered, looking at differential responsibilities within the organisation. This paper is relevant to staff at all levels of the organisation, and it is suggested that group discussion would be a particularly appropriate way of responding to the material. This paper was first presented as a key-note address at the BASPCAN Spring Conference in April 1990.</style></abstract><urls><pdf-urls><url>internal-pdf://emotionaleffects-1938131713/emotionaleffects.pdf</url></pdf-urls></urls></record><record><database name="NSCClibrary.enl" path="F:\NSCClibrary.enl">NSCClibrary.enl</database><source-app name="EndNote" version="17.1">EndNote</source-app><rec-number>1466</rec-number><foreign-keys><key app="EN" db-id="5s5ppfp52t55w0eadv7p5ss3vfxzs5fwwe5w">1466</key><key app="ENWeb" db-id="ThEeKwrtqggAAHqv064">3871</key></foreign-keys><ref-type name="Journal Article">17</ref-type><contributors><authors><author><style face="normal" font="default" size="100%">Parvin, RuthAnn</style></author></authors></contributors><titles><title><style face="normal" font="default" size="100%">Exploring intimacy in therapy: Broadening the interpretation of arousal</style></title><secondary-title><style face="normal" font="default" size="100%">Women &amp; Therapy</style></secondary-title></titles><periodical><full-title><style face="normal" font="default" size="100%">Women &amp; Therapy</style></full-title></periodical><pages><style face="normal" font="default" size="100%">69-69</style></pages><volume><style face="normal" font="default" size="100%">20</style></volume><number><style face="normal" font="default" size="100%">1</style></number><keywords><keyword><style face="normal" font="default" size="100%">Burnout</style></keyword><keyword><style face="normal" font="default" size="100%">Compassion fatigue</style></keyword><keyword><style face="normal" font="default" size="100%">Countertransference</style></keyword><keyword><style face="normal" font="default" size="100%">Intimacy</style></keyword><keyword><style face="normal" font="default" size="100%">Secondary trauma</style></keyword><keyword><style face="normal" font="default" size="100%">Self-care</style></keyword><keyword><style face="normal" font="default" size="100%">Therapist</style></keyword><keyword><style face="normal" font="default" size="100%">Vicarious trauma</style></keyword></keywords><dates><year><style face="normal" font="default" size="100%">1997</style></year></dates><pub-location><style face="normal" font="default" size="100%">United Kingdom, New York</style></pub-location><publisher><style face="normal" font="default" size="100%">Taylor &amp; Francis Group</style></publisher><isbn><style face="normal" font="default" size="100%">02703149</style></isbn><abstract><style face="normal" font="default" size="100%">Case material is used to explore the idea that ambiguous autonomic arousal may be &quot;overtranslated&quot; as sexual arousal, both by therapists and by clients. As a result, other important aspects of intimacy in relationships do not get taught or discussed in supervision/therapy.</style></abstract><urls><related-urls><url><style face="normal" font="default" size="100%">http://search.proquest.com/docview/216243046?accountid=130851</style></url></related-urls><pdf-urls><url>internal-pdf://exploringintimacy-1403806720/exploringintimacy.pdf</url></pdf-urls></urls><remote-database-name><style face="normal" font="default" size="100%">ProQuest Nursing &amp; Allied Health Source</style></remote-database-name></record><record><database name="NSCClibrary.enl" path="F:\NSCClibrary.enl">NSCClibrary.enl</database><source-app name="EndNote" version="17.1">EndNote</source-app><rec-number>1467</rec-number><foreign-keys><key app="EN" db-id="5s5ppfp52t55w0eadv7p5ss3vfxzs5fwwe5w">1467</key><key app="ENWeb" db-id="ThEeKwrtqggAAHqv064">3872</key></foreign-keys><ref-type name="Journal Article">17</ref-type><contributors><authors><author><style face="normal" font="default" size="100%">Preston-Shoot, Michael</style></author><author><style face="normal" font="default" size="100%">Braye, Suzy</style></author></authors></contributors><titles><title><style face="normal" font="default" size="100%">Managing the personal experience of work</style></title><secondary-title><style face="normal" font="default" size="100%">Practice</style></secondary-title></titles><periodical><full-title><style face="normal" font="default" size="100%">Practice</style></full-title></periodical><pages><style face="normal" font="default" size="100%">13-33</style></pages><volume><style face="normal" font="default" size="100%">5</style></volume><number><style face="normal" font="default" size="100%">1</style></number><keywords><keyword><style face="normal" font="default" size="100%">Burnout</style></keyword><keyword><style face="normal" font="default" size="100%">Compassion fatigue</style></keyword><keyword><style face="normal" font="default" size="100%">Countertransference</style></keyword><keyword><style face="normal" font="default" size="100%">Secondary trauma</style></keyword><keyword><style face="normal" font="default" size="100%">Self-care</style></keyword><keyword><style face="normal" font="default" size="100%">Therapist</style></keyword><keyword><style face="normal" font="default" size="100%">Vicarious trauma</style></keyword></keywords><dates><year><style face="normal" font="default" size="100%">1991</style></year><pub-dates><date><style face="normal" font="default" size="100%">1991/01/01</style></date></pub-dates></dates><publisher><style face="normal" font="default" size="100%">Routledge</style></publisher><isbn><style face="normal" font="default" size="100%">0950-3153</style></isbn><abstract><style face="normal" font="default" size="100%">Social work is stressful. Practice dilemmas leave those who work in welfare organisations vulnerable to public censure and misunderstanding; struggling to connect theories of ideal practice with agency-based realities; and responsible for acting on judgements of need which can never eliminate risk and only rarely satisfy all the parties involved. Practitioners, managers and their organisations, in order to cope with the anxiety engendered by their tasks, may adopt defences which can both become part of their working structures and increase the stress they carry. Consequently, an urgent need is to provide tools for practitioners and managers, tools for understanding and for action, which enable them to respond creatively to anxieties and stresses created by their tasks. This paper describes and evaluates one model for acquiring and maintaining skills in managing the personal experience of work.</style></abstract><urls><pdf-urls><url>internal-pdf://Preston-Shoot et al 1991 - Managing the-2741029888/Preston-Shoot et al 1991 - Managing the.pdf</url></pdf-urls></urls><electronic-resource-num><style face="normal" font="default" size="100%">10.1080/09503159108414270</style></electronic-resource-num><access-date><style face="normal" font="default" size="100%">2011/08/29</style></access-date></record><record><database name="NSCClibrary.enl" path="F:\NSCClibrary.enl">NSCClibrary.enl</database><source-app name="EndNote" version="17.1">EndNote</source-app><rec-number>4799</rec-number><foreign-keys><key app="EN" db-id="5s5ppfp52t55w0eadv7p5ss3vfxzs5fwwe5w">4799</key><key app="ENWeb" db-id="">0</key></foreign-keys><ref-type name="Journal Article">17</ref-type><contributors><authors><author><style face="normal" font="default" size="100%">Reynolds, Vikki</style></author></authors></contributors><titles><title><style face="normal" font="default" size="100%">Resisting burnout with justice-doing</style></title><secondary-title><style face="normal" font="default" size="100%">International Journal of Narrative Therapy &amp; Community Work </style></secondary-title></titles><periodical><full-title><style face="normal" font="default" size="100%">International Journal of Narrative Therapy &amp; Community Work</style></full-title></periodical><pages><style face="normal" font="default" size="100%">27-45</style></pages><number><style face="normal" font="default" size="100%">4</style></number><keywords><keyword><style face="normal" font="default" size="100%">Self-care</style></keyword><keyword><style face="normal" font="default" size="100%">Ethics</style></keyword><keyword><style face="normal" font="default" size="100%">Therapists</style></keyword></keywords><dates><year><style face="normal" font="default" size="100%">2011</style></year></dates><abstract><style face="normal" font="default" size="100%">In this writing I critique the individualism and neutrality of burnout, and offer an approach for resisting burnout with collective sustainability that is shouldered-up by justice-doing. This requires an understanding of collective ethics, and the spiritual pain that we hold as community workers and therapists when we are forced to work against our ethics. I describe the role of justice-doing and solidarity in relation to our sustainability, and practices which can foster our sustainability collectively, including embracing Earth Democracy, co-creating collective ethics, contesting cynicism, attending to immeasurable outcomes, and giving-it-back practices. I connect staying fully alive in our work with therapeutic and possibly revolutionary love, and reflect on the powerful transformations our work offers us. I address the possibilities of connecting with the social divine and transforming the contexts of social injustice in which clients live and we work.</style></abstract><urls><pdf-urls><url>internal-pdf://2775410167/Reynolds2011Resisting.pdf</url></pdf-urls></urls></record><record><database name="NSCClibrary.enl" path="F:\NSCClibrary.enl">NSCClibrary.enl</database><source-app name="EndNote" version="17.1">EndNote</source-app><rec-number>5034</rec-number><foreign-keys><key app="EN" db-id="5s5ppfp52t55w0eadv7p5ss3vfxzs5fwwe5w">5034</key><key app="ENWeb" db-id="">0</key></foreign-keys><ref-type name="Journal Article">17</ref-type><contributors><authors><author><style face="normal" font="default" size="100%">New Street Services</style></author></authors></contributors><titles><title><style face="normal" font="default" size="100%">New Street Module 7. Personal Safety &amp; Wellbeing</style></title></titles><dates><year><style face="normal" font="default" size="100%">2015</style></year></dates><urls><pdf-urls><url>internal-pdf://2316348271/New Street Module 7. Personal Safety &amp; Wellbei.pdf</url></pdf-urls></urls></record><record><database name="NSCClibrary.enl" path="F:\NSCClibrary.enl">NSCClibrary.enl</database><source-app name="EndNote" version="17.1">EndNote</source-app><rec-number>952</rec-number><foreign-keys><key app="EN" db-id="5s5ppfp52t55w0eadv7p5ss3vfxzs5fwwe5w">952</key><key app="ENWeb" db-id="ThEeKwrtqggAAHqv064">3860</key></foreign-keys><ref-type name="Journal Article">17</ref-type><contributors><authors><author><style face="normal" font="default" size="100%">Various</style></author></authors></contributors><titles><title><style face="normal" font="default" size="100%">Special issue in Jnl Child Sexual Abuse: Vicarious trauma</style></title><secondary-title><style face="normal" font="default" size="100%">Journal of Child Sexual Abuse</style></secondary-title></titles><periodical><full-title><style face="normal" font="default" size="100%">Journal of Child Sexual Abuse</style></full-title></periodical><pages><style face="normal" font="default" size="100%">87-120</style></pages><volume><style face="normal" font="default" size="100%">4</style></volume><number><style face="normal" font="default" size="100%">1</style></number><keywords><keyword><style face="normal" font="default" size="100%">Burnout</style></keyword><keyword><style face="normal" font="default" size="100%">Caregivers</style></keyword><keyword><style face="normal" font="default" size="100%">Child sexual abuse</style></keyword><keyword><style face="normal" font="default" size="100%">Compassion fatigue</style></keyword><keyword><style face="normal" font="default" size="100%">Countertransference</style></keyword><keyword><style face="normal" font="default" size="100%">Secondary trauma</style></keyword><keyword><style face="normal" font="default" size="100%">Self-care</style></keyword><keyword><style face="normal" font="default" size="100%">Sex offender treatment</style></keyword><keyword><style face="normal" font="default" size="100%">Survivors</style></keyword><keyword><style face="normal" font="default" size="100%">Therapist</style></keyword><keyword><style face="normal" font="default" size="100%">Vicarious trauma</style></keyword><keyword><style face="normal" font="default" size="100%">Victim treatment</style></keyword></keywords><dates><year><style face="normal" font="default" size="100%">1995</style></year></dates><isbn><style face="normal" font="default" size="100%">1053-8712</style></isbn><abstract><style face="normal" font="default" size="100%">Includes: &#xD;Mitchell C. and Melikian, K. (1995). The treatment of male sexual offenders: Countertransference reactions, </style><style face="italic" font="default" size="100%">Journal of Child Sexual Abuse</style><style face="normal" font="default" size="100%">, </style><style face="italic" font="default" size="100%">4</style><style face="normal" font="default" size="100%">(1), 87-93&#xD;Berkowitz, C.D. (1995). Dealing with victims and perpetrators: Role confusion, </style><style face="italic" font="default" size="100%">Journal of Child Sexual Abuse</style><style face="normal" font="default" size="100%">, </style><style face="italic" font="default" size="100%">4</style><style face="normal" font="default" size="100%">(1), 95-97&#xD;Fargason Jnr, C.A, (1995). The influence of feelings on professional judgment, </style><style face="italic" font="default" size="100%">Journal of Child Sexual Abuse</style><style face="normal" font="default" size="100%">, </style><style face="italic" font="default" size="100%">4</style><style face="normal" font="default" size="100%">(1), 99-102&#xD;Pence, D. (1995). To hurt is human: To ventilate is divine, </style><style face="italic" font="default" size="100%">Journal of Child Sexual Abuse</style><style face="normal" font="default" size="100%">, </style><style face="italic" font="default" size="100%">4</style><style face="normal" font="default" size="100%">(1), 103-106&#xD;Kearns, B. (1995). Self-reflection in work with sex offenders: A process not just for therapists, </style><style face="italic" font="default" size="100%">Journal of Child Sexual Abuse</style><style face="normal" font="default" size="100%">, </style><style face="italic" font="default" size="100%">4</style><style face="normal" font="default" size="100%">(1), 107-110&#xD;Peaslee, D. M. (1995). Countertransference with specific client populations? A comment on &quot;The Treatment of Male Sexual Offenders,&apos;&apos; </style><style face="italic" font="default" size="100%">Journal of Child Sexual Abuse</style><style face="normal" font="default" size="100%">, </style><style face="italic" font="default" size="100%">4</style><style face="normal" font="default" size="100%">(1), 111-115&#xD;Gerber, P.N. (1995). Commentary on counter-transference in working with sex offenders: The issue of sexual attraction, </style><style face="italic" font="default" size="100%">Journal of Child Sexual Abuse</style><style face="normal" font="default" size="100%">, </style><style face="italic" font="default" size="100%">4</style><style face="normal" font="default" size="100%">(1), 117-120.</style></abstract><notes><style face="normal" font="default" size="100%">From the special issue of Jnl Child Sexual Abuse: Vicarious trauma 1995 4(1)</style></notes><urls><pdf-urls><url>internal-pdf://special issue in jnl child sexual abuse vicarious trauma-0229344001/special issue in jnl child sexual abuse vicarious trauma.pdf</url></pdf-urls></urls></record></records></xml>