<?xml version="1.0" encoding="UTF-8" ?><xml><records><record><database name="NSCClibrary.enl" path="F:\NSCClibrary.enl">NSCClibrary.enl</database><source-app name="EndNote" version="17.1">EndNote</source-app><rec-number>912</rec-number><foreign-keys><key app="EN" db-id="5s5ppfp52t55w0eadv7p5ss3vfxzs5fwwe5w">912</key><key app="ENWeb" db-id="ThEeKwrtqggAAHqv064">3920</key></foreign-keys><ref-type name="Book">6</ref-type><contributors><authors><author><style face="normal" font="default" size="100%">Giaretto, Henry</style></author></authors></contributors><titles><title><style face="normal" font="default" size="100%">Integrated treatment of child sexual abuse: A treatment and training manual.</style></title><secondary-title><style face="normal" font="default" size="100%">Treatment Issues in Child Sexual Abuse</style></secondary-title></titles><periodical><full-title><style face="normal" font="default" size="100%">Treatment Issues in Child Sexual Abuse</style></full-title></periodical><volume><style face="normal" font="default" size="100%">237</style></volume><keywords><keyword><style face="normal" font="default" size="100%">Child sexual abuse</style></keyword><keyword><style face="normal" font="default" size="100%">Counselling</style></keyword><keyword><style face="normal" font="default" size="100%">Family</style></keyword><keyword><style face="normal" font="default" size="100%">Incest</style></keyword><keyword><style face="normal" font="default" size="100%">Intrafamilial sexual abuse</style></keyword><keyword><style face="normal" font="default" size="100%">Services</style></keyword><keyword><style face="normal" font="default" size="100%">Sex offender treatment</style></keyword></keywords><dates><year><style face="normal" font="default" size="100%">1982</style></year></dates><pub-location><style face="normal" font="default" size="100%">Palo Alto, CA</style></pub-location><publisher><style face="normal" font="default" size="100%">Science and Behavior Books, Inc.</style></publisher><notes><style face="normal" font="default" size="100%">Held at Cedar Cottage Library - 2 copies (1 copy missing)&#xD;Held at New Street, Sydney - 1 copy&#xD;Chapter 2: &apos;History of the CSATP&apos; is attached</style></notes><urls><pdf-urls><url>internal-pdf://Giarretto 1982 - Chapter 2-1177632768/Giarretto 1982 - Chapter 2.pdf</url></pdf-urls></urls></record><record><database name="NSCClibrary.enl" path="F:\NSCClibrary.enl">NSCClibrary.enl</database><source-app name="EndNote" version="17.1">EndNote</source-app><rec-number>1912</rec-number><foreign-keys><key app="EN" db-id="5s5ppfp52t55w0eadv7p5ss3vfxzs5fwwe5w">1912</key><key app="ENWeb" db-id="ThEeKwrtqggAAHqv064">4909</key></foreign-keys><ref-type name="Government Document">46</ref-type><contributors><authors><author><style face="normal" font="default" size="100%">Macgregor, Sarah</style></author></authors></contributors><titles><title><style face="normal" font="default" size="100%">Sex offender treatment programs: Effectiveness of prison and community-based programs in Australia and New Zealand</style></title></titles><pages><style face="normal" font="default" size="100%">1-14</style></pages><volume><style face="normal" font="default" size="100%">Brief 3</style></volume><number><style face="normal" font="default" size="100%">April</style></number><keywords><keyword><style face="normal" font="default" size="100%">Aboriginal Australians</style></keyword><keyword><style face="normal" font="default" size="100%">Adolescent sex offenders</style></keyword><keyword><style face="normal" font="default" size="100%">Indigenous Australians</style></keyword><keyword><style face="normal" font="default" size="100%">Juvenile sex offenders</style></keyword><keyword><style face="normal" font="default" size="100%">New Street</style></keyword><keyword><style face="normal" font="default" size="100%">Services</style></keyword><keyword><style face="normal" font="default" size="100%">Sex offender treatment</style></keyword></keywords><dates><year><style face="normal" font="default" size="100%">2008</style></year></dates><pub-location><style face="normal" font="default" size="100%">Sydney, NSW</style></pub-location><publisher><style face="normal" font="default" size="100%">Attorney General’s Department</style></publisher><abstract><style face="normal" font="default" size="100%">This study reviewed the evaluation results from eight New Zealand and five Australian treatment programs for adults and adolescents who sexually offend. The study also provides an overview of current methods for addressing the treatment needs of Indigenous sex offenders.</style></abstract><urls><pdf-urls><url>internal-pdf://Macgregor 2008 - Sex offender-0807375105/Macgregor 2008 - Sex offender.pdf</url></pdf-urls></urls></record><record><database name="NSCClibrary.enl" path="F:\NSCClibrary.enl">NSCClibrary.enl</database><source-app name="EndNote" version="17.1">EndNote</source-app><rec-number>4006</rec-number><foreign-keys><key app="EN" db-id="5s5ppfp52t55w0eadv7p5ss3vfxzs5fwwe5w">4006</key></foreign-keys><ref-type name="Report">27</ref-type><contributors><authors><author><style face="normal" font="default" size="100%">NSW Department of Corrective Services,</style></author></authors></contributors><titles><title><style face="normal" font="default" size="100%">Forensic psychology services (FPS) community programmes for sexual offenders treatment and maintenance</style></title></titles><keywords><keyword><style face="normal" font="default" size="100%">Assessment</style></keyword><keyword><style face="normal" font="default" size="100%">Services</style></keyword><keyword><style face="normal" font="default" size="100%">Sex offender treatment</style></keyword></keywords><dates><year><style face="normal" font="default" size="100%">2005</style></year></dates><publisher><style face="normal" font="default" size="100%">Sex Offender Programmes, Psychological Programmes</style></publisher><abstract><style face="normal" font="default" size="100%">The NSW Department of Corrective Services, Psychological Programmes, Sex Offender Programmes, offers a range of assessment and treatment services to sexual offenders. The overall goal of these services is to reduce the likelihood that offenders will continue in their sexual offending behaviour. This booklet focuses specifically on community treatment and maintenance programmes offered through Forensic Psychology Services - City Branch. It is designed to answer commonly asked questions about all aspects of the treatment services to sexual offenders. Both staff and offenders should find this booklet informative and helpful.</style></abstract><urls><pdf-urls><url>internal-pdf://NSW DCS 2005 - FPS community-2498037761/NSW DCS 2005 - FPS community.pdf</url></pdf-urls></urls></record><record><database name="NSCClibrary.enl" path="F:\NSCClibrary.enl">NSCClibrary.enl</database><source-app name="EndNote" version="17.1">EndNote</source-app><rec-number>4007</rec-number><foreign-keys><key app="EN" db-id="5s5ppfp52t55w0eadv7p5ss3vfxzs5fwwe5w">4007</key></foreign-keys><ref-type name="Conference Paper">47</ref-type><contributors><authors><author><style face="normal" font="default" size="100%">NSW Department of Corrective Services,</style></author></authors></contributors><titles><title><style face="normal" font="default" size="100%">Out of sight, out of mind? An overview of risk management issues for children&apos;s contact with sex offenders</style></title><secondary-title><style face="normal" font="default" size="100%">Association of Children&apos;s Welfare Agencies &apos;Positive Futures Conference&apos;</style></secondary-title></titles><keywords><keyword><style face="normal" font="default" size="100%">Child protection</style></keyword><keyword><style face="normal" font="default" size="100%">Services</style></keyword></keywords><dates><year><style face="normal" font="default" size="100%">2006</style></year><pub-dates><date><style face="normal" font="default" size="100%">August 14-16</style></date></pub-dates></dates><publisher><style face="normal" font="default" size="100%">Child Protection Coordination and Support Unit</style></publisher><abstract><style face="normal" font="default" size="100%">People often ask how is child protection related to adult corrections. People often think, once someone comes to gaol, all the problems have gone away - out of sight, out of mind.</style></abstract><urls><pdf-urls><url>internal-pdf://NSW DCS 2006 - Out of sight-1748444672/NSW DCS 2006 - Out of sight.pdf</url></pdf-urls></urls></record><record><database name="NSCClibrary.enl" path="F:\NSCClibrary.enl">NSCClibrary.enl</database><source-app name="EndNote" version="17.1">EndNote</source-app><rec-number>4014</rec-number><foreign-keys><key app="EN" db-id="5s5ppfp52t55w0eadv7p5ss3vfxzs5fwwe5w">4014</key></foreign-keys><ref-type name="Report">27</ref-type><contributors><authors><author><style face="normal" font="default" size="100%">SafeCare Inc.,</style></author></authors></contributors><titles><title><style face="normal" font="default" size="100%">Model of service - Abridged</style></title></titles><keywords><keyword><style face="normal" font="default" size="100%">Child sexual abuse</style></keyword><keyword><style face="normal" font="default" size="100%">Family</style></keyword><keyword><style face="normal" font="default" size="100%">Services</style></keyword></keywords><dates><year><style face="normal" font="default" size="100%">2003</style></year></dates><pub-location><style face="normal" font="default" size="100%">Fremantle, WA</style></pub-location><publisher><style face="normal" font="default" size="100%">SafeCare Inc.</style></publisher><abstract><style face="normal" font="default" size="100%">This document provides a summary of the delivery models for the following therapeutic services provided by SafeCare Inc. in Western Australia: the Families Program and the Bunbury Program. These services are funded by the WA Department of Community Development. SafeCare also provides a number of other services including: private counselling; training for professionals involved in the treatment and management of clients where child sexual abuse is an issue; and, risk assessments of families involved in Family Court litigation.</style></abstract><notes><style face="normal" font="default" size="100%">Powerpoint slides and extracts from the SafeCare Inc. website are also attached.</style></notes><urls><pdf-urls><url>internal-pdf://SafeCare 2003 - Model of-0683671041/SafeCare 2003 - Model of.pdf</url></pdf-urls></urls></record></records></xml>