<?xml version="1.0" encoding="UTF-8" ?><xml><records><record><database name="NSCClibrary.enl" path="F:\NSCClibrary.enl">NSCClibrary.enl</database><source-app name="EndNote" version="17.1">EndNote</source-app><rec-number>2706</rec-number><foreign-keys><key app="EN" db-id="5s5ppfp52t55w0eadv7p5ss3vfxzs5fwwe5w">2706</key></foreign-keys><ref-type name="Journal Article">17</ref-type><contributors><authors><author><style face="normal" font="default" size="100%">Allan, Julaine</style></author></authors></contributors><titles><title><style face="normal" font="default" size="100%">Mother blaming: A covert practice in therapeutic intervention</style></title><secondary-title><style face="normal" font="default" size="100%">Australian Social Work</style></secondary-title></titles><periodical><full-title><style face="normal" font="default" size="100%">Australian social work</style></full-title></periodical><pages><style face="normal" font="default" size="100%">57-70</style></pages><volume><style face="normal" font="default" size="100%">57</style></volume><number><style face="normal" font="default" size="100%">1</style></number><keywords><keyword><style face="normal" font="default" size="100%">Mothers</style></keyword><keyword><style face="normal" font="default" size="100%">Non-abusive parent</style></keyword><keyword><style face="normal" font="default" size="100%">Non-offending parent</style></keyword><keyword><style face="normal" font="default" size="100%">Sexual violence</style></keyword><keyword><style face="normal" font="default" size="100%">Therapeutic intervention</style></keyword></keywords><dates><year><style face="normal" font="default" size="100%">2004</style></year></dates><isbn><style face="normal" font="default" size="100%">1447-0748</style></isbn><abstract><style face="normal" font="default" size="100%">In this article I will discuss the continuing discursive support for idealised motherhood, describe some ways mother blaming is practiced within therapeutic intervention and discuss the implications of this for social work practice. The article is based on a qualitative study of professionals who provide therapeutic intervention for sexually violent children and their families. The case examples discussed come from this study and describe the roles attributed to mothers in causing and maintaining their children’s sexual violence.</style></abstract><urls><pdf-urls><url>internal-pdf://Allan 2004 - Mother blaming-2716823552/Allan 2004 - Mother blaming.pdf</url></pdf-urls></urls></record><record><database name="NSCClibrary.enl" path="F:\NSCClibrary.enl">NSCClibrary.enl</database><source-app name="EndNote" version="17.1">EndNote</source-app><rec-number>2955</rec-number><foreign-keys><key app="EN" db-id="5s5ppfp52t55w0eadv7p5ss3vfxzs5fwwe5w">2955</key></foreign-keys><ref-type name="Journal Article">17</ref-type><contributors><authors><author><style face="normal" font="default" size="100%">Bolen, Rebecca M.</style></author></authors></contributors><titles><title><style face="normal" font="default" size="100%">Nonoffending mothers of sexually abused children: A case of institutionalized sexism?</style></title><secondary-title><style face="normal" font="default" size="100%">Violence Against Women</style></secondary-title></titles><periodical><full-title><style face="normal" font="default" size="100%">Violence Against Women</style></full-title></periodical><pages><style face="normal" font="default" size="100%">1336-1366</style></pages><volume><style face="normal" font="default" size="100%">9</style></volume><number><style face="normal" font="default" size="100%">11</style></number><keywords><keyword><style face="normal" font="default" size="100%">Child sexual abuse</style></keyword><keyword><style face="normal" font="default" size="100%">Disclosure</style></keyword><keyword><style face="normal" font="default" size="100%">Guardian support</style></keyword><keyword><style face="normal" font="default" size="100%">Maternal support</style></keyword><keyword><style face="normal" font="default" size="100%">Mothers</style></keyword><keyword><style face="normal" font="default" size="100%">Non-abusive parent</style></keyword><keyword><style face="normal" font="default" size="100%">Non-offending parent</style></keyword></keywords><dates><year><style face="normal" font="default" size="100%">2003</style></year></dates><isbn><style face="normal" font="default" size="100%">1077-8012</style></isbn><abstract><style face="normal" font="default" size="100%">A recent national study found that females offended in 44% of all cases of child sexual abuse reported to child protective services, and that mothers offended in 53% of all cases of parental incest. These findings contradict other data suggesting that the percentage of females and mothers who commit sexual abuse is much lower. The purpose of this article is to explore the historical conceptualisation of nonoffending mothers of sexually abused children and the development of child abuse and neglect policies and statutes for the purpose of providing insight into the overidentification of mothers in cases of identified sexual abuse.</style></abstract><urls><pdf-urls><url>internal-pdf://Bolen 2003 - Nonoffending mothers-2808433920/Bolen 2003 - Nonoffending mothers.pdf</url></pdf-urls></urls></record><record><database name="NSCClibrary.enl" path="F:\NSCClibrary.enl">NSCClibrary.enl</database><source-app name="EndNote" version="17.1">EndNote</source-app><rec-number>2959</rec-number><foreign-keys><key app="EN" db-id="5s5ppfp52t55w0eadv7p5ss3vfxzs5fwwe5w">2959</key></foreign-keys><ref-type name="Journal Article">17</ref-type><contributors><authors><author><style face="normal" font="default" size="100%">Briggs, Kathleen</style></author><author><style face="normal" font="default" size="100%">Hubbs-Tait, Laura</style></author><author><style face="normal" font="default" size="100%">Culp, Rex E.</style></author><author><style face="normal" font="default" size="100%">Morse, A. Susanne</style></author></authors></contributors><titles><title><style face="normal" font="default" size="100%">Sexual abuse label: Adults&apos; expectations for children</style></title><secondary-title><style face="normal" font="default" size="100%">American Journal of Family Therapy</style></secondary-title></titles><periodical><full-title><style face="normal" font="default" size="100%">American Journal of Family Therapy</style></full-title></periodical><pages><style face="normal" font="default" size="100%">304-314</style></pages><volume><style face="normal" font="default" size="100%">22</style></volume><number><style face="normal" font="default" size="100%">4</style></number><keywords><keyword><style face="normal" font="default" size="100%">Child sexual abuse</style></keyword><keyword><style face="normal" font="default" size="100%">Family</style></keyword><keyword><style face="normal" font="default" size="100%">Mothers</style></keyword><keyword><style face="normal" font="default" size="100%">Non-abusive parent</style></keyword><keyword><style face="normal" font="default" size="100%">Non-offending parent</style></keyword><keyword><style face="normal" font="default" size="100%">Stereotypes</style></keyword></keywords><dates><year><style face="normal" font="default" size="100%">1994</style></year></dates><isbn><style face="normal" font="default" size="100%">1521-0383</style></isbn><abstract><style face="normal" font="default" size="100%">The current study was designed to test two hypotheses: 1) knowledge of a child&apos;s family history of sexual abuse influences adults&apos; expectations for children and 2) adults with acquaintance of sexual abuse do not negatively stereotype children to the extent adults without such experience do. The study also assessed the reliability and factor structure of the Child History Expectations Questionnaire (CHEQ), a measure of adults&apos; expectations about children&apos;s functioning. The sample consisted of 279 female undergraduate students. A principal components analysis yielded a seven factor solution, and reliability proved to be adequate. A 2 (acquaintance with abuse) by 3 (family history) by 2 (sex of child) between-subjects analysis of variance was conducted for each of the seven expectation factors. Results confirm family history labels lead to adults&apos; having different expectations for children. Moreover, subjects&apos; own family history of sexual abuse has a mitigating effect on their expectations for sexually abused children. Implications for therapists and helping professionals are discussed.</style></abstract><urls><pdf-urls><url>internal-pdf://Briggs et al 1994 - Sexual abuse label-2276692481/Briggs et al 1994 - Sexual abuse label.pdf</url></pdf-urls></urls></record><record><database name="NSCClibrary.enl" path="F:\NSCClibrary.enl">NSCClibrary.enl</database><source-app name="EndNote" version="17.1">EndNote</source-app><rec-number>4393</rec-number><foreign-keys><key app="EN" db-id="5s5ppfp52t55w0eadv7p5ss3vfxzs5fwwe5w">4393</key></foreign-keys><ref-type name="Journal Article">17</ref-type><contributors><authors><author><style face="normal" font="default" size="100%">Cahalane, Hilary</style></author><author><style face="normal" font="default" size="100%">Parker, Gemma</style></author><author><style face="normal" font="default" size="100%">Duff, Simon</style></author></authors></contributors><titles><title><style face="normal" font="default" size="100%">Treatment Implications Arising From a Qualitative Analysis of Letters Written by the Nonoffending Partners of Men Who Have Perpetrated Child Sexual Abuse</style></title><secondary-title><style face="normal" font="default" size="100%">Journal of Child Sexual Abuse</style></secondary-title></titles><periodical><full-title><style face="normal" font="default" size="100%">Journal of Child Sexual Abuse</style></full-title></periodical><pages><style face="normal" font="default" size="100%">720-741</style></pages><volume><style face="normal" font="default" size="100%">22</style></volume><number><style face="normal" font="default" size="100%">6</style></number><keywords><keyword><style face="normal" font="default" size="100%">Child sexual abuse</style></keyword><keyword><style face="normal" font="default" size="100%">Nonoffending partners</style></keyword><keyword><style face="normal" font="default" size="100%">Qualitative</style></keyword></keywords><dates><year><style face="normal" font="default" size="100%">2013</style></year><pub-dates><date><style face="normal" font="default" size="100%">2013/08/01</style></date></pub-dates></dates><publisher><style face="normal" font="default" size="100%">Routledge</style></publisher><isbn><style face="normal" font="default" size="100%">1053-8712</style></isbn><abstract><style face="normal" font="default" size="100%">There is a dearth of current empirical research exploring the experiences of nonoffending partners, or women whose partners have perpetrated child sexual abuse. Existing literature is dated and focuses disproportionately on intrafamilial abuse. This research explores how nonoffending partners construct and understand their experiences using thematic analysis within a social constructionist framework. Findings indicate that discovery of a partner&apos;s sexual offending is a profoundly distressing experience. It can inhibit a woman&apos;s ability to process the broader implications of her partner&apos;s behavior, including issues of risk, the impact on the victim, and the additional protective responsibilities she must adopt in the future. Implications for future research and clinical practice are discussed.</style></abstract><urls><related-urls><url><style face="normal" font="default" size="100%">http://dx.doi.org/10.1080/10538712.2013.811138</style></url></related-urls><pdf-urls><url>internal-pdf://0127810720/Cahalane2013Treatment implications.pdf</url></pdf-urls></urls><electronic-resource-num><style face="normal" font="default" size="100%">10.1080/10538712.2013.811138</style></electronic-resource-num><language><style face="normal" font="default" size="100%">English</style></language><access-date><style face="normal" font="default" size="100%">2014/02/12</style></access-date></record><record><database name="NSCClibrary.enl" path="F:\NSCClibrary.enl">NSCClibrary.enl</database><source-app name="EndNote" version="17.1">EndNote</source-app><rec-number>907</rec-number><foreign-keys><key app="EN" db-id="5s5ppfp52t55w0eadv7p5ss3vfxzs5fwwe5w">907</key><key app="ENWeb" db-id="ThEeKwrtqggAAHqv064">3908</key></foreign-keys><ref-type name="Book Section">5</ref-type><contributors><authors><author><style face="normal" font="default" size="100%">Calder, Martin C.</style></author><author><style face="normal" font="default" size="100%">Regan, Lynda</style></author></authors><secondary-authors><author><style face="normal" font="default" size="100%">Calder, M.C.</style></author><author><style face="normal" font="default" size="100%">Peake, A.</style></author><author><style face="normal" font="default" size="100%">Rose, K.</style></author></secondary-authors></contributors><titles><title><style face="normal" font="default" size="100%">Mothers of sexually abused children</style></title><secondary-title><style face="normal" font="default" size="100%">Mothers of sexually abused children: A framework for assessment, understanding and support</style></secondary-title></titles><pages><style face="normal" font="default" size="100%">282-381</style></pages><section><style face="normal" font="default" size="100%">12</style></section><keywords><keyword><style face="normal" font="default" size="100%">Child sexual abuse</style></keyword><keyword><style face="normal" font="default" size="100%">Mother-child relations</style></keyword><keyword><style face="normal" font="default" size="100%">Mothers</style></keyword><keyword><style face="normal" font="default" size="100%">Non-abusive parent</style></keyword><keyword><style face="normal" font="default" size="100%">Non-offending parent</style></keyword></keywords><dates><year><style face="normal" font="default" size="100%">2001</style></year></dates><pub-location><style face="normal" font="default" size="100%">Dorset</style></pub-location><publisher><style face="normal" font="default" size="100%">Russell House</style></publisher><isbn><style face="normal" font="default" size="100%">1898924775</style></isbn><abstract><style face="normal" font="default" size="100%">This chapter aims to consider the many complex issues surrounding the role of the mother in sexual abuse cases, and seeks to offer a framework to undertake this type of assessment, in order to redress some of the current gaps in practice guidance in this area of work. It aims to provide a structure for helping mothers to move to a safer parenting position using an assessment-based programme and in the cases where this doesn&apos;t happen, this framework and process provides a clear format for evidencing conclusions reached. Undertaking this type of assessment should also provide information about the mother&apos;s commitment to the process and should indicate whether cooperation has been passive or active. </style></abstract><urls><pdf-urls><url>internal-pdf://calder-mothers-2389967361/calder-mothers.pdf</url></pdf-urls></urls></record><record><database name="NSCClibrary.enl" path="F:\NSCClibrary.enl">NSCClibrary.enl</database><source-app name="EndNote" version="17.1">EndNote</source-app><rec-number>3888</rec-number><foreign-keys><key app="EN" db-id="5s5ppfp52t55w0eadv7p5ss3vfxzs5fwwe5w">3888</key></foreign-keys><ref-type name="Personal Communication">26</ref-type><contributors><authors><author><style face="normal" font="default" size="100%">Cedar Cottage,</style></author></authors></contributors><titles><title><style face="normal" font="default" size="100%">Team discussion: Mothers of sexually abused children</style></title></titles><pages><style face="normal" font="default" size="100%">2</style></pages><keywords><keyword><style face="normal" font="default" size="100%">Mother blaming</style></keyword><keyword><style face="normal" font="default" size="100%">Mothers</style></keyword><keyword><style face="normal" font="default" size="100%">Non-abusive parent</style></keyword><keyword><style face="normal" font="default" size="100%">Non-offending parent</style></keyword><keyword><style face="normal" font="default" size="100%">Responsibility</style></keyword></keywords><dates><year><style face="normal" font="default" size="100%">1998</style></year><pub-dates><date><style face="normal" font="default" size="100%">19 February 1998</style></date></pub-dates></dates><pub-location><style face="normal" font="default" size="100%">Westmead, NSW</style></pub-location><publisher><style face="normal" font="default" size="100%">Cedar Cottage</style></publisher><abstract><style face="normal" font="default" size="100%">Notes from a team discussion held at Cedar Cottage on 19/2/98 in regards to mothers of sexually abused children.</style></abstract><urls><pdf-urls><url>internal-pdf://Cedar Cottage 1998 - Team discussion-1716184320/Cedar Cottage 1998 - Team discussion.pdf</url></pdf-urls></urls></record><record><database name="NSCClibrary.enl" path="F:\NSCClibrary.enl">NSCClibrary.enl</database><source-app name="EndNote" version="17.1">EndNote</source-app><rec-number>2995</rec-number><foreign-keys><key app="EN" db-id="5s5ppfp52t55w0eadv7p5ss3vfxzs5fwwe5w">2995</key></foreign-keys><ref-type name="Journal Article">17</ref-type><contributors><authors><author><style face="normal" font="default" size="100%">Crawford, Sharon L.</style></author></authors></contributors><titles><title><style face="normal" font="default" size="100%">Intrafamilial sexual abuse: What we think we know about mothers, and implications for intervention</style></title><secondary-title><style face="normal" font="default" size="100%">Journal of Child Sexual Abuse</style></secondary-title></titles><periodical><full-title><style face="normal" font="default" size="100%">Journal of Child Sexual Abuse</style></full-title></periodical><pages><style face="normal" font="default" size="100%">55-72</style></pages><volume><style face="normal" font="default" size="100%">7</style></volume><number><style face="normal" font="default" size="100%">3</style></number><keywords><keyword><style face="normal" font="default" size="100%">Incest</style></keyword><keyword><style face="normal" font="default" size="100%">Intrafamilial sexual abuse</style></keyword><keyword><style face="normal" font="default" size="100%">Intervention</style></keyword><keyword><style face="normal" font="default" size="100%">Mothers</style></keyword><keyword><style face="normal" font="default" size="100%">Non-abusive parent</style></keyword><keyword><style face="normal" font="default" size="100%">Non-offending parent</style></keyword></keywords><dates><year><style face="normal" font="default" size="100%">1999</style></year></dates><isbn><style face="normal" font="default" size="100%">1053-8712</style></isbn><abstract><style face="normal" font="default" size="100%">Clinical paradigms about the roles of mothers in families where intrafamilial sexual abuse has occurred have shaped professional interventions negatively. More recent empirical research suggests that these mothers are diverse, that explanations of their behavior are complex and multifaceted, and that their abilities to provide support for their abused children must be assessed before appropriate, effective interventions can be chosen.</style></abstract><urls><pdf-urls><url>internal-pdf://Crawford 1999 - Intrafamilial sexual abuse-2875288065/Crawford 1999 - Intrafamilial sexual abuse.pdf</url></pdf-urls></urls></record><record><database name="NSCClibrary.enl" path="F:\NSCClibrary.enl">NSCClibrary.enl</database><source-app name="EndNote" version="17.1">EndNote</source-app><rec-number>2971</rec-number><foreign-keys><key app="EN" db-id="5s5ppfp52t55w0eadv7p5ss3vfxzs5fwwe5w">2971</key></foreign-keys><ref-type name="Journal Article">17</ref-type><contributors><authors><author><style face="normal" font="default" size="100%">DelPo, Eleanor Guzzi</style></author><author><style face="normal" font="default" size="100%">Koontz, Mary Ann</style></author></authors></contributors><titles><title><style face="normal" font="default" size="100%">Group therapy with mothers of incest victims. Part II: Therapeutic strategies, recurrent themes, interventions, and outcomes</style></title><secondary-title><style face="normal" font="default" size="100%">Archives of Psychiatric Nursing</style></secondary-title></titles><periodical><full-title><style face="normal" font="default" size="100%">Archives of Psychiatric Nursing</style></full-title></periodical><pages><style face="normal" font="default" size="100%">70-75</style></pages><volume><style face="normal" font="default" size="100%">5</style></volume><number><style face="normal" font="default" size="100%">2</style></number><keywords><keyword><style face="normal" font="default" size="100%">Child sexual abuse</style></keyword><keyword><style face="normal" font="default" size="100%">Countertransference</style></keyword><keyword><style face="normal" font="default" size="100%">Intervention</style></keyword><keyword><style face="normal" font="default" size="100%">Mothers</style></keyword><keyword><style face="normal" font="default" size="100%">Non-abusive parent</style></keyword><keyword><style face="normal" font="default" size="100%">Non-offending parent</style></keyword></keywords><dates><year><style face="normal" font="default" size="100%">1991</style></year></dates><isbn><style face="normal" font="default" size="100%">0883-9417</style></isbn><abstract><style face="normal" font="default" size="100%">Reality-based, ego-supportive group therapy is an intervention with mothers of children who were sexually abused by a father, stepfather, or man in the paternal role. Structure and process of a mothers&apos; group that was co-led by the authors and met weekly for two years are described in this two part article. In Part I of this article, the structure of the Mothers&apos; Group is described: setting and referral sources, purpose and goals, format, and group composition. Also discussed are the influence of leader attributes on group process, therapeutic interventions related to these attributes, and strategies to handle the potential for countertransference and minimise its antitherapeutic effects.</style></abstract><urls><pdf-urls><url>internal-pdf://DelPo et al 1991 - Group therapy with mothers-3917129473/DelPo et al 1991 - Group therapy with mothers.pdf</url></pdf-urls></urls></record><record><database name="NSCClibrary.enl" path="F:\NSCClibrary.enl">NSCClibrary.enl</database><source-app name="EndNote" version="17.1">EndNote</source-app><rec-number>2970</rec-number><foreign-keys><key app="EN" db-id="5s5ppfp52t55w0eadv7p5ss3vfxzs5fwwe5w">2970</key></foreign-keys><ref-type name="Journal Article">17</ref-type><contributors><authors><author><style face="normal" font="default" size="100%">deYoung, Mary</style></author></authors></contributors><titles><title><style face="normal" font="default" size="100%">Women as mothers and wives in paternally incestuous families: Coping with role conflict</style></title><secondary-title><style face="normal" font="default" size="100%">Child Abuse &amp; Neglect</style></secondary-title></titles><periodical><full-title><style face="normal" font="default" size="100%">Child Abuse &amp; Neglect</style></full-title></periodical><pages><style face="normal" font="default" size="100%">73-83</style></pages><volume><style face="normal" font="default" size="100%">18</style></volume><number><style face="normal" font="default" size="100%">1</style></number><keywords><keyword><style face="normal" font="default" size="100%">Incest</style></keyword><keyword><style face="normal" font="default" size="100%">Intrafamilial sexual abuse</style></keyword><keyword><style face="normal" font="default" size="100%">Mothers</style></keyword><keyword><style face="normal" font="default" size="100%">Non-abusive parent</style></keyword><keyword><style face="normal" font="default" size="100%">Non-offending parent</style></keyword><keyword><style face="normal" font="default" size="100%">Therapeutic intervention</style></keyword><keyword><style face="normal" font="default" size="100%">Women</style></keyword></keywords><dates><year><style face="normal" font="default" size="100%">1994</style></year></dates><isbn><style face="normal" font="default" size="100%">0145-2134</style></isbn><abstract><style face="normal" font="default" size="100%">Although role conflict is well recognised for women in general, it has not been explored for women who are mothers and wives in paternally incestuous families. This study sought to remedy that oversight by analyzing the data gleaned from indepth life history interviews with 20 women from paternally incestuous families who were just entering treatment. The women reported a moderate degree of conflict between their roles as mother and wife. Their strategies for coping with that conflict varied. Each described strategy was categorized according to the level of the role process at which it intervened, and was also evaluated in terms of its efficacy and its empowerment. The level of the coping strategy was somewhat, although not significantly, related to the duration of the paternal incest, and significantly related to its severity. The implications of these findings for the allegation of collusion made against women is discussed, and suggestions for therapeutic intervention with women from paternally incestuous families are presented.</style></abstract><urls><pdf-urls><url>internal-pdf://deYoung 1994 - Women as mothers and wives-2289560321/deYoung 1994 - Women as mothers and wives.pdf</url></pdf-urls></urls></record><record><database name="NSCClibrary.enl" path="F:\NSCClibrary.enl">NSCClibrary.enl</database><source-app name="EndNote" version="17.1">EndNote</source-app><rec-number>3898</rec-number><foreign-keys><key app="EN" db-id="5s5ppfp52t55w0eadv7p5ss3vfxzs5fwwe5w">3898</key></foreign-keys><ref-type name="Journal Article">17</ref-type><contributors><authors><author><style face="normal" font="default" size="100%">Freer, Mary</style></author></authors></contributors><titles><title><style face="normal" font="default" size="100%">Taking a defiant stand against sexual abuse and the mother-blaming discourse</style></title><secondary-title><style face="normal" font="default" size="100%">Gecko</style></secondary-title></titles><periodical><full-title><style face="normal" font="default" size="100%">Gecko</style></full-title></periodical><pages><style face="normal" font="default" size="100%">5-28</style></pages><volume><style face="normal" font="default" size="100%">1</style></volume><keywords><keyword><style face="normal" font="default" size="100%">Mother blaming</style></keyword><keyword><style face="normal" font="default" size="100%">Mothers</style></keyword><keyword><style face="normal" font="default" size="100%">Non-abusive parent</style></keyword><keyword><style face="normal" font="default" size="100%">Non-offending parent</style></keyword></keywords><dates><year><style face="normal" font="default" size="100%">1997</style></year></dates><abstract><style face="normal" font="default" size="100%">This article is concerned with the experiences of women after their children have been sexually abused. It is based on a qualitative feminist research study and looks at creating spaces where women&apos;s voices can be heard.</style></abstract><urls><pdf-urls><url>internal-pdf://Freer 1997 - Taking a defiant stand-0206926849/Freer 1997 - Taking a defiant stand.pdf</url></pdf-urls></urls></record><record><database name="NSCClibrary.enl" path="F:\NSCClibrary.enl">NSCClibrary.enl</database><source-app name="EndNote" version="17.1">EndNote</source-app><rec-number>3724</rec-number><foreign-keys><key app="EN" db-id="5s5ppfp52t55w0eadv7p5ss3vfxzs5fwwe5w">3724</key></foreign-keys><ref-type name="Journal Article">17</ref-type><contributors><authors><author><style face="normal" font="default" size="100%">Heriot, Jessica</style></author></authors></contributors><titles><title><style face="normal" font="default" size="100%">Maternal protectiveness following the disclosure of intrafamilial child sexual abuse</style></title><secondary-title><style face="normal" font="default" size="100%">Journal of Interpersonal Violence</style></secondary-title></titles><periodical><full-title><style face="normal" font="default" size="100%">Journal of Interpersonal Violence</style></full-title></periodical><pages><style face="normal" font="default" size="100%">181-194</style></pages><volume><style face="normal" font="default" size="100%">11</style></volume><number><style face="normal" font="default" size="100%">2</style></number><keywords><keyword><style face="normal" font="default" size="100%">Child sexual abuse</style></keyword><keyword><style face="normal" font="default" size="100%">Disclosure</style></keyword><keyword><style face="normal" font="default" size="100%">Incest</style></keyword><keyword><style face="normal" font="default" size="100%">Intrafamilial sexual abuse</style></keyword><keyword><style face="normal" font="default" size="100%">Mothers</style></keyword><keyword><style face="normal" font="default" size="100%">Non-abusive parent</style></keyword><keyword><style face="normal" font="default" size="100%">Non-offending parent</style></keyword></keywords><dates><year><style face="normal" font="default" size="100%">1996</style></year><pub-dates><date><style face="normal" font="default" size="100%">June 1, 1996</style></date></pub-dates></dates><abstract><style face="normal" font="default" size="100%">This study is concerned with what proportion of mothers act protectively following the disclosure of child sexual abuse and what factors are associated with maternal nonprotectiveness. Fifteen risk factors were identified. In a sample of 118 cases of intrafamilial child sexual abuse studied over a period of 18 months, it was found that 57% of the mothers took action to separate from the perpetrators, two thirds were supportive of their children, and 52% did both. Mothers were more likely to act protectively if their feelings toward the perpetrator were negative, if the perpetrator was not the mother&apos;s partner, and if the sexual abuse did not involve intercourse. Mothers of teenagers were less likely to protect than mothers of younger children, and mothers who abused drugs or alcohol were at risk for nonprotection.</style></abstract><urls><related-urls><url><style face="normal" font="default" size="100%">http://jiv.sagepub.com/content/11/2/181.abstract</style></url></related-urls><pdf-urls><url>internal-pdf://Heriot 1996 - Maternal protectiveness-2646629633/Heriot 1996 - Maternal protectiveness.pdf</url></pdf-urls></urls><electronic-resource-num><style face="normal" font="default" size="100%">10.1177/088626096011002003</style></electronic-resource-num></record><record><database name="NSCClibrary.enl" path="F:\NSCClibrary.enl">NSCClibrary.enl</database><source-app name="EndNote" version="17.1">EndNote</source-app><rec-number>3727</rec-number><foreign-keys><key app="EN" db-id="5s5ppfp52t55w0eadv7p5ss3vfxzs5fwwe5w">3727</key></foreign-keys><ref-type name="Journal Article">17</ref-type><contributors><authors><author><style face="normal" font="default" size="100%">Herman, Judith Lewis</style></author><author><style face="normal" font="default" size="100%">Schatzow, Emily</style></author></authors></contributors><titles><title><style face="normal" font="default" size="100%">Time-limited group therapy for women with a history of incest</style></title><secondary-title><style face="normal" font="default" size="100%">International Journal of Group Psychotherapy</style></secondary-title></titles><periodical><full-title><style face="normal" font="default" size="100%">International Journal of Group Psychotherapy</style></full-title></periodical><pages><style face="normal" font="default" size="100%">605-616</style></pages><volume><style face="normal" font="default" size="100%">34</style></volume><number><style face="normal" font="default" size="100%">4</style></number><keywords><keyword><style face="normal" font="default" size="100%">Group therapy</style></keyword><keyword><style face="normal" font="default" size="100%">Group treatment</style></keyword><keyword><style face="normal" font="default" size="100%">Groupwork</style></keyword><keyword><style face="normal" font="default" size="100%">Incest</style></keyword><keyword><style face="normal" font="default" size="100%">Intrafamilial sexual abuse</style></keyword><keyword><style face="normal" font="default" size="100%">Therapy</style></keyword><keyword><style face="normal" font="default" size="100%">Victim treatment</style></keyword></keywords><dates><year><style face="normal" font="default" size="100%">1984</style></year></dates><isbn><style face="normal" font="default" size="100%">0020-7284</style></isbn><abstract><style face="normal" font="default" size="100%">Describes an empirically developed model of time-limited group treatment for incest victims that began with the formation of 5 groups with a total of 30 16–53 yr old females referred by local agencies. Groups were led by 2 cotherapists. Abuse by fathers, brothers, grandfathers, stepfathers, an uncle, and a mother had ceased. Members who expressed positive feelings about participating in a group with other victims, were not in crisis, and had a well-established individual therapy relationship were chosen to participate. Groups met once a week for 10 sessions. Sessions covered introduction and ground rules, goal definition and story telling, achievement of goals, and termination. 28 Ss completed the 10-wk program. At 6-mo follow-up, 20 Ss were administered a questionnaire. Results show that Ss reported improved self-esteem. This type of therapy was helpful in resolving issues of shame, secrecy, and stigmatisation associated with incest.</style></abstract><urls><pdf-urls><url>internal-pdf://Herman et al 1984 - Time-limited group-1570914561/Herman et al 1984 - Time-limited group.pdf</url></pdf-urls></urls></record><record><database name="NSCClibrary.enl" path="F:\NSCClibrary.enl">NSCClibrary.enl</database><source-app name="EndNote" version="17.1">EndNote</source-app><rec-number>3721</rec-number><foreign-keys><key app="EN" db-id="5s5ppfp52t55w0eadv7p5ss3vfxzs5fwwe5w">3721</key></foreign-keys><ref-type name="Book">6</ref-type><contributors><authors><author><style face="normal" font="default" size="100%">Hooper, Carol-Ann</style></author></authors></contributors><titles><title><style face="normal" font="default" size="100%">Mothers surviving child sexual abuse</style></title></titles><keywords><keyword><style face="normal" font="default" size="100%">Child sexual abuse</style></keyword><keyword><style face="normal" font="default" size="100%">Disclosure</style></keyword><keyword><style face="normal" font="default" size="100%">Mothers</style></keyword><keyword><style face="normal" font="default" size="100%">Non-abusive parent</style></keyword><keyword><style face="normal" font="default" size="100%">Non-offending parent</style></keyword></keywords><dates><year><style face="normal" font="default" size="100%">1992</style></year></dates><pub-location><style face="normal" font="default" size="100%">London</style></pub-location><publisher><style face="normal" font="default" size="100%">Routledge</style></publisher><isbn><style face="normal" font="default" size="100%">0415071879</style></isbn><notes><style face="normal" font="default" size="100%">Bibliography (pp.183-194) attached&#xD;Notes about Chapter 4 are also attached</style></notes><urls><pdf-urls><url>internal-pdf://Hooper 1992 - Bibliography-2587549441/Hooper 1992 - Bibliography.pdf</url><url>internal-pdf://Hooper 1992 - Notes-0960177665/Hooper 1992 - Notes.pdf</url></pdf-urls></urls></record><record><database name="NSCClibrary.enl" path="F:\NSCClibrary.enl">NSCClibrary.enl</database><source-app name="EndNote" version="17.1">EndNote</source-app><rec-number>3050</rec-number><foreign-keys><key app="EN" db-id="5s5ppfp52t55w0eadv7p5ss3vfxzs5fwwe5w">3050</key></foreign-keys><ref-type name="Journal Article">17</ref-type><contributors><authors><author><style face="normal" font="default" size="100%">Humphreys, Catherine</style></author></authors></contributors><titles><title><style face="normal" font="default" size="100%">Disclosure of child sexual assault: Implications for mothers</style></title><secondary-title><style face="normal" font="default" size="100%">Australian Social Work </style></secondary-title></titles><periodical><full-title><style face="normal" font="default" size="100%">Australian social work</style></full-title></periodical><pages><style face="normal" font="default" size="100%">27-35</style></pages><volume><style face="normal" font="default" size="100%">45</style></volume><number><style face="normal" font="default" size="100%">3</style></number><keywords><keyword><style face="normal" font="default" size="100%">Child protection</style></keyword><keyword><style face="normal" font="default" size="100%">Child sexual abuse</style></keyword><keyword><style face="normal" font="default" size="100%">Mother blaming</style></keyword><keyword><style face="normal" font="default" size="100%">Mothers</style></keyword><keyword><style face="normal" font="default" size="100%">Non-abusive parent</style></keyword><keyword><style face="normal" font="default" size="100%">Non-offending parent</style></keyword><keyword><style face="normal" font="default" size="100%">Professionals</style></keyword></keywords><dates><year><style face="normal" font="default" size="100%">1992</style></year></dates><isbn><style face="normal" font="default" size="100%">0312-407X</style></isbn><abstract><style face="normal" font="default" size="100%">Mothers of sexually abused children frequently report difficulties sustaining a stance of belief, protection and support for their victimised children. Some of the ingredients of the mother&apos;s complex struggle, and particularly the relationship between crisis and the attainment and maintenance of a stance of belief, are outlined in this article. The implications for practitioners working with mothers are discussed.</style></abstract><urls><pdf-urls><url>internal-pdf://Humphreys 1992 - Disclosure of child sexual-1955560193/Humphreys 1992 - Disclosure of child sexual.pdf</url></pdf-urls></urls></record><record><database name="NSCClibrary.enl" path="F:\NSCClibrary.enl">NSCClibrary.enl</database><source-app name="EndNote" version="17.1">EndNote</source-app><rec-number>3049</rec-number><foreign-keys><key app="EN" db-id="5s5ppfp52t55w0eadv7p5ss3vfxzs5fwwe5w">3049</key></foreign-keys><ref-type name="Journal Article">17</ref-type><contributors><authors><author><style face="normal" font="default" size="100%">Humphreys, Catherine</style></author></authors></contributors><titles><title><style face="normal" font="default" size="100%">Counteracting mother-blaming among child sexual abuse service providers: An experiential workshop</style></title><secondary-title><style face="normal" font="default" size="100%">Journal of Feminist Family Therapy</style></secondary-title></titles><periodical><full-title><style face="normal" font="default" size="100%">Journal of Feminist Family Therapy</style></full-title></periodical><pages><style face="normal" font="default" size="100%">49-65</style></pages><volume><style face="normal" font="default" size="100%">6</style></volume><number><style face="normal" font="default" size="100%">1</style></number><keywords><keyword><style face="normal" font="default" size="100%">Child sexual abuse</style></keyword><keyword><style face="normal" font="default" size="100%">Mother blaming</style></keyword><keyword><style face="normal" font="default" size="100%">Non-abusive parent</style></keyword><keyword><style face="normal" font="default" size="100%">Non-offending parent</style></keyword><keyword><style face="normal" font="default" size="100%">Professionals</style></keyword><keyword><style face="normal" font="default" size="100%">Therapy</style></keyword></keywords><dates><year><style face="normal" font="default" size="100%">1994</style></year></dates><abstract><style face="normal" font="default" size="100%">This paper addresses the need for educators in the helping professions to take a proactive stance to counter mother-blaming particularly in the context of child sexual abuse. Attention is given to the responsibility of the offender for the abuse and his central role in structuring the relationship between mothers and their children when sexual abuse occurs. An outline is given of a workshop designed to specifically address these issues</style></abstract><urls><pdf-urls><url>internal-pdf://Humphreys 1994 - Counteracting mother-3419096832/Humphreys 1994 - Counteracting mother.pdf</url></pdf-urls></urls></record><record><database name="NSCClibrary.enl" path="F:\NSCClibrary.enl">NSCClibrary.enl</database><source-app name="EndNote" version="17.1">EndNote</source-app><rec-number>3729</rec-number><foreign-keys><key app="EN" db-id="5s5ppfp52t55w0eadv7p5ss3vfxzs5fwwe5w">3729</key></foreign-keys><ref-type name="Journal Article">17</ref-type><contributors><authors><author><style face="normal" font="default" size="100%">Joyce, Patricia A.</style></author></authors></contributors><titles><title><style face="normal" font="default" size="100%">Mothers of sexually abused children and the concept of collusion: A literature review</style></title><secondary-title><style face="normal" font="default" size="100%">Journal of Child Sexual Abuse</style></secondary-title></titles><periodical><full-title><style face="normal" font="default" size="100%">Journal of Child Sexual Abuse</style></full-title></periodical><pages><style face="normal" font="default" size="100%">75-92</style></pages><volume><style face="normal" font="default" size="100%">6</style></volume><number><style face="normal" font="default" size="100%">2</style></number><keywords><keyword><style face="normal" font="default" size="100%">Child sexual abuse</style></keyword><keyword><style face="normal" font="default" size="100%">Mothers</style></keyword><keyword><style face="normal" font="default" size="100%">Non-abusive parent</style></keyword><keyword><style face="normal" font="default" size="100%">Non-offending parent</style></keyword></keywords><dates><year><style face="normal" font="default" size="100%">1997</style></year><pub-dates><date><style face="normal" font="default" size="100%">1997/09/04</style></date></pub-dates></dates><publisher><style face="normal" font="default" size="100%">Routledge</style></publisher><isbn><style face="normal" font="default" size="100%">1053-8712</style></isbn><abstract><style face="normal" font="default" size="100%">Recent literature is reviewed relating to mothers of incestuously abused children and the concept of collusion along three dimensions: the mother&apos;s psychological development and personality characteristics; the mother&apos;s response to the disclosure of the sexual abuse; and the mother&apos;s relationship with the victimized child. The recent research reveals that: mothers of children sexually abused within the family are not necessarily more disturbed psychologically than mothers of nonabused children; mothers respond in a number of ways to their children&apos;s sexual victimization; and most mothers believe that their children have been abused. Such findings pose a challenge to the notion of collusion, which persists as an explanatory concept in clinical practice. The possibility of a broader conceptualization is explored.</style></abstract><urls><related-urls><url><style face="normal" font="default" size="100%">http://dx.doi.org/10.1300/J070v06n02_05</style></url></related-urls><pdf-urls><url>internal-pdf://Joyce 1997 - Mothers of sexually-2496469761/Joyce 1997 - Mothers of sexually.pdf</url></pdf-urls></urls><electronic-resource-num><style face="normal" font="default" size="100%">10.1300/J070v06n02_05</style></electronic-resource-num><access-date><style face="normal" font="default" size="100%">2012/11/05</style></access-date></record><record><database name="NSCClibrary.enl" path="F:\NSCClibrary.enl">NSCClibrary.enl</database><source-app name="EndNote" version="17.1">EndNote</source-app><rec-number>3216</rec-number><foreign-keys><key app="EN" db-id="5s5ppfp52t55w0eadv7p5ss3vfxzs5fwwe5w">3216</key></foreign-keys><ref-type name="Book Section">5</ref-type><contributors><authors><author><style face="normal" font="default" size="100%">Laing, Lesley</style></author><author><style face="normal" font="default" size="100%">Kamsler, Amanda</style></author></authors><secondary-authors><author><style face="normal" font="default" size="100%">Durrant, M.</style></author><author><style face="normal" font="default" size="100%">White, C.</style></author></secondary-authors></contributors><titles><title><style face="normal" font="default" size="100%">Putting an end to secrecy: Therapy with mothers and children following disclosure of child sexual assault</style></title><secondary-title><style face="normal" font="default" size="100%">Ideas for therapy with sexual abuse</style></secondary-title></titles><periodical><full-title><style face="normal" font="default" size="100%">Ideas for therapy with sexual abuse</style></full-title></periodical><pages><style face="normal" font="default" size="100%">159-179</style></pages><section><style face="normal" font="default" size="100%">6</style></section><keywords><keyword><style face="normal" font="default" size="100%">Disclosure</style></keyword><keyword><style face="normal" font="default" size="100%">Incest</style></keyword><keyword><style face="normal" font="default" size="100%">Intrafamilial sexual abuse</style></keyword><keyword><style face="normal" font="default" size="100%">Mothers</style></keyword><keyword><style face="normal" font="default" size="100%">Non-abusive parent</style></keyword><keyword><style face="normal" font="default" size="100%">Non-offending parent</style></keyword><keyword><style face="normal" font="default" size="100%">Survivors</style></keyword><keyword><style face="normal" font="default" size="100%">Therapy</style></keyword><keyword><style face="normal" font="default" size="100%">Victim treatment</style></keyword></keywords><dates><year><style face="normal" font="default" size="100%">1990</style></year></dates><pub-location><style face="normal" font="default" size="100%">Adelaide, SA</style></pub-location><publisher><style face="normal" font="default" size="100%">Dulwich Centre Publications</style></publisher><abstract><style face="normal" font="default" size="100%">This chapter discusses an approach to therapy with mothers and children, following the disclosure of intrafamilial child sexual assault. While specifically addressing the situation where the offender is in a parental role, either biological or social, with respect to the victim/s, many of the ideas are applicable to situations where the offender is not a father figure, but was able to assault a child by virtue of his position of trust in the child&apos;s family. The focus of the chapter is on ongoing therapy, rather than crisis intervention at the time of disclosure.</style></abstract><urls><pdf-urls><url>internal-pdf://Laing et al 1990 - Putting an end to secrecy-3360790785/Laing et al 1990 - Putting an end to secrecy.pdf</url></pdf-urls></urls></record><record><database name="NSCClibrary.enl" path="F:\NSCClibrary.enl">NSCClibrary.enl</database><source-app name="EndNote" version="17.1">EndNote</source-app><rec-number>4252</rec-number><foreign-keys><key app="EN" db-id="5s5ppfp52t55w0eadv7p5ss3vfxzs5fwwe5w">4252</key></foreign-keys><ref-type name="Journal Article">17</ref-type><contributors><authors><author><style face="normal" font="default" size="100%">Lovett, Beverly B.</style></author></authors></contributors><titles><title><style face="normal" font="default" size="100%">Child sexual abuse: The female victim&apos;s relationship with her nonoffending mother</style></title><secondary-title><style face="normal" font="default" size="100%">Child Abuse &amp; Neglect</style></secondary-title></titles><periodical><full-title><style face="normal" font="default" size="100%">Child Abuse &amp; Neglect</style></full-title></periodical><pages><style face="normal" font="default" size="100%">729-738</style></pages><volume><style face="normal" font="default" size="100%">19</style></volume><number><style face="normal" font="default" size="100%">6</style></number><keywords><keyword><style face="normal" font="default" size="100%">Effects</style></keyword><keyword><style face="normal" font="default" size="100%">Impact</style></keyword><keyword><style face="normal" font="default" size="100%">Mothers</style></keyword><keyword><style face="normal" font="default" size="100%">Non-abusive parent</style></keyword><keyword><style face="normal" font="default" size="100%">Non-offending parent</style></keyword><keyword><style face="normal" font="default" size="100%">Sexual abuse</style></keyword><keyword><style face="normal" font="default" size="100%">Survivors</style></keyword><keyword><style face="normal" font="default" size="100%">Victims</style></keyword></keywords><dates><year><style face="normal" font="default" size="100%">1995</style></year></dates><isbn><style face="normal" font="default" size="100%">0145-2134</style></isbn><abstract><style face="normal" font="default" size="100%">The present study is an empirical analysis of 60 female victims of sexual abuse and their perceptions of their relationship with their non-offending mothers. Contrary to much of the sexual abuse literature, which suggests a hostile and rejecting relationship, this study finds that the victims perceived a warm and accepting relationship with their mothers. The present study examines female victims of sexual abuse ages 7–12, who were interviewed within a few weeks of disclosure. Data collection includes the Parental Acceptance/Rejection Questionnaire and the Child Behavior Checklist by Achenbach. Sexual abuse variables related to the nature of the sexual abuse are also analysed. Results indicate that sexually abused girls who perceived lower levels of maternal rejection had higher competency ratings and fewer behaviour problems as compared with victims who perceived higher levels of maternal rejection. Abuse involving force by the offender is correlated with lower competency in the victims. More violent abuse is correlated with externalising behaviour problems and sexual behaviour problems.</style></abstract><urls><related-urls><url><style face="normal" font="default" size="100%">http://www.sciencedirect.com/science/article/pii/014521349500030C</style></url></related-urls><pdf-urls><url>internal-pdf://Lovett et al 1995 - Child sexual-0908630785/Lovett et al 1995 - Child sexual.pdf</url></pdf-urls></urls></record><record><database name="NSCClibrary.enl" path="F:\NSCClibrary.enl">NSCClibrary.enl</database><source-app name="EndNote" version="17.1">EndNote</source-app><rec-number>3723</rec-number><foreign-keys><key app="EN" db-id="5s5ppfp52t55w0eadv7p5ss3vfxzs5fwwe5w">3723</key></foreign-keys><ref-type name="Journal Article">17</ref-type><contributors><authors><author><style face="normal" font="default" size="100%">McIntyre, Kevin</style></author></authors></contributors><titles><title><style face="normal" font="default" size="100%">Role of mothers in father-daughter incest: A feminist analysis</style></title><secondary-title><style face="normal" font="default" size="100%">Social Work</style></secondary-title></titles><periodical><full-title><style face="normal" font="default" size="100%">Social work</style></full-title></periodical><pages><style face="normal" font="default" size="100%">462-466</style></pages><volume><style face="normal" font="default" size="100%">26</style></volume><number><style face="normal" font="default" size="100%">6</style></number><keywords><keyword><style face="normal" font="default" size="100%">Child sexual abuse</style></keyword><keyword><style face="normal" font="default" size="100%">Incest</style></keyword><keyword><style face="normal" font="default" size="100%">Intrafamilial sexual abuse</style></keyword><keyword><style face="normal" font="default" size="100%">Mother blaming</style></keyword><keyword><style face="normal" font="default" size="100%">Mothers</style></keyword><keyword><style face="normal" font="default" size="100%">Non-abusive parent</style></keyword><keyword><style face="normal" font="default" size="100%">Non-offending parent</style></keyword><keyword><style face="normal" font="default" size="100%">Victim treatment</style></keyword></keywords><dates><year><style face="normal" font="default" size="100%">1981</style></year><pub-dates><date><style face="normal" font="default" size="100%">November 1, 1981</style></date></pub-dates></dates><abstract><style face="normal" font="default" size="100%">Much of the current theory of incest and approaches to treatment ignore the impact of a patriarchal society and culture in promoting and encouraging incestuous assault. The author examines sexist assumptions about the roles of family members, on which basis the mother—instead of the actual offender—is usually blamed for the assault. He presents an analysis of incest that seeks to help professionals empower the victims of male violence.</style></abstract><urls><related-urls><url><style face="normal" font="default" size="100%">http://sw.oxfordjournals.org/content/26/6/462.abstract</style></url></related-urls><pdf-urls><url>internal-pdf://McIntyre 1981 - Role of mothers-2623403008/McIntyre 1981 - Role of mothers.pdf</url></pdf-urls></urls><electronic-resource-num><style face="normal" font="default" size="100%">10.1093/sw/26.6.462</style></electronic-resource-num></record><record><database name="NSCClibrary.enl" path="F:\NSCClibrary.enl">NSCClibrary.enl</database><source-app name="EndNote" version="17.1">EndNote</source-app><rec-number>3422</rec-number><foreign-keys><key app="EN" db-id="5s5ppfp52t55w0eadv7p5ss3vfxzs5fwwe5w">3422</key></foreign-keys><ref-type name="Journal Article">17</ref-type><contributors><authors><author><style face="normal" font="default" size="100%">Newman, L.</style></author><author><style face="normal" font="default" size="100%">Stevenson, C.</style></author></authors></contributors><titles><title><style face="normal" font="default" size="100%">Parenting and borderline personality disorder: Ghosts in the nursery</style></title><secondary-title><style face="normal" font="default" size="100%">Clinical Child Psychology and Psychiatry</style></secondary-title></titles><periodical><full-title><style face="normal" font="default" size="100%">Clinical child psychology and psychiatry</style></full-title></periodical><pages><style face="normal" font="default" size="100%">385-394</style></pages><volume><style face="normal" font="default" size="100%">10</style></volume><number><style face="normal" font="default" size="100%">3</style></number><keywords><keyword><style face="normal" font="default" size="100%">Attachment</style></keyword><keyword><style face="normal" font="default" size="100%">Borderline personality disorder</style></keyword><keyword><style face="normal" font="default" size="100%">Mother-child relations</style></keyword><keyword><style face="normal" font="default" size="100%">Mothers</style></keyword><keyword><style face="normal" font="default" size="100%">Parents</style></keyword></keywords><dates><year><style face="normal" font="default" size="100%">2005</style></year></dates><isbn><style face="normal" font="default" size="100%">1359-1045</style></isbn><abstract><style face="normal" font="default" size="100%">This article reviews parenting issues for mothers with a diagnosis of borderline personality disorder. Motivation for parenting, conflicts and challenges associated with parenting and outcomes for infant and child development are considered. Implications for current therapeutic practice with families are outlined.</style></abstract><urls><pdf-urls><url>internal-pdf://Newman et al 2005 - Parenting and borderline personality-0143551489/Newman et al 2005 - Parenting and borderline personality.pdf</url></pdf-urls></urls></record><record><database name="NSCClibrary.enl" path="F:\NSCClibrary.enl">NSCClibrary.enl</database><source-app name="EndNote" version="17.1">EndNote</source-app><rec-number>3120</rec-number><foreign-keys><key app="EN" db-id="5s5ppfp52t55w0eadv7p5ss3vfxzs5fwwe5w">3120</key><key app="ENWeb" db-id="">0</key></foreign-keys><ref-type name="Journal Article">17</ref-type><contributors><authors><author><style face="normal" font="default" size="100%">Peterson, Robert F.</style></author><author><style face="normal" font="default" size="100%">Basta, Samuel M.</style></author><author><style face="normal" font="default" size="100%">Dykstra, Thane A.</style></author></authors></contributors><titles><title><style face="normal" font="default" size="100%">Mothers of molested children: Some comparisons of personality characteristics</style></title><secondary-title><style face="normal" font="default" size="100%">Child Abuse &amp; Neglect</style></secondary-title></titles><periodical><full-title><style face="normal" font="default" size="100%">Child Abuse &amp; Neglect</style></full-title></periodical><pages><style face="normal" font="default" size="100%">409-418</style></pages><volume><style face="normal" font="default" size="100%">17</style></volume><number><style face="normal" font="default" size="100%">3</style></number><keywords><keyword><style face="normal" font="default" size="100%">Child sexual abuse</style></keyword><keyword><style face="normal" font="default" size="100%">Mothers</style></keyword><keyword><style face="normal" font="default" size="100%">Non-abusive parent</style></keyword><keyword><style face="normal" font="default" size="100%">Non-offending parent</style></keyword><keyword><style face="normal" font="default" size="100%">Personality</style></keyword></keywords><dates><year><style face="normal" font="default" size="100%">1993</style></year></dates><isbn><style face="normal" font="default" size="100%">0145-2134</style></isbn><abstract><style face="normal" font="default" size="100%">The Clinical Analysis Questionnaire (CAQ) was used to study the personality characteristics of three groups of mothers: one whose children had been molested by a family member (n = 13), a second group whose children had been molested by a teacher (n = 15), and a group of control mothers whose children had not been molested (n = 12). There were few disparities between the two groups of mothers of molested children. When the molested groups were combined and compared to controls, they differed on only one scale measuring normal personality functioning. Significant differences between mothers of molested children and control mothers were found on 7 of the 12 scales measuring abnormal functioning. In addition, significant correlations were obtained between mother&apos;s scores and children&apos;s scores on the Adjustment scale of the Personality Inventory for Children (PIC). Results were discussed in terms of the lack of differences between the two molested groups, the role of mothers in sexual abuse, and the relationship of maternal clinical symptoms to child maladjustment.</style></abstract><urls><pdf-urls><url>internal-pdf://Peterson et al 1993 - Mothers of molested-4239912449/Peterson et al 1993 - Mothers of molested.pdf</url></pdf-urls></urls></record><record><database name="NSCClibrary.enl" path="F:\NSCClibrary.enl">NSCClibrary.enl</database><source-app name="EndNote" version="17.1">EndNote</source-app><rec-number>3122</rec-number><foreign-keys><key app="EN" db-id="5s5ppfp52t55w0eadv7p5ss3vfxzs5fwwe5w">3122</key></foreign-keys><ref-type name="Journal Article">17</ref-type><contributors><authors><author><style face="normal" font="default" size="100%">Pintello, Denise</style></author><author><style face="normal" font="default" size="100%">Zuravin, Susan J.</style></author></authors></contributors><titles><title><style face="normal" font="default" size="100%">Intrafamilial child sexual abuse: Predictors of postdisclosure maternal belief and protective action</style></title><secondary-title><style face="normal" font="default" size="100%">Child Maltreatment</style></secondary-title></titles><periodical><full-title><style face="normal" font="default" size="100%">Child Maltreatment</style></full-title></periodical><pages><style face="normal" font="default" size="100%">344-352</style></pages><volume><style face="normal" font="default" size="100%">6</style></volume><number><style face="normal" font="default" size="100%">4</style></number><keywords><keyword><style face="normal" font="default" size="100%">Child sexual abuse</style></keyword><keyword><style face="normal" font="default" size="100%">Incest</style></keyword><keyword><style face="normal" font="default" size="100%">Intervention</style></keyword><keyword><style face="normal" font="default" size="100%">Intrafamilial sexual abuse</style></keyword><keyword><style face="normal" font="default" size="100%">Mothers</style></keyword><keyword><style face="normal" font="default" size="100%">Non-abusive parent</style></keyword><keyword><style face="normal" font="default" size="100%">Non-offending parent</style></keyword></keywords><dates><year><style face="normal" font="default" size="100%">2001</style></year></dates><isbn><style face="normal" font="default" size="100%">1077-5595</style></isbn><abstract><style face="normal" font="default" size="100%">The two purposes of this study were to determine the percentage of nonoffending, biological mothers who were concordant for belief and protection of their sexually abused children and to examine maternal, child, and situational characteristics that predict such concordance. Data were collected on a sample of 435 mothers. Descriptive statistics and logistic regression were utilized to identify the proportion and the predictors of maternal belief and protective action. Findings indicated that mothers were more likely to believe and protect when they postponed the birth of their first child until reaching adulthood, when they were not a current sexual partner of the offender, when they did not have knowledge of the sexual abuse prior to the child&apos;s disclosure, and when the victim did not exhibit sexualized behavior. These findings have the potential to enhance the efficacy of child welfare interventions by underscoring the importance of maternal belief and protection. Further empirical study is recommended to investigate predictors of ambivalent maternal responses to her child&apos;s sexual victimisation.</style></abstract><urls><pdf-urls><url>internal-pdf://Pintello et al 2001 - Intrafamilial child sexual-2830313217/Pintello et al 2001 - Intrafamilial child sexual.pdf</url></pdf-urls></urls></record><record><database name="NSCClibrary.enl" path="F:\NSCClibrary.enl">NSCClibrary.enl</database><source-app name="EndNote" version="17.1">EndNote</source-app><rec-number>3722</rec-number><foreign-keys><key app="EN" db-id="5s5ppfp52t55w0eadv7p5ss3vfxzs5fwwe5w">3722</key></foreign-keys><ref-type name="Journal Article">17</ref-type><contributors><authors><author><style face="normal" font="default" size="100%">Plummer, Carol A.</style></author></authors></contributors><titles><title><style face="normal" font="default" size="100%">The discovery process: What mothers see and do in gaining awareness of the sexual abuse of their children</style></title><secondary-title><style face="normal" font="default" size="100%">Child Abuse &amp; Neglect</style></secondary-title></titles><periodical><full-title><style face="normal" font="default" size="100%">Child Abuse &amp; Neglect</style></full-title></periodical><pages><style face="normal" font="default" size="100%">1227-1237</style></pages><volume><style face="normal" font="default" size="100%">30</style></volume><number><style face="normal" font="default" size="100%">11</style></number><keywords><keyword><style face="normal" font="default" size="100%">Child sexual abuse</style></keyword><keyword><style face="normal" font="default" size="100%">Disclosure</style></keyword><keyword><style face="normal" font="default" size="100%">Incest</style></keyword><keyword><style face="normal" font="default" size="100%">Intrafamilial sexual abuse</style></keyword><keyword><style face="normal" font="default" size="100%">Mothers</style></keyword><keyword><style face="normal" font="default" size="100%">Non-abusive parent</style></keyword><keyword><style face="normal" font="default" size="100%">Non-offending parent</style></keyword></keywords><dates><year><style face="normal" font="default" size="100%">2006</style></year></dates><isbn><style face="normal" font="default" size="100%">0145-2134</style></isbn><abstract><style face="normal" font="default" size="100%">Objective: The aim of this study was to explore how mothers discovered that their children had been sexually abused. The exploration included learning from whom or in what ways mothers learned about the abuse, whether there were prior suspicions, if actions were taken to determine likelihood of abuse, and the barriers to recognising abuse. Method: An exploratory survey of 125 nonabusive mothers of sexually abused children in three clinical sites was used. The sample included primarily Caucasians and African-Americans in a Midwestern state. A focus group study was used to develop the instrument. The survey was analysed using descriptive statistics. Results: Mothers first came to learn of sexual abuse from a verbal report (42%) or behaviours (15%) of their victimised child. Almost half of the mothers had a sense that something was “not quite right” prior to knowing about the abuse. Mothers took many actions to try to clarify what was occurring including talking with their child (66%) or watching things more closely (39%). Evidence most convincing mothers of the abuse included child&apos;s disclosure (74%), child&apos;s behavior (66%), and child&apos;s emotions (60%). Factors increasing uncertainty included denial by the abuser (21%). Conclusions This exploratory study provides initial data on how mothers come to learn of and believe the sexual abuse of their children. Educating mothers about effective ways to explore suspicions and weigh the evidence for or against abuse may enhance maternal protection and expedite investigations.</style></abstract><urls><related-urls><url><style face="normal" font="default" size="100%">http://www.sciencedirect.com/science/article/pii/S0145213406002377</style></url></related-urls><pdf-urls><url>internal-pdf://Plummer 2006 - The discovery process-1572475905/Plummer 2006 - The discovery process.pdf</url></pdf-urls></urls><electronic-resource-num><style face="normal" font="default" size="100%">10.1016/j.chiabu.2006.05.007</style></electronic-resource-num></record><record><database name="NSCClibrary.enl" path="F:\NSCClibrary.enl">NSCClibrary.enl</database><source-app name="EndNote" version="17.1">EndNote</source-app><rec-number>3673</rec-number><foreign-keys><key app="EN" db-id="5s5ppfp52t55w0eadv7p5ss3vfxzs5fwwe5w">3673</key></foreign-keys><ref-type name="Journal Article">17</ref-type><contributors><authors><author><style face="normal" font="default" size="100%">Shannon, Karen Leila</style></author><author><style face="normal" font="default" size="100%">Pearce, Emma</style></author><author><style face="normal" font="default" size="100%">Swarbrick, Rebecca</style></author></authors></contributors><titles><title><style face="normal" font="default" size="100%">Factors influencing the development of an innovative service for women non-offending partners (NOPs) of male sexual offenders</style></title><secondary-title><style face="normal" font="default" size="100%">Journal of Sexual Aggression</style></secondary-title></titles><periodical><full-title><style face="normal" font="default" size="100%">Journal of Sexual Aggression</style></full-title></periodical><pages><style face="normal" font="default" size="100%">1-12</style></pages><volume><style face="normal" font="default" size="100%">OnlineFirst</style></volume><keywords><keyword><style face="normal" font="default" size="100%">Child protection</style></keyword><keyword><style face="normal" font="default" size="100%">Child sexual abuse</style></keyword><keyword><style face="normal" font="default" size="100%">Cognitive analytical theory</style></keyword><keyword><style face="normal" font="default" size="100%">Mothers</style></keyword><keyword><style face="normal" font="default" size="100%">Non-abusive parent</style></keyword><keyword><style face="normal" font="default" size="100%">Non-offending parent</style></keyword><keyword><style face="normal" font="default" size="100%">Therapeutic intervention</style></keyword><keyword><style face="normal" font="default" size="100%">Women</style></keyword></keywords><dates><year><style face="normal" font="default" size="100%">2012</style></year></dates><publisher><style face="normal" font="default" size="100%">Routledge</style></publisher><isbn><style face="normal" font="default" size="100%">1355-2600</style></isbn><abstract><style face="normal" font="default" size="100%">There is a paucity of published statistical information regarding women who are in relationships with men who pose a sexual risk to children. Women non-offending partners (NOPS) fulfil various important roles such as mother, stepmother, carer and supervisor, and need individual psychological formulations and programmes of therapeutic intervention to help increase their abilities to protect their children from sexual harm. This paper provides a description of an innovative service for NOPs with an emphasis upon exploring the sociopolitical context and developing a psychological understanding of the needs of this marginalised client group. We conclude that as part of a public health approach to sexual violence, academic researchers, professionals and clinicians need to work collaboratively to address the unique needs of NOPs. If, as a society, we place paramount importance, and prioritise, safeguarding children, there needs to be acknowledgement and increased resources and appropriate services, including psychological intervention for non-offending partners.</style></abstract><urls><related-urls><url><style face="normal" font="default" size="100%">http://www.tandfonline.com/doi/abs/10.1080/13552600.2012.729092</style></url></related-urls><pdf-urls><url>internal-pdf://Shannon et al 2012 - Factors influencing-3576997888/Shannon et al 2012 - Factors influencing.pdf</url></pdf-urls></urls><electronic-resource-num><style face="normal" font="default" size="100%">10.1080/13552600.2012.729092</style></electronic-resource-num><access-date><style face="normal" font="default" size="100%">2012/10/16</style></access-date></record><record><database name="NSCClibrary.enl" path="F:\NSCClibrary.enl">NSCClibrary.enl</database><source-app name="EndNote" version="17.1">EndNote</source-app><rec-number>3728</rec-number><foreign-keys><key app="EN" db-id="5s5ppfp52t55w0eadv7p5ss3vfxzs5fwwe5w">3728</key></foreign-keys><ref-type name="Journal Article">17</ref-type><contributors><authors><author><style face="normal" font="default" size="100%">Sirles, Elizabeth A.</style></author><author><style face="normal" font="default" size="100%">Franke, Pamela J.</style></author></authors></contributors><titles><title><style face="normal" font="default" size="100%">Factors influencing mothers&apos; reactions to intrafamily sexual abuse</style></title><secondary-title><style face="normal" font="default" size="100%">Child Abuse &amp; Neglect</style></secondary-title></titles><periodical><full-title><style face="normal" font="default" size="100%">Child Abuse &amp; Neglect</style></full-title></periodical><pages><style face="normal" font="default" size="100%">131-139</style></pages><volume><style face="normal" font="default" size="100%">13</style></volume><number><style face="normal" font="default" size="100%">1</style></number><keywords><keyword><style face="normal" font="default" size="100%">Child sexual abuse</style></keyword><keyword><style face="normal" font="default" size="100%">Disclosure</style></keyword><keyword><style face="normal" font="default" size="100%">Incest</style></keyword><keyword><style face="normal" font="default" size="100%">Intrafamilial sexual abuse</style></keyword><keyword><style face="normal" font="default" size="100%">Mothers</style></keyword><keyword><style face="normal" font="default" size="100%">Non-abusive parent</style></keyword><keyword><style face="normal" font="default" size="100%">Non-offending parent</style></keyword></keywords><dates><year><style face="normal" font="default" size="100%">1989</style></year></dates><isbn><style face="normal" font="default" size="100%">0145-2134</style></isbn><abstract><style face="normal" font="default" size="100%">A mother&apos;s question of whether to believe her child&apos;s disclosure of intrafamily child sexual abuse is complex, with many factors influencing her conclusion. Variables related to the abuse and to the family&apos;s functioning are examined to determine if particular circumstances are too threatening to mothers, resulting in their disbelief. The findings indicate that the age of the victim, nature of the abuse, presence of the mother in the home during the abuse, relationship of the victim to the offender, prior physical abuse of the child, and alcohol abuse by the offender all contribute to a mother&apos;s conclusion regarding the reported abuse. The majority of mothers do believe their child, with difficult situations and other family Stressors occasionally detracting from a mother&apos;s willingness to accept the report.</style></abstract><urls><related-urls><url><style face="normal" font="default" size="100%">http://www.sciencedirect.com/science/article/pii/0145213489900367</style></url></related-urls><pdf-urls><url>internal-pdf://Sirles et al 1989 - Factors influencing-0516617985/Sirles et al 1989 - Factors influencing.pdf</url></pdf-urls></urls><electronic-resource-num><style face="normal" font="default" size="100%">10.1016/0145-2134(89)90036-7</style></electronic-resource-num></record><record><database name="NSCClibrary.enl" path="F:\NSCClibrary.enl">NSCClibrary.enl</database><source-app name="EndNote" version="17.1">EndNote</source-app><rec-number>3896</rec-number><foreign-keys><key app="EN" db-id="5s5ppfp52t55w0eadv7p5ss3vfxzs5fwwe5w">3896</key></foreign-keys><ref-type name="Book Section">5</ref-type><contributors><authors><author><style face="normal" font="default" size="100%">Smith, Gerrilyn</style></author></authors><secondary-authors><author><style face="normal" font="default" size="100%">Morrison, Tony</style></author><author><style face="normal" font="default" size="100%">Erooga, Marcus</style></author><author><style face="normal" font="default" size="100%">Beckett, Richard C.</style></author></secondary-authors></contributors><titles><title><style face="normal" font="default" size="100%">Parent, partner, protector: Conflicting role demands for mothers of sexually abused children</style></title><secondary-title><style face="normal" font="default" size="100%">Sexual offending against children: Assessment and treatment of male abusers</style></secondary-title></titles><pages><style face="normal" font="default" size="100%">178-202</style></pages><section><style face="normal" font="default" size="100%">8</style></section><keywords><keyword><style face="normal" font="default" size="100%">Mother blaming</style></keyword><keyword><style face="normal" font="default" size="100%">Mothers</style></keyword><keyword><style face="normal" font="default" size="100%">Non-abusive parent</style></keyword><keyword><style face="normal" font="default" size="100%">Non-offending parent</style></keyword></keywords><dates><year><style face="normal" font="default" size="100%">1994</style></year></dates><pub-location><style face="normal" font="default" size="100%">London</style></pub-location><publisher><style face="normal" font="default" size="100%">Routledge</style></publisher><abstract><style face="normal" font="default" size="100%">This chapter describes a model recommended for use in the establishment of an appropriate protective framework by concentrating on the prevention of re-abuse. It focuses on the issues involved in working with the family, particularly the non-abusing parent. As in most cases identified to date this is a female, the non-abusing parent is assumed here to be the mother. Non-abusing is not synonymous with protective, but is used to mean not having actively participated in the sexual abuse of the children. She may have failed to protect, and she may have known about the abuse. Some key issues presented should be transferable to other sexually abusive situations, for example in families where the offender is a stranger or another child of the family, and where there may be two non-abusing parents.</style></abstract><urls><pdf-urls><url>internal-pdf://Smith 1994 - Parent partner-2688227841/Smith 1994 - Parent partner.pdf</url></pdf-urls></urls></record><record><database name="NSCClibrary.enl" path="F:\NSCClibrary.enl">NSCClibrary.enl</database><source-app name="EndNote" version="17.1">EndNote</source-app><rec-number>4390</rec-number><foreign-keys><key app="EN" db-id="5s5ppfp52t55w0eadv7p5ss3vfxzs5fwwe5w">4390</key></foreign-keys><ref-type name="Journal Article">17</ref-type><contributors><authors><author><style face="normal" font="default" size="100%">Stroebel, Sandra S.</style></author><author><style face="normal" font="default" size="100%">Kuo, Shih-Ya</style></author><author><style face="normal" font="default" size="100%">O’Keefe, Stephen L.</style></author><author><style face="normal" font="default" size="100%">Beard, Keith W.</style></author><author><style face="normal" font="default" size="100%">Swindell, Sam</style></author><author><style face="normal" font="default" size="100%">Kommor, Martin J.</style></author></authors></contributors><titles><title><style face="normal" font="default" size="100%">Risk Factors for Father–Daughter Incest: Data From an Anonymous Computerized Survey</style></title><secondary-title><style face="normal" font="default" size="100%">Sexual Abuse: A Journal of Research and Treatment</style></secondary-title></titles><periodical><full-title><style face="normal" font="default" size="100%">Sexual Abuse: A Journal of Research and Treatment</style></full-title></periodical><pages><style face="normal" font="default" size="100%">583-605</style></pages><volume><style face="normal" font="default" size="100%">25</style></volume><number><style face="normal" font="default" size="100%">6</style></number><keywords><keyword><style face="normal" font="default" size="100%">Father-daughter incest</style></keyword><keyword><style face="normal" font="default" size="100%">Incest</style></keyword><keyword><style face="normal" font="default" size="100%">Interfamilial sexual abuse</style></keyword><keyword><style face="normal" font="default" size="100%">Computerized survey</style></keyword><keyword><style face="normal" font="default" size="100%">Risk factors</style></keyword></keywords><dates><year><style face="normal" font="default" size="100%">2013</style></year><pub-dates><date><style face="normal" font="default" size="100%">December 1, 2013</style></date></pub-dates></dates><abstract><style face="normal" font="default" size="100%">Retrospective data from 2,034 female participants, provided anonymously using a computer-assisted self-interview, were used to identify risk factors for father–daughter incest (FDI). A total of 51 participants had reported having experienced FDI. The risk factors identified within the nuclear family by the multiple logistic regression analysis included the following: (a) Having parents whose relationship included verbal or physical fighting or brutality increased the likelihood of FDI by approximately 5 times; (b) families accepting father–daughter nudity as measured by a scale with values ranging from 0 to 4 increased the likelihood of FDI by approximately 2 times for each unit value increase of 1 above 0; (c) demonstrating maternal affection protected against FDI. The likelihood of being a victim of FDI was highest if the participant’s mother never kissed or hugged her; it decreased by 0.44 for a 1-unit increase in affection and by 0.19 times for a 2-unit increase; and (d) being in homes headed by single-parent mothers or where divorce or death of the father had resulted in a man other than the biological father living in the home increased the risk of FDI by approximately 3.2 times. The results were consistent with the idea that FDI in many families was the cumulative result of a circular pattern of interactions, a finding that has implications for treatment of the perpetrator, the victim, and the families. The data also suggested it may be possible to design an information program for parents that will result in reducing the risk of FDI in families implementing the program’s recommendations.</style></abstract><urls><related-urls><url><style face="normal" font="default" size="100%">http://sax.sagepub.com/content/25/6/583.abstract</style></url></related-urls><pdf-urls><url>internal-pdf://3871426465/Stroebel2013Risk Factors.pdf</url></pdf-urls></urls><electronic-resource-num><style face="normal" font="default" size="100%">10.1177/1079063212470706</style></electronic-resource-num></record><record><database name="NSCClibrary.enl" path="F:\NSCClibrary.enl">NSCClibrary.enl</database><source-app name="EndNote" version="17.1">EndNote</source-app><rec-number>3725</rec-number><foreign-keys><key app="EN" db-id="5s5ppfp52t55w0eadv7p5ss3vfxzs5fwwe5w">3725</key></foreign-keys><ref-type name="Journal Article">17</ref-type><contributors><authors><author><style face="normal" font="default" size="100%">Tamraz, Djenane Nakhle</style></author></authors></contributors><titles><title><style face="normal" font="default" size="100%">Nonoffending mothers of sexually abused children: Comparison of opinions and research</style></title><secondary-title><style face="normal" font="default" size="100%">Journal of Child Sexual Abuse</style></secondary-title></titles><periodical><full-title><style face="normal" font="default" size="100%">Journal of Child Sexual Abuse</style></full-title></periodical><pages><style face="normal" font="default" size="100%">75-104</style></pages><volume><style face="normal" font="default" size="100%">5</style></volume><number><style face="normal" font="default" size="100%">4</style></number><keywords><keyword><style face="normal" font="default" size="100%">Child sexual abuse</style></keyword><keyword><style face="normal" font="default" size="100%">Feminism</style></keyword><keyword><style face="normal" font="default" size="100%">Gender</style></keyword><keyword><style face="normal" font="default" size="100%">Incest</style></keyword><keyword><style face="normal" font="default" size="100%">Intrafamilial sexual abuse</style></keyword><keyword><style face="normal" font="default" size="100%">Mothers</style></keyword><keyword><style face="normal" font="default" size="100%">Non-abusive parent</style></keyword><keyword><style face="normal" font="default" size="100%">Non-offending parent</style></keyword><keyword><style face="normal" font="default" size="100%">Post-traumatic stress disorder</style></keyword><keyword><style face="normal" font="default" size="100%">PTSD</style></keyword></keywords><dates><year><style face="normal" font="default" size="100%">1997</style></year><pub-dates><date><style face="normal" font="default" size="100%">1997/04/10</style></date></pub-dates></dates><publisher><style face="normal" font="default" size="100%">Routledge</style></publisher><isbn><style face="normal" font="default" size="100%">1053-8712</style></isbn><abstract><style face="normal" font="default" size="100%">Literature on nonoffending mothers of sexually abused children is reviewed, dichotomised into opinion-based and research-based information, and analysed. The feminist perspective on gender role dichotomy is applied to the opinion-based literature, and a posttraumatic stress disorder framework is used for interpretation of the research-based literature. The author argues that most information on nonoffending mothers is opinion-based, not research-based, but that opinions have been accorded the same validity as research findings. However, opinions cannot substitute for research. Knowledge of nonoffending mothers should only be based on valid sources of information; their roles into incest dynamics will otherwise be invariably confounded by murky data.</style></abstract><urls><related-urls><url><style face="normal" font="default" size="100%">http://dx.doi.org/10.1300/J070v05n04_05</style></url></related-urls><pdf-urls><url>internal-pdf://Tamraz 1996 - Nonoffending mothers-1589830401/Tamraz 1996 - Nonoffending mothers.pdf</url></pdf-urls></urls><electronic-resource-num><style face="normal" font="default" size="100%">10.1300/J070v05n04_05</style></electronic-resource-num><access-date><style face="normal" font="default" size="100%">2012/11/05</style></access-date></record><record><database name="NSCClibrary.enl" path="F:\NSCClibrary.enl">NSCClibrary.enl</database><source-app name="EndNote" version="17.1">EndNote</source-app><rec-number>3726</rec-number><foreign-keys><key app="EN" db-id="5s5ppfp52t55w0eadv7p5ss3vfxzs5fwwe5w">3726</key></foreign-keys><ref-type name="Journal Article">17</ref-type><contributors><authors><author><style face="normal" font="default" size="100%">Westerlund, Elaine</style></author></authors></contributors><titles><title><style face="normal" font="default" size="100%">Counseling women with histories of incest</style></title><secondary-title><style face="normal" font="default" size="100%">Women &amp; Therapy</style></secondary-title></titles><periodical><full-title><style face="normal" font="default" size="100%">Women &amp; Therapy</style></full-title></periodical><pages><style face="normal" font="default" size="100%">17-31</style></pages><volume><style face="normal" font="default" size="100%">2</style></volume><number><style face="normal" font="default" size="100%">4</style></number><keywords><keyword><style face="normal" font="default" size="100%">Disclosure</style></keyword><keyword><style face="normal" font="default" size="100%">Female</style></keyword><keyword><style face="normal" font="default" size="100%">Incest</style></keyword><keyword><style face="normal" font="default" size="100%">Intrafamilial sexual abuse</style></keyword><keyword><style face="normal" font="default" size="100%">Mothers</style></keyword><keyword><style face="normal" font="default" size="100%">Non-abusive parent</style></keyword><keyword><style face="normal" font="default" size="100%">Non-offending parent</style></keyword></keywords><dates><year><style face="normal" font="default" size="100%">1983</style></year><pub-dates><date><style face="normal" font="default" size="100%">1983/12/26</style></date></pub-dates></dates><publisher><style face="normal" font="default" size="100%">Routledge</style></publisher><isbn><style face="normal" font="default" size="100%">0270-3149</style></isbn><abstract><style face="normal" font="default" size="100%">Counsellors working with women (and men) should routinely ask about sexually abusive experiences of childhood and adolescence.</style></abstract><urls><pdf-urls><url>internal-pdf://Westerlund 1983 - Counseling women-1698001921/Westerlund 1983 - Counseling women.pdf</url></pdf-urls></urls><electronic-resource-num><style face="normal" font="default" size="100%">10.1300/J015v02n04_03</style></electronic-resource-num></record></records></xml>