<?xml version="1.0" encoding="UTF-8" ?><xml><records><record><database name="NSCClibrary.enl" path="F:\NSCClibrary.enl">NSCClibrary.enl</database><source-app name="EndNote" version="17.1">EndNote</source-app><rec-number>2946</rec-number><foreign-keys><key app="EN" db-id="5s5ppfp52t55w0eadv7p5ss3vfxzs5fwwe5w">2946</key></foreign-keys><ref-type name="Journal Article">17</ref-type><contributors><authors><author><style face="normal" font="default" size="100%">Belone, Cecilia</style></author><author><style face="normal" font="default" size="100%">Gonzalez-Santin, Edwin</style></author><author><style face="normal" font="default" size="100%">Gustavsson, Nora</style></author><author><style face="normal" font="default" size="100%">MacEachron, Ann E.</style></author><author><style face="normal" font="default" size="100%">Perry, Timothy</style></author></authors></contributors><titles><title><style face="normal" font="default" size="100%">Social services: The Navajo way</style></title><secondary-title><style face="normal" font="default" size="100%">Child Welfare</style></secondary-title></titles><periodical><full-title><style face="normal" font="default" size="100%">Child Welfare</style></full-title></periodical><pages><style face="normal" font="default" size="100%">773-90</style></pages><volume><style face="normal" font="default" size="100%">81</style></volume><number><style face="normal" font="default" size="100%">5</style></number><keywords><keyword><style face="normal" font="default" size="100%">Case management</style></keyword><keyword><style face="normal" font="default" size="100%">Child welfare</style></keyword><keyword><style face="normal" font="default" size="100%">Cultural care</style></keyword><keyword><style face="normal" font="default" size="100%">Cultural safety</style></keyword><keyword><style face="normal" font="default" size="100%">Indigenous</style></keyword><keyword><style face="normal" font="default" size="100%">Native Americans</style></keyword></keywords><dates><year><style face="normal" font="default" size="100%">2002</style></year></dates><isbn><style face="normal" font="default" size="100%">0009-4021</style></isbn><abstract><style face="normal" font="default" size="100%">The development of child welfare services in Indian Country followed enactment of the 1975 Indian Education and Self-Determination Act and the 1978 Indian Child Welfare Act. These acts allow tribal contracting with the Bureau of Indian Affairs (BIA) to provide social services. Because the BIA model has not fit well with Navajo needs, the Navajo Nation Division of Social Services is creating a more holistic case management paradigm for child and family services, which is more congruent with its culture and its rural, sparsely populated land.</style></abstract><urls><pdf-urls><url>internal-pdf://Belone et al 2002 - Social services-4211931136/Belone et al 2002 - Social services.pdf</url></pdf-urls></urls></record><record><database name="NSCClibrary.enl" path="F:\NSCClibrary.enl">NSCClibrary.enl</database><source-app name="EndNote" version="17.1">EndNote</source-app><rec-number>2952</rec-number><foreign-keys><key app="EN" db-id="5s5ppfp52t55w0eadv7p5ss3vfxzs5fwwe5w">2952</key></foreign-keys><ref-type name="Journal Article">17</ref-type><contributors><authors><author><style face="normal" font="default" size="100%">Berthier, M.</style></author><author><style face="normal" font="default" size="100%">Oriot, D.</style></author><author><style face="normal" font="default" size="100%">Bonneau, D.</style></author><author><style face="normal" font="default" size="100%">Chevrel, J.</style></author></authors></contributors><titles><title><style face="normal" font="default" size="100%">Failure to prevent physical child abuse despite detection of risk factors at birth and social work follow-up</style></title><secondary-title><style face="normal" font="default" size="100%">Child Abuse &amp; Neglect</style></secondary-title></titles><periodical><full-title><style face="normal" font="default" size="100%">Child Abuse &amp; Neglect</style></full-title></periodical><pages><style face="normal" font="default" size="100%">691-692</style></pages><volume><style face="normal" font="default" size="100%">1</style></volume><number><style face="normal" font="default" size="100%">7</style></number><keywords><keyword><style face="normal" font="default" size="100%">Child abuse</style></keyword><keyword><style face="normal" font="default" size="100%">Child protection</style></keyword><keyword><style face="normal" font="default" size="100%">Child welfare</style></keyword><keyword><style face="normal" font="default" size="100%">Risk factors</style></keyword><keyword><style face="normal" font="default" size="100%">Social work</style></keyword></keywords><dates><year><style face="normal" font="default" size="100%">1993</style></year></dates><isbn><style face="normal" font="default" size="100%">0145-2134</style></isbn><abstract><style face="normal" font="default" size="100%">A one month old girl was born after an unwanted pregnancy to 19- and 23-year-old parents, who became &quot;fed up&quot; with her crying, slapped her in the face and shook her. The infant was admitted to the Pediatric Intensive Care Unit (PICU) for lethargy, pallor, and abnormal movements. She was comatose and unresponsive, with a fixed dilated left pupil and clonic movements of the right side. The rest of the physical examination was normal, except for a left conjunctival hemorrhage. After sedation, intubation was performed and mechanical ventilation established. Status epilepticus was managed with phenobarbital. Coagulation tests were normal. Skull x-rays showed split cranial sutures. A CT scan showed a left subdural and several right intracerebral hematomas associated with a subarachnoid hemorrhage and massive cerebral edema. No fractures were found on total body x-rays. Despite medical management, the child&apos;s condition deteriorated and she died within 12 hours of admission.</style></abstract><urls><pdf-urls><url>internal-pdf://Berthier et al 1993 - Failure to prevent-0626212865/Berthier et al 1993 - Failure to prevent.pdf</url></pdf-urls></urls></record></records></xml>