<?xml version="1.0" encoding="UTF-8" ?><xml><records><record><database name="NSCClibrary.enl" path="F:\NSCClibrary.enl">NSCClibrary.enl</database><source-app name="EndNote" version="17.1">EndNote</source-app><rec-number>4624</rec-number><foreign-keys><key app="EN" db-id="5s5ppfp52t55w0eadv7p5ss3vfxzs5fwwe5w">4624</key></foreign-keys><ref-type name="Journal Article">17</ref-type><contributors><authors><author><style face="normal" font="default" size="100%">Berliner, Lucy</style></author><author><style face="normal" font="default" size="100%">Conte, Jon R.</style></author></authors></contributors><titles><title><style face="normal" font="default" size="100%">The process of victimization: The victims&apos; perspective</style></title><secondary-title><style face="normal" font="default" size="100%">Child Abuse &amp; Neglect</style></secondary-title></titles><periodical><full-title><style face="normal" font="default" size="100%">Child Abuse &amp; Neglect</style></full-title></periodical><pages><style face="normal" font="default" size="100%">29-40</style></pages><volume><style face="normal" font="default" size="100%">14</style></volume><number><style face="normal" font="default" size="100%">1</style></number><keywords><keyword><style face="normal" font="default" size="100%">Prevention</style></keyword><keyword><style face="normal" font="default" size="100%">Child sexual abuse</style></keyword><keyword><style face="normal" font="default" size="100%">Victims</style></keyword></keywords><dates><year><style face="normal" font="default" size="100%">1990</style></year></dates><isbn><style face="normal" font="default" size="100%">0145-2134</style></isbn><abstract><style face="normal" font="default" size="100%">Twenty-three child victims (aged 10–18 years) of childhood sexual abuse were interviewed about the victimization process, the person who abused them, and how abuse might have been prevented. Specific questions obtained information about the quality of the relationship between victim and offender, the offender&apos;s pre-abuse behavior, the explanation for the behavior given by the offender, and the child&apos;s understanding of the behavior. Results suggest that the victimization process involves three overlapping processes: sexualization of the relationship, justification of the sexual contact, and maintenance of the child&apos;s cooperation.</style></abstract><urls><pdf-urls><url>internal-pdf://2386166210/Berliner1990The Process.pdf</url></pdf-urls></urls></record><record><database name="NSCClibrary.enl" path="F:\NSCClibrary.enl">NSCClibrary.enl</database><source-app name="EndNote" version="17.1">EndNote</source-app><rec-number>3187</rec-number><foreign-keys><key app="EN" db-id="5s5ppfp52t55w0eadv7p5ss3vfxzs5fwwe5w">3187</key></foreign-keys><ref-type name="Journal Article">17</ref-type><contributors><authors><author><style face="normal" font="default" size="100%">Henaghan, R. Mark</style></author><author><style face="normal" font="default" size="100%">Taylor, Nicola J.</style></author><author><style face="normal" font="default" size="100%">Geddis, David C.</style></author></authors></contributors><titles><title><style face="normal" font="default" size="100%">Child sexual abuse (III): Child witnesses and the rules of evidence</style></title><secondary-title><style face="normal" font="default" size="100%">New Zealand Law Journal </style></secondary-title></titles><periodical><full-title><style face="normal" font="default" size="100%">New Zealand Law Journal</style></full-title></periodical><pages><style face="normal" font="default" size="100%">425-431</style></pages><volume><style face="normal" font="default" size="100%">December </style></volume><keywords><keyword><style face="normal" font="default" size="100%">Child witnesses</style></keyword><keyword><style face="normal" font="default" size="100%">Interviews</style></keyword><keyword><style face="normal" font="default" size="100%">Law</style></keyword><keyword><style face="normal" font="default" size="100%">Legal</style></keyword><keyword><style face="normal" font="default" size="100%">Social work</style></keyword><keyword><style face="normal" font="default" size="100%">Survivors</style></keyword><keyword><style face="normal" font="default" size="100%">Testimony</style></keyword><keyword><style face="normal" font="default" size="100%">Victims</style></keyword></keywords><dates><year><style face="normal" font="default" size="100%">1990</style></year></dates><abstract><style face="normal" font="default" size="100%">This series of three articles has been written by people trained in the disciplines of law, social work and medicine. Mark Henaghan is a Senior Lecturer in Law at the University of Otago, Nicola Taylor is Executive Officer of the Plunket Society and David Geddis is Medical Director of the Plunket Society. The series focuses on criminal offences where evidence of sexual abuse is the crucial issue. In the first article, a broad overview of the topic was provided. The second article dealt with ways in which accurate testimony can be obtained from child victims. In this third article the authors evaluate the rules of evidence which apply to child witnesses in cases of a sexual nature. While there have been important recent changes, the authors argue there is still more that can be done to achieve a fair balance in the criminal justice system.</style></abstract><urls><pdf-urls><url>internal-pdf://Henaghan et al 1990 - Child sexual abuse III-2406185217/Henaghan et al 1990 - Child sexual abuse III.pdf</url></pdf-urls></urls></record><record><database name="NSCClibrary.enl" path="F:\NSCClibrary.enl">NSCClibrary.enl</database><source-app name="EndNote" version="17.1">EndNote</source-app><rec-number>3245</rec-number><foreign-keys><key app="EN" db-id="5s5ppfp52t55w0eadv7p5ss3vfxzs5fwwe5w">3245</key></foreign-keys><ref-type name="Journal Article">17</ref-type><contributors><authors><author><style face="normal" font="default" size="100%">Lipovsky, Julie</style></author><author><style face="normal" font="default" size="100%">Stern, Paul</style></author></authors></contributors><titles><title><style face="normal" font="default" size="100%">Preparing children for court: An interdisciplinary view</style></title><secondary-title><style face="normal" font="default" size="100%">Child Maltreatment</style></secondary-title></titles><periodical><full-title><style face="normal" font="default" size="100%">Child Maltreatment</style></full-title></periodical><pages><style face="normal" font="default" size="100%">150-163</style></pages><volume><style face="normal" font="default" size="100%">2</style></volume><number><style face="normal" font="default" size="100%">2</style></number><keywords><keyword><style face="normal" font="default" size="100%">Child witnesses</style></keyword><keyword><style face="normal" font="default" size="100%">Courts</style></keyword><keyword><style face="normal" font="default" size="100%">Criminal justice system</style></keyword></keywords><dates><year><style face="normal" font="default" size="100%">1997</style></year><pub-dates><date><style face="normal" font="default" size="100%">May 1, 1997</style></date></pub-dates></dates><abstract><style face="normal" font="default" size="100%">Increased awareness of child abuse and neglect has been associated with an increase in focus on children as witnesses in court proceedings. Research suggests that although the experience of participating in the legal system is not inherently traumatic, it is often stressful for the child witness. This article discusses stressful influences on child witnesses and practices designed to decrease the likelihood of emotional distress and increase the child&apos;s ability to provide credible testimony. In light of the importance of interdisciplinary collaboration in the response to childhood victimization, this article addresses the roles of and links between mental health and legal professionals working with child witnesses. The concepts discussed in this article apply generally to civil, criminal, family law, and dependency cases and to cases tried before a jury and to a judge alone. It is the authors&apos; belief that the concepts discussed here are generally equally applicable in any case in which a child is a witness.</style></abstract><urls><related-urls><url><style face="normal" font="default" size="100%">http://cmx.sagepub.com/content/2/2/150.abstract</style></url></related-urls><pdf-urls><url>internal-pdf://Lipovsky et al 1997 - Preparing children for court-2488655616/Lipovsky et al 1997 - Preparing children for court.pdf</url></pdf-urls></urls><electronic-resource-num><style face="normal" font="default" size="100%">10.1177/1077559597002002008</style></electronic-resource-num></record><record><database name="NSCClibrary.enl" path="F:\NSCClibrary.enl">NSCClibrary.enl</database><source-app name="EndNote" version="17.1">EndNote</source-app><rec-number>3244</rec-number><foreign-keys><key app="EN" db-id="5s5ppfp52t55w0eadv7p5ss3vfxzs5fwwe5w">3244</key></foreign-keys><ref-type name="Journal Article">17</ref-type><contributors><authors><author><style face="normal" font="default" size="100%">Lipovsky, Julie A.</style></author></authors></contributors><titles><title><style face="normal" font="default" size="100%">The impact of court on children</style></title><secondary-title><style face="normal" font="default" size="100%">Journal of Interpersonal Violence</style></secondary-title></titles><periodical><full-title><style face="normal" font="default" size="100%">Journal of Interpersonal Violence</style></full-title></periodical><pages><style face="normal" font="default" size="100%">238-257</style></pages><volume><style face="normal" font="default" size="100%">9</style></volume><number><style face="normal" font="default" size="100%">2</style></number><keywords><keyword><style face="normal" font="default" size="100%">Child witnesses</style></keyword><keyword><style face="normal" font="default" size="100%">Courts</style></keyword><keyword><style face="normal" font="default" size="100%">Criminal justice system</style></keyword></keywords><dates><year><style face="normal" font="default" size="100%">1994</style></year><pub-dates><date><style face="normal" font="default" size="100%">June 1, 1994</style></date></pub-dates></dates><abstract><style face="normal" font="default" size="100%">Concerns about possible negative impacts to children as a result of participating in the criminal justice system have led to discussions about altering the process in ways that accommodate the specific developmental and emotional needs of children. However, before making major changes to the system, it is essential to answer several questions. This article reviews research addressing the following questions: (a) How frequently do children testify in court? (b) Is involvement in the criminal justice system, particularly providing testimony in criminal court, harmful to child witnesses? (c) Do suggested innovations in practice reduce children&apos;s court-related distress? Research findings related to these questions are then discussed in terms of their application to practice with children as witnesses within the criminal justice system.</style></abstract><urls><related-urls><url><style face="normal" font="default" size="100%">http://jiv.sagepub.com/content/9/2/238.abstract</style></url></related-urls><pdf-urls><url>internal-pdf://Lipovsky 1994 - The impact of court on children-0291342592/Lipovsky 1994 - The impact of court on children.pdf</url></pdf-urls></urls><electronic-resource-num><style face="normal" font="default" size="100%">10.1177/088626094009002007</style></electronic-resource-num></record><record><database name="NSCClibrary.enl" path="F:\NSCClibrary.enl">NSCClibrary.enl</database><source-app name="EndNote" version="17.1">EndNote</source-app><rec-number>3287</rec-number><foreign-keys><key app="EN" db-id="5s5ppfp52t55w0eadv7p5ss3vfxzs5fwwe5w">3287</key></foreign-keys><ref-type name="Journal Article">17</ref-type><contributors><authors><author><style face="normal" font="default" size="100%">Myers, John E.B.</style></author></authors></contributors><titles><title><style face="normal" font="default" size="100%">Forensic impact of the child sexual abuse medical examination</style></title><secondary-title><style face="normal" font="default" size="100%">Child Abuse &amp; Neglect: The International Journal</style></secondary-title></titles><periodical><full-title><style face="normal" font="default" size="100%">Child Abuse &amp; Neglect: The International Journal</style></full-title></periodical><pages><style face="normal" font="default" size="100%">653-56</style></pages><volume><style face="normal" font="default" size="100%">22</style></volume><number><style face="normal" font="default" size="100%">6</style></number><keywords><keyword><style face="normal" font="default" size="100%">Expert testimony</style></keyword><keyword><style face="normal" font="default" size="100%">Interviews</style></keyword><keyword><style face="normal" font="default" size="100%">Medical examination</style></keyword><keyword><style face="normal" font="default" size="100%">Survivors</style></keyword><keyword><style face="normal" font="default" size="100%">Victims</style></keyword></keywords><dates><year><style face="normal" font="default" size="100%">1998</style></year></dates><isbn><style face="normal" font="default" size="100%">0145-2134</style></isbn><abstract><style face="normal" font="default" size="100%">A brief narrative description of the journal article, document, or resource. This commentary on an article about research issues at the interface of medicine and law concerning medical evaluation for child sexual abuse focuses on empirically testable questions: (1) the medical history--its accuracy, interviewing issues, and elicitation and preservation of verbal evidence of abuse; and, (2) expert testimony.</style></abstract><urls><pdf-urls><url>internal-pdf://Myers 1998 - Forensic impact of the child-1719550465/Myers 1998 - Forensic impact of the child.pdf</url></pdf-urls></urls></record><record><database name="NSCClibrary.enl" path="F:\NSCClibrary.enl">NSCClibrary.enl</database><source-app name="EndNote" version="17.1">EndNote</source-app><rec-number>3338</rec-number><foreign-keys><key app="EN" db-id="5s5ppfp52t55w0eadv7p5ss3vfxzs5fwwe5w">3338</key></foreign-keys><ref-type name="Journal Article">17</ref-type><contributors><authors><author><style face="normal" font="default" size="100%">Saywitz, Karen</style></author><author><style face="normal" font="default" size="100%">Camparo, Lorinda</style></author></authors></contributors><titles><title><style face="normal" font="default" size="100%">Interviewing child witnesses: A developmental perspective</style></title><secondary-title><style face="normal" font="default" size="100%">Child Abuse &amp; Neglect</style></secondary-title></titles><periodical><full-title><style face="normal" font="default" size="100%">Child Abuse &amp; Neglect</style></full-title></periodical><pages><style face="normal" font="default" size="100%">825-843</style></pages><volume><style face="normal" font="default" size="100%">22</style></volume><number><style face="normal" font="default" size="100%">8</style></number><keywords><keyword><style face="normal" font="default" size="100%">Child witnesses</style></keyword><keyword><style face="normal" font="default" size="100%">Interviews</style></keyword><keyword><style face="normal" font="default" size="100%">Memory</style></keyword></keywords><dates><year><style face="normal" font="default" size="100%">1998</style></year></dates><isbn><style face="normal" font="default" size="100%">0145-2134</style></isbn><abstract><style face="normal" font="default" size="100%">This article reviews suggestions derived from the clinical and experimental literatures for interviewing child witnesses. We identify methods for which there is experimental support as well as key issues about which the available research offers little guidance. In a field brimming with polarisation rather than integration, our goal is to locate and discuss practices that overlap with both clinical consensus and a growing body of research on child development. To accomplish this goal, the first half of the article considers general guidelines for questioning children at an age-appropriate level and in a manner that minimizes the potential for distortion. The second half of the article outlines the phases of a forensic interview in a step-by-step fashion. The suggestions presented highlight a developmental perspective designed to facilitate children’s memory and communicative competence, to address children’s fears, and to facilitate an honest exchange of reliable information.</style></abstract><urls><pdf-urls><url>internal-pdf://Saywitz et al 1998 - Interviewing child witnesses-3585960705/Saywitz et al 1998 - Interviewing child witnesses.pdf</url></pdf-urls></urls></record><record><database name="NSCClibrary.enl" path="F:\NSCClibrary.enl">NSCClibrary.enl</database><source-app name="EndNote" version="17.1">EndNote</source-app><rec-number>3186</rec-number><foreign-keys><key app="EN" db-id="5s5ppfp52t55w0eadv7p5ss3vfxzs5fwwe5w">3186</key></foreign-keys><ref-type name="Journal Article">17</ref-type><contributors><authors><author><style face="normal" font="default" size="100%">Taylor, Nicola J.</style></author><author><style face="normal" font="default" size="100%">Geddis, David C.</style></author><author><style face="normal" font="default" size="100%">Henaghan, R. Mark</style></author></authors></contributors><titles><title><style face="normal" font="default" size="100%">Child sexual abuse (II): Obtaining accurate testimony from child victims</style></title><secondary-title><style face="normal" font="default" size="100%">New Zealand Law Journal</style></secondary-title></titles><periodical><full-title><style face="normal" font="default" size="100%">New Zealand Law Journal</style></full-title></periodical><pages><style face="normal" font="default" size="100%">388-394</style></pages><volume><style face="normal" font="default" size="100%">November</style></volume><keywords><keyword><style face="normal" font="default" size="100%">Child witnesses</style></keyword><keyword><style face="normal" font="default" size="100%">Interviews</style></keyword><keyword><style face="normal" font="default" size="100%">Law</style></keyword><keyword><style face="normal" font="default" size="100%">Legal</style></keyword><keyword><style face="normal" font="default" size="100%">Social work</style></keyword><keyword><style face="normal" font="default" size="100%">Survivors</style></keyword><keyword><style face="normal" font="default" size="100%">Testimony</style></keyword></keywords><dates><year><style face="normal" font="default" size="100%">1990</style></year></dates><abstract><style face="normal" font="default" size="100%">This series of three articles has been written by people trained in the disciplines of medicine, social work and law. It focuses on criminal offences where evidence of sexual abuse is the crucial issue. In the first article, a broad overview of the topic was provided. The second article deals with ways in which accurate testimony can be obtained from child victims. Finally, the law reforms which came into effect on 1 January 1990 are addressed and an evaluation made of their impact.</style></abstract><urls><pdf-urls><url>internal-pdf://Taylor et al 1990 - Child sexual abuse II-2926194945/Taylor et al 1990 - Child sexual abuse II.pdf</url></pdf-urls></urls></record></records></xml>