<?xml version="1.0" encoding="UTF-8" ?><xml><records><record><database name="NSCClibrary.enl" path="F:\NSCClibrary.enl">NSCClibrary.enl</database><source-app name="EndNote" version="17.1">EndNote</source-app><rec-number>2726</rec-number><foreign-keys><key app="EN" db-id="5s5ppfp52t55w0eadv7p5ss3vfxzs5fwwe5w">2726</key></foreign-keys><ref-type name="Journal Article">17</ref-type><contributors><authors><author><style face="normal" font="default" size="100%">Berman, Pearl</style></author></authors></contributors><titles><title><style face="normal" font="default" size="100%">Group therapy techniques for sexually abused preteen girls</style></title><secondary-title><style face="normal" font="default" size="100%">Child Welfare: Journal of Policy, Practice, and Program</style></secondary-title></titles><periodical><full-title><style face="normal" font="default" size="100%">Child Welfare: Journal of Policy, Practice, and Program</style></full-title></periodical><pages><style face="normal" font="default" size="100%">239-252</style></pages><volume><style face="normal" font="default" size="100%">69</style></volume><number><style face="normal" font="default" size="100%">3</style></number><keywords><keyword><style face="normal" font="default" size="100%">Group therapy</style></keyword><keyword><style face="normal" font="default" size="100%">Group treatment</style></keyword><keyword><style face="normal" font="default" size="100%">Groupwork</style></keyword><keyword><style face="normal" font="default" size="100%">Survivors</style></keyword><keyword><style face="normal" font="default" size="100%">Therapeutic intervention</style></keyword><keyword><style face="normal" font="default" size="100%">Victim intervention</style></keyword></keywords><dates><year><style face="normal" font="default" size="100%">1990</style></year></dates><isbn><style face="normal" font="default" size="100%">0009-4021</style></isbn><abstract><style face="normal" font="default" size="100%">This article describes an open-ended, structured. highly intensive therapy group for sexually abused preteen girls that was the primary mode of treatment for 11 girls from multi-problem, low-income. rural, white families. The active support of Child Protective Service workers was important in mainraining the girls in treatment in the face of strong parental opposition. Unique features of the group included simultaneous group goals and individualised goals. A case description illustrates the makeup and functioning of the program.</style></abstract><urls><pdf-urls><url>internal-pdf://Berman 1990 - Group therapy-1853204481/Berman 1990 - Group therapy.pdf</url></pdf-urls></urls></record><record><database name="NSCClibrary.enl" path="F:\NSCClibrary.enl">NSCClibrary.enl</database><source-app name="EndNote" version="17.1">EndNote</source-app><rec-number>3717</rec-number><foreign-keys><key app="EN" db-id="5s5ppfp52t55w0eadv7p5ss3vfxzs5fwwe5w">3717</key></foreign-keys><ref-type name="Journal Article">17</ref-type><contributors><authors><author><style face="normal" font="default" size="100%">de Jong, Tanya L.</style></author><author><style face="normal" font="default" size="100%">Gorey, Kevin M.</style></author></authors></contributors><titles><title><style face="normal" font="default" size="100%">Short-term versus long-term group work with female survivors of childhood sexual abuse</style></title><secondary-title><style face="normal" font="default" size="100%">Social Work with Groups</style></secondary-title></titles><periodical><full-title><style face="normal" font="default" size="100%">Social Work with Groups</style></full-title></periodical><pages><style face="normal" font="default" size="100%">19-27</style></pages><volume><style face="normal" font="default" size="100%">19</style></volume><number><style face="normal" font="default" size="100%">1</style></number><keywords><keyword><style face="normal" font="default" size="100%">Childhood sexual abuse</style></keyword><keyword><style face="normal" font="default" size="100%">Female</style></keyword><keyword><style face="normal" font="default" size="100%">Group therapy</style></keyword><keyword><style face="normal" font="default" size="100%">Survivors</style></keyword><keyword><style face="normal" font="default" size="100%">Victim treatment</style></keyword></keywords><dates><year><style face="normal" font="default" size="100%">1996</style></year><pub-dates><date><style face="normal" font="default" size="100%">1996/07/26</style></date></pub-dates></dates><publisher><style face="normal" font="default" size="100%">Routledge</style></publisher><isbn><style face="normal" font="default" size="100%">0160-9513</style></isbn><abstract><style face="normal" font="default" size="100%">This meta-analytic review synthesises the findings of seven published independent studies dealing with group work with female survivors of childhood sexual abuse, and compares the effectiveness of short-term versus long-term methods. Across-study summative findings were: (1) generally, group work has large beneficial effects upon female survivors&apos; affect and self-esteem - three-quarters of the group participants improve; (2) no extant empirical evidence supports the differential effectiveness of either short-term or long-term groups; and (3) only one study to date has reported the size of long-term methods&apos; clinical effect. In short, the question of the differential effectiveness of short- versus long-term group work with female survivors is not yet answerable with the extant research literature. Future research needs are discussed.</style></abstract><urls><pdf-urls><url>internal-pdf://deJong et al 1996 - Short-term versus-0315567873/deJong et al 1996 - Short-term versus.pdf</url></pdf-urls></urls><electronic-resource-num><style face="normal" font="default" size="100%">10.1300/J009v19n01_03</style></electronic-resource-num><access-date><style face="normal" font="default" size="100%">2012/11/05</style></access-date></record><record><database name="NSCClibrary.enl" path="F:\NSCClibrary.enl">NSCClibrary.enl</database><source-app name="EndNote" version="17.1">EndNote</source-app><rec-number>3372</rec-number><foreign-keys><key app="EN" db-id="5s5ppfp52t55w0eadv7p5ss3vfxzs5fwwe5w">3372</key></foreign-keys><ref-type name="Book Section">5</ref-type><contributors><authors><author><style face="normal" font="default" size="100%">Friedrich, William N.</style></author></authors><secondary-authors><author><style face="normal" font="default" size="100%">Friedrich, W.N.</style></author></secondary-authors></contributors><titles><title><style face="normal" font="default" size="100%">Group therapy with child and adolescent victims</style></title><secondary-title><style face="normal" font="default" size="100%">Psychotherapy of Sexually Abused Children and their Families</style></secondary-title></titles><pages><style face="normal" font="default" size="100%">210-226</style></pages><section><style face="normal" font="default" size="100%">7</style></section><keywords><keyword><style face="normal" font="default" size="100%">Family therapy</style></keyword><keyword><style face="normal" font="default" size="100%">Group therapy</style></keyword><keyword><style face="normal" font="default" size="100%">Groupwork</style></keyword></keywords><dates><year><style face="normal" font="default" size="100%">1990</style></year></dates><pub-location><style face="normal" font="default" size="100%">New York, NY</style></pub-location><publisher><style face="normal" font="default" size="100%">Norton</style></publisher><isbn><style face="normal" font="default" size="100%">0393700798</style></isbn><abstract><style face="normal" font="default" size="100%">Given that peer relationships are frequently impaired in sexually abused children and social support is essential to coping with stressful events, group therapy approaches can be quite useful in the overall treatment plan. In fact, the group therapy experience can provide opportunities for therapeutic movement for not available within the context of either individual or family therapy.</style></abstract><urls><pdf-urls><url>internal-pdf://Friedrich 1990 - Group therapy-1563515905/Friedrich 1990 - Group therapy.pdf</url></pdf-urls></urls></record><record><database name="NSCClibrary.enl" path="F:\NSCClibrary.enl">NSCClibrary.enl</database><source-app name="EndNote" version="17.1">EndNote</source-app><rec-number>3727</rec-number><foreign-keys><key app="EN" db-id="5s5ppfp52t55w0eadv7p5ss3vfxzs5fwwe5w">3727</key></foreign-keys><ref-type name="Journal Article">17</ref-type><contributors><authors><author><style face="normal" font="default" size="100%">Herman, Judith Lewis</style></author><author><style face="normal" font="default" size="100%">Schatzow, Emily</style></author></authors></contributors><titles><title><style face="normal" font="default" size="100%">Time-limited group therapy for women with a history of incest</style></title><secondary-title><style face="normal" font="default" size="100%">International Journal of Group Psychotherapy</style></secondary-title></titles><periodical><full-title><style face="normal" font="default" size="100%">International Journal of Group Psychotherapy</style></full-title></periodical><pages><style face="normal" font="default" size="100%">605-616</style></pages><volume><style face="normal" font="default" size="100%">34</style></volume><number><style face="normal" font="default" size="100%">4</style></number><keywords><keyword><style face="normal" font="default" size="100%">Group therapy</style></keyword><keyword><style face="normal" font="default" size="100%">Group treatment</style></keyword><keyword><style face="normal" font="default" size="100%">Groupwork</style></keyword><keyword><style face="normal" font="default" size="100%">Incest</style></keyword><keyword><style face="normal" font="default" size="100%">Intrafamilial sexual abuse</style></keyword><keyword><style face="normal" font="default" size="100%">Therapy</style></keyword><keyword><style face="normal" font="default" size="100%">Victim treatment</style></keyword></keywords><dates><year><style face="normal" font="default" size="100%">1984</style></year></dates><isbn><style face="normal" font="default" size="100%">0020-7284</style></isbn><abstract><style face="normal" font="default" size="100%">Describes an empirically developed model of time-limited group treatment for incest victims that began with the formation of 5 groups with a total of 30 16–53 yr old females referred by local agencies. Groups were led by 2 cotherapists. Abuse by fathers, brothers, grandfathers, stepfathers, an uncle, and a mother had ceased. Members who expressed positive feelings about participating in a group with other victims, were not in crisis, and had a well-established individual therapy relationship were chosen to participate. Groups met once a week for 10 sessions. Sessions covered introduction and ground rules, goal definition and story telling, achievement of goals, and termination. 28 Ss completed the 10-wk program. At 6-mo follow-up, 20 Ss were administered a questionnaire. Results show that Ss reported improved self-esteem. This type of therapy was helpful in resolving issues of shame, secrecy, and stigmatisation associated with incest.</style></abstract><urls><pdf-urls><url>internal-pdf://Herman et al 1984 - Time-limited group-1570914561/Herman et al 1984 - Time-limited group.pdf</url></pdf-urls></urls></record><record><database name="NSCClibrary.enl" path="F:\NSCClibrary.enl">NSCClibrary.enl</database><source-app name="EndNote" version="17.1">EndNote</source-app><rec-number>3714</rec-number><foreign-keys><key app="EN" db-id="5s5ppfp52t55w0eadv7p5ss3vfxzs5fwwe5w">3714</key></foreign-keys><ref-type name="Book Section">5</ref-type><contributors><authors><author><style face="normal" font="default" size="100%">Kelly-Garnett, Marcy</style></author></authors><secondary-authors><author><style face="normal" font="default" size="100%">Litwack, Lawrence</style></author></secondary-authors></contributors><titles><title><style face="normal" font="default" size="100%">Group treatment of sexual abuse</style></title><secondary-title><style face="normal" font="default" size="100%">Journal of Reality Therapy: A Compendium of Articles, 1981-1993</style></secondary-title></titles><pages><style face="normal" font="default" size="100%">128-136</style></pages><keywords><keyword><style face="normal" font="default" size="100%">Female</style></keyword><keyword><style face="normal" font="default" size="100%">Group therapy</style></keyword><keyword><style face="normal" font="default" size="100%">Group treatment</style></keyword><keyword><style face="normal" font="default" size="100%">Groupwork</style></keyword><keyword><style face="normal" font="default" size="100%">Sexual abuse</style></keyword><keyword><style face="normal" font="default" size="100%">Survivors</style></keyword><keyword><style face="normal" font="default" size="100%">Trauma</style></keyword><keyword><style face="normal" font="default" size="100%">Victim treatment</style></keyword></keywords><dates><year><style face="normal" font="default" size="100%">1984</style></year></dates><pub-location><style face="normal" font="default" size="100%">Chapel Hill, N.C</style></pub-location><publisher><style face="normal" font="default" size="100%">New View Publications</style></publisher><isbn><style face="normal" font="default" size="100%">0944337198</style></isbn><abstract><style face="normal" font="default" size="100%">Describes the group treatment design for female sexual abuse victims that is intended to address not only the past trauma but current behavioral choices and future plans. Groups are limited to 5 or 6 members and include legal information on sexual abuse and exercises that promote sharing and trust. The author discusses the introduction of the concept of symbols that members use to describe their past, present, and future behaviour. Additional group agendas include reenactments or recreations of the most significant sexual abuse trauma that group members have experienced and redoings or recreations of the reenactment situation with the group member playing the role of herself as her future symbol (ideal self).</style></abstract><urls><pdf-urls><url>internal-pdf://Kelly-Garnett 1984 - Group treatment-2740389888/Kelly-Garnett 1984 - Group treatment.pdf</url></pdf-urls></urls></record><record><database name="NSCClibrary.enl" path="F:\NSCClibrary.enl">NSCClibrary.enl</database><source-app name="EndNote" version="17.1">EndNote</source-app><rec-number>3715</rec-number><foreign-keys><key app="EN" db-id="5s5ppfp52t55w0eadv7p5ss3vfxzs5fwwe5w">3715</key></foreign-keys><ref-type name="Journal Article">17</ref-type><contributors><authors><author><style face="normal" font="default" size="100%">McPhie, Lisa</style></author><author><style face="normal" font="default" size="100%">Chaffey, Chris</style></author></authors></contributors><titles><title><style face="normal" font="default" size="100%">The journey of a lifetime: Group work with young women who have experienced sexual assault</style></title><secondary-title><style face="normal" font="default" size="100%">Gecko: A journal of deconstruction and narrative ideas in therapeutic practice</style></secondary-title></titles><periodical><full-title><style face="normal" font="default" size="100%">Gecko: A journal of deconstruction and narrative ideas in therapeutic practice</style></full-title></periodical><pages><style face="normal" font="default" size="100%">3-34</style></pages><volume><style face="normal" font="default" size="100%">1</style></volume><keywords><keyword><style face="normal" font="default" size="100%">Adolescents</style></keyword><keyword><style face="normal" font="default" size="100%">Female</style></keyword><keyword><style face="normal" font="default" size="100%">Group therapy</style></keyword><keyword><style face="normal" font="default" size="100%">Group treatment</style></keyword><keyword><style face="normal" font="default" size="100%">Groupwork</style></keyword><keyword><style face="normal" font="default" size="100%">Survivors</style></keyword><keyword><style face="normal" font="default" size="100%">Therapy</style></keyword><keyword><style face="normal" font="default" size="100%">Victim treatment</style></keyword><keyword><style face="normal" font="default" size="100%">Young people</style></keyword></keywords><dates><year><style face="normal" font="default" size="100%">1998</style></year></dates><abstract><style face="normal" font="default" size="100%">The Sexual Assault Support Service in Hobart, Tasmania, Australia, has a long history of running various kinds of groups for adult women survivors of sexual assault. Largely as a result of hearing back from women, the Service has long recognised the immense benefits of groups in breaking down isolation, normalising feelings and behaviours, providing a witness group to women&apos;s stories, and creating a strong sense of solidarity as women stand up to the effects of sexual abuse. In 1995 they began to realise that it would be useful to develop a group for the large number of young women who were accessing the Service.</style></abstract><urls><pdf-urls><url>internal-pdf://McPhie et al 1998 - The journey of a-4191584257/McPhie et al 1998 - The journey of a.pdf</url></pdf-urls></urls></record><record><database name="NSCClibrary.enl" path="F:\NSCClibrary.enl">NSCClibrary.enl</database><source-app name="EndNote" version="17.1">EndNote</source-app><rec-number>3280</rec-number><foreign-keys><key app="EN" db-id="5s5ppfp52t55w0eadv7p5ss3vfxzs5fwwe5w">3280</key></foreign-keys><ref-type name="Journal Article">17</ref-type><contributors><authors><author><style face="normal" font="default" size="100%">Morse, Jacqui</style></author><author><style face="normal" font="default" size="100%">Morgan, Alice</style></author></authors></contributors><titles><title><style face="normal" font="default" size="100%">Group work with women who have experienced violence</style></title><secondary-title><style face="normal" font="default" size="100%">International Journal of Narrative Therapy &amp; Community Work</style></secondary-title></titles><periodical><full-title><style face="normal" font="default" size="100%">International Journal of Narrative Therapy &amp; Community Work</style></full-title></periodical><pages><style face="normal" font="default" size="100%">37-47</style></pages><volume><style face="normal" font="default" size="100%">2003</style></volume><number><style face="normal" font="default" size="100%">4</style></number><keywords><keyword><style face="normal" font="default" size="100%">Family violence</style></keyword><keyword><style face="normal" font="default" size="100%">Gender</style></keyword><keyword><style face="normal" font="default" size="100%">Group therapy</style></keyword><keyword><style face="normal" font="default" size="100%">Groupwork</style></keyword><keyword><style face="normal" font="default" size="100%">Identity</style></keyword><keyword><style face="normal" font="default" size="100%">Narrative therapy</style></keyword><keyword><style face="normal" font="default" size="100%">Violence</style></keyword><keyword><style face="normal" font="default" size="100%">Women</style></keyword></keywords><dates><year><style face="normal" font="default" size="100%">2003</style></year></dates><abstract><style face="normal" font="default" size="100%">In working with women who have experienced violence in heterosexual relationships, groups provide the opportunity for linking lives around shared themes, values and commitments. The work described in this paper utilises narrative practices to highlight the context of women&apos;s lives, to centre women&apos;s knowledge, to locate responsibility, to accentuate alternative and preferred descriptions of identity, and to build connections between women. Specific attention is also paid to deconstruct dominant gender discourses.</style></abstract><urls><pdf-urls><url>internal-pdf://Morse et al 2003 - Group work with women-1833526528/Morse et al 2003 - Group work with women.pdf</url></pdf-urls></urls></record><record><database name="NSCClibrary.enl" path="F:\NSCClibrary.enl">NSCClibrary.enl</database><source-app name="EndNote" version="17.1">EndNote</source-app><rec-number>3745</rec-number><foreign-keys><key app="EN" db-id="5s5ppfp52t55w0eadv7p5ss3vfxzs5fwwe5w">3745</key></foreign-keys><ref-type name="Journal Article">17</ref-type><contributors><authors><author><style face="normal" font="default" size="100%">O&apos;Neill, Marilyn</style></author><author><style face="normal" font="default" size="100%">Stockell, Gaye</style></author></authors></contributors><titles><title><style face="normal" font="default" size="100%">Worthy of discussion: Collaborative group therapy</style></title><secondary-title><style face="normal" font="default" size="100%">Australian and New Zealand Journal of Family Therapy</style></secondary-title></titles><periodical><full-title><style face="normal" font="default" size="100%">Australian and New Zealand Journal of Family Therapy</style></full-title></periodical><pages><style face="normal" font="default" size="100%">201-206</style></pages><volume><style face="normal" font="default" size="100%">12</style></volume><number><style face="normal" font="default" size="100%">4</style></number><keywords><keyword><style face="normal" font="default" size="100%">Group therapy</style></keyword><keyword><style face="normal" font="default" size="100%">Group treatment</style></keyword><keyword><style face="normal" font="default" size="100%">Groupwork</style></keyword></keywords><dates><year><style face="normal" font="default" size="100%">1991</style></year></dates><isbn><style face="normal" font="default" size="100%">0814-723X</style></isbn><abstract><style face="normal" font="default" size="100%">Describes the development of a new approach to group therapy used with a group of 8 young schizophrenic men at an integrated social service centre. Collaborative group therapy has been successfully used in working with people with schizophrenia. It has provided both participants and therapists with the opportunity to move away from a restrictive view of mental illness toward alternative self-knowledge and empowerment. New ethnographic methodology has been used to measure both process and outcome of the group therapy. Example narratives are provided of the experiences of 2 men (aged 21 and 24 years) from the group.</style></abstract><urls><pdf-urls><url>internal-pdf://O&apos;Neill et al 1991 - Worthy of discussion-1755654656/O&apos;Neill et al 1991 - Worthy of discussion.pdf</url></pdf-urls></urls></record><record><database name="NSCClibrary.enl" path="F:\NSCClibrary.enl">NSCClibrary.enl</database><source-app name="EndNote" version="17.1">EndNote</source-app><rec-number>3719</rec-number><foreign-keys><key app="EN" db-id="5s5ppfp52t55w0eadv7p5ss3vfxzs5fwwe5w">3719</key></foreign-keys><ref-type name="Journal Article">17</ref-type><contributors><authors><author><style face="normal" font="default" size="100%">Reichert, Elisabeth</style></author></authors></contributors><titles><title><style face="normal" font="default" size="100%">Play and animal-assisted therapy: A group-treatment model for sexually abused girls ages 9-13</style></title><secondary-title><style face="normal" font="default" size="100%">Family Therapy</style></secondary-title></titles><periodical><full-title><style face="normal" font="default" size="100%">Family Therapy</style></full-title></periodical><pages><style face="normal" font="default" size="100%">55-62</style></pages><volume><style face="normal" font="default" size="100%">21</style></volume><number><style face="normal" font="default" size="100%">1</style></number><keywords><keyword><style face="normal" font="default" size="100%">Animal-assisted therapy</style></keyword><keyword><style face="normal" font="default" size="100%">Child sexual abuse</style></keyword><keyword><style face="normal" font="default" size="100%">Group therapy</style></keyword><keyword><style face="normal" font="default" size="100%">Group treatment</style></keyword><keyword><style face="normal" font="default" size="100%">Groupwork</style></keyword><keyword><style face="normal" font="default" size="100%">Play therapy</style></keyword><keyword><style face="normal" font="default" size="100%">Survivors</style></keyword><keyword><style face="normal" font="default" size="100%">Victim treatment</style></keyword></keywords><dates><year><style face="normal" font="default" size="100%">1994</style></year></dates><isbn><style face="normal" font="default" size="100%">0091-6544</style></isbn><abstract><style face="normal" font="default" size="100%">Presents a framework for conducting group therapy for girls aged 9-13 yrs. The model was developed from the author&apos;s clinical experience in conducting a series of groups over 4 yrs at the Project Against Sexual Abuse of Appalachian Children. Treatment modalities consist of animal-assisted therapy. There are 3 treatment phases. Phase 1 conveys why it is necessary to slowly and carefully examine what happened to the children and explain therapy in the form of metaphor. Phase 2 re-creates the traumatic elements through play and fantasy in which the children can be victorious survivors rather than victims. Phase 3 integrates education and prevention and deals with termination of the group. </style></abstract><urls><pdf-urls><url>internal-pdf://Reichert 1994 - Play and animal-0248409857/Reichert 1994 - Play and animal.pdf</url></pdf-urls></urls></record><record><database name="NSCClibrary.enl" path="F:\NSCClibrary.enl">NSCClibrary.enl</database><source-app name="EndNote" version="17.1">EndNote</source-app><rec-number>3716</rec-number><foreign-keys><key app="EN" db-id="5s5ppfp52t55w0eadv7p5ss3vfxzs5fwwe5w">3716</key></foreign-keys><ref-type name="Journal Article">17</ref-type><contributors><authors><author><style face="normal" font="default" size="100%">Reid, Kenneth</style></author><author><style face="normal" font="default" size="100%">Mathews, Gary</style></author><author><style face="normal" font="default" size="100%">Liss, Peggy Solow</style></author></authors></contributors><titles><title><style face="normal" font="default" size="100%">My partner is hurting: Group work with male partners of adult survivors of sexual abuse</style></title><secondary-title><style face="normal" font="default" size="100%">Social Work with Groups</style></secondary-title></titles><periodical><full-title><style face="normal" font="default" size="100%">Social Work with Groups</style></full-title></periodical><pages><style face="normal" font="default" size="100%">81-87</style></pages><volume><style face="normal" font="default" size="100%">18</style></volume><number><style face="normal" font="default" size="100%">1</style></number><keywords><keyword><style face="normal" font="default" size="100%">Childhood sexual abuse</style></keyword><keyword><style face="normal" font="default" size="100%">Counselling</style></keyword><keyword><style face="normal" font="default" size="100%">Group therapy</style></keyword><keyword><style face="normal" font="default" size="100%">Group treatment</style></keyword><keyword><style face="normal" font="default" size="100%">Groupwork</style></keyword><keyword><style face="normal" font="default" size="100%">Male survivors</style></keyword><keyword><style face="normal" font="default" size="100%">Male victims</style></keyword><keyword><style face="normal" font="default" size="100%">Partners</style></keyword><keyword><style face="normal" font="default" size="100%">Rape</style></keyword><keyword><style face="normal" font="default" size="100%">Sexual assault</style></keyword><keyword><style face="normal" font="default" size="100%">Support groups</style></keyword><keyword><style face="normal" font="default" size="100%">Survivors</style></keyword><keyword><style face="normal" font="default" size="100%">Victim treatment</style></keyword><keyword><style face="normal" font="default" size="100%">Victims</style></keyword></keywords><dates><year><style face="normal" font="default" size="100%">1996</style></year><pub-dates><date><style face="normal" font="default" size="100%">1996/01/22</style></date></pub-dates></dates><publisher><style face="normal" font="default" size="100%">Routledge</style></publisher><isbn><style face="normal" font="default" size="100%">0160-9513</style></isbn><abstract><style face="normal" font="default" size="100%">Male adult survivors of childhood sexual abuse, as well as male partners of survivors often experience problems. There are few service alternatives available to them. One innovative program combines both populations in a two-group sequence. The first group is time-limited. Members graduate to a second, open-ended group. The innovative elements of these sequenced support groups include the concept of secondary victim, the combination of male partners with male survivors, sequenced time-limited and ongoing groups, and the use of mixed gender leaders with same-sex groups.</style></abstract><urls><pdf-urls><url>internal-pdf://Reid et al 1995 - My partner is hurting-2412755201/Reid et al 1995 - My partner is hurting.pdf</url></pdf-urls></urls><electronic-resource-num><style face="normal" font="default" size="100%">10.1300/J009v18n01_08</style></electronic-resource-num><access-date><style face="normal" font="default" size="100%">2012/11/05</style></access-date></record><record><database name="NSCClibrary.enl" path="F:\NSCClibrary.enl">NSCClibrary.enl</database><source-app name="EndNote" version="17.1">EndNote</source-app><rec-number>3340</rec-number><foreign-keys><key app="EN" db-id="5s5ppfp52t55w0eadv7p5ss3vfxzs5fwwe5w">3340</key></foreign-keys><ref-type name="Journal Article">17</ref-type><contributors><authors><author><style face="normal" font="default" size="100%">Scott, Wayne</style></author></authors></contributors><titles><title><style face="normal" font="default" size="100%">Group therapy with sexually abused boys: Notes toward managing behavior</style></title><secondary-title><style face="normal" font="default" size="100%">Clinical Social Work Journal</style></secondary-title></titles><periodical><full-title><style face="normal" font="default" size="100%">Clinical Social Work Journal</style></full-title></periodical><pages><style face="normal" font="default" size="100%">395-409</style></pages><volume><style face="normal" font="default" size="100%">20</style></volume><number><style face="normal" font="default" size="100%">4</style></number><keywords><keyword><style face="normal" font="default" size="100%">Aggression</style></keyword><keyword><style face="normal" font="default" size="100%">Behaviour</style></keyword><keyword><style face="normal" font="default" size="100%">Boys</style></keyword><keyword><style face="normal" font="default" size="100%">Child sexual abuse</style></keyword><keyword><style face="normal" font="default" size="100%">Group therapy</style></keyword><keyword><style face="normal" font="default" size="100%">Groupwork</style></keyword><keyword><style face="normal" font="default" size="100%">Intervention</style></keyword></keywords><dates><year><style face="normal" font="default" size="100%">1992</style></year></dates><isbn><style face="normal" font="default" size="100%">0091-1674</style></isbn><abstract><style face="normal" font="default" size="100%">This article examines the gender-specific defense mechanisms of sexually abused boys as they emerge in group therapy, using Finkelhor&apos;s model of traumagenic dynamics. Concrete interventions address the acting out behaviours that are typical for this population, connecting the acting out behaviors to the boys&apos; common background of sexual abuse. Without these concrete interventions to address the unsafe, aggressive behaviours of sexually abused boys, their problems and experiences cannot be shared, nor can the group therapist address the issues outlined in a curriculum for group therapy for sexually abused children.</style></abstract><urls><pdf-urls><url>internal-pdf://Scott 1992 - Group therapy with sexually abused-3872307969/Scott 1992 - Group therapy with sexually abused.pdf</url></pdf-urls></urls></record><record><database name="NSCClibrary.enl" path="F:\NSCClibrary.enl">NSCClibrary.enl</database><source-app name="EndNote" version="17.1">EndNote</source-app><rec-number>3720</rec-number><foreign-keys><key app="EN" db-id="5s5ppfp52t55w0eadv7p5ss3vfxzs5fwwe5w">3720</key></foreign-keys><ref-type name="Journal Article">17</ref-type><contributors><authors><author><style face="normal" font="default" size="100%">Sparks, Anne</style></author><author><style face="normal" font="default" size="100%">Goldberg, Jean</style></author></authors></contributors><titles><title><style face="normal" font="default" size="100%">A current perspective on short-term groups for incest survivors</style></title><secondary-title><style face="normal" font="default" size="100%">Women &amp; Therapy</style></secondary-title></titles><periodical><full-title><style face="normal" font="default" size="100%">Women &amp; Therapy</style></full-title></periodical><pages><style face="normal" font="default" size="100%">135-147</style></pages><volume><style face="normal" font="default" size="100%">15</style></volume><number><style face="normal" font="default" size="100%">2</style></number><keywords><keyword><style face="normal" font="default" size="100%">Childhood sexual abuse</style></keyword><keyword><style face="normal" font="default" size="100%">Female</style></keyword><keyword><style face="normal" font="default" size="100%">Group therapy</style></keyword><keyword><style face="normal" font="default" size="100%">Group treatment</style></keyword><keyword><style face="normal" font="default" size="100%">Groupwork</style></keyword><keyword><style face="normal" font="default" size="100%">Incest</style></keyword><keyword><style face="normal" font="default" size="100%">Intrafamilial sexual abuse</style></keyword><keyword><style face="normal" font="default" size="100%">Survivors</style></keyword><keyword><style face="normal" font="default" size="100%">Victim treatment</style></keyword><keyword><style face="normal" font="default" size="100%">Women</style></keyword><keyword><style face="normal" font="default" size="100%">Young people</style></keyword></keywords><dates><year><style face="normal" font="default" size="100%">1994</style></year></dates><isbn><style face="normal" font="default" size="100%">0270-3149</style></isbn><abstract><style face="normal" font="default" size="100%">Short-term groups are a vital resource for adult women who were incestuously abused in childhood or adolescence. The authors describe a model developed by a hospital-based Rape Crises Program. The groups are designed to help members focus on specific goals and experience growth through identifying with other incest survivors. The group format addresses many aspects of the recovery process for survivors. Group heterogeneity, designation of groups for younger and older women respectively, and individual follow-up meetings with members are therapeutically valuable.</style></abstract><urls><pdf-urls><url>internal-pdf://Sparks et al 1994 - A current perspective-3634404096/Sparks et al 1994 - A current perspective.pdf</url></pdf-urls></urls></record><record><database name="NSCClibrary.enl" path="F:\NSCClibrary.enl">NSCClibrary.enl</database><source-app name="EndNote" version="17.1">EndNote</source-app><rec-number>3477</rec-number><foreign-keys><key app="EN" db-id="5s5ppfp52t55w0eadv7p5ss3vfxzs5fwwe5w">3477</key></foreign-keys><ref-type name="Journal Article">17</ref-type><contributors><authors><author><style face="normal" font="default" size="100%">Want, Catherine</style></author><author><style face="normal" font="default" size="100%">Williams, Patricia</style></author></authors></contributors><titles><title><style face="normal" font="default" size="100%">Adventures in groupwork</style></title><secondary-title><style face="normal" font="default" size="100%">Dulwich Centre Journal</style></secondary-title></titles><periodical><full-title><style face="normal" font="default" size="100%">Dulwich Centre Journal</style></full-title></periodical><pages><style face="normal" font="default" size="100%">10-16</style></pages><volume><style face="normal" font="default" size="100%">1 &amp; 2</style></volume><keywords><keyword><style face="normal" font="default" size="100%">Abuse</style></keyword><keyword><style face="normal" font="default" size="100%">Gender</style></keyword><keyword><style face="normal" font="default" size="100%">Groupwork</style></keyword><keyword><style face="normal" font="default" size="100%">Power</style></keyword><keyword><style face="normal" font="default" size="100%">Victim intervention</style></keyword><keyword><style face="normal" font="default" size="100%">Violence</style></keyword></keywords><dates><year><style face="normal" font="default" size="100%">2000</style></year></dates><abstract><style face="normal" font="default" size="100%">Rosie&apos;s Place is a sexual abuse counselling service located in the outer western suburbs of Sydney. Our work is guided by certain fundamental principles of practice, adhering to child protection policies and also feminist ideology concerning the issues of gender, power and abuse. Our work constantly involves addressing the many forms of violence that accompany the children, young people and families who frequent our service. The determination of this violence to stay in the lives of our clients is at times overwhelming and dispiriting, but we would also acknowledge that our growing understanding of its tactics has matured our work. We believe that conversations with clients about the violence in their lives is a key to any meaningful intervention. We have embraced groupwork as a valuable meeting place in which children and adults can come together to talk and develop ideas about the nature of abuse, its impact on people&apos;s lives, and ways of resisting its effects. We believe that resistance to the forces of abuse and oppression is so much greater when voices meet and unite.</style></abstract><urls><pdf-urls><url>internal-pdf://Want et al 2000 - Adventures in groupwork-3529578497/Want et al 2000 - Adventures in groupwork.pdf</url></pdf-urls></urls></record></records></xml>