<?xml version="1.0" encoding="UTF-8" ?><xml><records><record><database name="NSCClibrary.enl" path="F:\NSCClibrary.enl">NSCClibrary.enl</database><source-app name="EndNote" version="17.1">EndNote</source-app><rec-number>2947</rec-number><foreign-keys><key app="EN" db-id="5s5ppfp52t55w0eadv7p5ss3vfxzs5fwwe5w">2947</key></foreign-keys><ref-type name="Journal Article">17</ref-type><contributors><authors><author><style face="normal" font="default" size="100%">Bentovim, Arnon</style></author></authors></contributors><titles><title><style face="normal" font="default" size="100%">Why do adults sexually abuse children?</style></title><secondary-title><style face="normal" font="default" size="100%">British Medical Journal</style></secondary-title></titles><periodical><full-title><style face="normal" font="default" size="100%">British Medical Journal</style></full-title></periodical><pages><style face="normal" font="default" size="100%">144-145</style></pages><volume><style face="normal" font="default" size="100%">307</style></volume><number><style face="normal" font="default" size="100%">6897</style></number><keywords><keyword><style face="normal" font="default" size="100%">Child sexual abuse</style></keyword><keyword><style face="normal" font="default" size="100%">Incest</style></keyword><keyword><style face="normal" font="default" size="100%">Intrafamilial sexual abuse</style></keyword><keyword><style face="normal" font="default" size="100%">Male survivors</style></keyword><keyword><style face="normal" font="default" size="100%">Male victims</style></keyword><keyword><style face="normal" font="default" size="100%">Survivors</style></keyword><keyword><style face="normal" font="default" size="100%">Victims</style></keyword></keywords><dates><year><style face="normal" font="default" size="100%">1993</style></year></dates><isbn><style face="normal" font="default" size="100%">0959-8138</style></isbn><abstract><style face="normal" font="default" size="100%">Why do adults continue to abuse children? Does it represent a pathological perversion of sexual interest and orientation or an incestuous family affair? Or does it represent a more general view of women and children as appropriate victims of male sexual interest and therefore appropriate objects to meet sexual needs? Although abuse by women is now being recognised, the fact that most known sexual abusers are men seems to indicate that how boys and men are socialised is somehow connected with why they sexually abuse children.</style></abstract><urls><pdf-urls><url>internal-pdf://Bentovim 1993 - Why do adults-0638284033/Bentovim 1993 - Why do adults.pdf</url></pdf-urls></urls></record><record><database name="NSCClibrary.enl" path="F:\NSCClibrary.enl">NSCClibrary.enl</database><source-app name="EndNote" version="17.1">EndNote</source-app><rec-number>1015</rec-number><foreign-keys><key app="EN" db-id="5s5ppfp52t55w0eadv7p5ss3vfxzs5fwwe5w">1015</key><key app="ENWeb" db-id="ThEeKwrtqggAAHqv064">3973</key></foreign-keys><ref-type name="Book">6</ref-type><contributors><authors><author><style face="normal" font="default" size="100%">Briggs, Freda</style></author></authors></contributors><titles><title><style face="normal" font="default" size="100%">From victim to offender: How child sexual abuse victims become offenders</style></title></titles><keywords><keyword><style face="normal" font="default" size="100%">Child sexual abuse</style></keyword><keyword><style face="normal" font="default" size="100%">Childhood sexual abuse</style></keyword><keyword><style face="normal" font="default" size="100%">Female sex offenders</style></keyword><keyword><style face="normal" font="default" size="100%">Females who sexually abuse</style></keyword><keyword><style face="normal" font="default" size="100%">Male survivors</style></keyword><keyword><style face="normal" font="default" size="100%">Male victims</style></keyword><keyword><style face="normal" font="default" size="100%">Sex education</style></keyword><keyword><style face="normal" font="default" size="100%">Survivors</style></keyword><keyword><style face="normal" font="default" size="100%">Victims</style></keyword></keywords><dates><year><style face="normal" font="default" size="100%">1995</style></year></dates><pub-location><style face="normal" font="default" size="100%">London</style></pub-location><publisher><style face="normal" font="default" size="100%">Jessica Kingsley</style></publisher><isbn><style face="normal" font="default" size="100%">1863737596</style></isbn><abstract><style face="normal" font="default" size="100%">The problem of child sexual abuse was brought to the notice of the English-speaking world by the women&apos;s movement in the mid-1980s. Statistics relating to reported cases suggested that the problem was much greater for girls than for boys and, furthermore, that men were almost always the abusers. This trend was confirmed when international researchers surveyed university students and random samples of adults to enquire whether or not they had been sexually abused in childhood. Nobody realised that the men were being asked the wrong questions. And because findings consistently showed that female children were at greatest risk of abuse, support services were set up by pioneering women for female clients. </style></abstract><notes><style face="normal" font="default" size="100%">Postscript: Boys the forgotten victims (pp. 163-170) attached&#xD;Held at Cedar Cottage Library - 1 copy&#xD;Held at New Street, Sydney - 1 copy</style></notes><urls><pdf-urls><url>internal-pdf://Briggs 1991 - Postscript boys the forgotten victims-3210621440/Briggs 1991 - Postscript boys the forgotten victims.pdf</url></pdf-urls></urls></record><record><database name="NSCClibrary.enl" path="F:\NSCClibrary.enl">NSCClibrary.enl</database><source-app name="EndNote" version="17.1">EndNote</source-app><rec-number>3872</rec-number><foreign-keys><key app="EN" db-id="5s5ppfp52t55w0eadv7p5ss3vfxzs5fwwe5w">3872</key></foreign-keys><ref-type name="Unpublished Work">34</ref-type><contributors><authors><author><style face="normal" font="default" size="100%">Cedar Cottage,</style></author></authors></contributors><titles><title><style face="normal" font="default" size="100%">Bibliography: Male survivors of child sexual assault and rape</style></title></titles><keywords><keyword><style face="normal" font="default" size="100%">Childhood sexual abuse</style></keyword><keyword><style face="normal" font="default" size="100%">Male sexual abuse</style></keyword><keyword><style face="normal" font="default" size="100%">Male survivors</style></keyword><keyword><style face="normal" font="default" size="100%">Male victims</style></keyword><keyword><style face="normal" font="default" size="100%">Survivors</style></keyword><keyword><style face="normal" font="default" size="100%">Victims</style></keyword></keywords><dates><year><style face="normal" font="default" size="100%">2001</style></year></dates><pub-location><style face="normal" font="default" size="100%">Sydney</style></pub-location><publisher><style face="normal" font="default" size="100%">Cedar Cottage</style></publisher><abstract><style face="normal" font="default" size="100%">Bibliography of resources last updated in September 2001.</style></abstract><urls><pdf-urls><url>internal-pdf://Cedar Cottage 2001 - Male survivors-0477903617/Cedar Cottage 2001 - Male survivors.pdf</url></pdf-urls></urls></record><record><database name="NSCClibrary.enl" path="F:\NSCClibrary.enl">NSCClibrary.enl</database><source-app name="EndNote" version="17.1">EndNote</source-app><rec-number>3883</rec-number><foreign-keys><key app="EN" db-id="5s5ppfp52t55w0eadv7p5ss3vfxzs5fwwe5w">3883</key></foreign-keys><ref-type name="Unpublished Work">34</ref-type><contributors><authors><author><style face="normal" font="default" size="100%">Cedar Cottage,</style></author></authors></contributors><titles><title><style face="normal" font="default" size="100%">Male sexual assault (notes)</style></title></titles><keywords><keyword><style face="normal" font="default" size="100%">Male sexual abuse</style></keyword><keyword><style face="normal" font="default" size="100%">Male survivors</style></keyword><keyword><style face="normal" font="default" size="100%">Male victims</style></keyword><keyword><style face="normal" font="default" size="100%">Prevalence</style></keyword><keyword><style face="normal" font="default" size="100%">Prisoners</style></keyword><keyword><style face="normal" font="default" size="100%">Rape</style></keyword><keyword><style face="normal" font="default" size="100%">Survivors</style></keyword><keyword><style face="normal" font="default" size="100%">Trauma</style></keyword><keyword><style face="normal" font="default" size="100%">Victims</style></keyword></keywords><dates><year><style face="normal" font="default" size="100%">n.d.</style></year></dates><pub-location><style face="normal" font="default" size="100%">Westmead, NSW</style></pub-location><publisher><style face="normal" font="default" size="100%">Cedar Cottage</style></publisher><abstract><style face="normal" font="default" size="100%">Contains notes on the prevalence of male sexual assault, including methodologies and studies; rape trauma syndrome; the impact of male sexual assault; and, the sexual assault of prisoners.</style></abstract><urls><pdf-urls><url>internal-pdf://Cedar Cottage n.d. - Male sexual assault-2457470721/Cedar Cottage n.d. - Male sexual assault.pdf</url></pdf-urls></urls></record><record><database name="NSCClibrary.enl" path="F:\NSCClibrary.enl">NSCClibrary.enl</database><source-app name="EndNote" version="17.1">EndNote</source-app><rec-number>3732</rec-number><foreign-keys><key app="EN" db-id="5s5ppfp52t55w0eadv7p5ss3vfxzs5fwwe5w">3732</key></foreign-keys><ref-type name="Journal Article">17</ref-type><contributors><authors><author><style face="normal" font="default" size="100%">Coxell, Adrian W.</style></author><author><style face="normal" font="default" size="100%">King, Michael B.</style></author></authors></contributors><titles><title><style face="normal" font="default" size="100%">Male victims of rape and sexual abuse</style></title><secondary-title><style face="normal" font="default" size="100%">Sexual and Marital Therapy</style></secondary-title></titles><periodical><full-title><style face="normal" font="default" size="100%">Sexual and Marital Therapy</style></full-title></periodical><pages><style face="normal" font="default" size="100%">297-308</style></pages><volume><style face="normal" font="default" size="100%">11</style></volume><number><style face="normal" font="default" size="100%">3</style></number><keywords><keyword><style face="normal" font="default" size="100%">Male survivors</style></keyword><keyword><style face="normal" font="default" size="100%">Male victims</style></keyword><keyword><style face="normal" font="default" size="100%">Post-traumatic stress disorder</style></keyword><keyword><style face="normal" font="default" size="100%">PTSD</style></keyword><keyword><style face="normal" font="default" size="100%">Survivors</style></keyword><keyword><style face="normal" font="default" size="100%">Victims</style></keyword></keywords><dates><year><style face="normal" font="default" size="100%">1996</style></year><pub-dates><date><style face="normal" font="default" size="100%">1996/08/01</style></date></pub-dates></dates><publisher><style face="normal" font="default" size="100%">Routledge</style></publisher><isbn><style face="normal" font="default" size="100%">0267-4653</style></isbn><abstract><style face="normal" font="default" size="100%">This paper is an introduction to the literature on the sexual assault of adult males. Various myths concerning the survivors, perpetrators and plausibility of such assaults are challenged. Problems relating to official statistics on the prevalence of such assaults are briefly discussed. Prevalence data from a community sample and a study of gay men are presented. There currently exists little empirical research on the psychological sequelae of sexual assaults on men. However, data from case studies of men assaulted by men or women have found that survivors may exhibit a number of symptoms, including anxiety, depression, post-traumatic stress disorder, and sexual problems including confusion about sexual orientation. Evidence concerning optimal treatment strategies for survivors is not available. However, a number of points relating to the early and delayed management of survivors are suggested.</style></abstract><urls><related-urls><url><style face="normal" font="default" size="100%">http://dx.doi.org/10.1080/02674659608404443</style></url></related-urls><pdf-urls><url>internal-pdf://Coxell et al 1996 - Male victims of-2073109761/Coxell et al 1996 - Male victims of.pdf</url></pdf-urls></urls><electronic-resource-num><style face="normal" font="default" size="100%">10.1080/02674659608404443</style></electronic-resource-num><access-date><style face="normal" font="default" size="100%">2012/11/11</style></access-date></record><record><database name="NSCClibrary.enl" path="F:\NSCClibrary.enl">NSCClibrary.enl</database><source-app name="EndNote" version="17.1">EndNote</source-app><rec-number>3737</rec-number><foreign-keys><key app="EN" db-id="5s5ppfp52t55w0eadv7p5ss3vfxzs5fwwe5w">3737</key></foreign-keys><ref-type name="Journal Article">17</ref-type><contributors><authors><author><style face="normal" font="default" size="100%">Dawson, Chris</style></author></authors></contributors><titles><title><style face="normal" font="default" size="100%">Shame, anger and PTSD: The misunderstood emotions of male survivors of child sexual abuse</style></title><secondary-title><style face="normal" font="default" size="100%">Newsletter</style></secondary-title></titles><periodical><full-title><style face="normal" font="default" size="100%">Newsletter</style></full-title></periodical><volume><style face="normal" font="default" size="100%">22</style></volume><number><style face="normal" font="default" size="100%">4</style></number><keywords><keyword><style face="normal" font="default" size="100%">Childhood sexual abuse</style></keyword><keyword><style face="normal" font="default" size="100%">Male survivors</style></keyword><keyword><style face="normal" font="default" size="100%">Male victims</style></keyword><keyword><style face="normal" font="default" size="100%">Post-traumatic stress disorder</style></keyword><keyword><style face="normal" font="default" size="100%">PTSD</style></keyword><keyword><style face="normal" font="default" size="100%">Shame</style></keyword><keyword><style face="normal" font="default" size="100%">Survivors</style></keyword><keyword><style face="normal" font="default" size="100%">Victims</style></keyword></keywords><dates><year><style face="normal" font="default" size="100%">2000</style></year></dates><abstract><style face="normal" font="default" size="100%">Until recently, shame has been overlooked as a central factor impacting on the behaviour of men who suffer with post-traumatic stress disorder (PTSD). Within the literature on PTSD, male survivors of child sexual assault have not received as much attention as men from other traumatised backgrounds such as combat related post-traumatic stress.</style></abstract><urls><pdf-urls><url>internal-pdf://Dawson 2000 - Shame anger-2273152513/Dawson 2000 - Shame anger.pdf</url></pdf-urls></urls></record><record><database name="NSCClibrary.enl" path="F:\NSCClibrary.enl">NSCClibrary.enl</database><source-app name="EndNote" version="17.1">EndNote</source-app><rec-number>3739</rec-number><foreign-keys><key app="EN" db-id="5s5ppfp52t55w0eadv7p5ss3vfxzs5fwwe5w">3739</key></foreign-keys><ref-type name="Book Section">5</ref-type><contributors><authors><author><style face="normal" font="default" size="100%">Harker, Tim</style></author></authors><secondary-authors><author><style face="normal" font="default" size="100%">Monk, Gerald</style></author><author><style face="normal" font="default" size="100%">Winslade, John</style></author><author><style face="normal" font="default" size="100%">Crocket, Kathie</style></author><author><style face="normal" font="default" size="100%">Epston, David</style></author></secondary-authors></contributors><titles><title><style face="normal" font="default" size="100%">Therapy with male sexual abuse survivors: Contesting oppressive life stories</style></title><secondary-title><style face="normal" font="default" size="100%">Narrative therapy in practice: The archaeology of hope</style></secondary-title></titles><periodical><full-title><style face="normal" font="default" size="100%">Narrative therapy in practice: The archaeology of hope</style></full-title></periodical><pages><style face="normal" font="default" size="100%">193-214</style></pages><keywords><keyword><style face="normal" font="default" size="100%">Childhood sexual abuse</style></keyword><keyword><style face="normal" font="default" size="100%">Male survivors</style></keyword><keyword><style face="normal" font="default" size="100%">Male victims</style></keyword><keyword><style face="normal" font="default" size="100%">Narrative therapy</style></keyword><keyword><style face="normal" font="default" size="100%">Survivors</style></keyword><keyword><style face="normal" font="default" size="100%">Victim treatment</style></keyword><keyword><style face="normal" font="default" size="100%">Victims</style></keyword></keywords><dates><year><style face="normal" font="default" size="100%">1997</style></year></dates><pub-location><style face="normal" font="default" size="100%">San Francisco, CA</style></pub-location><publisher><style face="normal" font="default" size="100%">Jossey-Bass</style></publisher><abstract><style face="normal" font="default" size="100%">Narrative therapy is about stories. Stories about problems and stories about breakthroughs. But most of all, it is about acknowledging and working with the life stories that people bring to counselling that form the plot of their lives and identities ... This chapter is a story, too - a story about sexual abuse, the meaning of which comes out of the social narratives that form our world of meaning. It is a story about men, about the men I have met in therapy, about myself as a man and a therapist, and about the stories of masculinity that circulate and are lived out in our communities. For me, it is most of all a strory of liberation, of people breaking free from oppressive meanings and life stories.</style></abstract><urls><pdf-urls><url>internal-pdf://Harker 1997 - Therapy with male-0075142145/Harker 1997 - Therapy with male.pdf</url></pdf-urls></urls></record><record><database name="NSCClibrary.enl" path="F:\NSCClibrary.enl">NSCClibrary.enl</database><source-app name="EndNote" version="17.1">EndNote</source-app><rec-number>3419</rec-number><foreign-keys><key app="EN" db-id="5s5ppfp52t55w0eadv7p5ss3vfxzs5fwwe5w">3419</key></foreign-keys><ref-type name="Journal Article">17</ref-type><contributors><authors><author><style face="normal" font="default" size="100%">Lambie, Ian</style></author><author><style face="normal" font="default" size="100%">Seymour, Fred</style></author><author><style face="normal" font="default" size="100%">Lee, Alan</style></author><author><style face="normal" font="default" size="100%">Adams, Peter</style></author></authors></contributors><titles><title><style face="normal" font="default" size="100%">Resiliency in the victim-offender cycle in male sexual abuse</style></title><secondary-title><style face="normal" font="default" size="100%">Sexual Abuse: A Journal of Research and Treatment</style></secondary-title></titles><periodical><full-title><style face="normal" font="default" size="100%">Sexual Abuse: A Journal of Research and Treatment</style></full-title></periodical><pages><style face="normal" font="default" size="100%">31-48</style></pages><volume><style face="normal" font="default" size="100%">14</style></volume><number><style face="normal" font="default" size="100%">1</style></number><keywords><keyword><style face="normal" font="default" size="100%">Abused-to-abuser</style></keyword><keyword><style face="normal" font="default" size="100%">Childhood sexual abuse</style></keyword><keyword><style face="normal" font="default" size="100%">Counselling</style></keyword><keyword><style face="normal" font="default" size="100%">Cycle of abuse</style></keyword><keyword><style face="normal" font="default" size="100%">Male sexual abuse</style></keyword><keyword><style face="normal" font="default" size="100%">Male survivors</style></keyword><keyword><style face="normal" font="default" size="100%">Male victims</style></keyword><keyword><style face="normal" font="default" size="100%">Prevention</style></keyword><keyword><style face="normal" font="default" size="100%">Rape</style></keyword><keyword><style face="normal" font="default" size="100%">Resilience</style></keyword><keyword><style face="normal" font="default" size="100%">Sexual assault</style></keyword><keyword><style face="normal" font="default" size="100%">Support groups</style></keyword><keyword><style face="normal" font="default" size="100%">Survivors</style></keyword><keyword><style face="normal" font="default" size="100%">Therapy</style></keyword><keyword><style face="normal" font="default" size="100%">Victim-to-victimiser</style></keyword><keyword><style face="normal" font="default" size="100%">Victim treatment</style></keyword><keyword><style face="normal" font="default" size="100%">Victims</style></keyword></keywords><dates><year><style face="normal" font="default" size="100%">2002</style></year></dates><isbn><style face="normal" font="default" size="100%">1079-0632</style></isbn><abstract><style face="normal" font="default" size="100%">The prevalence of childhood sexual abuse in child molesters is considerably higher than that in the general population. This finding had led to the “victim-offender cycle” being popularised as an explanation for sexual offending. However, not all child molesters were victimised as children, so it is of interest to examine the factors that contribute to the victim-offender cycle or, conversely, resiliency. This study examined the “moderating factors” that may prevent a male victim of sexual abuse from entering the victim-offender cycle. Two groups were interviewed as part of the study: a “resilient group” (n = 47) and a victim-offender group (n = 41). After correction for age and education level, the resilient group were less likely to have fantasised and masturbated about the abuse, less likely to report deriving pleasure from the abuse, more likely to have had frequent social contact with adolescent peers and to have had more family and nonfamily support during childhood. The findings support the need for multifactorial models of resiliency, the victim-offender cycle, and sexual offending. Recommendations about the prevention of the victim-offender cycle are made, including the need for a thorough systemic assessment of all male victims of sexual abuse and the involvement of their family system in counseling.</style></abstract><urls><pdf-urls><url>internal-pdf://Lambie et al 2002 - Resiliency in the victim-2423821057/Lambie et al 2002 - Resiliency in the victim.pdf</url></pdf-urls></urls></record><record><database name="NSCClibrary.enl" path="F:\NSCClibrary.enl">NSCClibrary.enl</database><source-app name="EndNote" version="17.1">EndNote</source-app><rec-number>3072</rec-number><foreign-keys><key app="EN" db-id="5s5ppfp52t55w0eadv7p5ss3vfxzs5fwwe5w">3072</key></foreign-keys><ref-type name="Journal Article">17</ref-type><contributors><authors><author><style face="normal" font="default" size="100%">Lew, Mike</style></author></authors></contributors><titles><title><style face="normal" font="default" size="100%">Men in recovery from sexual child abuse: Obstacles and triumphs</style></title><secondary-title><style face="normal" font="default" size="100%">Psychotherapy in Australia</style></secondary-title></titles><periodical><full-title><style face="normal" font="default" size="100%">Psychotherapy in Australia</style></full-title></periodical><pages><style face="normal" font="default" size="100%">39-44</style></pages><volume><style face="normal" font="default" size="100%">2</style></volume><number><style face="normal" font="default" size="100%">2</style></number><keywords><keyword><style face="normal" font="default" size="100%">Childhood sexual abuse</style></keyword><keyword><style face="normal" font="default" size="100%">Counselling</style></keyword><keyword><style face="normal" font="default" size="100%">Effects</style></keyword><keyword><style face="normal" font="default" size="100%">Healing</style></keyword><keyword><style face="normal" font="default" size="100%">Incest</style></keyword><keyword><style face="normal" font="default" size="100%">Intrafamilial sexual abuse</style></keyword><keyword><style face="normal" font="default" size="100%">Male survivors</style></keyword><keyword><style face="normal" font="default" size="100%">Male victims</style></keyword><keyword><style face="normal" font="default" size="100%">Rape</style></keyword><keyword><style face="normal" font="default" size="100%">Sexual assault</style></keyword><keyword><style face="normal" font="default" size="100%">Support groups</style></keyword><keyword><style face="normal" font="default" size="100%">Survivors</style></keyword><keyword><style face="normal" font="default" size="100%">Therapy</style></keyword><keyword><style face="normal" font="default" size="100%">Victim treatment</style></keyword><keyword><style face="normal" font="default" size="100%">Victims</style></keyword></keywords><dates><year><style face="normal" font="default" size="100%">1996</style></year></dates><abstract><style face="normal" font="default" size="100%">In the face of widespread denial and minimisation, mental health professionals, largely through the pioneering efforts of feminist therapists, began to address ongoing effects of sexual child abuse, and to explore means of healing its wounds. However, we have been exceedingly slow to acknowledge that boys as well as girls are sexually abused. Although adult male survivors of incest and other sexual child abuse number in the millions, they are a population that largely remains ignored and isolated. As a society we have clung to comfortable mythologies about abuse, remaining closed to the magnitude of this issue.</style></abstract><urls><pdf-urls><url>internal-pdf://Lew 1996 - Men in recovery from sexual-4180522241/Lew 1996 - Men in recovery from sexual.pdf</url></pdf-urls></urls></record><record><database name="NSCClibrary.enl" path="F:\NSCClibrary.enl">NSCClibrary.enl</database><source-app name="EndNote" version="17.1">EndNote</source-app><rec-number>3738</rec-number><foreign-keys><key app="EN" db-id="5s5ppfp52t55w0eadv7p5ss3vfxzs5fwwe5w">3738</key></foreign-keys><ref-type name="Conference Paper">47</ref-type><contributors><authors><author><style face="normal" font="default" size="100%">McAdam, Helen</style></author><author><style face="normal" font="default" size="100%">Fitts, Ann</style></author></authors></contributors><titles><title><style face="normal" font="default" size="100%">Why wreck a man&apos;s life?: The paradox of male sexual assault</style></title><secondary-title><style face="normal" font="default" size="100%">Restoration for Victims of Crime Conference</style></secondary-title></titles><keywords><keyword><style face="normal" font="default" size="100%">Childhood sexual abuse</style></keyword><keyword><style face="normal" font="default" size="100%">Childhood sexual abuse</style></keyword><keyword><style face="normal" font="default" size="100%">Counselling</style></keyword><keyword><style face="normal" font="default" size="100%">Male survivors</style></keyword><keyword><style face="normal" font="default" size="100%">Male victims</style></keyword><keyword><style face="normal" font="default" size="100%">Rape</style></keyword><keyword><style face="normal" font="default" size="100%">Sexual assault</style></keyword><keyword><style face="normal" font="default" size="100%">Support groups</style></keyword><keyword><style face="normal" font="default" size="100%">Survivors</style></keyword><keyword><style face="normal" font="default" size="100%">Therapy</style></keyword><keyword><style face="normal" font="default" size="100%">Victim treatment</style></keyword><keyword><style face="normal" font="default" size="100%">Victims</style></keyword></keywords><dates><year><style face="normal" font="default" size="100%">1999</style></year><pub-dates><date><style face="normal" font="default" size="100%">September 1999</style></date></pub-dates></dates><pub-location><style face="normal" font="default" size="100%">Melbourne, Vic</style></pub-location><publisher><style face="normal" font="default" size="100%">Latrobe Community Health Service and the Creative Skill Consultants</style></publisher><abstract><style face="normal" font="default" size="100%">The title of this paper, Why Wreck a Man’s Life was inspired by the first man who contacted the research program. “Tom” was assaulted as a young man of 16, and is now in his early fifties. He has sought counselling from professionals who laughed at him, and sought legal redress from police and solicitors who did not believe him. Tom gave up seeking help when one professional said to him “Why bring it up now, and wreck a man’s (the perpetrator’s) life?”</style></abstract><urls><pdf-urls><url>internal-pdf://McAdam et al 1999 - Why wreck a-2176570113/McAdam et al 1999 - Why wreck a.pdf</url></pdf-urls></urls></record><record><database name="NSCClibrary.enl" path="F:\NSCClibrary.enl">NSCClibrary.enl</database><source-app name="EndNote" version="17.1">EndNote</source-app><rec-number>3884</rec-number><foreign-keys><key app="EN" db-id="5s5ppfp52t55w0eadv7p5ss3vfxzs5fwwe5w">3884</key></foreign-keys><ref-type name="Journal Article">17</ref-type><contributors><authors><author><style face="normal" font="default" size="100%">McDonald, Noel</style></author></authors></contributors><titles><title><style face="normal" font="default" size="100%">Ways to engage young male survivors of sexual assault</style></title><secondary-title><style face="normal" font="default" size="100%">Narrative Network News</style></secondary-title></titles><periodical><full-title><style face="normal" font="default" size="100%">Narrative Network News</style></full-title></periodical><pages><style face="normal" font="default" size="100%">11</style></pages><volume><style face="normal" font="default" size="100%">June</style></volume><keywords><keyword><style face="normal" font="default" size="100%">Childhood sexual abuse</style></keyword><keyword><style face="normal" font="default" size="100%">Counselling</style></keyword><keyword><style face="normal" font="default" size="100%">Male survivors</style></keyword><keyword><style face="normal" font="default" size="100%">Male victims</style></keyword><keyword><style face="normal" font="default" size="100%">Rape</style></keyword><keyword><style face="normal" font="default" size="100%">Sexual assault</style></keyword><keyword><style face="normal" font="default" size="100%">Support groups</style></keyword><keyword><style face="normal" font="default" size="100%">Survivors</style></keyword><keyword><style face="normal" font="default" size="100%">Therapy</style></keyword><keyword><style face="normal" font="default" size="100%">Victim treatment</style></keyword><keyword><style face="normal" font="default" size="100%">Victims</style></keyword></keywords><dates><year><style face="normal" font="default" size="100%">2001</style></year></dates><abstract><style face="normal" font="default" size="100%">I have found the first step in engaging young male survivors of sexual assault is to actively build safety and support. For many young men, their first issues about coming to counselling are whether they will be believed, further shamed, controlled or misunderstood.</style></abstract><urls><pdf-urls><url>internal-pdf://McDonald 2001 - Ways to engage-0461295105/McDonald 2001 - Ways to engage.pdf</url></pdf-urls></urls></record><record><database name="NSCClibrary.enl" path="F:\NSCClibrary.enl">NSCClibrary.enl</database><source-app name="EndNote" version="17.1">EndNote</source-app><rec-number>927</rec-number><foreign-keys><key app="EN" db-id="5s5ppfp52t55w0eadv7p5ss3vfxzs5fwwe5w">927</key><key app="ENWeb" db-id="ThEeKwrtqggAAHqv064">3826</key></foreign-keys><ref-type name="Journal Article">17</ref-type><contributors><authors><author><style face="normal" font="default" size="100%">Monk-Turner, Elizabeth</style></author><author><style face="normal" font="default" size="100%">Light, David</style></author></authors></contributors><titles><title><style face="normal" font="default" size="100%">Male sexual assault and rape: Who seeks counseling?</style></title><secondary-title><style face="normal" font="default" size="100%">Sexual Abuse: A Journal of Research and Treatment</style></secondary-title></titles><periodical><full-title><style face="normal" font="default" size="100%">Sexual Abuse: A Journal of Research and Treatment</style></full-title></periodical><pages><style face="normal" font="default" size="100%">255-265</style></pages><volume><style face="normal" font="default" size="100%">22</style></volume><number><style face="normal" font="default" size="100%">3</style></number><keywords><keyword><style face="normal" font="default" size="100%">Counselling</style></keyword><keyword><style face="normal" font="default" size="100%">Group therapy</style></keyword><keyword><style face="normal" font="default" size="100%">Group treatment</style></keyword><keyword><style face="normal" font="default" size="100%">Groupwork</style></keyword><keyword><style face="normal" font="default" size="100%">Male survivors</style></keyword><keyword><style face="normal" font="default" size="100%">Male victims</style></keyword><keyword><style face="normal" font="default" size="100%">Partners</style></keyword><keyword><style face="normal" font="default" size="100%">Rape</style></keyword><keyword><style face="normal" font="default" size="100%">Sexual assault</style></keyword><keyword><style face="normal" font="default" size="100%">Support groups</style></keyword><keyword><style face="normal" font="default" size="100%">Survivors</style></keyword><keyword><style face="normal" font="default" size="100%">Therapy</style></keyword><keyword><style face="normal" font="default" size="100%">Victim treatment</style></keyword><keyword><style face="normal" font="default" size="100%">Victims</style></keyword></keywords><dates><year><style face="normal" font="default" size="100%">2010</style></year></dates><isbn><style face="normal" font="default" size="100%">1079-0632</style></isbn><abstract><style face="normal" font="default" size="100%">This work rests on responses from 219 male sexual assault and rape victims who self-reported their victimisation in the 1994-1996 Violence and Threats of Violence Against Women and Men in the United States survey. The authors expected that men who reported being severely assaulted would be more likely than others to seek counseling. They defined severely assaulted as having been penetrated, assaulted with a weapon, threatened, self-reported sustaining physical injuries, sought medical care, and/or reported the assault to the police. However, in their logistic model that explores who sought counselling, only one variable was significant. The odds of seeking counseling for men who reported being penetrated had significantly lower odds of seeking counseling all else equal. </style></abstract><urls><pdf-urls><url>internal-pdf://Monk-Turner et al 2010 - Male sexual-3871296512/Monk-Turner et al 2010 - Male sexual.pdf</url></pdf-urls></urls></record><record><database name="NSCClibrary.enl" path="F:\NSCClibrary.enl">NSCClibrary.enl</database><source-app name="EndNote" version="17.1">EndNote</source-app><rec-number>3735</rec-number><foreign-keys><key app="EN" db-id="5s5ppfp52t55w0eadv7p5ss3vfxzs5fwwe5w">3735</key></foreign-keys><ref-type name="Journal Article">17</ref-type><contributors><authors><author><style face="normal" font="default" size="100%">Nasjleti, Maria</style></author></authors></contributors><titles><title><style face="normal" font="default" size="100%">Suffering in silence: The male incest victim</style></title><secondary-title><style face="normal" font="default" size="100%">Child Welfare</style></secondary-title></titles><periodical><full-title><style face="normal" font="default" size="100%">Child Welfare</style></full-title></periodical><pages><style face="normal" font="default" size="100%">269-275</style></pages><volume><style face="normal" font="default" size="100%">59</style></volume><number><style face="normal" font="default" size="100%">5</style></number><keywords><keyword><style face="normal" font="default" size="100%">Denial</style></keyword><keyword><style face="normal" font="default" size="100%">Disclosure</style></keyword><keyword><style face="normal" font="default" size="100%">Gender</style></keyword><keyword><style face="normal" font="default" size="100%">Incest</style></keyword><keyword><style face="normal" font="default" size="100%">Intrafamilial sexual abuse</style></keyword><keyword><style face="normal" font="default" size="100%">Male survivors</style></keyword><keyword><style face="normal" font="default" size="100%">Male victims</style></keyword><keyword><style face="normal" font="default" size="100%">Parent-child relations</style></keyword><keyword><style face="normal" font="default" size="100%">Psychotherapy</style></keyword><keyword><style face="normal" font="default" size="100%">Self-concept</style></keyword><keyword><style face="normal" font="default" size="100%">Survivors</style></keyword><keyword><style face="normal" font="default" size="100%">Victim treatment</style></keyword><keyword><style face="normal" font="default" size="100%">Victimisation</style></keyword><keyword><style face="normal" font="default" size="100%">Victims</style></keyword></keywords><dates><year><style face="normal" font="default" size="100%">1980</style></year></dates><abstract><style face="normal" font="default" size="100%">The reasons boys who are victims of incest remain silent are explored in terms of the special meaning of victimisation to males. A major factor is that society does not permit males to express feelings of helplessness and vulnerability.</style></abstract><urls><related-urls><url><style face="normal" font="default" size="100%">http://europepmc.org/abstract/MED/7371436</style></url></related-urls><pdf-urls><url>internal-pdf://Nasjleti 1980 - Suffering in silence-3130260993/Nasjleti 1980 - Suffering in silence.pdf</url></pdf-urls></urls></record><record><database name="NSCClibrary.enl" path="F:\NSCClibrary.enl">NSCClibrary.enl</database><source-app name="EndNote" version="17.1">EndNote</source-app><rec-number>3716</rec-number><foreign-keys><key app="EN" db-id="5s5ppfp52t55w0eadv7p5ss3vfxzs5fwwe5w">3716</key></foreign-keys><ref-type name="Journal Article">17</ref-type><contributors><authors><author><style face="normal" font="default" size="100%">Reid, Kenneth</style></author><author><style face="normal" font="default" size="100%">Mathews, Gary</style></author><author><style face="normal" font="default" size="100%">Liss, Peggy Solow</style></author></authors></contributors><titles><title><style face="normal" font="default" size="100%">My partner is hurting: Group work with male partners of adult survivors of sexual abuse</style></title><secondary-title><style face="normal" font="default" size="100%">Social Work with Groups</style></secondary-title></titles><periodical><full-title><style face="normal" font="default" size="100%">Social Work with Groups</style></full-title></periodical><pages><style face="normal" font="default" size="100%">81-87</style></pages><volume><style face="normal" font="default" size="100%">18</style></volume><number><style face="normal" font="default" size="100%">1</style></number><keywords><keyword><style face="normal" font="default" size="100%">Childhood sexual abuse</style></keyword><keyword><style face="normal" font="default" size="100%">Counselling</style></keyword><keyword><style face="normal" font="default" size="100%">Group therapy</style></keyword><keyword><style face="normal" font="default" size="100%">Group treatment</style></keyword><keyword><style face="normal" font="default" size="100%">Groupwork</style></keyword><keyword><style face="normal" font="default" size="100%">Male survivors</style></keyword><keyword><style face="normal" font="default" size="100%">Male victims</style></keyword><keyword><style face="normal" font="default" size="100%">Partners</style></keyword><keyword><style face="normal" font="default" size="100%">Rape</style></keyword><keyword><style face="normal" font="default" size="100%">Sexual assault</style></keyword><keyword><style face="normal" font="default" size="100%">Support groups</style></keyword><keyword><style face="normal" font="default" size="100%">Survivors</style></keyword><keyword><style face="normal" font="default" size="100%">Victim treatment</style></keyword><keyword><style face="normal" font="default" size="100%">Victims</style></keyword></keywords><dates><year><style face="normal" font="default" size="100%">1996</style></year><pub-dates><date><style face="normal" font="default" size="100%">1996/01/22</style></date></pub-dates></dates><publisher><style face="normal" font="default" size="100%">Routledge</style></publisher><isbn><style face="normal" font="default" size="100%">0160-9513</style></isbn><abstract><style face="normal" font="default" size="100%">Male adult survivors of childhood sexual abuse, as well as male partners of survivors often experience problems. There are few service alternatives available to them. One innovative program combines both populations in a two-group sequence. The first group is time-limited. Members graduate to a second, open-ended group. The innovative elements of these sequenced support groups include the concept of secondary victim, the combination of male partners with male survivors, sequenced time-limited and ongoing groups, and the use of mixed gender leaders with same-sex groups.</style></abstract><urls><pdf-urls><url>internal-pdf://Reid et al 1995 - My partner is hurting-2412755201/Reid et al 1995 - My partner is hurting.pdf</url></pdf-urls></urls><electronic-resource-num><style face="normal" font="default" size="100%">10.1300/J009v18n01_08</style></electronic-resource-num><access-date><style face="normal" font="default" size="100%">2012/11/05</style></access-date></record><record><database name="NSCClibrary.enl" path="F:\NSCClibrary.enl">NSCClibrary.enl</database><source-app name="EndNote" version="17.1">EndNote</source-app><rec-number>4900</rec-number><foreign-keys><key app="EN" db-id="5s5ppfp52t55w0eadv7p5ss3vfxzs5fwwe5w">4900</key></foreign-keys><ref-type name="Journal Article">17</ref-type><contributors><authors><author><style face="normal" font="default" size="100%">Sebold, John</style></author></authors></contributors><titles><title><style face="normal" font="default" size="100%">Indicators of Child Sexual Abuse in Males</style></title><secondary-title><style face="normal" font="default" size="100%">Social Casework</style></secondary-title></titles><periodical><full-title><style face="normal" font="default" size="100%">Social Casework</style></full-title></periodical><pages><style face="normal" font="default" size="100%">75-80</style></pages><volume><style face="normal" font="default" size="100%">68</style></volume><number><style face="normal" font="default" size="100%">2</style></number><keywords><keyword><style face="normal" font="default" size="100%">Social Indicators</style></keyword><keyword><style face="normal" font="default" size="100%">Sexual Abuse Indicators</style></keyword><keyword><style face="normal" font="default" size="100%">Social Work Practice</style></keyword><keyword><style face="normal" font="default" size="100%">Males</style></keyword><keyword><style face="normal" font="default" size="100%">Sexual Abuse</style></keyword><keyword><style face="normal" font="default" size="100%">Children</style></keyword></keywords><dates><year><style face="normal" font="default" size="100%">1987</style></year></dates><abstract><style face="normal" font="default" size="100%">Indicators that Male children may have been sexually abused are identified &amp; described: (1) homophobic concerns, (2) aggressive &amp; controlling behavior, (3) infantile behavior, (4) paranoid/phobic behaviors, (5) sexual language &amp; behaviors, (6) relevant dreams, (7) body &amp; image changes, (8) certain family &amp; social indicators, &amp; (9) setting fires. These should be seen as clues, leading the practitioner to further investigation &amp; possible intervention. F. Rasmussen</style></abstract><notes><style face="normal" font="default" size="100%">This PDF can be read online properly but it cannot be printed smoothly. Please contact Tatjana Pajcin for help who has the original copy. Today is my last day and I have no time to deal with it now.</style></notes><urls><pdf-urls><url>internal-pdf://3691347628/Sebold1987Indicators.pdf</url></pdf-urls></urls></record><record><database name="NSCClibrary.enl" path="F:\NSCClibrary.enl">NSCClibrary.enl</database><source-app name="EndNote" version="17.1">EndNote</source-app><rec-number>3733</rec-number><foreign-keys><key app="EN" db-id="5s5ppfp52t55w0eadv7p5ss3vfxzs5fwwe5w">3733</key></foreign-keys><ref-type name="Journal Article">17</ref-type><contributors><authors><author><style face="normal" font="default" size="100%">Stermac, Lana E.</style></author><author><style face="normal" font="default" size="100%">Sheridan, Peter M.</style></author><author><style face="normal" font="default" size="100%">Davidson, Alison</style></author><author><style face="normal" font="default" size="100%">Dunn, Sheila</style></author></authors></contributors><titles><title><style face="normal" font="default" size="100%">Sexual assault of adult males</style></title><secondary-title><style face="normal" font="default" size="100%">Journal of Interpersonal Violence</style></secondary-title></titles><periodical><full-title><style face="normal" font="default" size="100%">Journal of Interpersonal Violence</style></full-title></periodical><pages><style face="normal" font="default" size="100%">52-64</style></pages><volume><style face="normal" font="default" size="100%">11</style></volume><number><style face="normal" font="default" size="100%">1</style></number><keywords><keyword><style face="normal" font="default" size="100%">Counselling</style></keyword><keyword><style face="normal" font="default" size="100%">Male survivors</style></keyword><keyword><style face="normal" font="default" size="100%">Male victims</style></keyword><keyword><style face="normal" font="default" size="100%">Rape</style></keyword><keyword><style face="normal" font="default" size="100%">Sexual assault</style></keyword><keyword><style face="normal" font="default" size="100%">Survivors</style></keyword><keyword><style face="normal" font="default" size="100%">Victim treatment</style></keyword><keyword><style face="normal" font="default" size="100%">Victims</style></keyword></keywords><dates><year><style face="normal" font="default" size="100%">1996</style></year><pub-dates><date><style face="normal" font="default" size="100%">March 1, 1996</style></date></pub-dates></dates><abstract><style face="normal" font="default" size="100%">The circumstances and characteristics of sexual assaults against adult males presenting to a crisis unit in a large metropolitan area were examined. Twenty-nine men, ranging in age from 18 to 65, who were victims of sexual assaults or attempted sexual assaults, were seen over a 16-month period. Information extracted from the unit database included client demographics and personal history, assault characteristics, and presentation information. Twenty-five (86%) of the reported assaults involved male perpetrators, one involved a single female perpetrator, and two involved both male and female perpetrators. Half the male-male assaults and all the female-male assaults were acquaintance sexual assaults. Only a minority of the stranger assaults were suggestive of anti-gay violence. Most victims were young gay men, many of whom had physical or cognitive disabilities making them particularly vulnerable. The results suggest a need for increased awareness of acquaintance sexual assault in adult males.</style></abstract><urls><related-urls><url><style face="normal" font="default" size="100%">http://jiv.sagepub.com/content/11/1/52.abstract</style></url></related-urls><pdf-urls><url>internal-pdf://Stermac et al 1996 - Sexual assault of-0565026817/Stermac et al 1996 - Sexual assault of.pdf</url></pdf-urls></urls><electronic-resource-num><style face="normal" font="default" size="100%">10.1177/088626096011001004</style></electronic-resource-num></record><record><database name="NSCClibrary.enl" path="F:\NSCClibrary.enl">NSCClibrary.enl</database><source-app name="EndNote" version="17.1">EndNote</source-app><rec-number>3885</rec-number><foreign-keys><key app="EN" db-id="5s5ppfp52t55w0eadv7p5ss3vfxzs5fwwe5w">3885</key></foreign-keys><ref-type name="Journal Article">17</ref-type><contributors><authors><author><style face="normal" font="default" size="100%">Tyler, Malcolm</style></author></authors></contributors><titles><title><style face="normal" font="default" size="100%">Working with male abuse survivors</style></title><secondary-title><style face="normal" font="default" size="100%">On the Level</style></secondary-title></titles><periodical><full-title><style face="normal" font="default" size="100%">On the Level</style></full-title></periodical><pages><style face="normal" font="default" size="100%">39-40</style></pages><volume><style face="normal" font="default" size="100%">3</style></volume><number><style face="normal" font="default" size="100%">4</style></number><keywords><keyword><style face="normal" font="default" size="100%">Counselling</style></keyword><keyword><style face="normal" font="default" size="100%">Male survivors</style></keyword><keyword><style face="normal" font="default" size="100%">Male victims</style></keyword><keyword><style face="normal" font="default" size="100%">Support groups</style></keyword><keyword><style face="normal" font="default" size="100%">Survivors</style></keyword><keyword><style face="normal" font="default" size="100%">Victim treatment</style></keyword><keyword><style face="normal" font="default" size="100%">Victims</style></keyword></keywords><dates><year><style face="normal" font="default" size="100%">n.d.</style></year></dates><abstract><style face="normal" font="default" size="100%">I am a facilitator of the Men&apos;s Support Group for male abuse survivors in southern Tasmania. The group runs twice a year for twelve weeks at the Glenorchy/Hobart Community Health Centre. It is based on the model used at the Newtown Community Health Centre in Sydney, using self-help principles, not a medical model. A supportive network of counsellors and therapists is available for participants as required. I am not a survivor, although my co-facilitator is. My knowledge of male victims and survivors comes from working with them, listening to people&apos;s experiences, reading, attending training workshops and linking closely with other experienced professionals. I also work as a one-to-one counsellor for some survivors, although not for people attending the Men&apos;s Support Group. My background is in child welfare and child protection, which has helped me understand many of the issues and dilemmas faced by abused males.</style></abstract><urls><pdf-urls><url>internal-pdf://Tyler n.d. - Working with male-1249987585/Tyler n.d. - Working with male.pdf</url></pdf-urls></urls></record><record><database name="NSCClibrary.enl" path="F:\NSCClibrary.enl">NSCClibrary.enl</database><source-app name="EndNote" version="17.1">EndNote</source-app><rec-number>4870</rec-number><foreign-keys><key app="EN" db-id="5s5ppfp52t55w0eadv7p5ss3vfxzs5fwwe5w">4870</key></foreign-keys><ref-type name="Journal Article">17</ref-type><contributors><authors><author><style face="normal" font="default" size="100%">van der Put, Claudia E.</style></author><author><style face="normal" font="default" size="100%">Asscher, Jessica J.</style></author></authors></contributors><titles><title><style face="normal" font="default" size="100%">Protective Factors in Male Adolescents With a History of Sexual and/or Violent Offending: A Comparison Between Three Subgroups</style></title><secondary-title><style face="normal" font="default" size="100%">Sexual Abuse: A Journal of Research and Treatment</style></secondary-title></titles><periodical><full-title><style face="normal" font="default" size="100%">Sexual Abuse: A Journal of Research and Treatment</style></full-title></periodical><keywords><keyword><style face="normal" font="default" size="100%">Protective factors</style></keyword><keyword><style face="normal" font="default" size="100%">Risk factors</style></keyword><keyword><style face="normal" font="default" size="100%">Impact of factors</style></keyword><keyword><style face="normal" font="default" size="100%">Presence of factors</style></keyword><keyword><style face="normal" font="default" size="100%">Peer victims</style></keyword><keyword><style face="normal" font="default" size="100%">Child victims</style></keyword><keyword><style face="normal" font="default" size="100%">History of Sexual Offending</style></keyword><keyword><style face="normal" font="default" size="100%">History of abuse</style></keyword></keywords><dates><year><style face="normal" font="default" size="100%">2014</style></year><pub-dates><date><style face="normal" font="default" size="100%">September 3, 2014</style></date></pub-dates></dates><abstract><style face="normal" font="default" size="100%">This study aimed to examine the presence and impact of dynamic protective factors for delinquency in male adolescents with a history of sexual and/or violent offending. Bipolar factors (factors with risk and protective factors being the ends of the same continuum) were examined in male adolescents with a history of sexual offenses against younger children (CSOs; n = 341), a history of sexual offenses against peers and/or adult victims (PSOs; n = 207), and a history of nonsexual violent offenses (VOs; n = 1,356). We conducted secondary analyses on data collected with the Washington State Juvenile Court Assessment and on general recidivism data. ANOVA, correlations, Fisher’s z tests, and logistic regression analyses were applied. Results showed that, in VOs, the number of risk factors was greater than the number of protective factors, whereas in PSOs, and especially CSOs, the number of protective factors was greater than the number of risk factors. Protective factors appeared to be especially important for juveniles with a history of sexual offenses for two reasons. First, the impact of most protective factors on recidivism was larger among juveniles with a history of sexual offenses than among those with a history of violent offenses. Second, protective factors added to the predictive accuracy over and above risk factors in juveniles with a history of sexual offenses, but not in those with a history of violent offenses.</style></abstract><urls><pdf-urls><url>internal-pdf://2051283838/Claudia2014Protective factors.pdf</url></pdf-urls></urls><electronic-resource-num><style face="normal" font="default" size="100%">10.1177/1079063214549259</style></electronic-resource-num></record></records></xml>