<?xml version="1.0" encoding="UTF-8" ?><xml><records><record><database name="NSCClibrary.enl" path="F:\NSCClibrary.enl">NSCClibrary.enl</database><source-app name="EndNote" version="17.1">EndNote</source-app><rec-number>2940</rec-number><foreign-keys><key app="EN" db-id="5s5ppfp52t55w0eadv7p5ss3vfxzs5fwwe5w">2940</key></foreign-keys><ref-type name="Journal Article">17</ref-type><contributors><authors><author><style face="normal" font="default" size="100%">Bays, Jan</style></author><author><style face="normal" font="default" size="100%">Chadwick, David</style></author></authors></contributors><titles><title><style face="normal" font="default" size="100%">Medical diagnosis of the sexually abused child</style></title><secondary-title><style face="normal" font="default" size="100%">Child Abuse &amp; Neglect</style></secondary-title></titles><periodical><full-title><style face="normal" font="default" size="100%">Child Abuse &amp; Neglect</style></full-title></periodical><pages><style face="normal" font="default" size="100%">91-110</style></pages><volume><style face="normal" font="default" size="100%">17</style></volume><number><style face="normal" font="default" size="100%">1</style></number><keywords><keyword><style face="normal" font="default" size="100%">Child sexual abuse</style></keyword><keyword><style face="normal" font="default" size="100%">Medical examination</style></keyword></keywords><dates><year><style face="normal" font="default" size="100%">1993</style></year></dates><isbn><style face="normal" font="default" size="100%">0145-2134</style></isbn><abstract><style face="normal" font="default" size="100%">This article reviews what has been learned in the last two decades about the medical diagnosis of child sexual abuse. Studies indicate that a normal physical exam is common in sexual abuse victims, that healing of injuries due to abuse is rapid and sometimes complete, that a minority of victims seen for abuse are boys, that nonsexual transmission of sexually transmitted diseases is rare, and that congenital and acquired conditions may mimic physical findings caused by sexual abuse. The article summarises clinical research on physical findings in nonabused children, abused children, and abused children with independent confirmation of abuse. A classification of physical findings is proposed along a continuum of certainty that sexual abuse has occurred. The child&apos;s history is essential in the accurate diagnosis of most cases of sexual abuse</style></abstract><urls><pdf-urls><url>internal-pdf://Bays et al 1993 - Medical diagnosis-1826550016/Bays et al 1993 - Medical diagnosis.pdf</url></pdf-urls></urls></record><record><database name="NSCClibrary.enl" path="F:\NSCClibrary.enl">NSCClibrary.enl</database><source-app name="EndNote" version="17.1">EndNote</source-app><rec-number>2723</rec-number><foreign-keys><key app="EN" db-id="5s5ppfp52t55w0eadv7p5ss3vfxzs5fwwe5w">2723</key></foreign-keys><ref-type name="Journal Article">17</ref-type><contributors><authors><author><style face="normal" font="default" size="100%">Berkowitz, Carol D.</style></author></authors></contributors><titles><title><style face="normal" font="default" size="100%">Medical consequences of child sexual abuse</style></title><secondary-title><style face="normal" font="default" size="100%">Child Abuse &amp; Neglect: The International Journal</style></secondary-title></titles><periodical><full-title><style face="normal" font="default" size="100%">Child Abuse &amp; Neglect: The International Journal</style></full-title></periodical><pages><style face="normal" font="default" size="100%">541-50</style></pages><volume><style face="normal" font="default" size="100%">22</style></volume><number><style face="normal" font="default" size="100%">6</style></number><keywords><keyword><style face="normal" font="default" size="100%">Child sexual abuse</style></keyword><keyword><style face="normal" font="default" size="100%">Encopresis</style></keyword><keyword><style face="normal" font="default" size="100%">Medical examination</style></keyword></keywords><dates><year><style face="normal" font="default" size="100%">1998</style></year></dates><isbn><style face="normal" font="default" size="100%">0145-2134</style></isbn><abstract><style face="normal" font="default" size="100%">The investigative interest of the paediatric community in the area of child sexual abuse has focused on genital injuries, venereal diseases, and behavioural problems such as sleep disturbances, enuresis, and encopresis (Bachmann, Moeller, &amp; Benett, 1988). Studies of adolescent sexual abuse victims have examined symptom following acute rapes, including headaches, dizziness, and abdominal pain (Felice, Grant, &amp; Reynolds 1978). The long-term consequences or child sexual abuse have been evaluated mainly by psychologists but even these studies are hampered by a number of methodological limitations. The importance of the long-term sequelae of child sexual abuse can be viewed from a number of perspectives as discussed in this article.</style></abstract><urls><pdf-urls><url>internal-pdf://Berkowitz 1998 - Medical consequences of-1802690305/Berkowitz 1998 - Medical consequences of.pdf</url></pdf-urls></urls></record><record><database name="NSCClibrary.enl" path="F:\NSCClibrary.enl">NSCClibrary.enl</database><source-app name="EndNote" version="17.1">EndNote</source-app><rec-number>2951</rec-number><foreign-keys><key app="EN" db-id="5s5ppfp52t55w0eadv7p5ss3vfxzs5fwwe5w">2951</key></foreign-keys><ref-type name="Journal Article">17</ref-type><contributors><authors><author><style face="normal" font="default" size="100%">Berson, Nancy L.</style></author><author><style face="normal" font="default" size="100%">Herman-Giddens, Marcia E.</style></author><author><style face="normal" font="default" size="100%">Frothingham, Thomas E.</style></author></authors></contributors><titles><title><style face="normal" font="default" size="100%">Children&apos;s perceptions of genital examinations during sexual abuse evaluations</style></title><secondary-title><style face="normal" font="default" size="100%">Child Welfare: Journal of Policy, Practice, and Program</style></secondary-title></titles><periodical><full-title><style face="normal" font="default" size="100%">Child Welfare: Journal of Policy, Practice, and Program</style></full-title></periodical><pages><style face="normal" font="default" size="100%">41-49</style></pages><volume><style face="normal" font="default" size="100%">72</style></volume><number><style face="normal" font="default" size="100%">1</style></number><keywords><keyword><style face="normal" font="default" size="100%">Child sexual abuse</style></keyword><keyword><style face="normal" font="default" size="100%">Medical examination</style></keyword></keywords><dates><year><style face="normal" font="default" size="100%">1993</style></year></dates><isbn><style face="normal" font="default" size="100%">0009-4021</style></isbn><abstract><style face="normal" font="default" size="100%">Children&apos;s reactions to the medical evaluation of sexual abuse and the methods that enhance their coping ability have not been well addressed in the literature. For many children, a genital examination can he highly stressful, and may even trigger memories of the sexual abuse itself. Stress can be reduced by preparing the child for the examination, by giving the child greater control, and by debriefing the child (and parents) afterward. Research is needed to develop the most effective techniques for reducing children&apos;s stress during a genital examination.</style></abstract><urls><pdf-urls><url>internal-pdf://Berson et al 1993 - Childrens perceptions-1182263553/Berson et al 1993 - Childrens perceptions.pdf</url></pdf-urls></urls></record><record><database name="NSCClibrary.enl" path="F:\NSCClibrary.enl">NSCClibrary.enl</database><source-app name="EndNote" version="17.1">EndNote</source-app><rec-number>2898</rec-number><foreign-keys><key app="EN" db-id="5s5ppfp52t55w0eadv7p5ss3vfxzs5fwwe5w">2898</key></foreign-keys><ref-type name="Journal Article">17</ref-type><contributors><authors><author><style face="normal" font="default" size="100%">Britton, Helen</style></author></authors></contributors><titles><title><style face="normal" font="default" size="100%">Emotional impact of the medical examination for child sexual abuse</style></title><secondary-title><style face="normal" font="default" size="100%">Child Abuse &amp; Neglect: The International Journal</style></secondary-title></titles><periodical><full-title><style face="normal" font="default" size="100%">Child Abuse &amp; Neglect: The International Journal</style></full-title></periodical><pages><style face="normal" font="default" size="100%">573-79</style></pages><volume><style face="normal" font="default" size="100%">22</style></volume><number><style face="normal" font="default" size="100%">6</style></number><keywords><keyword><style face="normal" font="default" size="100%">Child sexual abuse</style></keyword><keyword><style face="normal" font="default" size="100%">Emotion</style></keyword><keyword><style face="normal" font="default" size="100%">Medical examination</style></keyword><keyword><style face="normal" font="default" size="100%">Survivors</style></keyword><keyword><style face="normal" font="default" size="100%">Victims</style></keyword></keywords><dates><year><style face="normal" font="default" size="100%">1998</style></year></dates><isbn><style face="normal" font="default" size="100%">0145-2134</style></isbn><abstract><style face="normal" font="default" size="100%">Performing an anogenital examination as part of the medical assessment for suspected child sexual abuse has been an accepted standard of care by the health care profession. The goals of this examination have included not only the diagnosis and treatment of genital trauma and infection, but the recognition of emotional trauma and the initiation of social healing. Since less than 25% of children have definitive physical findings on the examination (Adams, Harper, Knudson, &amp; Revilla, 1994), emphasis is often placed on reassuring a child that his/her body is normal and that it will heal. As litigation in child sexual abuse cases has become more sophisticated, however, results of the genital examination have been increasingly utilized as forensic evidence. Confusion regarding the purpose and benefit of the examination has smfaced, with new concerns about possible negative emotional consequences for children who have been referred for assessment. Since one of the medical goals has been to decrease long term emotional trauma to the child, it is important to address this rising concern.</style></abstract><urls><pdf-urls><url>internal-pdf://Britton, Helen 1998 - Emotional impact of the Medical...-1322264832/Britton, Helen 1998 - Emotional impact of the Medical....pdf</url></pdf-urls></urls></record><record><database name="NSCClibrary.enl" path="F:\NSCClibrary.enl">NSCClibrary.enl</database><source-app name="EndNote" version="17.1">EndNote</source-app><rec-number>2768</rec-number><foreign-keys><key app="EN" db-id="5s5ppfp52t55w0eadv7p5ss3vfxzs5fwwe5w">2768</key></foreign-keys><ref-type name="Journal Article">17</ref-type><contributors><authors><author><style face="normal" font="default" size="100%">De Jong, Allan R.</style></author></authors></contributors><titles><title><style face="normal" font="default" size="100%">Impact of child sexual abuse medical examinations on the dependency and criminal systems</style></title><secondary-title><style face="normal" font="default" size="100%">Child Abuse &amp; Neglect: The International Journal</style></secondary-title></titles><periodical><full-title><style face="normal" font="default" size="100%">Child Abuse &amp; Neglect: The International Journal</style></full-title></periodical><pages><style face="normal" font="default" size="100%">645-52</style></pages><volume><style face="normal" font="default" size="100%">22</style></volume><number><style face="normal" font="default" size="100%">6</style></number><keywords><keyword><style face="normal" font="default" size="100%">Law</style></keyword><keyword><style face="normal" font="default" size="100%">Legal</style></keyword><keyword><style face="normal" font="default" size="100%">Medical examination</style></keyword></keywords><dates><year><style face="normal" font="default" size="100%">1998</style></year></dates><isbn><style face="normal" font="default" size="100%">0145-2134</style></isbn><urls><pdf-urls><url>internal-pdf://De Jong, Allan R. 1989 - Impact of CSA-4248540160/De Jong, Allan R. 1989 - Impact of CSA.pdf</url></pdf-urls></urls></record><record><database name="NSCClibrary.enl" path="F:\NSCClibrary.enl">NSCClibrary.enl</database><source-app name="EndNote" version="17.1">EndNote</source-app><rec-number>2781</rec-number><foreign-keys><key app="EN" db-id="5s5ppfp52t55w0eadv7p5ss3vfxzs5fwwe5w">2781</key></foreign-keys><ref-type name="Journal Article">17</ref-type><contributors><authors><author><style face="normal" font="default" size="100%">Dubowitz, Howard</style></author></authors></contributors><titles><title><style face="normal" font="default" size="100%">Children&apos;s responses to the medical evaluation for child sexual abuse</style></title><secondary-title><style face="normal" font="default" size="100%">Child Abuse &amp; Neglect: The International Journal</style></secondary-title></titles><periodical><full-title><style face="normal" font="default" size="100%">Child Abuse &amp; Neglect: The International Journal</style></full-title></periodical><pages><style face="normal" font="default" size="100%">581-84</style></pages><volume><style face="normal" font="default" size="100%">22</style></volume><number><style face="normal" font="default" size="100%">6</style></number><keywords><keyword><style face="normal" font="default" size="100%">Child sexual abuse</style></keyword><keyword><style face="normal" font="default" size="100%">Medical examination</style></keyword></keywords><dates><year><style face="normal" font="default" size="100%">1998</style></year></dates><isbn><style face="normal" font="default" size="100%">0145-2134</style></isbn><abstract><style face="normal" font="default" size="100%">Britton (1998) offers interesting suggestions for research on children&apos;s emotional responses to the medical examination for alleged sexual abuse. She also identifies many of the complexities that influence their responses, and challenge researchers. This paper broadens the scope beyond the examination to include other aspects of the medical evaluation, such as preparation for the exam and testing for sexually transmitted diseases (STDs), and builds on the ideas she has put forward in an attempt to prioritize areas where research can maximally inform practice. Three main questions are addressed, the first two being the most promising: 1. How do children respond to the medical evaluation for sexual abuse? 2. How can the trauma of the medical evaluation for sexual abuse experienced by some children be minimized, and the benefits maximized? 3. How can children&apos;s responses to the medical evaluation for sexual abuse be interpreted?</style></abstract><urls><pdf-urls><url>internal-pdf://Dubowitz, Howard 1998 - Children&apos;s Responses to the Medical.-3309403905/Dubowitz, Howard 1998 - Children&apos;s Responses to the Medical..pdf</url></pdf-urls></urls></record><record><database name="NSCClibrary.enl" path="F:\NSCClibrary.enl">NSCClibrary.enl</database><source-app name="EndNote" version="17.1">EndNote</source-app><rec-number>2779</rec-number><foreign-keys><key app="EN" db-id="5s5ppfp52t55w0eadv7p5ss3vfxzs5fwwe5w">2779</key></foreign-keys><ref-type name="Journal Article">17</ref-type><contributors><authors><author><style face="normal" font="default" size="100%">Hibbard, Roberta A.</style></author></authors></contributors><titles><title><style face="normal" font="default" size="100%">Triage and referrals for child sexual abuse medical examinations from the sociolegal system</style></title><secondary-title><style face="normal" font="default" size="100%">Child Abuse &amp; Neglect: The International Journal</style></secondary-title></titles><periodical><full-title><style face="normal" font="default" size="100%">Child Abuse &amp; Neglect: The International Journal</style></full-title></periodical><pages><style face="normal" font="default" size="100%">503-13</style></pages><volume><style face="normal" font="default" size="100%">22</style></volume><number><style face="normal" font="default" size="100%">6</style></number><keywords><keyword><style face="normal" font="default" size="100%">Child sexual abuse</style></keyword><keyword><style face="normal" font="default" size="100%">Law</style></keyword><keyword><style face="normal" font="default" size="100%">Legal</style></keyword><keyword><style face="normal" font="default" size="100%">Medical examination</style></keyword></keywords><dates><year><style face="normal" font="default" size="100%">1998</style></year></dates><isbn><style face="normal" font="default" size="100%">0145-2134</style></isbn><abstract><style face="normal" font="default" size="100%">These presentations bring up very interesting questions about the purpose of referring a child to a tertiary center for child sexual abuse. Are we basically looking for anatomic findings or do we have significant additional roles? Is it our role also to recognize behavioral problems that perhap we as padiatricians have some skill in identifying? Are these children also at risk for other medical needs? From my experience it seems like many of the children have not received ongoing continuity of care and they may also be behind on some immunizations. They may also need care for other medical problems. So, what role do we play as physicians in these other aspects of a child&apos;s care, and how does that mesh with our responsibilities to the sociolegal system.</style></abstract><urls><pdf-urls><url>internal-pdf://Discussion 1998 - Triage and Referrals for Child Sexual Abus-1245411585/Discussion 1998 - Triage and Referrals for Child Sexual Abus.pdf</url></pdf-urls></urls></record><record><database name="NSCClibrary.enl" path="F:\NSCClibrary.enl">NSCClibrary.enl</database><source-app name="EndNote" version="17.1">EndNote</source-app><rec-number>3287</rec-number><foreign-keys><key app="EN" db-id="5s5ppfp52t55w0eadv7p5ss3vfxzs5fwwe5w">3287</key></foreign-keys><ref-type name="Journal Article">17</ref-type><contributors><authors><author><style face="normal" font="default" size="100%">Myers, John E.B.</style></author></authors></contributors><titles><title><style face="normal" font="default" size="100%">Forensic impact of the child sexual abuse medical examination</style></title><secondary-title><style face="normal" font="default" size="100%">Child Abuse &amp; Neglect: The International Journal</style></secondary-title></titles><periodical><full-title><style face="normal" font="default" size="100%">Child Abuse &amp; Neglect: The International Journal</style></full-title></periodical><pages><style face="normal" font="default" size="100%">653-56</style></pages><volume><style face="normal" font="default" size="100%">22</style></volume><number><style face="normal" font="default" size="100%">6</style></number><keywords><keyword><style face="normal" font="default" size="100%">Expert testimony</style></keyword><keyword><style face="normal" font="default" size="100%">Interviews</style></keyword><keyword><style face="normal" font="default" size="100%">Medical examination</style></keyword><keyword><style face="normal" font="default" size="100%">Survivors</style></keyword><keyword><style face="normal" font="default" size="100%">Victims</style></keyword></keywords><dates><year><style face="normal" font="default" size="100%">1998</style></year></dates><isbn><style face="normal" font="default" size="100%">0145-2134</style></isbn><abstract><style face="normal" font="default" size="100%">A brief narrative description of the journal article, document, or resource. This commentary on an article about research issues at the interface of medicine and law concerning medical evaluation for child sexual abuse focuses on empirically testable questions: (1) the medical history--its accuracy, interviewing issues, and elicitation and preservation of verbal evidence of abuse; and, (2) expert testimony.</style></abstract><urls><pdf-urls><url>internal-pdf://Myers 1998 - Forensic impact of the child-1719550465/Myers 1998 - Forensic impact of the child.pdf</url></pdf-urls></urls></record><record><database name="NSCClibrary.enl" path="F:\NSCClibrary.enl">NSCClibrary.enl</database><source-app name="EndNote" version="17.1">EndNote</source-app><rec-number>3295</rec-number><foreign-keys><key app="EN" db-id="5s5ppfp52t55w0eadv7p5ss3vfxzs5fwwe5w">3295</key></foreign-keys><ref-type name="Journal Article">17</ref-type><contributors><authors><author><style face="normal" font="default" size="100%">Onuigbo, Wilson I.B.</style></author><author><style face="normal" font="default" size="100%">Anyaeze, Chineme M.</style></author><author><style face="normal" font="default" size="100%">Ozumba, B. Chuma</style></author></authors></contributors><titles><title><style face="normal" font="default" size="100%">Sexual abuse simulated by schistosomiasis</style></title><secondary-title><style face="normal" font="default" size="100%">Child Abuse and Neglect</style></secondary-title></titles><periodical><full-title><style face="normal" font="default" size="100%">Child Abuse and Neglect</style></full-title></periodical><pages><style face="normal" font="default" size="100%">947-949</style></pages><volume><style face="normal" font="default" size="100%">23</style></volume><number><style face="normal" font="default" size="100%">9</style></number><keywords><keyword><style face="normal" font="default" size="100%">Child sexual abuse</style></keyword><keyword><style face="normal" font="default" size="100%">Medical examination</style></keyword></keywords><dates><year><style face="normal" font="default" size="100%">1999</style></year></dates><isbn><style face="normal" font="default" size="100%">0145-2134</style></isbn><abstract><style face="normal" font="default" size="100%">Medical conditions can often be mistaken for child abuse. Examples from the literature include rickets reported by Paterson (1981) and misuse of folk remedies investigated by Nunez and Taff (1985). It is therefore important to document other possible simualtions of child sexual abuse. In these case reports, we describe two children who presented with a common medical problem in Africa which could have been mistaken as child sexual abuse.</style></abstract><urls><pdf-urls><url>internal-pdf://Onuigbo et al 1999 - Sexual abuse simulated-3245385217/Onuigbo et al 1999 - Sexual abuse simulated.pdf</url></pdf-urls></urls></record><record><database name="NSCClibrary.enl" path="F:\NSCClibrary.enl">NSCClibrary.enl</database><source-app name="EndNote" version="17.1">EndNote</source-app><rec-number>2778</rec-number><foreign-keys><key app="EN" db-id="5s5ppfp52t55w0eadv7p5ss3vfxzs5fwwe5w">2778</key></foreign-keys><ref-type name="Journal Article">17</ref-type><contributors><authors><author><style face="normal" font="default" size="100%">Runyan, D.</style></author></authors></contributors><titles><title><style face="normal" font="default" size="100%">Discussion: Emotional impact of the child sexual abuse medical examination</style></title><secondary-title><style face="normal" font="default" size="100%">Child Abuse &amp; Neglect</style></secondary-title></titles><periodical><full-title><style face="normal" font="default" size="100%">Child Abuse &amp; Neglect</style></full-title></periodical><pages><style face="normal" font="default" size="100%">585</style></pages><volume><style face="normal" font="default" size="100%">22</style></volume><number><style face="normal" font="default" size="100%">6</style></number><keywords><keyword><style face="normal" font="default" size="100%">Medical examination</style></keyword></keywords><dates><year><style face="normal" font="default" size="100%">1998</style></year></dates><abstract><style face="normal" font="default" size="100%">Des Runyan&apos;s research on testimony in children is applicable to this discussion. There&apos;s a parallel finding, that is, that children became less anxious, and parents actually somewhat more anxious, after the testimony of children.</style></abstract><urls><pdf-urls><url>internal-pdf://Discussion 1998 - Emotional Impact of The Child Sexual.....-1765385985/Discussion 1998 - Emotional Impact of The Child Sexual......pdf</url></pdf-urls></urls></record><record><database name="NSCClibrary.enl" path="F:\NSCClibrary.enl">NSCClibrary.enl</database><source-app name="EndNote" version="17.1">EndNote</source-app><rec-number>3473</rec-number><foreign-keys><key app="EN" db-id="5s5ppfp52t55w0eadv7p5ss3vfxzs5fwwe5w">3473</key></foreign-keys><ref-type name="Journal Article">17</ref-type><contributors><authors><author><style face="normal" font="default" size="100%">Waibel-Duncan, Mary Katherine</style></author><author><style face="normal" font="default" size="100%">Sanger, Maureen</style></author></authors></contributors><titles><title><style face="normal" font="default" size="100%">Understanding and reacting to the anogenital exam: Implications for patient preparation</style></title><secondary-title><style face="normal" font="default" size="100%">Child Abuse &amp; Neglect: The International Journal</style></secondary-title></titles><periodical><full-title><style face="normal" font="default" size="100%">Child Abuse &amp; Neglect: The International Journal</style></full-title></periodical><pages><style face="normal" font="default" size="100%">281-86</style></pages><volume><style face="normal" font="default" size="100%">23</style></volume><number><style face="normal" font="default" size="100%">3</style></number><keywords><keyword><style face="normal" font="default" size="100%">Child sexual abuse</style></keyword><keyword><style face="normal" font="default" size="100%">Medical examination</style></keyword><keyword><style face="normal" font="default" size="100%">Survivors</style></keyword><keyword><style face="normal" font="default" size="100%">Victims</style></keyword></keywords><dates><year><style face="normal" font="default" size="100%">1999</style></year></dates><isbn><style face="normal" font="default" size="100%">0145-2134</style></isbn><abstract><style face="normal" font="default" size="100%">Each year thousands of children and adolescents are seen by emergency room personnel, pediatricians, gynecologists, and general health practitioners for physical examinations following allegations of sexual abuse. Anogenital exams are important for identifying injury, infection, and the need for treatment as well as offering reassurances to victims regarding the intactness or healing of their bodies.</style></abstract><urls><pdf-urls><url>internal-pdf://Waibel-Duncan et al 1999 - Understanding and reacting-3477317633/Waibel-Duncan et al 1999 - Understanding and reacting.pdf</url></pdf-urls></urls></record></records></xml>