<?xml version="1.0" encoding="UTF-8" ?><xml><records><record><database name="NSCClibrary.enl" path="F:\NSCClibrary.enl">NSCClibrary.enl</database><source-app name="EndNote" version="17.1">EndNote</source-app><rec-number>3419</rec-number><foreign-keys><key app="EN" db-id="5s5ppfp52t55w0eadv7p5ss3vfxzs5fwwe5w">3419</key></foreign-keys><ref-type name="Journal Article">17</ref-type><contributors><authors><author><style face="normal" font="default" size="100%">Lambie, Ian</style></author><author><style face="normal" font="default" size="100%">Seymour, Fred</style></author><author><style face="normal" font="default" size="100%">Lee, Alan</style></author><author><style face="normal" font="default" size="100%">Adams, Peter</style></author></authors></contributors><titles><title><style face="normal" font="default" size="100%">Resiliency in the victim-offender cycle in male sexual abuse</style></title><secondary-title><style face="normal" font="default" size="100%">Sexual Abuse: A Journal of Research and Treatment</style></secondary-title></titles><periodical><full-title><style face="normal" font="default" size="100%">Sexual Abuse: A Journal of Research and Treatment</style></full-title></periodical><pages><style face="normal" font="default" size="100%">31-48</style></pages><volume><style face="normal" font="default" size="100%">14</style></volume><number><style face="normal" font="default" size="100%">1</style></number><keywords><keyword><style face="normal" font="default" size="100%">Abused-to-abuser</style></keyword><keyword><style face="normal" font="default" size="100%">Childhood sexual abuse</style></keyword><keyword><style face="normal" font="default" size="100%">Counselling</style></keyword><keyword><style face="normal" font="default" size="100%">Cycle of abuse</style></keyword><keyword><style face="normal" font="default" size="100%">Male sexual abuse</style></keyword><keyword><style face="normal" font="default" size="100%">Male survivors</style></keyword><keyword><style face="normal" font="default" size="100%">Male victims</style></keyword><keyword><style face="normal" font="default" size="100%">Prevention</style></keyword><keyword><style face="normal" font="default" size="100%">Rape</style></keyword><keyword><style face="normal" font="default" size="100%">Resilience</style></keyword><keyword><style face="normal" font="default" size="100%">Sexual assault</style></keyword><keyword><style face="normal" font="default" size="100%">Support groups</style></keyword><keyword><style face="normal" font="default" size="100%">Survivors</style></keyword><keyword><style face="normal" font="default" size="100%">Therapy</style></keyword><keyword><style face="normal" font="default" size="100%">Victim-to-victimiser</style></keyword><keyword><style face="normal" font="default" size="100%">Victim treatment</style></keyword><keyword><style face="normal" font="default" size="100%">Victims</style></keyword></keywords><dates><year><style face="normal" font="default" size="100%">2002</style></year></dates><isbn><style face="normal" font="default" size="100%">1079-0632</style></isbn><abstract><style face="normal" font="default" size="100%">The prevalence of childhood sexual abuse in child molesters is considerably higher than that in the general population. This finding had led to the “victim-offender cycle” being popularised as an explanation for sexual offending. However, not all child molesters were victimised as children, so it is of interest to examine the factors that contribute to the victim-offender cycle or, conversely, resiliency. This study examined the “moderating factors” that may prevent a male victim of sexual abuse from entering the victim-offender cycle. Two groups were interviewed as part of the study: a “resilient group” (n = 47) and a victim-offender group (n = 41). After correction for age and education level, the resilient group were less likely to have fantasised and masturbated about the abuse, less likely to report deriving pleasure from the abuse, more likely to have had frequent social contact with adolescent peers and to have had more family and nonfamily support during childhood. The findings support the need for multifactorial models of resiliency, the victim-offender cycle, and sexual offending. Recommendations about the prevention of the victim-offender cycle are made, including the need for a thorough systemic assessment of all male victims of sexual abuse and the involvement of their family system in counseling.</style></abstract><urls><pdf-urls><url>internal-pdf://Lambie et al 2002 - Resiliency in the victim-2423821057/Lambie et al 2002 - Resiliency in the victim.pdf</url></pdf-urls></urls></record><record><database name="NSCClibrary.enl" path="F:\NSCClibrary.enl">NSCClibrary.enl</database><source-app name="EndNote" version="17.1">EndNote</source-app><rec-number>3418</rec-number><foreign-keys><key app="EN" db-id="5s5ppfp52t55w0eadv7p5ss3vfxzs5fwwe5w">3418</key></foreign-keys><ref-type name="Journal Article">17</ref-type><contributors><authors><author><style face="normal" font="default" size="100%">Wilcox, Daniel T.</style></author><author><style face="normal" font="default" size="100%">Richards, Fiona</style></author><author><style face="normal" font="default" size="100%">O&apos;Keeffe, Zerine C.</style></author></authors></contributors><titles><title><style face="normal" font="default" size="100%">Resilience and risk factors associated with experiencing childhood sexual abuse</style></title><secondary-title><style face="normal" font="default" size="100%">Child Abuse Review</style></secondary-title></titles><periodical><full-title><style face="normal" font="default" size="100%">Child Abuse Review</style></full-title></periodical><pages><style face="normal" font="default" size="100%">338-352</style></pages><volume><style face="normal" font="default" size="100%">13</style></volume><number><style face="normal" font="default" size="100%">5</style></number><keywords><keyword><style face="normal" font="default" size="100%">Abused-to-abuser</style></keyword><keyword><style face="normal" font="default" size="100%">Children who sexually abuse</style></keyword><keyword><style face="normal" font="default" size="100%">Cycle of abuse</style></keyword><keyword><style face="normal" font="default" size="100%">Resilience</style></keyword><keyword><style face="normal" font="default" size="100%">Risk</style></keyword><keyword><style face="normal" font="default" size="100%">Sex offender treatment</style></keyword><keyword><style face="normal" font="default" size="100%">Survivors</style></keyword><keyword><style face="normal" font="default" size="100%">Victims</style></keyword><keyword><style face="normal" font="default" size="100%">Victim-to-victimiser</style></keyword><keyword><style face="normal" font="default" size="100%">Young people who sexually abuse</style></keyword></keywords><dates><year><style face="normal" font="default" size="100%">2004</style></year></dates><isbn><style face="normal" font="default" size="100%">1099-0852</style></isbn><abstract><style face="normal" font="default" size="100%">The effects of child sexual abuse are wide-ranging and impact on children, families and health/social care systems. The authors review this literature, examining the shortcomings of the ‘victim-offender’ model, and consider the complex, multifactorial nature of this question. Factors associated with a progression from victim to perpetrator are explored and the prevalence of abuse in the general population is also discussed. Protective as well as risk factors are considered and the pivotal role of ‘personal reliance’ is considered as it relates to empowering damaged young people to become healthy adults. The authors also discuss implications for the treatment of young people who become abusers. Two case examples are briefly reported upon and the article concludes with a consideration of ways to helpfully address the needs of children who become sexual perpetrators. </style></abstract><urls><pdf-urls><url>internal-pdf://Wilcox et al 2004 - Resilience and risk-3027319297/Wilcox et al 2004 - Resilience and risk.pdf</url></pdf-urls></urls></record></records></xml>