<?xml version="1.0" encoding="UTF-8" ?><xml><records><record><database name="NSCClibrary.enl" path="F:\NSCClibrary.enl">NSCClibrary.enl</database><source-app name="EndNote" version="17.1">EndNote</source-app><rec-number>3749</rec-number><foreign-keys><key app="EN" db-id="5s5ppfp52t55w0eadv7p5ss3vfxzs5fwwe5w">3749</key></foreign-keys><ref-type name="Journal Article">17</ref-type><contributors><authors><author><style face="normal" font="default" size="100%">Atwood, Joan D.</style></author><author><style face="normal" font="default" size="100%">Donheiser, Gail</style></author></authors></contributors><titles><title><style face="normal" font="default" size="100%">Me and my shadow: Therapy with sexually abused pre-adolescents</style></title><secondary-title><style face="normal" font="default" size="100%">Contemporary Family Therapy</style></secondary-title></titles><periodical><full-title><style face="normal" font="default" size="100%">Contemporary family therapy</style></full-title></periodical><pages><style face="normal" font="default" size="100%">195-208</style></pages><volume><style face="normal" font="default" size="100%">19</style></volume><number><style face="normal" font="default" size="100%">2</style></number><keywords><keyword><style face="normal" font="default" size="100%">Child sexual abuse</style></keyword><keyword><style face="normal" font="default" size="100%">Incest</style></keyword><keyword><style face="normal" font="default" size="100%">Intrafamilial sexual abuse</style></keyword><keyword><style face="normal" font="default" size="100%">Therapeutic intervention</style></keyword></keywords><dates><year><style face="normal" font="default" size="100%">1997</style></year><pub-dates><date><style face="normal" font="default" size="100%">1997/06/01</style></date></pub-dates></dates><publisher><style face="normal" font="default" size="100%">Kluwer Academic Publishers-Plenum Publishers</style></publisher><isbn><style face="normal" font="default" size="100%">0892-2764</style></isbn><abstract><style face="normal" font="default" size="100%">The purpose of this paper is to describe the use of solution focused techniques with pre-adolescent children who have been sexually abused and to present a therapeutic model that: 1) represents a blending of traditional psychological theoretical ideas with the more recent solution focused techniques; 2) presents a unique time-limited group format for assisting children to come to know and like their authentic selves; and 3) provides the therapist with the opportunity to expand his or her roles. In this model, the path from “false self” to “authentic self” is conceptualised as an interplay among abuse events, family relationships, and other life contexts.</style></abstract><urls><related-urls><url><style face="normal" font="default" size="100%">http://dx.doi.org/10.1023/A%3A1026167118817</style></url></related-urls><pdf-urls><url>internal-pdf://Atwood et al 1997 - Me and my shadow-3875665153/Atwood et al 1997 - Me and my shadow.pdf</url></pdf-urls></urls><electronic-resource-num><style face="normal" font="default" size="100%">10.1023/a:1026167118817</style></electronic-resource-num></record><record><database name="NSCClibrary.enl" path="F:\NSCClibrary.enl">NSCClibrary.enl</database><source-app name="EndNote" version="17.1">EndNote</source-app><rec-number>2744</rec-number><foreign-keys><key app="EN" db-id="5s5ppfp52t55w0eadv7p5ss3vfxzs5fwwe5w">2744</key></foreign-keys><ref-type name="Journal Article">17</ref-type><contributors><authors><author><style face="normal" font="default" size="100%">Cohen, Judith A.</style></author><author><style face="normal" font="default" size="100%">Mannarino, Anthony P.</style></author></authors></contributors><titles><title><style face="normal" font="default" size="100%">Predictors of treatment outcome in sexually abused children</style></title><secondary-title><style face="normal" font="default" size="100%">Child Abuse &amp; Neglect</style></secondary-title></titles><periodical><full-title><style face="normal" font="default" size="100%">Child Abuse &amp; Neglect</style></full-title></periodical><pages><style face="normal" font="default" size="100%">983-994</style></pages><volume><style face="normal" font="default" size="100%">24</style></volume><number><style face="normal" font="default" size="100%">7</style></number><keywords><keyword><style face="normal" font="default" size="100%">Attribution</style></keyword><keyword><style face="normal" font="default" size="100%">Parents</style></keyword><keyword><style face="normal" font="default" size="100%">Treatment outcomes</style></keyword><keyword><style face="normal" font="default" size="100%">Victim treatment</style></keyword></keywords><dates><year><style face="normal" font="default" size="100%">2000</style></year></dates><isbn><style face="normal" font="default" size="100%">0145-2134</style></isbn><abstract><style face="normal" font="default" size="100%">Problem: This study evaluated the impact of child and family characteristics on treatment outcome of sexually abused children. Method: Forty-nine recently sexually abused 7- to 14-year-old children were randomly assigned to either abuse-focused cognitive behavioural therapy or nondirective supportive therapy, and assessed pre- and post-treatment using several standardised instruments. These included five measures of psychological symptomatology and four measures of child and family characteristics hypothesized to mediate treatment response. Correlational and multiple regression analyses were utilised to evaluate the impact of the following mediating factors on treatment outcome: Children’s abuse-related attributions and perceptions; family cohesion and adaptability; parental support of the child; and parental emotional reaction to the child’s abuse. Results: Children’s abuse-related attributions and perceptions and parental support of the child were strong predictors of treatment outcome in this population. Conclusions: Therapeutic attention to children’s sexual abuse-related attributions and to enhancing parental support may be important factors in optimising treatment outcome in 8- to 14-year-old sexually abused children.</style></abstract><urls><pdf-urls><url>internal-pdf://Cohen, Judith A. et al 2000 - Predictors-3974657025/Cohen, Judith A. et al 2000 - Predictors.pdf</url></pdf-urls></urls></record><record><database name="NSCClibrary.enl" path="F:\NSCClibrary.enl">NSCClibrary.enl</database><source-app name="EndNote" version="17.1">EndNote</source-app><rec-number>2750</rec-number><foreign-keys><key app="EN" db-id="5s5ppfp52t55w0eadv7p5ss3vfxzs5fwwe5w">2750</key><key app="ENWeb" db-id="">0</key></foreign-keys><ref-type name="Journal Article">17</ref-type><contributors><authors><author><style face="normal" font="default" size="100%">Corder, B.F.</style></author><author><style face="normal" font="default" size="100%">Haizlip, T.</style></author><author><style face="normal" font="default" size="100%">DeBoer, P.</style></author></authors></contributors><titles><title><style face="normal" font="default" size="100%">A pilot study for a structured, time-limited therapy group for sexually abused pre-adolescent children</style></title><secondary-title><style face="normal" font="default" size="100%">Child Abuse &amp; Neglect</style></secondary-title></titles><periodical><full-title><style face="normal" font="default" size="100%">Child Abuse &amp; Neglect</style></full-title></periodical><pages><style face="normal" font="default" size="100%">243-251</style></pages><volume><style face="normal" font="default" size="100%">14</style></volume><number><style face="normal" font="default" size="100%">2</style></number><keywords><keyword><style face="normal" font="default" size="100%">Psychotherapy</style></keyword><keyword><style face="normal" font="default" size="100%">Survivors</style></keyword><keyword><style face="normal" font="default" size="100%">Victim treatment</style></keyword><keyword><style face="normal" font="default" size="100%">Victims</style></keyword></keywords><dates><year><style face="normal" font="default" size="100%">1990</style></year></dates><isbn><style face="normal" font="default" size="100%">0145-2134</style></isbn><abstract><style face="normal" font="default" size="100%">The critical role of specific types of mastery skill development in the treatment of sexually abused children is explored, and defense mechanisms of &quot;invulnerable children,&quot; who function adequately despite trauma and stress are described. The authors describe their development or structured group therapy techniques designed to foster these types of mastery skills with sexually abused children aged 6 to 8. These techniques include development of intellectualisation defenses through original colouring books and therapeutic board games, cathartic exploration of feelings through structured art and storytelling exercises, cognitive relabelling and self-esteem building through roleplay, &quot;chants and cheers,&quot; homework shared with mothers and other structured group procedures designed to develop specific coping skills.</style></abstract><urls><pdf-urls><url>internal-pdf://Corder et al 1990 - A pilot study-0775322624/Corder et al 1990 - A pilot study.pdf</url></pdf-urls></urls></record><record><database name="NSCClibrary.enl" path="F:\NSCClibrary.enl">NSCClibrary.enl</database><source-app name="EndNote" version="17.1">EndNote</source-app><rec-number>2772</rec-number><foreign-keys><key app="EN" db-id="5s5ppfp52t55w0eadv7p5ss3vfxzs5fwwe5w">2772</key></foreign-keys><ref-type name="Journal Article">17</ref-type><contributors><authors><author><style face="normal" font="default" size="100%">Deblinger, Esther</style></author><author><style face="normal" font="default" size="100%">Steer, Robert A.</style></author><author><style face="normal" font="default" size="100%">Lippmann, Julie</style></author></authors></contributors><titles><title><style face="normal" font="default" size="100%">Two-year follow-up study of cognitive behavioral therapy for sexually abused children suffering post-traumatic stress symptoms</style></title><secondary-title><style face="normal" font="default" size="100%">Child Abuse &amp; Neglect</style></secondary-title></titles><periodical><full-title><style face="normal" font="default" size="100%">Child Abuse &amp; Neglect</style></full-title></periodical><pages><style face="normal" font="default" size="100%">1371-1378</style></pages><volume><style face="normal" font="default" size="100%">23</style></volume><number><style face="normal" font="default" size="100%">12</style></number><keywords><keyword><style face="normal" font="default" size="100%">Cognitive behavioural therapy</style></keyword><keyword><style face="normal" font="default" size="100%">Follow-up</style></keyword><keyword><style face="normal" font="default" size="100%">Post-traumatic stress disorder</style></keyword><keyword><style face="normal" font="default" size="100%">PTSD</style></keyword><keyword><style face="normal" font="default" size="100%">Treatment outcomes</style></keyword><keyword><style face="normal" font="default" size="100%">Victim treatment</style></keyword></keywords><dates><year><style face="normal" font="default" size="100%">1999</style></year></dates><isbn><style face="normal" font="default" size="100%">0145-2134</style></isbn><abstract><style face="normal" font="default" size="100%">Objective: The present study sought to determine whether the 12-session pre-to-posttest therepeutic gains that had been found by Deblinger, Lippmann, and Steer (1996) for an initial sample of 100 sexually abused children suffering posttraumatic stress disorder (PTSD) symptoms would be sustained 2 years after treatment. Method: These sexually abused children, along with their nonoffending mothers had been randomly assigned to one of three cognitlve-behavioral treatment conditions, child only, mother only, or mother and child, or a community comparsion condition, and were followed for 3 months, 6 months, 1 year and 2 years after treatment. Results: A series of repeated MANCOVAs, controlling for the pre-test scores, indicated that for the three measures of psychopathology that had significantly decreased in the original study (i.e., externalising behaviour problems, depression, and PTSD symptoms), these measures at 3 months, 6 months, 1 year, and 2 years were comparable to the posttest scores. Conclusions: These findings suggest that the pre-to post-treatment improvements held across the 2-year follow-up period. The clinical and research implications of these findings are discussed.</style></abstract><urls><pdf-urls><url>internal-pdf://Deblinger, Esther et al 1999 - Two-Year Follow-up Study of C-2129233152/Deblinger, Esther et al 1999 - Two-Year Follow-up Study of C.pdf</url></pdf-urls></urls></record><record><database name="NSCClibrary.enl" path="F:\NSCClibrary.enl">NSCClibrary.enl</database><source-app name="EndNote" version="17.1">EndNote</source-app><rec-number>3689</rec-number><foreign-keys><key app="EN" db-id="5s5ppfp52t55w0eadv7p5ss3vfxzs5fwwe5w">3689</key></foreign-keys><ref-type name="Journal Article">17</ref-type><contributors><authors><author><style face="normal" font="default" size="100%">Deighton, Joan</style></author><author><style face="normal" font="default" size="100%">McPeek, Phil</style></author></authors></contributors><titles><title><style face="normal" font="default" size="100%">Group treatment: Adult victims of childhood sexual abuse</style></title><secondary-title><style face="normal" font="default" size="100%">Social Casework</style></secondary-title></titles><periodical><full-title><style face="normal" font="default" size="100%">Social Casework</style></full-title></periodical><pages><style face="normal" font="default" size="100%">403-410</style></pages><volume><style face="normal" font="default" size="100%">66</style></volume><number><style face="normal" font="default" size="100%">7</style></number><keywords><keyword><style face="normal" font="default" size="100%">Abuse history</style></keyword><keyword><style face="normal" font="default" size="100%">Childhood sexual abuse</style></keyword><keyword><style face="normal" font="default" size="100%">Depression</style></keyword><keyword><style face="normal" font="default" size="100%">Female</style></keyword><keyword><style face="normal" font="default" size="100%">Group therapy</style></keyword><keyword><style face="normal" font="default" size="100%">Group treatment</style></keyword><keyword><style face="normal" font="default" size="100%">Groupwork</style></keyword><keyword><style face="normal" font="default" size="100%">Guilt</style></keyword><keyword><style face="normal" font="default" size="100%">Incest</style></keyword><keyword><style face="normal" font="default" size="100%">Intrafamilial sexual abuse</style></keyword><keyword><style face="normal" font="default" size="100%">Suicidal behaviour</style></keyword><keyword><style face="normal" font="default" size="100%">Survivors</style></keyword><keyword><style face="normal" font="default" size="100%">Therapeutic intervention</style></keyword><keyword><style face="normal" font="default" size="100%">Victim treatment</style></keyword><keyword><style face="normal" font="default" size="100%">Victims</style></keyword></keywords><dates><year><style face="normal" font="default" size="100%">1985</style></year></dates><isbn><style face="normal" font="default" size="100%">0037-7678</style></isbn><abstract><style face="normal" font="default" size="100%">Reports on a state agency group treatment approach for women who were childhood victims of incest that proved to be relatively successful in its first year. This approach involves a team of therapists (a male and a female) and combines family and group therapy. Issues involve psychosexual dysfunction, parenting problems, and depression and suicidal ideation. Family-of-origin issues are emphasised. Common themes dealt with in the groups include guilt, anger, and fear; leaving home; and flashbacks. There are usually five to seven members in each meeting, which are weekly, two hour sessions. Depending on agency resources, service is provided to two ongoing groups; groups average approximately 30 sessions before termination.</style></abstract><urls><pdf-urls><url>internal-pdf://Deighton et al 1985 - Group treatment-0885675777/Deighton et al 1985 - Group treatment.pdf</url></pdf-urls></urls></record><record><database name="NSCClibrary.enl" path="F:\NSCClibrary.enl">NSCClibrary.enl</database><source-app name="EndNote" version="17.1">EndNote</source-app><rec-number>2770</rec-number><foreign-keys><key app="EN" db-id="5s5ppfp52t55w0eadv7p5ss3vfxzs5fwwe5w">2770</key></foreign-keys><ref-type name="Journal Article">17</ref-type><contributors><authors><author><style face="normal" font="default" size="100%">deYoung, Mary</style></author><author><style face="normal" font="default" size="100%">Corbin, Barbara A.</style></author></authors></contributors><titles><title><style face="normal" font="default" size="100%">Helping early adolescents tell: A guided exercise for trauma-focused sexual abuse treatment groups</style></title><secondary-title><style face="normal" font="default" size="100%">Child Welfare: Journal of Policy, Practice, and Program</style></secondary-title></titles><periodical><full-title><style face="normal" font="default" size="100%">Child Welfare: Journal of Policy, Practice, and Program</style></full-title></periodical><pages><style face="normal" font="default" size="100%">141-151</style></pages><volume><style face="normal" font="default" size="100%">73</style></volume><number><style face="normal" font="default" size="100%">2</style></number><keywords><keyword><style face="normal" font="default" size="100%">Adolescence</style></keyword><keyword><style face="normal" font="default" size="100%">Group therapy</style></keyword><keyword><style face="normal" font="default" size="100%">Groupwork</style></keyword><keyword><style face="normal" font="default" size="100%">Survivors</style></keyword><keyword><style face="normal" font="default" size="100%">Therapeutic intervention</style></keyword><keyword><style face="normal" font="default" size="100%">Trauma</style></keyword><keyword><style face="normal" font="default" size="100%">Victim intervention</style></keyword><keyword><style face="normal" font="default" size="100%">Victim treatment</style></keyword></keywords><dates><year><style face="normal" font="default" size="100%">1994</style></year></dates><isbn><style face="normal" font="default" size="100%">0009-4021</style></isbn><abstract><style face="normal" font="default" size="100%">This article discusses the telling of the personal stories of sexual abuse within the context of trauma-focused group therapy for early adolescent girls. It examines the general benefits of group therapy for early adolescents, and describes the trauma-focused structured group therapy model. It also includes a guided exercise that facilitates the telling of the stories by the girls, offers cues to the therapists about each girl&apos;s unique sexual abuse experience, and structured feedback from group members.</style></abstract><urls><pdf-urls><url>internal-pdf://deYoung et al 1994 - Helping early-2169363457/deYoung et al 1994 - Helping early.pdf</url></pdf-urls></urls></record><record><database name="NSCClibrary.enl" path="F:\NSCClibrary.enl">NSCClibrary.enl</database><source-app name="EndNote" version="17.1">EndNote</source-app><rec-number>4303</rec-number><foreign-keys><key app="EN" db-id="5s5ppfp52t55w0eadv7p5ss3vfxzs5fwwe5w">4303</key><key app="ENWeb" db-id="">0</key></foreign-keys><ref-type name="Journal Article">17</ref-type><contributors><authors><author><style face="normal" font="default" size="100%">Draucker, C. B.</style></author><author><style face="normal" font="default" size="100%">Martsolf, D. S.</style></author><author><style face="normal" font="default" size="100%">Roller, C.</style></author><author><style face="normal" font="default" size="100%">Knapik, G.</style></author><author><style face="normal" font="default" size="100%">Ross, R.</style></author><author><style face="normal" font="default" size="100%">Stidham, A. W.</style></author></authors></contributors><auth-address><style face="normal" font="default" size="100%">Kent State University, Ohio, USA. cdraucke@kent.edu</style></auth-address><titles><title><style face="normal" font="default" size="100%">Healing from childhood sexual abuse: a theoretical model</style></title><secondary-title><style face="normal" font="default" size="100%">J Child Sex Abus</style></secondary-title><alt-title><style face="normal" font="default" size="100%">Journal of child sexual abuse</style></alt-title></titles><periodical><full-title><style face="normal" font="default" size="100%">J Child Sex Abus</style></full-title></periodical><alt-periodical><full-title><style face="normal" font="default" size="100%">Journal of Child Sexual Abuse</style></full-title></alt-periodical><pages><style face="normal" font="default" size="100%">435-66</style></pages><volume><style face="normal" font="default" size="100%">20</style></volume><number><style face="normal" font="default" size="100%">4</style></number><keywords><keyword><style face="normal" font="default" size="100%">Child sexual abuse</style></keyword><keyword><style face="normal" font="default" size="100%">Victims</style></keyword><keyword><style face="normal" font="default" size="100%">Healing</style></keyword></keywords><dates><year><style face="normal" font="default" size="100%">2011</style></year><pub-dates><date><style face="normal" font="default" size="100%">Jul-Aug</style></date></pub-dates></dates><isbn><style face="normal" font="default" size="100%">1547-0679 (Electronic)&#xD;1053-8712 (Linking)</style></isbn><accession-num><style face="normal" font="default" size="100%">21812546</style></accession-num><abstract><style face="normal" font="default" size="100%">Childhood sexual abuse is a prevalent social and health care problem. The processes by which individuals heal from childhood sexual abuse are not clearly understood. The purpose of this study was to develop a theoretical model to describe how adults heal from childhood sexual abuse. Community recruitment for an ongoing broader project on sexual violence throughout the lifespan, referred to as the Sexual Violence Study, yielded a subsample of 48 women and 47 men who had experienced childhood sexual abuse. During semistructured, open-ended interviews, they were asked to describe their experiences with healing from childhood sexual abuse and other victimization throughout their lives. Constructivist grounded theory methods were used with these data to develop constructs and hypotheses about healing. For the Sexual Violence Study, frameworks were developed to describe the participants&apos; life patterns, parenting experiences, disclosures about sexual violence, spirituality, and altruism. Several analytic techniques were used to synthesize the findings of these frameworks to develop an overarching theoretical model that describes healing from childhood sexual abuse. The model includes four stages of healing, five domains of functioning, and six enabling factors that facilitate movement from one stage to the next. The findings indicate that healing is a complex and dynamic trajectory. The model can be used to alert clinicians to a variety of processes and enabling factors that facilitate healing in several domains and to guide discussions on important issues related to healing from childhood sexual abuse.</style></abstract><notes><style face="normal" font="default" size="100%">Draucker, Claire Burke&#xD;Martsolf, Donna S&#xD;Roller, Cynthia&#xD;Knapik, Gregory&#xD;Ross, Ratchneewan&#xD;Stidham, Andrea Warner&#xD;eng&#xD;R01 NR008230/NR/NINR NIH HHS/&#xD;2011/08/05 06:00&#xD;J Child Sex Abus. 2011 Jul-Aug;20(4):435-66. doi: 10.1080/10538712.2011.588188.</style></notes><urls><related-urls><url><style face="normal" font="default" size="100%">http://www.ncbi.nlm.nih.gov/pubmed/21812546</style></url></related-urls><pdf-urls><url>internal-pdf://0670041564/Draucker2011Healing.pdf</url></pdf-urls></urls><electronic-resource-num><style face="normal" font="default" size="100%">10.1080/10538712.2011.588188</style></electronic-resource-num></record><record><database name="NSCClibrary.enl" path="F:\NSCClibrary.enl">NSCClibrary.enl</database><source-app name="EndNote" version="17.1">EndNote</source-app><rec-number>3372</rec-number><foreign-keys><key app="EN" db-id="5s5ppfp52t55w0eadv7p5ss3vfxzs5fwwe5w">3372</key></foreign-keys><ref-type name="Book Section">5</ref-type><contributors><authors><author><style face="normal" font="default" size="100%">Friedrich, William N.</style></author></authors><secondary-authors><author><style face="normal" font="default" size="100%">Friedrich, W.N.</style></author></secondary-authors></contributors><titles><title><style face="normal" font="default" size="100%">Group therapy with child and adolescent victims</style></title><secondary-title><style face="normal" font="default" size="100%">Psychotherapy of Sexually Abused Children and their Families</style></secondary-title></titles><pages><style face="normal" font="default" size="100%">210-226</style></pages><section><style face="normal" font="default" size="100%">7</style></section><keywords><keyword><style face="normal" font="default" size="100%">Family therapy</style></keyword><keyword><style face="normal" font="default" size="100%">Group therapy</style></keyword><keyword><style face="normal" font="default" size="100%">Groupwork</style></keyword></keywords><dates><year><style face="normal" font="default" size="100%">1990</style></year></dates><pub-location><style face="normal" font="default" size="100%">New York, NY</style></pub-location><publisher><style face="normal" font="default" size="100%">Norton</style></publisher><isbn><style face="normal" font="default" size="100%">0393700798</style></isbn><abstract><style face="normal" font="default" size="100%">Given that peer relationships are frequently impaired in sexually abused children and social support is essential to coping with stressful events, group therapy approaches can be quite useful in the overall treatment plan. In fact, the group therapy experience can provide opportunities for therapeutic movement for not available within the context of either individual or family therapy.</style></abstract><urls><pdf-urls><url>internal-pdf://Friedrich 1990 - Group therapy-1563515905/Friedrich 1990 - Group therapy.pdf</url></pdf-urls></urls></record><record><database name="NSCClibrary.enl" path="F:\NSCClibrary.enl">NSCClibrary.enl</database><source-app name="EndNote" version="17.1">EndNote</source-app><rec-number>3039</rec-number><foreign-keys><key app="EN" db-id="5s5ppfp52t55w0eadv7p5ss3vfxzs5fwwe5w">3039</key></foreign-keys><ref-type name="Journal Article">17</ref-type><contributors><authors><author><style face="normal" font="default" size="100%">Haskett, Mary E.</style></author><author><style face="normal" font="default" size="100%">Nowlan, Nancy P.</style></author><author><style face="normal" font="default" size="100%">Hutcheson, James S.</style></author><author><style face="normal" font="default" size="100%">Whitworth, Jay M.</style></author></authors></contributors><titles><title><style face="normal" font="default" size="100%">Factors associated with successful entry into therapy in child sexual abuse cases</style></title><secondary-title><style face="normal" font="default" size="100%">Child Abuse &amp; Neglect</style></secondary-title></titles><periodical><full-title><style face="normal" font="default" size="100%">Child Abuse &amp; Neglect</style></full-title></periodical><pages><style face="normal" font="default" size="100%">467-476</style></pages><volume><style face="normal" font="default" size="100%">15</style></volume><number><style face="normal" font="default" size="100%">4</style></number><keywords><keyword><style face="normal" font="default" size="100%">Child sexual abuse</style></keyword><keyword><style face="normal" font="default" size="100%">Counselling</style></keyword><keyword><style face="normal" font="default" size="100%">Dropout</style></keyword><keyword><style face="normal" font="default" size="100%">Survivors</style></keyword><keyword><style face="normal" font="default" size="100%">Victims</style></keyword></keywords><dates><year><style face="normal" font="default" size="100%">1991</style></year></dates><isbn><style face="normal" font="default" size="100%">0145-2134</style></isbn><abstract><style face="normal" font="default" size="100%">Given the well-documented, long-term, negative mental health consequences of child sexual abuse, it is important that children receive counseling following abuse. Often, the social worker&apos;s responsibility is to insure that abused children are appropriately referred for counseling following disclosure of sexual abuse. There are multiple factors that could facilitate or hinder this process, and identification of these factors is important in assisting families in becoming engaged in therapy. The purpose of this study was to (1) determine the extent of the problem of sexual abuse victims failing to keep their first scheduled therapy appointment, and (2) identify factors associated with failure to attend. Subjects were 129 consecutive child sexual abuse clients referred to long-term therapy by counselors at a crisis intervention center. Those who attended their first therapy session (n = 84) were found to differ from those who did not (n = 45) on the basis of their race, the center to which they were referred (private or public), whether the family had a telephone in the home, and whether the child&apos;s mother agreed that the family needed counseling. Implications of this study for increasing attendance at therapy are presented and recommendations are made for further research.</style></abstract><urls><pdf-urls><url>internal-pdf://Haskett et al 1990 - Factors associated with-3634119424/Haskett et al 1990 - Factors associated with.pdf</url></pdf-urls></urls></record><record><database name="NSCClibrary.enl" path="F:\NSCClibrary.enl">NSCClibrary.enl</database><source-app name="EndNote" version="17.1">EndNote</source-app><rec-number>4517</rec-number><foreign-keys><key app="EN" db-id="5s5ppfp52t55w0eadv7p5ss3vfxzs5fwwe5w">4517</key></foreign-keys><ref-type name="Journal Article">17</ref-type><contributors><authors><author><style face="normal" font="default" size="100%">Hovey, Angela</style></author><author><style face="normal" font="default" size="100%">Stalker, Carol</style></author><author><style face="normal" font="default" size="100%">Rye, B. J.</style></author></authors></contributors><titles><title><style face="normal" font="default" size="100%">Asking Women Survivors about Thoughts or Actions Involving Sex with Children: An Issue Requiring Therapist Sensitivity</style></title><secondary-title><style face="normal" font="default" size="100%">Journal of Child Sexual Abuse</style></secondary-title></titles><periodical><full-title><style face="normal" font="default" size="100%">Journal of Child Sexual Abuse</style></full-title></periodical><pages><style face="normal" font="default" size="100%">442-461</style></pages><volume><style face="normal" font="default" size="100%">23</style></volume><number><style face="normal" font="default" size="100%">4</style></number><keywords><keyword><style face="normal" font="default" size="100%">Child sexual abuse</style></keyword><keyword><style face="normal" font="default" size="100%">Female sex offenders</style></keyword><keyword><style face="normal" font="default" size="100%">Sexual abuse survivors</style></keyword><keyword><style face="normal" font="default" size="100%">Counselling practice</style></keyword><keyword><style face="normal" font="default" size="100%">Psychotherapy</style></keyword></keywords><dates><year><style face="normal" font="default" size="100%">2014</style></year></dates><publisher><style face="normal" font="default" size="100%">Routledge</style></publisher><isbn><style face="normal" font="default" size="100%">1053-8712</style></isbn><abstract><style face="normal" font="default" size="100%">Abstract This paper reports findings from the qualitative phase of a mixed-methods study exploring whether current counselling practices with women survivors of child sexual abuse (CSA) include inquiry about thoughts and behavior involving sex with children. Following an online survey of therapists across Canada, telephone interviews were conducted with a sub-group of 22 therapists. Two main themes emerged: (a) the dilemma for the therapist and (b) strategies to explore the issue. The ?dilemma? refers to the therapeutic reasons and ethical responsibility to have this discussion versus the possible negative effects on the client and/or the therapeutic relationship, the discomfort of the therapist, and inadequate training. Strategies to explore the issue are presented including normalizing, ensuring client understanding, and using different types of inquiry.&#xD;This paper reports findings from the qualitative phase of a mixed-methods study exploring whether current counselling practices with women survivors of child sexual abuse (CSA) include inquiry about thoughts and behavior involving sex with children. Following an online survey of therapists across Canada, telephone interviews were conducted with a sub-group of 22 therapists. Two main themes emerged: (a) the dilemma for the therapist and (b) strategies to explore the issue. The ?dilemma? refers to the therapeutic reasons and ethical responsibility to have this discussion versus the possible negative effects on the client and/or the therapeutic relationship, the discomfort of the therapist, and inadequate training. Strategies to explore the issue are presented including normalizing, ensuring client understanding, and using different types of inquiry.</style></abstract><urls><pdf-urls><url>internal-pdf://2540339441/Hovey2014Asking.pdf</url></pdf-urls></urls><electronic-resource-num><style face="normal" font="default" size="100%">10.1080/10538712.2014.896844</style></electronic-resource-num><access-date><style face="normal" font="default" size="100%">2014/03/25</style></access-date></record><record><database name="NSCClibrary.enl" path="F:\NSCClibrary.enl">NSCClibrary.enl</database><source-app name="EndNote" version="17.1">EndNote</source-app><rec-number>4256</rec-number><foreign-keys><key app="EN" db-id="5s5ppfp52t55w0eadv7p5ss3vfxzs5fwwe5w">4256</key></foreign-keys><ref-type name="Journal Article">17</ref-type><contributors><authors><author><style face="normal" font="default" size="100%">Johnston, Susan S.M.</style></author></authors></contributors><titles><title><style face="normal" font="default" size="100%">The use of art and play therapy with victims of sexual abuse: A review of the literature</style></title><secondary-title><style face="normal" font="default" size="100%">Family Therapy</style></secondary-title></titles><periodical><full-title><style face="normal" font="default" size="100%">Family Therapy</style></full-title></periodical><pages><style face="normal" font="default" size="100%">101-113</style></pages><volume><style face="normal" font="default" size="100%">24</style></volume><number><style face="normal" font="default" size="100%">2</style></number><keywords><keyword><style face="normal" font="default" size="100%">Effects</style></keyword><keyword><style face="normal" font="default" size="100%">Impact</style></keyword><keyword><style face="normal" font="default" size="100%">Play therapy</style></keyword><keyword><style face="normal" font="default" size="100%">Survivors</style></keyword><keyword><style face="normal" font="default" size="100%">Victims</style></keyword></keywords><dates><year><style face="normal" font="default" size="100%">1997</style></year></dates><pub-location><style face="normal" font="default" size="100%">US</style></pub-location><publisher><style face="normal" font="default" size="100%">Libra Publishers</style></publisher><isbn><style face="normal" font="default" size="100%">0091-6544(Print)</style></isbn><abstract><style face="normal" font="default" size="100%">The dramatic increase in the incidence of sexual abuse over the last decade has prompted mental health professionals to develop improved services for treating sexually victimised children and adult survivors. A review of the literature reveals that art and play therapies are extremely effective in both assessing the existence of sexual abuse through diagnostic indicators, and accessing sexually abused clients through a direct, active, and emotionally laden medium of communication. The specific play therapy techniques reviewed are sand play, puppets, anatomical dolls, and therapeutic drawings. The impact of art therapy as evidence in the courtroom is also examined.</style></abstract><urls><pdf-urls><url>internal-pdf://Johnston 1997 - The use of art-0729157120/Johnston 1997 - The use of art.pdf</url></pdf-urls></urls></record><record><database name="NSCClibrary.enl" path="F:\NSCClibrary.enl">NSCClibrary.enl</database><source-app name="EndNote" version="17.1">EndNote</source-app><rec-number>3743</rec-number><foreign-keys><key app="EN" db-id="5s5ppfp52t55w0eadv7p5ss3vfxzs5fwwe5w">3743</key></foreign-keys><ref-type name="Journal Article">17</ref-type><contributors><authors><author><style face="normal" font="default" size="100%">Kolko, David J.</style></author></authors></contributors><titles><title><style face="normal" font="default" size="100%">Treatment of child sexual abuse: Programs, progress, and prospects</style></title><secondary-title><style face="normal" font="default" size="100%">Journal of Family Violence</style></secondary-title></titles><periodical><full-title><style face="normal" font="default" size="100%">Journal of family violence</style></full-title></periodical><pages><style face="normal" font="default" size="100%">303-318</style></pages><volume><style face="normal" font="default" size="100%">2</style></volume><number><style face="normal" font="default" size="100%">4</style></number><keywords><keyword><style face="normal" font="default" size="100%">Child sexual abuse</style></keyword><keyword><style face="normal" font="default" size="100%">Therapeutic intervention</style></keyword><keyword><style face="normal" font="default" size="100%">Victim treatment</style></keyword></keywords><dates><year><style face="normal" font="default" size="100%">1987</style></year><pub-dates><date><style face="normal" font="default" size="100%">1987/12/01</style></date></pub-dates></dates><publisher><style face="normal" font="default" size="100%">Kluwer Academic Publishers-Plenum Publishers</style></publisher><isbn><style face="normal" font="default" size="100%">0885-7482</style></isbn><abstract><style face="normal" font="default" size="100%">Recent years have witnessed the development and implementation of clinical services designed to remediate the many deleterious effects of child sexual abuse. However, little information has been disseminated and reviewed in the professional literature to facilitate clinical application and empirical investigation of specific procedures with child victims and their families. This paper provides an overview and critique of treatment programs and modalities, highlighting their achievements and limitations. The methods, characteristics, and empirical outcomes of specific programs are discussed along with future directions and recommendations.</style></abstract><urls><related-urls><url><style face="normal" font="default" size="100%">http://dx.doi.org/10.1007/BF00993297</style></url></related-urls><pdf-urls><url>internal-pdf://Kolko et al 2012 - Treatment of child-4073573377/Kolko et al 2012 - Treatment of child.pdf</url></pdf-urls></urls><electronic-resource-num><style face="normal" font="default" size="100%">10.1007/bf00993297</style></electronic-resource-num></record><record><database name="NSCClibrary.enl" path="F:\NSCClibrary.enl">NSCClibrary.enl</database><source-app name="EndNote" version="17.1">EndNote</source-app><rec-number>3718</rec-number><foreign-keys><key app="EN" db-id="5s5ppfp52t55w0eadv7p5ss3vfxzs5fwwe5w">3718</key></foreign-keys><ref-type name="Journal Article">17</ref-type><contributors><authors><author><style face="normal" font="default" size="100%">Lindon, Jillian</style></author><author><style face="normal" font="default" size="100%">Nourse, Carol A.</style></author></authors></contributors><titles><title><style face="normal" font="default" size="100%">A multi-dimensional model of groupwork for adolescent girls who have been sexually abused</style></title><secondary-title><style face="normal" font="default" size="100%">Child Abuse &amp; Neglect</style></secondary-title></titles><periodical><full-title><style face="normal" font="default" size="100%">Child Abuse &amp; Neglect</style></full-title></periodical><pages><style face="normal" font="default" size="100%">341-348</style></pages><volume><style face="normal" font="default" size="100%">18</style></volume><number><style face="normal" font="default" size="100%">4</style></number><keywords><keyword><style face="normal" font="default" size="100%">Adolescents</style></keyword><keyword><style face="normal" font="default" size="100%">Child sexual abuse</style></keyword><keyword><style face="normal" font="default" size="100%">Female</style></keyword><keyword><style face="normal" font="default" size="100%">Group therapy</style></keyword><keyword><style face="normal" font="default" size="100%">Group treatment</style></keyword><keyword><style face="normal" font="default" size="100%">Groupwork</style></keyword><keyword><style face="normal" font="default" size="100%">Survivors</style></keyword><keyword><style face="normal" font="default" size="100%">Victim treatment</style></keyword><keyword><style face="normal" font="default" size="100%">Young people</style></keyword></keywords><dates><year><style face="normal" font="default" size="100%">1994</style></year></dates><isbn><style face="normal" font="default" size="100%">0145-2134</style></isbn><abstract><style face="normal" font="default" size="100%">This paper describes a treatment approach for sexually abused adolescent girls using a group work model. The model incorporates three treatment modalities: a skills component, a psychotherapeutic component, and an educative component. The group ran for 16 sessions over a 6-month period and each girl was assessed prior to joining the group. The girls were again assessed at the end of treatment and at 6-months follow-up; all of them showed improvement on self-statements (outcome) and on behavioral measures assessed by others (follow-up). Girls who had been sexually abused demonstrated difficulties in many areas of their lives following abuse. These problems related to their feelings of guilt and helplessness in relation to both themselves and their abuser. Sexually abused children often have poor knowledge of sexual matters and demonstrate confusion over their own body image. Using a multidimensional model the problems following abuse can be addressed.</style></abstract><urls><related-urls><url><style face="normal" font="default" size="100%">http://www.sciencedirect.com/science/article/pii/0145213494900361</style></url></related-urls><pdf-urls><url>internal-pdf://Lindon et al 1994 - A multi-dimensional-0145205505/Lindon et al 1994 - A multi-dimensional.pdf</url></pdf-urls></urls><electronic-resource-num><style face="normal" font="default" size="100%">10.1016/0145-2134(94)90036-1</style></electronic-resource-num></record><record><database name="NSCClibrary.enl" path="F:\NSCClibrary.enl">NSCClibrary.enl</database><source-app name="EndNote" version="17.1">EndNote</source-app><rec-number>3352</rec-number><foreign-keys><key app="EN" db-id="5s5ppfp52t55w0eadv7p5ss3vfxzs5fwwe5w">3352</key></foreign-keys><ref-type name="Journal Article">17</ref-type><contributors><authors><author><style face="normal" font="default" size="100%">Miller, Liza</style></author></authors></contributors><titles><title><style face="normal" font="default" size="100%">Book review - The protectors&apos; handbook: Reducing the risk of sexual abuse and helping children recover by Gerrilyn Smith</style></title><secondary-title><style face="normal" font="default" size="100%">Child Abuse &amp; Neglect</style></secondary-title></titles><periodical><full-title><style face="normal" font="default" size="100%">Child Abuse &amp; Neglect</style></full-title></periodical><pages><style face="normal" font="default" size="100%">302-303</style></pages><volume><style face="normal" font="default" size="100%">24</style></volume><number><style face="normal" font="default" size="100%">2</style></number><keywords><keyword><style face="normal" font="default" size="100%">Child sexual abuse</style></keyword><keyword><style face="normal" font="default" size="100%">Therapy</style></keyword></keywords><dates><year><style face="normal" font="default" size="100%">2000</style></year></dates><isbn><style face="normal" font="default" size="100%">0145-2134</style></isbn><abstract><style face="normal" font="default" size="100%">Those who care for children who have experienced child sexual abuse (CSA), especially within the family, will find an informative and pragmatic guide to ways of helping those children recover. The central theme of the book is the transformation of non-abusing carers into protective carers into protective carers who work actively towards reducing risk to the children in their families and providing the context for recovery and healing from the effects of CSA. Although the author suggests a wider audience, the book reads as principally targeted towards mothers and other adults caring for abused children within a family setting. To this end, Smith sets out to provide guidance, knowledge, and information aimed at helping carers understand the abused children in their care and to respond constructively in the best interests of the child.</style></abstract><urls><pdf-urls><url>internal-pdf://Miller 2000 - Book review - the protectors handbook-3988692736/Miller 2000 - Book review - the protectors handbook.pdf</url></pdf-urls></urls></record><record><database name="NSCClibrary.enl" path="F:\NSCClibrary.enl">NSCClibrary.enl</database><source-app name="EndNote" version="17.1">EndNote</source-app><rec-number>3293</rec-number><foreign-keys><key app="EN" db-id="5s5ppfp52t55w0eadv7p5ss3vfxzs5fwwe5w">3293</key></foreign-keys><ref-type name="Journal Article">17</ref-type><contributors><authors><author><style face="normal" font="default" size="100%">O&apos;Leary, Patrick</style></author></authors></contributors><titles><title><style face="normal" font="default" size="100%">Liberation from self-blame: Working with men who have experienced childhood sexual abuse</style></title><secondary-title><style face="normal" font="default" size="100%">Dulwich Centre Journal</style></secondary-title></titles><periodical><full-title><style face="normal" font="default" size="100%">Dulwich Centre Journal</style></full-title></periodical><pages><style face="normal" font="default" size="100%">24-40</style></pages><volume><style face="normal" font="default" size="100%">4</style></volume><keywords><keyword><style face="normal" font="default" size="100%">Childhood sexual abuse</style></keyword><keyword><style face="normal" font="default" size="100%">Male survivors</style></keyword><keyword><style face="normal" font="default" size="100%">Male victims</style></keyword><keyword><style face="normal" font="default" size="100%">Masculinities</style></keyword><keyword><style face="normal" font="default" size="100%">Self-blame</style></keyword></keywords><dates><year><style face="normal" font="default" size="100%">1998</style></year></dates><abstract><style face="normal" font="default" size="100%">This paper explores ways of working with men who have experienced child sexual abuse. It explores some of the difficulties that these men may face in our current social, political and cultural context. The paper explores the practical implications of the fact that male sexual abuse occurs within a male-domianted culture and that the large majority of perpetratios are other men. It describes how, for men who have been subject to sexual abuse, dominant constructions of masculinity can contribute to the silencing of their experience and to stories of self-blame. It explores the complex task that males who have experienced abuse from older men face in creating their own preferred masculine identity, and describes a number of therapeutic themes that I have found helpful in working with men on these issues.</style></abstract><urls><pdf-urls><url>internal-pdf://O&apos;Leary 1998 - Liberation from self-blame-1114273537/O&apos;Leary 1998 - Liberation from self-blame.pdf</url></pdf-urls></urls></record><record><database name="NSCClibrary.enl" path="F:\NSCClibrary.enl">NSCClibrary.enl</database><source-app name="EndNote" version="17.1">EndNote</source-app><rec-number>3744</rec-number><foreign-keys><key app="EN" db-id="5s5ppfp52t55w0eadv7p5ss3vfxzs5fwwe5w">3744</key></foreign-keys><ref-type name="Journal Article">17</ref-type><contributors><authors><author><style face="normal" font="default" size="100%">Peck, Judith Stern</style></author><author><style face="normal" font="default" size="100%">Sheinberg, Marcia</style></author><author><style face="normal" font="default" size="100%">Akamatsu, N. Norma</style></author></authors></contributors><titles><title><style face="normal" font="default" size="100%">Forming a consortium: A design for interagency collaboration in the delivery of service following the disclosure of incest</style></title><secondary-title><style face="normal" font="default" size="100%">Family Process</style></secondary-title></titles><periodical><full-title><style face="normal" font="default" size="100%">Family Process</style></full-title></periodical><pages><style face="normal" font="default" size="100%">287-302</style></pages><volume><style face="normal" font="default" size="100%">34</style></volume><number><style face="normal" font="default" size="100%">3</style></number><keywords><keyword><style face="normal" font="default" size="100%">Family</style></keyword><keyword><style face="normal" font="default" size="100%">Incest</style></keyword><keyword><style face="normal" font="default" size="100%">Intrafamilial sexual abuse</style></keyword><keyword><style face="normal" font="default" size="100%">Secondary trauma</style></keyword><keyword><style face="normal" font="default" size="100%">Trauma</style></keyword><keyword><style face="normal" font="default" size="100%">Treatment</style></keyword></keywords><dates><year><style face="normal" font="default" size="100%">1995</style></year></dates><publisher><style face="normal" font="default" size="100%">Blackwell Publishing Ltd</style></publisher><isbn><style face="normal" font="default" size="100%">1545-5300</style></isbn><abstract><style face="normal" font="default" size="100%">A central issue in the treatment of intrafamilial sexual abuse is the “secondary trauma” experienced by both the victimised child and her family when the wider system of regulatory and treatment agencies present redundant, incongruent, or conflicting perspectives and demands. This article describes an attempt to effect second-order change through formation of a consortium of regulatory and treatment agencies to develop a consistent and coordinated response to the disclosure of sexual abuse. Feminist, social constructionist, and organisational development ideas are used to develop principles of intersubjectivity, collaboration and a “both-and” stance, which have guided both the clinical and wider systems work.</style></abstract><urls><pdf-urls><url>internal-pdf://Peck et al 1995 - Forming a consortium-0012886785/Peck et al 1995 - Forming a consortium.pdf</url></pdf-urls></urls><electronic-resource-num><style face="normal" font="default" size="100%">10.1111/j.1545-5300.1995.00287.x</style></electronic-resource-num></record><record><database name="NSCClibrary.enl" path="F:\NSCClibrary.enl">NSCClibrary.enl</database><source-app name="EndNote" version="17.1">EndNote</source-app><rec-number>3719</rec-number><foreign-keys><key app="EN" db-id="5s5ppfp52t55w0eadv7p5ss3vfxzs5fwwe5w">3719</key></foreign-keys><ref-type name="Journal Article">17</ref-type><contributors><authors><author><style face="normal" font="default" size="100%">Reichert, Elisabeth</style></author></authors></contributors><titles><title><style face="normal" font="default" size="100%">Play and animal-assisted therapy: A group-treatment model for sexually abused girls ages 9-13</style></title><secondary-title><style face="normal" font="default" size="100%">Family Therapy</style></secondary-title></titles><periodical><full-title><style face="normal" font="default" size="100%">Family Therapy</style></full-title></periodical><pages><style face="normal" font="default" size="100%">55-62</style></pages><volume><style face="normal" font="default" size="100%">21</style></volume><number><style face="normal" font="default" size="100%">1</style></number><keywords><keyword><style face="normal" font="default" size="100%">Animal-assisted therapy</style></keyword><keyword><style face="normal" font="default" size="100%">Child sexual abuse</style></keyword><keyword><style face="normal" font="default" size="100%">Group therapy</style></keyword><keyword><style face="normal" font="default" size="100%">Group treatment</style></keyword><keyword><style face="normal" font="default" size="100%">Groupwork</style></keyword><keyword><style face="normal" font="default" size="100%">Play therapy</style></keyword><keyword><style face="normal" font="default" size="100%">Survivors</style></keyword><keyword><style face="normal" font="default" size="100%">Victim treatment</style></keyword></keywords><dates><year><style face="normal" font="default" size="100%">1994</style></year></dates><isbn><style face="normal" font="default" size="100%">0091-6544</style></isbn><abstract><style face="normal" font="default" size="100%">Presents a framework for conducting group therapy for girls aged 9-13 yrs. The model was developed from the author&apos;s clinical experience in conducting a series of groups over 4 yrs at the Project Against Sexual Abuse of Appalachian Children. Treatment modalities consist of animal-assisted therapy. There are 3 treatment phases. Phase 1 conveys why it is necessary to slowly and carefully examine what happened to the children and explain therapy in the form of metaphor. Phase 2 re-creates the traumatic elements through play and fantasy in which the children can be victorious survivors rather than victims. Phase 3 integrates education and prevention and deals with termination of the group. </style></abstract><urls><pdf-urls><url>internal-pdf://Reichert 1994 - Play and animal-0248409857/Reichert 1994 - Play and animal.pdf</url></pdf-urls></urls></record><record><database name="NSCClibrary.enl" path="F:\NSCClibrary.enl">NSCClibrary.enl</database><source-app name="EndNote" version="17.1">EndNote</source-app><rec-number>3324</rec-number><foreign-keys><key app="EN" db-id="5s5ppfp52t55w0eadv7p5ss3vfxzs5fwwe5w">3324</key></foreign-keys><ref-type name="Unpublished Work">34</ref-type><contributors><authors><author><style face="normal" font="default" size="100%">Roberts, Margaret</style></author></authors></contributors><titles><title><style face="normal" font="default" size="100%">Look who&apos;s talking: Therapy with mothers and children who have been sexually assaulted</style></title></titles><pages><style face="normal" font="default" size="100%">7</style></pages><keywords><keyword><style face="normal" font="default" size="100%">Family therapy</style></keyword><keyword><style face="normal" font="default" size="100%">Groupwork</style></keyword><keyword><style face="normal" font="default" size="100%">Mothers</style></keyword><keyword><style face="normal" font="default" size="100%">Non-abusive parent</style></keyword><keyword><style face="normal" font="default" size="100%">Non-offending parent</style></keyword><keyword><style face="normal" font="default" size="100%">Victim intervention</style></keyword><keyword><style face="normal" font="default" size="100%">Victims</style></keyword></keywords><dates><year><style face="normal" font="default" size="100%">n.d.</style></year></dates><abstract><style face="normal" font="default" size="100%">This paper discusses the joint therapy the author conducts do with mothers and children following the disclosure of child sexual assault perpetrated by a person related to or well known to the child. Initially she outlines the traditional apporach to therapy with children who have been sexually assaulted, with reference to literature and then discusses two illustrative studies in which the therapy involves joint sessions with the child and mother. This is followed by a brief overview of the theoretical framework upon which the author has drawn for her work.</style></abstract><urls><pdf-urls><url>internal-pdf://Roberts nd - Look whos talking-2125639937/Roberts nd - Look whos talking.pdf</url></pdf-urls></urls></record><record><database name="NSCClibrary.enl" path="F:\NSCClibrary.enl">NSCClibrary.enl</database><source-app name="EndNote" version="17.1">EndNote</source-app><rec-number>3734</rec-number><foreign-keys><key app="EN" db-id="5s5ppfp52t55w0eadv7p5ss3vfxzs5fwwe5w">3734</key></foreign-keys><ref-type name="Journal Article">17</ref-type><contributors><authors><author><style face="normal" font="default" size="100%">Ryan, Gail</style></author></authors></contributors><titles><title><style face="normal" font="default" size="100%">Victim to victimizer: Rethinking victim treatment</style></title><secondary-title><style face="normal" font="default" size="100%">Journal of Interpersonal Violence</style></secondary-title></titles><periodical><full-title><style face="normal" font="default" size="100%">Journal of Interpersonal Violence</style></full-title></periodical><pages><style face="normal" font="default" size="100%">325-341</style></pages><volume><style face="normal" font="default" size="100%">4</style></volume><number><style face="normal" font="default" size="100%">3</style></number><keywords><keyword><style face="normal" font="default" size="100%">Abused-to-abuser</style></keyword><keyword><style face="normal" font="default" size="100%">Child sexual abuse</style></keyword><keyword><style face="normal" font="default" size="100%">Childhood sexual abuse</style></keyword><keyword><style face="normal" font="default" size="100%">Cycle of abuse</style></keyword><keyword><style face="normal" font="default" size="100%">Intergenerational cycle of abuse</style></keyword><keyword><style face="normal" font="default" size="100%">Victim-to-victimiser</style></keyword><keyword><style face="normal" font="default" size="100%">Victim treatment</style></keyword><keyword><style face="normal" font="default" size="100%">Victimisation</style></keyword></keywords><dates><year><style face="normal" font="default" size="100%">1989</style></year><pub-dates><date><style face="normal" font="default" size="100%">September 1, 1989</style></date></pub-dates></dates><abstract><style face="normal" font="default" size="100%">Victims of childhood sexual abuse may experience many dysfunctional outcomes. One negative outcome may be an increased risk of the sexually abused becoming sexually abusive to others. This article suggests that experience in the treatment of sexual offenders may have important implications for how we treat victims of child sexual abuse in order to prevent the development of sexual offending. Parallel issues in victimology and offenderology are explored, and suggestions are made for preventive interventions.</style></abstract><urls><related-urls><url><style face="normal" font="default" size="100%">http://jiv.sagepub.com/content/4/3/325.abstract</style></url></related-urls><pdf-urls><url>internal-pdf://Ryan 1989 - Victim to victimizer-2779879681/Ryan 1989 - Victim to victimizer.pdf</url></pdf-urls></urls><electronic-resource-num><style face="normal" font="default" size="100%">10.1177/088626089004003006</style></electronic-resource-num></record><record><database name="NSCClibrary.enl" path="F:\NSCClibrary.enl">NSCClibrary.enl</database><source-app name="EndNote" version="17.1">EndNote</source-app><rec-number>3416</rec-number><foreign-keys><key app="EN" db-id="5s5ppfp52t55w0eadv7p5ss3vfxzs5fwwe5w">3416</key></foreign-keys><ref-type name="Journal Article">17</ref-type><contributors><authors><author><style face="normal" font="default" size="100%">Saywitz, Karen J.</style></author><author><style face="normal" font="default" size="100%">Mannarino, Antony P.</style></author><author><style face="normal" font="default" size="100%">Berliner, Lucy E.</style></author><author><style face="normal" font="default" size="100%">Cohen, Judith A.</style></author></authors></contributors><titles><title><style face="normal" font="default" size="100%">Treatment for sexually abused children and adolescents</style></title><secondary-title><style face="normal" font="default" size="100%">American Psychologist</style></secondary-title></titles><periodical><full-title><style face="normal" font="default" size="100%">American Psychologist</style></full-title></periodical><pages><style face="normal" font="default" size="100%">1040-1049</style></pages><volume><style face="normal" font="default" size="100%">55</style></volume><number><style face="normal" font="default" size="100%">9</style></number><keywords><keyword><style face="normal" font="default" size="100%">Childhood sexual abuse</style></keyword><keyword><style face="normal" font="default" size="100%">Intervention</style></keyword><keyword><style face="normal" font="default" size="100%">Therapy</style></keyword><keyword><style face="normal" font="default" size="100%">Victim treatment</style></keyword></keywords><dates><year><style face="normal" font="default" size="100%">2000</style></year></dates><isbn><style face="normal" font="default" size="100%">1935-990X</style></isbn><abstract><style face="normal" font="default" size="100%">The authors review research demonstrating the variable effects of childhood sexual abuse, the need for intervention, and the effectiveness of available treatment models. The well-controlled treatment-outcome studies reviewed do not focus on sensationalistic fringe treatments that treat sexually abused children as a special class of patients. Instead, studies demonstrate empirical evidence for extending and modifying treatment models from mainstream clinical child psychology to sexually abused children. The authors propose a continuum of interventions to meet the needs of this heterogeneous group. Interventions range from psychoeducation and screening, to short-term, abuse-focused cognitive- behavioral therapy with family involvement, to more comprehensive long-term plans for muItiproblem cases. Last discussed are gaps in the research and suggestions for future research to address the pressing dilemmas faced by clinicians and policymakers.</style></abstract><urls><pdf-urls><url>internal-pdf://Saywitz et al 2000 - Treatment for sexually abusedv2-0020954625/Saywitz et al 2000 - Treatment for sexually abusedv2.pdf</url></pdf-urls></urls></record><record><database name="NSCClibrary.enl" path="F:\NSCClibrary.enl">NSCClibrary.enl</database><source-app name="EndNote" version="17.1">EndNote</source-app><rec-number>3339</rec-number><foreign-keys><key app="EN" db-id="5s5ppfp52t55w0eadv7p5ss3vfxzs5fwwe5w">3339</key></foreign-keys><ref-type name="Journal Article">17</ref-type><contributors><authors><author><style face="normal" font="default" size="100%">Scheflin, Alan W.</style></author></authors></contributors><titles><title><style face="normal" font="default" size="100%">Risk management in treating child sexual abuse victims and adult survivors</style></title><secondary-title><style face="normal" font="default" size="100%">Journal of Child Sexual Abuse</style></secondary-title></titles><periodical><full-title><style face="normal" font="default" size="100%">Journal of Child Sexual Abuse</style></full-title></periodical><pages><style face="normal" font="default" size="100%">111-121</style></pages><volume><style face="normal" font="default" size="100%">7</style></volume><number><style face="normal" font="default" size="100%">1</style></number><keywords><keyword><style face="normal" font="default" size="100%">Childhood sexual abuse</style></keyword><keyword><style face="normal" font="default" size="100%">Professionals</style></keyword><keyword><style face="normal" font="default" size="100%">Risk management</style></keyword><keyword><style face="normal" font="default" size="100%">Survivors</style></keyword><keyword><style face="normal" font="default" size="100%">Therapist</style></keyword><keyword><style face="normal" font="default" size="100%">Victims</style></keyword></keywords><dates><year><style face="normal" font="default" size="100%">1998</style></year></dates><abstract><style face="normal" font="default" size="100%">Before the 1990s, mental health professionals were rarely sued for &quot;talking cures.&quot; Today, hundreds and hundreds of cases have been brought against therapists working with child sexual abuse issues. Risk management needs to accommodate the current wave of lawsuits so that mental health professionals can avoid litigation. This commentary presents some of the issues involved in these cases, and suggests techniques for therapists to utilise for nsk management.</style></abstract><urls><pdf-urls><url>internal-pdf://Scheflin et al 1998 - Risk management in treating-3803883265/Scheflin et al 1998 - Risk management in treating.pdf</url></pdf-urls></urls></record><record><database name="NSCClibrary.enl" path="F:\NSCClibrary.enl">NSCClibrary.enl</database><source-app name="EndNote" version="17.1">EndNote</source-app><rec-number>3149</rec-number><foreign-keys><key app="EN" db-id="5s5ppfp52t55w0eadv7p5ss3vfxzs5fwwe5w">3149</key></foreign-keys><ref-type name="Journal Article">17</ref-type><contributors><authors><author><style face="normal" font="default" size="100%">Sheinberg, Marcia</style></author></authors></contributors><titles><title><style face="normal" font="default" size="100%">Navigating treatment impasses at the disclosure of incest: Combining ideas from feminism and social constructionism</style></title><secondary-title><style face="normal" font="default" size="100%">Family Process</style></secondary-title></titles><periodical><full-title><style face="normal" font="default" size="100%">Family Process</style></full-title></periodical><pages><style face="normal" font="default" size="100%">201-216</style></pages><volume><style face="normal" font="default" size="100%">31</style></volume><number><style face="normal" font="default" size="100%">3</style></number><keywords><keyword><style face="normal" font="default" size="100%">Attachment</style></keyword><keyword><style face="normal" font="default" size="100%">Family therapy</style></keyword><keyword><style face="normal" font="default" size="100%">Family treatment</style></keyword><keyword><style face="normal" font="default" size="100%">Feminism</style></keyword><keyword><style face="normal" font="default" size="100%">Incest</style></keyword><keyword><style face="normal" font="default" size="100%">Intrafamilial sexual abuse</style></keyword><keyword><style face="normal" font="default" size="100%">Shame</style></keyword></keywords><dates><year><style face="normal" font="default" size="100%">1992</style></year></dates><isbn><style face="normal" font="default" size="100%">1545-5300</style></isbn><abstract><style face="normal" font="default" size="100%">This article describes an approach to the social and emotional schisms that characterise the disclosure of intrafamilial sexual abuse (incest). It argues that ideas from social constructionism and feminism can be combined in such a way that what appear as either/or choices become both and possibilities. These include: social control versus therapy, shame versus pride, attachment to one&apos;s abusive partner versus attachment to one&apos;s injured child, and &quot;justice&quot; versus &quot;care&quot;.</style></abstract><urls><pdf-urls><url>internal-pdf://Sheinberg 1992 - Navigating treatment-2363609600/Sheinberg 1992 - Navigating treatment.pdf</url></pdf-urls></urls></record><record><database name="NSCClibrary.enl" path="F:\NSCClibrary.enl">NSCClibrary.enl</database><source-app name="EndNote" version="17.1">EndNote</source-app><rec-number>3365</rec-number><foreign-keys><key app="EN" db-id="5s5ppfp52t55w0eadv7p5ss3vfxzs5fwwe5w">3365</key></foreign-keys><ref-type name="Book Section">5</ref-type><contributors><authors><author><style face="normal" font="default" size="100%">Sturkie, Kinly</style></author></authors><secondary-authors><author><style face="normal" font="default" size="100%">O&apos;Donohue, William T.</style></author><author><style face="normal" font="default" size="100%">Geer, James H.</style></author></secondary-authors></contributors><titles><title><style face="normal" font="default" size="100%">Group treatment of child sexual abuse victims: A review</style></title><secondary-title><style face="normal" font="default" size="100%">The sexual abuse of children: Clinical issues</style></secondary-title></titles><periodical><full-title><style face="normal" font="default" size="100%">The sexual abuse of children: Clinical issues</style></full-title></periodical><pages><style face="normal" font="default" size="100%">331-364</style></pages><volume><style face="normal" font="default" size="100%">2</style></volume><section><style face="normal" font="default" size="100%">11</style></section><keywords><keyword><style face="normal" font="default" size="100%">Child sexual abuse</style></keyword><keyword><style face="normal" font="default" size="100%">Group therapy</style></keyword><keyword><style face="normal" font="default" size="100%">Groupwork</style></keyword><keyword><style face="normal" font="default" size="100%">Victim intervention</style></keyword><keyword><style face="normal" font="default" size="100%">Victim treatment</style></keyword></keywords><dates><year><style face="normal" font="default" size="100%">1992</style></year></dates><pub-location><style face="normal" font="default" size="100%">Hillsdale, NJ</style></pub-location><publisher><style face="normal" font="default" size="100%">Lawrence Erlbaum Associates</style></publisher><isbn><style face="normal" font="default" size="100%">0805809554</style></isbn><abstract><style face="normal" font="default" size="100%">The purpose of this chapter begins by examining the rational for group treatment as an intervention and by describing the major models of group treatment currently evident in the field. The premises regarding why group treatment is curative are also presented and the limited empirical research on the utility of this form of intervention is reviewed. The focus then shifts briefly to a comparison of child and adult treatment groups, exploring how the temporal proximity of the abuse experience, the presence or absence of long-term effects, and the developmenal maturity of the clients affect the conduct and outcome of treatment.</style></abstract><urls><pdf-urls><url>internal-pdf://Sturkie 1992 - Group treatment of child sexual-0429373441/Sturkie 1992 - Group treatment of child sexual.pdf</url></pdf-urls></urls></record><record><database name="NSCClibrary.enl" path="F:\NSCClibrary.enl">NSCClibrary.enl</database><source-app name="EndNote" version="17.1">EndNote</source-app><rec-number>5123</rec-number><foreign-keys><key app="EN" db-id="5s5ppfp52t55w0eadv7p5ss3vfxzs5fwwe5w">5123</key><key app="ENWeb" db-id="">0</key></foreign-keys><ref-type name="Journal Article">17</ref-type><contributors><authors><author><style face="normal" font="default" size="100%">Wherry, J. N.</style></author><author><style face="normal" font="default" size="100%">Huffhines, L. P.</style></author><author><style face="normal" font="default" size="100%">Walisky, D. N.</style></author></authors></contributors><auth-address><style face="normal" font="default" size="100%">Research Institute, Dallas Children&apos;s Advocacy Center, Dallas, TX, USA jwherry@dcac.org.&#xD;Kansas University, Lawrence, KS, USA.&#xD;Texas Tech University, Lubbock, TX, USA.</style></auth-address><titles><title><style face="normal" font="default" size="100%">A Short Form of the Trauma Symptom Checklist for Children</style></title><secondary-title><style face="normal" font="default" size="100%">Child Maltreat</style></secondary-title><alt-title><style face="normal" font="default" size="100%">Child maltreatment</style></alt-title></titles><periodical><full-title><style face="normal" font="default" size="100%">Child Maltreat</style></full-title></periodical><alt-periodical><full-title><style face="normal" font="default" size="100%">Child Maltreatment</style></full-title></alt-periodical><pages><style face="normal" font="default" size="100%">37-46</style></pages><volume><style face="normal" font="default" size="100%">21</style></volume><number><style face="normal" font="default" size="100%">1</style></number><keywords><keyword><style face="normal" font="default" size="100%">Trauma</style></keyword><keyword><style face="normal" font="default" size="100%">Child sexual abuse</style></keyword></keywords><dates><year><style face="normal" font="default" size="100%">2016</style></year><pub-dates><date><style face="normal" font="default" size="100%">Feb</style></date></pub-dates></dates><isbn><style face="normal" font="default" size="100%">1552-6119 (Electronic)&#xD;1077-5595 (Linking)</style></isbn><accession-num><style face="normal" font="default" size="100%">26655211</style></accession-num><abstract><style face="normal" font="default" size="100%">The purpose of the current study was to develop a short form (SF) of the Trauma Symptom Checklist for Children (TSCC). The TSCC-SF) maintained 29 items, from the original 54 items, in a sample (N = 215) of sexually abused children who were seeking treatment at a child advocacy center. Exploratory factor analysis refined the original measure, and confirmatory factor analysis provided evidence for best fit for a six-factor, 29-item model. The TSCC-SF evidenced good internal reliability and showed convergent validity with child ratings of post-traumatic stress disorder (PTSD) symptoms obtained from the University of California at Los Angeles PTSD Reaction Index. The TSCC-SF has promise as a shorter assessment measure with sexually abused children in numerous settings, including child advocacy centers and pediatric clinics, where efficient screening and assessment are essential for providing the best standard of care.</style></abstract><notes><style face="normal" font="default" size="100%">Wherry, Jeffrey N&#xD;Huffhines, Lindsay P&#xD;Walisky, Desiree N&#xD;eng&#xD;2015/12/15 06:00&#xD;Child Maltreat. 2016 Feb;21(1):37-46. doi: 10.1177/1077559515619487. Epub 2015 Dec 9.</style></notes><urls><related-urls><url><style face="normal" font="default" size="100%">http://www.ncbi.nlm.nih.gov/pubmed/26655211</style></url></related-urls><pdf-urls><url>internal-pdf://1410617840/Wherry 2016 - A Short Form of the Trauma Sympt.pdf</url></pdf-urls></urls><electronic-resource-num><style face="normal" font="default" size="100%">10.1177/1077559515619487</style></electronic-resource-num></record><record><database name="NSCClibrary.enl" path="F:\NSCClibrary.enl">NSCClibrary.enl</database><source-app name="EndNote" version="17.1">EndNote</source-app><rec-number>3169</rec-number><foreign-keys><key app="EN" db-id="5s5ppfp52t55w0eadv7p5ss3vfxzs5fwwe5w">3169</key></foreign-keys><ref-type name="Journal Article">17</ref-type><contributors><authors><author><style face="normal" font="default" size="100%">White, JoAnna</style></author><author><style face="normal" font="default" size="100%">Allers, Christopher T.</style></author></authors></contributors><titles><title><style face="normal" font="default" size="100%">Play therapy with abused children: A review of the literature</style></title><secondary-title><style face="normal" font="default" size="100%">Journal of Counseling &amp; Development</style></secondary-title></titles><periodical><full-title><style face="normal" font="default" size="100%">Journal of Counseling &amp; Development</style></full-title></periodical><pages><style face="normal" font="default" size="100%">390-394</style></pages><volume><style face="normal" font="default" size="100%">72</style></volume><number><style face="normal" font="default" size="100%">4</style></number><keywords><keyword><style face="normal" font="default" size="100%">Child abuse</style></keyword><keyword><style face="normal" font="default" size="100%">Child maltreatment</style></keyword><keyword><style face="normal" font="default" size="100%">Child neglect</style></keyword><keyword><style face="normal" font="default" size="100%">Effects</style></keyword><keyword><style face="normal" font="default" size="100%">Play therapy</style></keyword><keyword><style face="normal" font="default" size="100%">Survivors</style></keyword><keyword><style face="normal" font="default" size="100%">Victims</style></keyword></keywords><dates><year><style face="normal" font="default" size="100%">1994</style></year></dates><isbn><style face="normal" font="default" size="100%">1556-6676</style></isbn><abstract><style face="normal" font="default" size="100%">The authors present a review and critique of the play therapy literature related to abused and neglected children, and they discuss seven characteristic play behaviors of maltreated children along with two common play themes. Recommendations for future research are also presented.</style></abstract><urls><pdf-urls><url>internal-pdf://White et al 1994 - Play therapy with abused-1430467841/White et al 1994 - Play therapy with abused.pdf</url></pdf-urls></urls></record><record><database name="NSCClibrary.enl" path="F:\NSCClibrary.enl">NSCClibrary.enl</database><source-app name="EndNote" version="17.1">EndNote</source-app><rec-number>3483</rec-number><foreign-keys><key app="EN" db-id="5s5ppfp52t55w0eadv7p5ss3vfxzs5fwwe5w">3483</key></foreign-keys><ref-type name="Journal Article">17</ref-type><contributors><authors><author><style face="normal" font="default" size="100%">White, Michael</style></author></authors></contributors><titles><title><style face="normal" font="default" size="100%">Fear busting and monster taming: An approach to the fears of young children</style></title><secondary-title><style face="normal" font="default" size="100%">Dulwich Centre Review</style></secondary-title></titles><periodical><full-title><style face="normal" font="default" size="100%">Dulwich Centre Review</style></full-title></periodical><pages><style face="normal" font="default" size="100%">29-34</style></pages><keywords><keyword><style face="normal" font="default" size="100%">Counselling</style></keyword><keyword><style face="normal" font="default" size="100%">Fear</style></keyword><keyword><style face="normal" font="default" size="100%">Narrative therapy</style></keyword><keyword><style face="normal" font="default" size="100%">Victim intervention</style></keyword><keyword><style face="normal" font="default" size="100%">Victim treatment</style></keyword></keywords><dates><year><style face="normal" font="default" size="100%">1985</style></year></dates><abstract><style face="normal" font="default" size="100%">In this paper, childhood fears are considered within the interactional context of the family. It is argued that the survival and growth of such fears is dependent upon the presence of a &quot;fears life-support system&quot;. The details of this life-support system can be derived by an examination of the family members&apos; inadvertent participation with a fears-lifestyle. Interventions to disrupt this participation are discussed. These interventions include the introduction of a non-threatening interactional descriptiorl of the problem and a structured ritual to challenge the fears&apos; lifestyle. A case example is given.</style></abstract><urls><pdf-urls><url>internal-pdf://White 1985 - Fear busting and monster taming-0029995265/White 1985 - Fear busting and monster taming.pdf</url></pdf-urls></urls></record></records></xml>