<?xml version="1.0" encoding="UTF-8" ?><xml><records><record><database name="NSCClibrary.enl" path="F:\NSCClibrary.enl">NSCClibrary.enl</database><source-app name="EndNote" version="17.1">EndNote</source-app><rec-number>2725</rec-number><foreign-keys><key app="EN" db-id="5s5ppfp52t55w0eadv7p5ss3vfxzs5fwwe5w">2725</key></foreign-keys><ref-type name="Journal Article">17</ref-type><contributors><authors><author><style face="normal" font="default" size="100%">Berliner, Lucy E.</style></author></authors></contributors><titles><title><style face="normal" font="default" size="100%">Videotaping child abuse victims: A comment</style></title><secondary-title><style face="normal" font="default" size="100%">Journal of Child Sexual Abuse</style></secondary-title></titles><periodical><full-title><style face="normal" font="default" size="100%">Journal of Child Sexual Abuse</style></full-title></periodical><pages><style face="normal" font="default" size="100%">127-130</style></pages><volume><style face="normal" font="default" size="100%">7</style></volume><number><style face="normal" font="default" size="100%">4</style></number><keywords><keyword><style face="normal" font="default" size="100%">Victim statements</style></keyword></keywords><dates><year><style face="normal" font="default" size="100%">1999</style></year></dates><isbn><style face="normal" font="default" size="100%">1053-8712</style></isbn><abstract><style face="normal" font="default" size="100%">Videotaping investigative interviews of child witnesses has been vigorously advocated and just as vehemently opposed in many venues over the past decade. All of the argument have been fully explored at professional conferences, in scientific and clinical journals, and in courtrooms. The debate has been resolved in some jurisdictions. </style></abstract><urls><pdf-urls><url>internal-pdf://Berliner 1999 - Videotaping child abuse-2574540289/Berliner 1999 - Videotaping child abuse.pdf</url></pdf-urls></urls></record><record><database name="NSCClibrary.enl" path="F:\NSCClibrary.enl">NSCClibrary.enl</database><source-app name="EndNote" version="17.1">EndNote</source-app><rec-number>2949</rec-number><foreign-keys><key app="EN" db-id="5s5ppfp52t55w0eadv7p5ss3vfxzs5fwwe5w">2949</key></foreign-keys><ref-type name="Journal Article">17</ref-type><contributors><authors><author><style face="normal" font="default" size="100%">Berliner, Lucy E.</style></author><author><style face="normal" font="default" size="100%">Conte, Jon R.</style></author></authors></contributors><titles><title><style face="normal" font="default" size="100%">Sexual abuse evaluations: Conceptual and empirical obstacles</style></title><secondary-title><style face="normal" font="default" size="100%">Child Abuse &amp; Neglect</style></secondary-title></titles><periodical><full-title><style face="normal" font="default" size="100%">Child Abuse &amp; Neglect</style></full-title></periodical><pages><style face="normal" font="default" size="100%">111-125</style></pages><volume><style face="normal" font="default" size="100%">17</style></volume><number><style face="normal" font="default" size="100%">1</style></number><keywords><keyword><style face="normal" font="default" size="100%">Disclosure</style></keyword><keyword><style face="normal" font="default" size="100%">Evaluation</style></keyword></keywords><dates><year><style face="normal" font="default" size="100%">1993</style></year></dates><isbn><style face="normal" font="default" size="100%">0145-2134</style></isbn><abstract><style face="normal" font="default" size="100%">Evaluating children for possible sexual abuse is widely regarded as a difficult clinical endeavour. Practitioners are concerned with both the basis for professional opinions and the accuracy of their ultimate judgements. Current approaches are critically analysed for conceptual integrity and empirical support. The authors conclude that improvements in practice will be more productive than efforts to devise a procedure for classification of cases. Implications of this approach and recommendations for further research are discussed.</style></abstract><urls><pdf-urls><url>internal-pdf://Berliner et al 1993 - Sexual abuse-1816294145/Berliner et al 1993 - Sexual abuse.pdf</url></pdf-urls></urls></record><record><database name="NSCClibrary.enl" path="F:\NSCClibrary.enl">NSCClibrary.enl</database><source-app name="EndNote" version="17.1">EndNote</source-app><rec-number>3604</rec-number><foreign-keys><key app="EN" db-id="5s5ppfp52t55w0eadv7p5ss3vfxzs5fwwe5w">3604</key></foreign-keys><ref-type name="Journal Article">17</ref-type><contributors><authors><author><style face="normal" font="default" size="100%">Britton, Helen</style></author><author><style face="normal" font="default" size="100%">O&apos;Keefe, Mary Allyce</style></author></authors></contributors><titles><title><style face="normal" font="default" size="100%">Use of nonanatomical dolls in the sexual abuse interview</style></title><secondary-title><style face="normal" font="default" size="100%">Child Abuse &amp; Neglect</style></secondary-title></titles><periodical><full-title><style face="normal" font="default" size="100%">Child Abuse &amp; Neglect</style></full-title></periodical><pages><style face="normal" font="default" size="100%">567-573</style></pages><volume><style face="normal" font="default" size="100%">15</style></volume><number><style face="normal" font="default" size="100%">4</style></number><keywords><keyword><style face="normal" font="default" size="100%">Interviews</style></keyword><keyword><style face="normal" font="default" size="100%">Sexual behaviour</style></keyword><keyword><style face="normal" font="default" size="100%">Sexualised behaviours</style></keyword><keyword><style face="normal" font="default" size="100%">Survivors</style></keyword><keyword><style face="normal" font="default" size="100%">Victims</style></keyword></keywords><dates><year><style face="normal" font="default" size="100%">1991</style></year></dates><abstract><style face="normal" font="default" size="100%">Controversy exists regarding use of anatomically detailed dolls in child sexual abuse evaluations because of concerns that such dolls may provoke false positive demonstrations of sexually explicit behavior. This study shows that children referred for medical evaluation of sexual abuse will use sexually explicit behavior to demonstrate what has happened to them with nonanatomical dolls as frequently as when they are interviewed with anatomically detailed ones. Over a two-year period, 136 children (aged 24 months to 10 years) were interviewed by the same pediatric interviewer. During the first year sexually anatomically detailed dolls (SAD) were used, and in the subsequent year nonanatomic dolls (NAD) were used. Data was analyzed according to age, sex, and demonstration of sexually explicit behavior. There were 67 children in the NAD group and 69 in the SAD group. Of the NAD group, 72% showed sexually explicit behavior compared to 68% in the SAD group. Comparisons using chi-square analysis revealed no significant differences between NAD and SAD. Results indicated that in the sexual abuse interview setting, use of sexually detailed dolls did not increase children&apos;s use of sexually explicit behavior to describe what had happened to them when compared to use of nonanatomical dolls, and that use of either type of doll provides similar information in the interview setting.</style></abstract><urls><pdf-urls><url>internal-pdf://Britton et al 1991 - Use of nonanatomical dolls-4206788097/Britton et al 1991 - Use of nonanatomical dolls.pdf</url></pdf-urls></urls></record><record><database name="NSCClibrary.enl" path="F:\NSCClibrary.enl">NSCClibrary.enl</database><source-app name="EndNote" version="17.1">EndNote</source-app><rec-number>2899</rec-number><foreign-keys><key app="EN" db-id="5s5ppfp52t55w0eadv7p5ss3vfxzs5fwwe5w">2899</key></foreign-keys><ref-type name="Journal Article">17</ref-type><contributors><authors><author><style face="normal" font="default" size="100%">Broderick, Raymond</style></author></authors></contributors><titles><title><style face="normal" font="default" size="100%">A commentary on “when cameras roll”</style></title><secondary-title><style face="normal" font="default" size="100%">Journal of Child Sexual Abuse</style></secondary-title></titles><periodical><full-title><style face="normal" font="default" size="100%">Journal of Child Sexual Abuse</style></full-title></periodical><pages><style face="normal" font="default" size="100%">123-126</style></pages><volume><style face="normal" font="default" size="100%">7</style></volume><number><style face="normal" font="default" size="100%">4</style></number><keywords><keyword><style face="normal" font="default" size="100%">Interviews</style></keyword><keyword><style face="normal" font="default" size="100%">Survivors</style></keyword><keyword><style face="normal" font="default" size="100%">Victim statements</style></keyword><keyword><style face="normal" font="default" size="100%">Victims</style></keyword></keywords><dates><year><style face="normal" font="default" size="100%">1999</style></year></dates><isbn><style face="normal" font="default" size="100%">1053-8712</style></isbn><urls><pdf-urls><url>internal-pdf://Broderick, Raymond  1999 - A Commentary on When Cameras Roll-1892760064/Broderick, Raymond  1999 - A Commentary on When Cameras Roll.pdf</url></pdf-urls></urls></record><record><database name="NSCClibrary.enl" path="F:\NSCClibrary.enl">NSCClibrary.enl</database><source-app name="EndNote" version="17.1">EndNote</source-app><rec-number>2960</rec-number><foreign-keys><key app="EN" db-id="5s5ppfp52t55w0eadv7p5ss3vfxzs5fwwe5w">2960</key></foreign-keys><ref-type name="Journal Article">17</ref-type><contributors><authors><author><style face="normal" font="default" size="100%">Burgess, Ann W.</style></author><author><style face="normal" font="default" size="100%">Hartman, Carol R.</style></author></authors></contributors><titles><title><style face="normal" font="default" size="100%">Children&apos;s drawings</style></title><secondary-title><style face="normal" font="default" size="100%">Child Abuse &amp; Neglect</style></secondary-title></titles><periodical><full-title><style face="normal" font="default" size="100%">Child Abuse &amp; Neglect</style></full-title></periodical><pages><style face="normal" font="default" size="100%">161-168</style></pages><volume><style face="normal" font="default" size="100%">17</style></volume><number><style face="normal" font="default" size="100%">1</style></number><keywords><keyword><style face="normal" font="default" size="100%">Interviews</style></keyword><keyword><style face="normal" font="default" size="100%">Memory</style></keyword><keyword><style face="normal" font="default" size="100%">Survivors</style></keyword><keyword><style face="normal" font="default" size="100%">Trauma</style></keyword><keyword><style face="normal" font="default" size="100%">Victims</style></keyword></keywords><dates><year><style face="normal" font="default" size="100%">1993</style></year></dates><isbn><style face="normal" font="default" size="100%">0145-2134</style></isbn><abstract><style face="normal" font="default" size="100%">Children&apos;s drawings have been used in clinical interviews to provide direction for recollection and memory of events. Drawings encourage the retrieval of experience in the motoric, visual, and auditory recall. The drawing itself gives an expression of motor sensory discharge; the objects in the drawing help with the perceptual cues that are remembered; the cognitive dimensions are represented in the organisation, interpersonal patterns, and verbal discussion of the picture. The premise of this paper is that children&apos;s drawings are useful as an associative tool for assessing and accessing traumatic memories.</style></abstract><urls><pdf-urls><url>internal-pdf://Burgess et al 1993 - Children&apos;s drawings-0398044417/Burgess et al 1993 - Children&apos;s drawings.pdf</url></pdf-urls></urls></record><record><database name="NSCClibrary.enl" path="F:\NSCClibrary.enl">NSCClibrary.enl</database><source-app name="EndNote" version="17.1">EndNote</source-app><rec-number>2989</rec-number><foreign-keys><key app="EN" db-id="5s5ppfp52t55w0eadv7p5ss3vfxzs5fwwe5w">2989</key></foreign-keys><ref-type name="Journal Article">17</ref-type><contributors><authors><author><style face="normal" font="default" size="100%">Cohn, Debra S.</style></author></authors></contributors><titles><title><style face="normal" font="default" size="100%">Anatomical doll play of preschoolers referred for sexual abuse and those not referred</style></title><secondary-title><style face="normal" font="default" size="100%">Child Abuse &amp; Neglect</style></secondary-title></titles><periodical><full-title><style face="normal" font="default" size="100%">Child Abuse &amp; Neglect</style></full-title></periodical><pages><style face="normal" font="default" size="100%">455-466</style></pages><volume><style face="normal" font="default" size="100%">15</style></volume><number><style face="normal" font="default" size="100%">4</style></number><keywords><keyword><style face="normal" font="default" size="100%">Anatomical dolls</style></keyword><keyword><style face="normal" font="default" size="100%">Interviews</style></keyword><keyword><style face="normal" font="default" size="100%">Sexual behaviour</style></keyword><keyword><style face="normal" font="default" size="100%">Sexualised behaviours</style></keyword><keyword><style face="normal" font="default" size="100%">Survivors</style></keyword><keyword><style face="normal" font="default" size="100%">Victims</style></keyword></keywords><dates><year><style face="normal" font="default" size="100%">1991</style></year></dates><isbn><style face="normal" font="default" size="100%">0145-2134</style></isbn><abstract><style face="normal" font="default" size="100%">Anatomical dolls are used to facilitate children&apos;s explanations of sexual abuse. The goal of this study was to identify whether children referred for evaluation of possible sexual abuse would react differently to dolls than would nonreferred controls matched on sex, race, and age. A sample of 35 two- through six-year-olds referred to a hospital child abuse clinic were compared to 35 controls. After a rapport-building exercise, each child played under four conditions in a specially prepared room. Two coders, unaware of the child&apos;s group membership, viewed each videotaped session and completed separate behavioral checklists. Six conclusions resulted: (1) anatomical dolls did not create undue anxiety; (2) careful interpretation of sexualised play with dolls is needed; (3) dolls did not overstimulate and cause demonstration of sexual activity; (4) sexual abuse could not be diagnosed solely on the basis of doll play; (5) children in both groups inserted their fingers into doll openings; and (6) practitioners must rely on supporting verbal and physical evidence when making the determination of possible sexual abuse. More training and comfort with anatomical dolls and knowledge of normal child development principles are needed by examiners.</style></abstract><urls><pdf-urls><url>internal-pdf://Cohn 1991 - Anatomical doll play of-4165215745/Cohn 1991 - Anatomical doll play of.pdf</url></pdf-urls></urls></record><record><database name="NSCClibrary.enl" path="F:\NSCClibrary.enl">NSCClibrary.enl</database><source-app name="EndNote" version="17.1">EndNote</source-app><rec-number>2811</rec-number><foreign-keys><key app="EN" db-id="5s5ppfp52t55w0eadv7p5ss3vfxzs5fwwe5w">2811</key></foreign-keys><ref-type name="Journal Article">17</ref-type><contributors><authors><author><style face="normal" font="default" size="100%">Froum, Aryn G.</style></author><author><style face="normal" font="default" size="100%">Kendall-Tackett, Kathleen A.</style></author></authors></contributors><titles><title><style face="normal" font="default" size="100%">Law enforcement officers</style></title><secondary-title><style face="normal" font="default" size="100%">Child Abuse &amp; Neglect: The International Journal</style></secondary-title></titles><periodical><full-title><style face="normal" font="default" size="100%">Child Abuse &amp; Neglect: The International Journal</style></full-title></periodical><pages><style face="normal" font="default" size="100%">939-42</style></pages><volume><style face="normal" font="default" size="100%">22</style></volume><number><style face="normal" font="default" size="100%">9</style></number><keywords><keyword><style face="normal" font="default" size="100%">Child sexual abuse</style></keyword><keyword><style face="normal" font="default" size="100%">Evaluation</style></keyword><keyword><style face="normal" font="default" size="100%">Law enforcement</style></keyword><keyword><style face="normal" font="default" size="100%">Victim statements</style></keyword></keywords><dates><year><style face="normal" font="default" size="100%">1998</style></year></dates><isbn><style face="normal" font="default" size="100%">0145-2134</style></isbn><abstract><style face="normal" font="default" size="100%">Over the past decade, several researchers have focused on the role of law enforcement officers in investigations of child sexual abuse. Officers are often the first professionals to meet with the victims and are largely responsible for the results of the evaluation (Stone, Tyler, &amp; Mead, 1984). Hence, officers must balance the need for accurate information with an approach that is sensitive to the traumatized child. In conducting the evaluation, officers need to be aware of factors that can bias their findings. Professionals&apos; expectations about the truthfulness of children&apos;s testimonies and their personal beliefs regarding the primary purpose of the interview have been shown to influence their assessment of symptoms and whether young children will disclose details of the incident (Keary &amp; Fitzpatrick, 1994; Kendall-Tackett &amp; Watson, 1991). Moreover, inappropriate use of anatomical dolls by professionals and incorrect interpretations of children&apos;s behavior with the dolls can have deleterious effects on the outcome of the case (Boat &amp; Everson, 1988; Yates &amp; Terr, 1988). Formal training can improve interviewing skills, thereby reducing the probability of errors. However, previous research reveals that in comparison to mental health professionals, officers had received less training in the use of anatomical dolls (Boat &amp; Everson, 1988; Davey &amp; Hill, 1995). The present study examines ways in which law enforcement officers assess victims of child sexual abuse. Specifically, we looked at demographic characteristics of the officers, their expectations and beliefs, and their use of anatomical dolls.</style></abstract><urls><pdf-urls><url>internal-pdf://Froum Grossman, Aryn 1998 - Law Enforcement Officers.......-3039866368/Froum Grossman, Aryn 1998 - Law Enforcement Officers........pdf</url></pdf-urls></urls></record><record><database name="NSCClibrary.enl" path="F:\NSCClibrary.enl">NSCClibrary.enl</database><source-app name="EndNote" version="17.1">EndNote</source-app><rec-number>3041</rec-number><foreign-keys><key app="EN" db-id="5s5ppfp52t55w0eadv7p5ss3vfxzs5fwwe5w">3041</key></foreign-keys><ref-type name="Journal Article">17</ref-type><contributors><authors><author><style face="normal" font="default" size="100%">Hibbard, Roberta A.</style></author><author><style face="normal" font="default" size="100%">Hartman, Georgia L.</style></author></authors></contributors><titles><title><style face="normal" font="default" size="100%">Components of child and parent interviews in cases of alleged sexual abuse</style></title><secondary-title><style face="normal" font="default" size="100%">Child Abuse &amp; Neglect</style></secondary-title></titles><periodical><full-title><style face="normal" font="default" size="100%">Child Abuse &amp; Neglect</style></full-title></periodical><pages><style face="normal" font="default" size="100%">495-500</style></pages><volume><style face="normal" font="default" size="100%">17</style></volume><number><style face="normal" font="default" size="100%">4</style></number><keywords><keyword><style face="normal" font="default" size="100%">Interviews</style></keyword><keyword><style face="normal" font="default" size="100%">Medical examination</style></keyword><keyword><style face="normal" font="default" size="100%">Survivors</style></keyword><keyword><style face="normal" font="default" size="100%">Victims</style></keyword></keywords><dates><year><style face="normal" font="default" size="100%">1993</style></year></dates><isbn><style face="normal" font="default" size="100%">0145-2134</style></isbn><abstract><style face="normal" font="default" size="100%">Considerable discussion in child sexual abuse evaluation centers around minimizing the number of victim interviews, however, the completeness of one professional&apos;s interview is not always addressed. In this study, professionals (medical, social, law enforcement/legal, mental health) indicated what components they included in their interviews of sexual abuse victims and their parents. Components included: details of abuse, family relationships. school situation/performance, child&apos;s development (toilet training, bed wetting, language development, etc.), child&apos;s knowledge of body part names. child&apos;s knowledge of body part functions, child-rearing practices (bathing, sleeping), medical history (illnesses. surgery), behavior problems, psychological symptoms (nightmares, sadness), physical complaints (pain, discharge), parental teaching about sex, and child&apos;s access to sexually explicit television or magazines. Interview components varied by profession, consistent with expected professional bias. This study demonstrates some professional bias in interviewing children and parents and suggests that having a single interview or interviewer may not always be optimal for a thorough evaluation. Increased communication and teamwork among professionals, and cross-training among disciplines could facilitate both the recognition of appropriateness of some &quot;multiple interviews&quot; as well as provide efforts to consolidate interviews when possible.</style></abstract><urls><pdf-urls><url>internal-pdf://Hibbard et al 1993 - Components of child-2762361088/Hibbard et al 1993 - Components of child.pdf</url></pdf-urls></urls></record><record><database name="NSCClibrary.enl" path="F:\NSCClibrary.enl">NSCClibrary.enl</database><source-app name="EndNote" version="17.1">EndNote</source-app><rec-number>3054</rec-number><foreign-keys><key app="EN" db-id="5s5ppfp52t55w0eadv7p5ss3vfxzs5fwwe5w">3054</key></foreign-keys><ref-type name="Journal Article">17</ref-type><contributors><authors><author><style face="normal" font="default" size="100%">Kendall-Tackett, Kathleen A.</style></author></authors></contributors><titles><title><style face="normal" font="default" size="100%">Professionals&apos; standards of &apos;normal&apos; behavior with anatomical dolls and factors that influence these standards</style></title><secondary-title><style face="normal" font="default" size="100%">Child Abuse &amp; Neglect</style></secondary-title></titles><periodical><full-title><style face="normal" font="default" size="100%">Child Abuse &amp; Neglect</style></full-title></periodical><pages><style face="normal" font="default" size="100%">727-733</style></pages><volume><style face="normal" font="default" size="100%">16</style></volume><number><style face="normal" font="default" size="100%">5</style></number><keywords><keyword><style face="normal" font="default" size="100%">Anatomical dolls</style></keyword><keyword><style face="normal" font="default" size="100%">Child sexual abuse</style></keyword><keyword><style face="normal" font="default" size="100%">Sexual behaviour</style></keyword><keyword><style face="normal" font="default" size="100%">Sexualised behaviours</style></keyword></keywords><dates><year><style face="normal" font="default" size="100%">1992</style></year></dates><isbn><style face="normal" font="default" size="100%">0145-2134</style></isbn><abstract><style face="normal" font="default" size="100%">Do professionals have a consistent standard of what constitutes normal behavior with anatomical dolls? To answer this question. 201 professionals who work with child sexual abuse victims were asked to rate the normalcy of various behaviors with the dolls for nonabused children ages 2 to 5.9 years. The majority of respondents agreed that overtly sexual behaviors. such as demonstrating oral-genital contact or vaginal intercourse. were abnormal for nonabused children. For less obvious behaviors. such as touching the sex parts of dolls, there was more disagreement among professionals about what these behaviors mean. The ratings of these ambiguous behaviors varied depending on profession of the respondent, gender of the respondent, and number of years of experience. Law enforcement professionals. women. and those with the least amount of experience were more likely to view ambiguous behaviors as abnormal. These findings are discussed in the context of past research. with suggestions for future studies.</style></abstract><urls><pdf-urls><url>internal-pdf://Kendall-Tackett 1992 - Professionals standards-0483925504/Kendall-Tackett 1992 - Professionals standards.pdf</url></pdf-urls></urls></record><record><database name="NSCClibrary.enl" path="F:\NSCClibrary.enl">NSCClibrary.enl</database><source-app name="EndNote" version="17.1">EndNote</source-app><rec-number>3055</rec-number><foreign-keys><key app="EN" db-id="5s5ppfp52t55w0eadv7p5ss3vfxzs5fwwe5w">3055</key></foreign-keys><ref-type name="Journal Article">17</ref-type><contributors><authors><author><style face="normal" font="default" size="100%">Kendall-Tackett, Kathleen A.</style></author><author><style face="normal" font="default" size="100%">Watson, Malcolm W.</style></author></authors></contributors><titles><title><style face="normal" font="default" size="100%">Use of anatomical dolls by Boston-area professionals</style></title><secondary-title><style face="normal" font="default" size="100%">Child Abuse &amp; Neglect</style></secondary-title></titles><periodical><full-title><style face="normal" font="default" size="100%">Child Abuse &amp; Neglect</style></full-title></periodical><pages><style face="normal" font="default" size="100%">423-428</style></pages><volume><style face="normal" font="default" size="100%">16</style></volume><number><style face="normal" font="default" size="100%">3</style></number><keywords><keyword><style face="normal" font="default" size="100%">Anatomical dolls</style></keyword><keyword><style face="normal" font="default" size="100%">Interviews</style></keyword><keyword><style face="normal" font="default" size="100%">Sexual behaviour</style></keyword><keyword><style face="normal" font="default" size="100%">Sexualised behaviours</style></keyword><keyword><style face="normal" font="default" size="100%">Survivors</style></keyword><keyword><style face="normal" font="default" size="100%">Victims</style></keyword></keywords><dates><year><style face="normal" font="default" size="100%">1992</style></year></dates><isbn><style face="normal" font="default" size="100%">0145-2134</style></isbn><abstract><style face="normal" font="default" size="100%">Anatomical dolls are a widely used but controversial tool for interviewing child victims of sexual abuse. The present research examines how a representative sample of professionals who evaluate children actually use the dolls. Contrary to past reports, the results revealed that 96.6% of professionals who use the dolls had received training in anatomical doll use, 77.8% followed some standard protocol for interviewing, and 97.3% had at least one year of experience with anatomical dolls. The results also revealed that the majority of professionals did not engage in the &quot;leading&quot; behaviours of presenting unclothed dolls to children or undressing the dolls for the child, again contrary to past reports. The present research indicates that the professionals in this sample are more experienced and better trained than is typically thought.</style></abstract><urls><pdf-urls><url>internal-pdf://Kendall-Tackett et al 1992 - Use of anatomical dolls-1255660800/Kendall-Tackett et al 1992 - Use of anatomical dolls.pdf</url></pdf-urls></urls></record><record><database name="NSCClibrary.enl" path="F:\NSCClibrary.enl">NSCClibrary.enl</database><source-app name="EndNote" version="17.1">EndNote</source-app><rec-number>3218</rec-number><foreign-keys><key app="EN" db-id="5s5ppfp52t55w0eadv7p5ss3vfxzs5fwwe5w">3218</key></foreign-keys><ref-type name="Journal Article">17</ref-type><contributors><authors><author><style face="normal" font="default" size="100%">Lamb, Michael E.</style></author><author><style face="normal" font="default" size="100%">Sternberg, Kathleen J.</style></author><author><style face="normal" font="default" size="100%">Esplin, Phillip W.</style></author></authors></contributors><titles><title><style face="normal" font="default" size="100%">Conducting investigative interviews of alleged sexual abuse victims</style></title><secondary-title><style face="normal" font="default" size="100%">Child Abuse &amp; Neglect</style></secondary-title></titles><periodical><full-title><style face="normal" font="default" size="100%">Child Abuse &amp; Neglect</style></full-title></periodical><pages><style face="normal" font="default" size="100%">813-823</style></pages><volume><style face="normal" font="default" size="100%">22</style></volume><number><style face="normal" font="default" size="100%">8</style></number><keywords><keyword><style face="normal" font="default" size="100%">Interviews</style></keyword><keyword><style face="normal" font="default" size="100%">Survivors</style></keyword><keyword><style face="normal" font="default" size="100%">Victims</style></keyword></keywords><dates><year><style face="normal" font="default" size="100%">1998</style></year></dates><isbn><style face="normal" font="default" size="100%">0145-2134</style></isbn><abstract><style face="normal" font="default" size="100%">Objectives: There were two aims: First, to describe the factors that influence children’s competence and second, to discuss ways in which investigative interviewers can maximise the quality and quantity of information they obtain from alleged witnesses and victims. Method: No new research is described in this paper. Rather, the authors provide a focused review of the relevant literature designed to be maximally useful for practitioners. Conclusions: Children are often the only available sources of information about possible abusive experiences. Research has shown that children can, in fact, be remarkably competent informants, although the quality and quantity of the information they provide is greatly influenced by the ways in which they are interviewed. This article describes ways in which investigative interviewers can maximise the amount and quality of information they elicit from alleged victims.</style></abstract><urls><pdf-urls><url>internal-pdf://Lamb et al 1998 - Conducting investigative interviews-1774006528/Lamb et al 1998 - Conducting investigative interviews.pdf</url></pdf-urls></urls></record><record><database name="NSCClibrary.enl" path="F:\NSCClibrary.enl">NSCClibrary.enl</database><source-app name="EndNote" version="17.1">EndNote</source-app><rec-number>4423</rec-number><foreign-keys><key app="EN" db-id="5s5ppfp52t55w0eadv7p5ss3vfxzs5fwwe5w">4423</key></foreign-keys><ref-type name="Journal Article">17</ref-type><contributors><authors><author><style face="normal" font="default" size="100%">Malloy, Lindsay C.</style></author><author><style face="normal" font="default" size="100%">Brubacher, Sonja P.</style></author><author><style face="normal" font="default" size="100%">Lamb, Michael E.</style></author></authors></contributors><titles><title><style face="normal" font="default" size="100%">“Because She’s One Who Listens”: Children Discuss Disclosure Recipients in Forensic Interviews</style></title><secondary-title><style face="normal" font="default" size="100%">Child Maltreatment</style></secondary-title></titles><periodical><full-title><style face="normal" font="default" size="100%">Child Maltreatment</style></full-title></periodical><pages><style face="normal" font="default" size="100%">245-251</style></pages><volume><style face="normal" font="default" size="100%">18</style></volume><number><style face="normal" font="default" size="100%">4</style></number><keywords><keyword><style face="normal" font="default" size="100%">Disclosure</style></keyword><keyword><style face="normal" font="default" size="100%">Interviewing children</style></keyword><keyword><style face="normal" font="default" size="100%">Child sexual abuse</style></keyword></keywords><dates><year><style face="normal" font="default" size="100%">2013</style></year><pub-dates><date><style face="normal" font="default" size="100%">November 1, 2013</style></date></pub-dates></dates><abstract><style face="normal" font="default" size="100%">The current study examined investigative interviews using the National Institute of Child Health and Human Development (NICHD) Investigative Interview Protocol with 204, five- to thirteen-year-old suspected victims of child sexual abuse. The analyses focused on who children told, who they wanted (or did not want) to tell and why, their expectations about being believed, and other general motivations for disclosure. Children’s spontaneous reports as well as their responses to interviewer questions about disclosure were explored. Results demonstrated that the majority of children discussed disclosure recipients in their interviews, with 78 children (38%) explaining their disclosures. Only 15 children (7%) mentioned expectations about whether recipients would believe their disclosures. There were no differences between the types of information elicited by interviewers and those provided spontaneously, suggesting that, when interviewed in an open-ended, facilitative manner, children themselves produce informative details about their disclosure histories. Results have practical implications for professionals who interview children about sexual abuse.</style></abstract><urls><pdf-urls><url>internal-pdf://2764563129/Malloy2013Because She.pdf</url></pdf-urls></urls><electronic-resource-num><style face="normal" font="default" size="100%">10.1177/1077559513497250</style></electronic-resource-num><language><style face="normal" font="default" size="100%">Eng</style></language></record><record><database name="NSCClibrary.enl" path="F:\NSCClibrary.enl">NSCClibrary.enl</database><source-app name="EndNote" version="17.1">EndNote</source-app><rec-number>3287</rec-number><foreign-keys><key app="EN" db-id="5s5ppfp52t55w0eadv7p5ss3vfxzs5fwwe5w">3287</key></foreign-keys><ref-type name="Journal Article">17</ref-type><contributors><authors><author><style face="normal" font="default" size="100%">Myers, John E.B.</style></author></authors></contributors><titles><title><style face="normal" font="default" size="100%">Forensic impact of the child sexual abuse medical examination</style></title><secondary-title><style face="normal" font="default" size="100%">Child Abuse &amp; Neglect: The International Journal</style></secondary-title></titles><periodical><full-title><style face="normal" font="default" size="100%">Child Abuse &amp; Neglect: The International Journal</style></full-title></periodical><pages><style face="normal" font="default" size="100%">653-56</style></pages><volume><style face="normal" font="default" size="100%">22</style></volume><number><style face="normal" font="default" size="100%">6</style></number><keywords><keyword><style face="normal" font="default" size="100%">Expert testimony</style></keyword><keyword><style face="normal" font="default" size="100%">Interviews</style></keyword><keyword><style face="normal" font="default" size="100%">Medical examination</style></keyword><keyword><style face="normal" font="default" size="100%">Survivors</style></keyword><keyword><style face="normal" font="default" size="100%">Victims</style></keyword></keywords><dates><year><style face="normal" font="default" size="100%">1998</style></year></dates><isbn><style face="normal" font="default" size="100%">0145-2134</style></isbn><abstract><style face="normal" font="default" size="100%">A brief narrative description of the journal article, document, or resource. This commentary on an article about research issues at the interface of medicine and law concerning medical evaluation for child sexual abuse focuses on empirically testable questions: (1) the medical history--its accuracy, interviewing issues, and elicitation and preservation of verbal evidence of abuse; and, (2) expert testimony.</style></abstract><urls><pdf-urls><url>internal-pdf://Myers 1998 - Forensic impact of the child-1719550465/Myers 1998 - Forensic impact of the child.pdf</url></pdf-urls></urls></record><record><database name="NSCClibrary.enl" path="F:\NSCClibrary.enl">NSCClibrary.enl</database><source-app name="EndNote" version="17.1">EndNote</source-app><rec-number>3298</rec-number><foreign-keys><key app="EN" db-id="5s5ppfp52t55w0eadv7p5ss3vfxzs5fwwe5w">3298</key></foreign-keys><ref-type name="Journal Article">17</ref-type><contributors><authors><author><style face="normal" font="default" size="100%">Orbach, Yael</style></author><author><style face="normal" font="default" size="100%">Hershkowitz, Irit</style></author><author><style face="normal" font="default" size="100%">Lamb, Michael E.</style></author><author><style face="normal" font="default" size="100%">Sternberg, Kathleen J.</style></author><author><style face="normal" font="default" size="100%">Esplin, Phillip W.</style></author><author><style face="normal" font="default" size="100%">Horowitz, Dvora</style></author></authors></contributors><titles><title><style face="normal" font="default" size="100%">Assessing the value of structured protocols for forensic interviews of alleged child abuse victims</style></title><secondary-title><style face="normal" font="default" size="100%">Child Abuse &amp; Neglect</style></secondary-title></titles><periodical><full-title><style face="normal" font="default" size="100%">Child Abuse &amp; Neglect</style></full-title></periodical><pages><style face="normal" font="default" size="100%">733-752</style></pages><volume><style face="normal" font="default" size="100%">24</style></volume><number><style face="normal" font="default" size="100%">6</style></number><keywords><keyword><style face="normal" font="default" size="100%">Child abuse</style></keyword><keyword><style face="normal" font="default" size="100%">Interviews</style></keyword><keyword><style face="normal" font="default" size="100%">Memory</style></keyword><keyword><style face="normal" font="default" size="100%">Survivors</style></keyword><keyword><style face="normal" font="default" size="100%">Victims</style></keyword></keywords><dates><year><style face="normal" font="default" size="100%">2000</style></year></dates><isbn><style face="normal" font="default" size="100%">0145-2134</style></isbn><abstract><style face="normal" font="default" size="100%">Objective: To evaluate the effectiveness of a structured interview protocol (NICHD Investigative Interview Protocol) operationalising universally recommended guidelines for forensic interviews. Method: The NICHD Investigative Protocol was designed to maximize the amount of information obtained using recall memory probes, which are likely to elicit more accurate information than recognition memory probes. Forensic investigators were trained to use the NICHD protocol while conducting feedback-monitored simulation interviews. The utility of the protocol was then evaluated by comparing 55 protocol interviews with 50 prior interviews by the same investigators, matched with respect to characertistics likely to affect the richness of the children’s accounts. The comparison was based on an analysis of the investigators’ utterance types, distribution, and timing, as well as quantitative and qualitative characteristics of the information produced. Results: As predicted, protocol interviews contained more open-ended prompts overall as well as before the first option-posing utterance than non-protocol interviews did. More details were obtained using open-ended invitations and fewer were obtained using focused questions in protocol interviews than in non-protocol interviews, although the total number of details elicited did not differ significantly. In both conditions, older children provided more details than younger children did.</style></abstract><urls><pdf-urls><url>internal-pdf://Orbach et al 2000 - Assessing the value-1920307201/Orbach et al 2000 - Assessing the value.pdf</url></pdf-urls></urls></record><record><database name="NSCClibrary.enl" path="F:\NSCClibrary.enl">NSCClibrary.enl</database><source-app name="EndNote" version="17.1">EndNote</source-app><rec-number>3128</rec-number><foreign-keys><key app="EN" db-id="5s5ppfp52t55w0eadv7p5ss3vfxzs5fwwe5w">3128</key></foreign-keys><ref-type name="Journal Article">17</ref-type><contributors><authors><author><style face="normal" font="default" size="100%">Realmuto, George M.</style></author><author><style face="normal" font="default" size="100%">Wescoe, Sibyl</style></author></authors></contributors><titles><title><style face="normal" font="default" size="100%">Agreement among professionals about a child&apos;s sexual abuse status: Interviews with sexually anatomically correct dolls as indicators of abuse</style></title><secondary-title><style face="normal" font="default" size="100%">Child Abuse &amp; Neglect</style></secondary-title></titles><periodical><full-title><style face="normal" font="default" size="100%">Child Abuse &amp; Neglect</style></full-title></periodical><pages><style face="normal" font="default" size="100%">719-725</style></pages><volume><style face="normal" font="default" size="100%">16</style></volume><number><style face="normal" font="default" size="100%">5</style></number><keywords><keyword><style face="normal" font="default" size="100%">Anatomical dolls</style></keyword><keyword><style face="normal" font="default" size="100%">Assessment</style></keyword><keyword><style face="normal" font="default" size="100%">Interviews</style></keyword><keyword><style face="normal" font="default" size="100%">Sexual behaviour</style></keyword><keyword><style face="normal" font="default" size="100%">Sexualised behaviours</style></keyword><keyword><style face="normal" font="default" size="100%">Survivors</style></keyword><keyword><style face="normal" font="default" size="100%">Victims</style></keyword></keywords><dates><year><style face="normal" font="default" size="100%">1992</style></year></dates><isbn><style face="normal" font="default" size="100%">0145-2134</style></isbn><abstract><style face="normal" font="default" size="100%">This study was designed to define clinicians&apos; ratings of the comments, behaviors, and affects of abused children and compare them with the same clinicians&apos; decisions about the child&apos;s abuse status. The authors concluded that sexually anatomically correct dolls used alone are inadequate in providing enough information for professionals to accurately assess the abuse status of young children. Also it is unclear what observations of the child by mental health professionals are best correlated with their determinations of a child&apos;s abuse status. Of concern was the finding that the mental health professionals were more likely to be in agreement with the interviewer&apos;s determination of abuse than with the actual status of the child suggesting undue influence of the interviewer, or, alternatively, both observer and interviewer were responding to unidentified child factors.</style></abstract><urls><pdf-urls><url>internal-pdf://Realmuto et al 2000 - Dislocating blame-4224103937/Realmuto et al 2000 - Dislocating blame.pdf</url></pdf-urls></urls></record><record><database name="NSCClibrary.enl" path="F:\NSCClibrary.enl">NSCClibrary.enl</database><source-app name="EndNote" version="17.1">EndNote</source-app><rec-number>3323</rec-number><foreign-keys><key app="EN" db-id="5s5ppfp52t55w0eadv7p5ss3vfxzs5fwwe5w">3323</key></foreign-keys><ref-type name="Journal Article">17</ref-type><contributors><authors><author><style face="normal" font="default" size="100%">Roberts, Kim P.</style></author><author><style face="normal" font="default" size="100%">Powell, Martine B.</style></author></authors></contributors><titles><title><style face="normal" font="default" size="100%">Describing individual incidents of sexual abuse: A review of research on the effects of multiple sources of information on children’s reports</style></title><secondary-title><style face="normal" font="default" size="100%">Child Abuse &amp; Neglect</style></secondary-title></titles><periodical><full-title><style face="normal" font="default" size="100%">Child Abuse &amp; Neglect</style></full-title></periodical><pages><style face="normal" font="default" size="100%">1643-1659</style></pages><volume><style face="normal" font="default" size="100%">25</style></volume><number><style face="normal" font="default" size="100%">12</style></number><keywords><keyword><style face="normal" font="default" size="100%">Interviews</style></keyword><keyword><style face="normal" font="default" size="100%">Memory</style></keyword><keyword><style face="normal" font="default" size="100%">Survivors</style></keyword><keyword><style face="normal" font="default" size="100%">Victims</style></keyword></keywords><dates><year><style face="normal" font="default" size="100%">2001</style></year></dates><isbn><style face="normal" font="default" size="100%">0145-2134</style></isbn><abstract><style face="normal" font="default" size="100%">Objective: For successful prosecution of child sexual abuse, children are often required to provide reports about individual, alleged incidents. Although verbally or mentally rehearsing memory of an incident can strengthen memories, children’s report of individual incidents can also be contaminated when they experience other events related to the individual incidents (e.g., informal interviews, dreams of the incident) and/or when they have similar, repeated experiences of an incident as in cases of multiple abuse. Method: Research is reviewed on the positive and negative effects of these related experiences on the length, accuracy, and structure of children’s reports of a particular incident. Results: Children’s memories of a particular incident can be strengthened when exposed to information that does not contradict what they have experienced, thus, promoting accurate recall and resistance to false, suggestive influences. When the encountered information differs from children’s experiences of the target incident, however, children can become confused between their experiences – they may remember the content but not the source of their experiences. Conclusions: We discuss the implications of this research for interviewing children in sexual abuse investigations and provide a set of research-based recommendations for investigative interviewers.</style></abstract><urls><pdf-urls><url>internal-pdf://Roberts et al 2001 - Describing individual incidents-3879575040/Roberts et al 2001 - Describing individual incidents.pdf</url></pdf-urls></urls></record><record><database name="NSCClibrary.enl" path="F:\NSCClibrary.enl">NSCClibrary.enl</database><source-app name="EndNote" version="17.1">EndNote</source-app><rec-number>3338</rec-number><foreign-keys><key app="EN" db-id="5s5ppfp52t55w0eadv7p5ss3vfxzs5fwwe5w">3338</key></foreign-keys><ref-type name="Journal Article">17</ref-type><contributors><authors><author><style face="normal" font="default" size="100%">Saywitz, Karen</style></author><author><style face="normal" font="default" size="100%">Camparo, Lorinda</style></author></authors></contributors><titles><title><style face="normal" font="default" size="100%">Interviewing child witnesses: A developmental perspective</style></title><secondary-title><style face="normal" font="default" size="100%">Child Abuse &amp; Neglect</style></secondary-title></titles><periodical><full-title><style face="normal" font="default" size="100%">Child Abuse &amp; Neglect</style></full-title></periodical><pages><style face="normal" font="default" size="100%">825-843</style></pages><volume><style face="normal" font="default" size="100%">22</style></volume><number><style face="normal" font="default" size="100%">8</style></number><keywords><keyword><style face="normal" font="default" size="100%">Child witnesses</style></keyword><keyword><style face="normal" font="default" size="100%">Interviews</style></keyword><keyword><style face="normal" font="default" size="100%">Memory</style></keyword></keywords><dates><year><style face="normal" font="default" size="100%">1998</style></year></dates><isbn><style face="normal" font="default" size="100%">0145-2134</style></isbn><abstract><style face="normal" font="default" size="100%">This article reviews suggestions derived from the clinical and experimental literatures for interviewing child witnesses. We identify methods for which there is experimental support as well as key issues about which the available research offers little guidance. In a field brimming with polarisation rather than integration, our goal is to locate and discuss practices that overlap with both clinical consensus and a growing body of research on child development. To accomplish this goal, the first half of the article considers general guidelines for questioning children at an age-appropriate level and in a manner that minimizes the potential for distortion. The second half of the article outlines the phases of a forensic interview in a step-by-step fashion. The suggestions presented highlight a developmental perspective designed to facilitate children’s memory and communicative competence, to address children’s fears, and to facilitate an honest exchange of reliable information.</style></abstract><urls><pdf-urls><url>internal-pdf://Saywitz et al 1998 - Interviewing child witnesses-3585960705/Saywitz et al 1998 - Interviewing child witnesses.pdf</url></pdf-urls></urls></record><record><database name="NSCClibrary.enl" path="F:\NSCClibrary.enl">NSCClibrary.enl</database><source-app name="EndNote" version="17.1">EndNote</source-app><rec-number>3141</rec-number><foreign-keys><key app="EN" db-id="5s5ppfp52t55w0eadv7p5ss3vfxzs5fwwe5w">3141</key></foreign-keys><ref-type name="Journal Article">17</ref-type><contributors><authors><author><style face="normal" font="default" size="100%">Saywitz, Karen J.</style></author><author><style face="normal" font="default" size="100%">Nathanson, Rebecca</style></author></authors></contributors><titles><title><style face="normal" font="default" size="100%">Children&apos;s testimony and their perceptions of stress in and out of the courtroom</style></title><secondary-title><style face="normal" font="default" size="100%">Child Abuse &amp; Neglect</style></secondary-title></titles><periodical><full-title><style face="normal" font="default" size="100%">Child Abuse &amp; Neglect</style></full-title></periodical><pages><style face="normal" font="default" size="100%">613-622</style></pages><volume><style face="normal" font="default" size="100%">17</style></volume><number><style face="normal" font="default" size="100%">5</style></number><keywords><keyword><style face="normal" font="default" size="100%">Child abuse</style></keyword><keyword><style face="normal" font="default" size="100%">Child witnesses</style></keyword><keyword><style face="normal" font="default" size="100%">Courts</style></keyword><keyword><style face="normal" font="default" size="100%">Law</style></keyword><keyword><style face="normal" font="default" size="100%">Memory</style></keyword><keyword><style face="normal" font="default" size="100%">Testimony</style></keyword></keywords><dates><year><style face="normal" font="default" size="100%">1993</style></year></dates><isbn><style face="normal" font="default" size="100%">0145-2134</style></isbn><abstract><style face="normal" font="default" size="100%">Modifications of the courtroom environment have been proposed to reduce stress and enhance truth-telling of child witnesses. The present study examines the premise that courtroom environment affects the quality of children&apos;s evidence and children&apos;s perceptions of their own stress. Thirty-four 8- to 10-year-olds participated in an activity and 2 weeks later, their memory for the activity was tested. Half the children were questioned in a mock courtroom in the law school of a major university, and half at their school, both by the same interviewer. Children questioned at court showed impaired memory performance when compared with agemates questioned at school. They also rated certain court-related experiences as more stressful than peers interviewed at school. Furthermore, children&apos;s perceptions of courtroom stress were negatively correlated with completeness of accurate free recall, suggesting a relation between court-related stress and eyewitness memory worthy of further study.</style></abstract><urls><pdf-urls><url>internal-pdf://Saywitz et al 1993 - Childrens testimony-3826702848/Saywitz et al 1993 - Childrens testimony.pdf</url></pdf-urls></urls></record><record><database name="NSCClibrary.enl" path="F:\NSCClibrary.enl">NSCClibrary.enl</database><source-app name="EndNote" version="17.1">EndNote</source-app><rec-number>4797</rec-number><foreign-keys><key app="EN" db-id="5s5ppfp52t55w0eadv7p5ss3vfxzs5fwwe5w">4797</key></foreign-keys><ref-type name="Book Section">5</ref-type><contributors><authors><author><style face="normal" font="default" size="100%">Steinmetz, Melissa</style></author></authors><secondary-authors><author><style face="normal" font="default" size="100%">Steinmetz, Melissa</style></author></secondary-authors></contributors><titles><title><style face="normal" font="default" size="100%">Fictitious versus valid reports</style></title><secondary-title><style face="normal" font="default" size="100%">Interviewing for child sexual abuse: Strategies for balancing forensic and therapeutic factors</style></secondary-title></titles><pages><style face="normal" font="default" size="100%">35-41</style></pages><section><style face="normal" font="default" size="100%">5</style></section><keywords><keyword><style face="normal" font="default" size="100%">Fictitious Reports</style></keyword><keyword><style face="normal" font="default" size="100%">Valid Reports</style></keyword><keyword><style face="normal" font="default" size="100%">Child Abuse Allegations</style></keyword><keyword><style face="normal" font="default" size="100%">Valid Allegations</style></keyword><keyword><style face="normal" font="default" size="100%">Child Sexual Abuse</style></keyword><keyword><style face="normal" font="default" size="100%">Child&apos;s Disclosure</style></keyword><keyword><style face="normal" font="default" size="100%">Alleged Abuse</style></keyword></keywords><dates><year><style face="normal" font="default" size="100%">1997</style></year></dates><pub-location><style face="normal" font="default" size="100%">Notre Dame, Indiana</style></pub-location><publisher><style face="normal" font="default" size="100%">Jalice Publishers</style></publisher><isbn><style face="normal" font="default" size="100%">0962737593</style></isbn><abstract><style face="normal" font="default" size="100%">The believability of child abuse allegations is a dominant and critical issue. An interviewer should be informed of the research and the various models of disclosure analysis and substantiation. An interviewer should know that an unsubstantiated report and a false report are two disparate findings. The former indicates that either the allegation was found to not be true or that there was not enough evidence to accurately confirm or nullify the report of the alleged abuse. The latter implies that following a thorough investigation the evidence did not confirm the allegation.</style></abstract><urls><pdf-urls><url>internal-pdf://3272581183/Chapter 5.pdf</url></pdf-urls></urls></record><record><database name="NSCClibrary.enl" path="F:\NSCClibrary.enl">NSCClibrary.enl</database><source-app name="EndNote" version="17.1">EndNote</source-app><rec-number>3363</rec-number><foreign-keys><key app="EN" db-id="5s5ppfp52t55w0eadv7p5ss3vfxzs5fwwe5w">3363</key></foreign-keys><ref-type name="Journal Article">17</ref-type><contributors><authors><author><style face="normal" font="default" size="100%">Sternberg, Kathleen J.</style></author><author><style face="normal" font="default" size="100%">Lamb, Michael E.</style></author><author><style face="normal" font="default" size="100%">Davies, Graham M.</style></author><author><style face="normal" font="default" size="100%">Westcott, Helen L.</style></author></authors></contributors><titles><title><style face="normal" font="default" size="100%">The memorandum of good practice: Theory versus application</style></title><secondary-title><style face="normal" font="default" size="100%">Child Abuse &amp; Neglect</style></secondary-title></titles><periodical><full-title><style face="normal" font="default" size="100%">Child Abuse &amp; Neglect</style></full-title></periodical><pages><style face="normal" font="default" size="100%">669-681</style></pages><volume><style face="normal" font="default" size="100%">25</style></volume><number><style face="normal" font="default" size="100%">5</style></number><keywords><keyword><style face="normal" font="default" size="100%">Interviews</style></keyword><keyword><style face="normal" font="default" size="100%">Investigation</style></keyword></keywords><dates><year><style face="normal" font="default" size="100%">2001</style></year></dates><isbn><style face="normal" font="default" size="100%">0145-2134</style></isbn><abstract><style face="normal" font="default" size="100%">Objective: The goal of this study was to evaluate the quality of investigative interviews in England and Wales since implementation of the Memorandum of Good Practice (MOGP), which specified how forensic interviews of alleged child abuse victims should be conducted. Method: Transcripts of 119 videotaped interviews of alleged victims between the ages of 4 and 13 years were obtained from 13 collaborating police forces. Trained raters then classified the types of prompts used by the investigators to elicit substantive information from the children, and tabulated the number of forensically relevant details provided by the children in each response. Results: Like their counterparts in the United States, Israel, and Sweden, forensic interviewers in England and Wales relied heavily on option-posing prompts, seldom using open-ended utterances to elicit information from the children. Nearly 40% of the information obtained was elicited using option-posing and suggestive prompts, which are known to elicit less reliable information than open-ended prompts do. Conclusion: Despite the clarity and specificity of the MOGP, its implementation appears to have had less effect on the practices of forensic interviewers in the field than was hoped. Further work should focus on ways of training interviewers to implement the superior practices endorsed by the MOGP and similar professional guidelines.</style></abstract><urls><pdf-urls><url>internal-pdf://Sternberg et al 2001 - The memorandum of good-2947943425/Sternberg et al 2001 - The memorandum of good.pdf</url></pdf-urls></urls></record><record><database name="NSCClibrary.enl" path="F:\NSCClibrary.enl">NSCClibrary.enl</database><source-app name="EndNote" version="17.1">EndNote</source-app><rec-number>3362</rec-number><foreign-keys><key app="EN" db-id="5s5ppfp52t55w0eadv7p5ss3vfxzs5fwwe5w">3362</key></foreign-keys><ref-type name="Journal Article">17</ref-type><contributors><authors><author><style face="normal" font="default" size="100%">Sternberg, Kathleen J.</style></author><author><style face="normal" font="default" size="100%">Lamb, Michael E.</style></author><author><style face="normal" font="default" size="100%">Hershkowitz, Irit</style></author><author><style face="normal" font="default" size="100%">Yudilevitch, Liora</style></author><author><style face="normal" font="default" size="100%">Orbach, Yael</style></author><author><style face="normal" font="default" size="100%">Esplin, Philip W.</style></author><author><style face="normal" font="default" size="100%">Hovav, Meir</style></author></authors></contributors><titles><title><style face="normal" font="default" size="100%">Effects of introductory style on children&apos;s abilities to describe experiences of sexual abuse</style></title><secondary-title><style face="normal" font="default" size="100%">Child Abuse &amp; Neglect</style></secondary-title></titles><periodical><full-title><style face="normal" font="default" size="100%">Child Abuse &amp; Neglect</style></full-title></periodical><pages><style face="normal" font="default" size="100%">1133-1146</style></pages><volume><style face="normal" font="default" size="100%">21</style></volume><number><style face="normal" font="default" size="100%">11</style></number><keywords><keyword><style face="normal" font="default" size="100%">Child sexual abuse</style></keyword><keyword><style face="normal" font="default" size="100%">Disclosure</style></keyword><keyword><style face="normal" font="default" size="100%">Interviews</style></keyword></keywords><dates><year><style face="normal" font="default" size="100%">1997</style></year></dates><isbn><style face="normal" font="default" size="100%">0145-2134</style></isbn><abstract><style face="normal" font="default" size="100%">Objective: The goal of this study was to evaluate the relative effectiveness of two rapport-building techniques for eliciting information from children who made allegations of sexual abuse. Method: Fourteen interviewers conducted 51 investigations of child sexual abuse with children ranging from 4.5 to 12.9 years of age. In 25 of the investigations, interviewers used a script including many open-ended utterances to establish rapport, whereas in 26 of the investigations the same interviewers used a rapport-building script involving many direct questions. Both rapport-building scripts took about 7 minutes to complete. All children were asked the same open-ended question to initiate the substantive phase of the interview. Results: Children who had been trained in the open-ended condition provided 2 1/2 times as many details and words in response to the first substantive utterance as did children in the direct introduction condition. Children in the open-ended condition continued to respond more informatively to open-ended utterances in the later (unscripted) portion of the interview. Two-thirds of the children mentioned the core details of the incident in their responses to the first substantive utterance and a further 20% mentioned core details more vaguely. Conclusions: These results demonstrate that children respond more informatively to an open-ended invitation when they have previously been trained to answer such questions rather than more focused questions. These results demonstrate the sensitivity of children to the goals and expectations of forensic interviewers. Structured interview protocols also increase the amount of information provided by young interviewees.</style></abstract><urls><pdf-urls><url>internal-pdf://Sternberg et al 1997 - Effects of introductory style-3048628481/Sternberg et al 1997 - Effects of introductory style.pdf</url></pdf-urls></urls></record><record><database name="NSCClibrary.enl" path="F:\NSCClibrary.enl">NSCClibrary.enl</database><source-app name="EndNote" version="17.1">EndNote</source-app><rec-number>4669</rec-number><foreign-keys><key app="EN" db-id="5s5ppfp52t55w0eadv7p5ss3vfxzs5fwwe5w">4669</key></foreign-keys><ref-type name="Conference Paper">47</ref-type><contributors><authors><author><style face="normal" font="default" size="100%">Tolliday, Dale</style></author><author><style face="normal" font="default" size="100%">Reid, Beatriz</style></author></authors></contributors><auth-address><style face="normal" font="default" size="100%">Dale Tolliday is the Director of the NSW Pre-Trial Diversion Program and Beatriz Reid the Co-ordinator of Clinical Services, PO Box 45, Westmead, NSW, 2145.</style></auth-address><titles><title><style face="normal" font="default" size="100%">Therapeutic Application of Procedures</style></title><secondary-title><style face="normal" font="default" size="100%">The VOTA Conference</style></secondary-title></titles><pages><style face="normal" font="default" size="100%">1-23</style></pages><keywords><keyword><style face="normal" font="default" size="100%">Restorative justice</style></keyword><keyword><style face="normal" font="default" size="100%">Cedar Cottage</style></keyword><keyword><style face="normal" font="default" size="100%">Victim</style></keyword><keyword><style face="normal" font="default" size="100%">Treatment</style></keyword></keywords><dates><year><style face="normal" font="default" size="100%">1999</style></year><pub-dates><date><style face="normal" font="default" size="100%">6th - 8th May, 1999</style></date></pub-dates></dates><pub-location><style face="normal" font="default" size="100%">Melbourne</style></pub-location><publisher><style face="normal" font="default" size="100%">Cedar Cottage</style></publisher><abstract><style face="normal" font="default" size="100%">Cedar Cottage (NSW Pre-Trial Diversion Program) has been operating for 10 years. It is a service for families in which a child has been sexually abused by a parent, step-parent or defacto partner of the child&apos;s parent. The service remains unique in Australia in a number of ways. Most significantly is has its own piece of enabling legislation. That legislation provides an incentive for offenders to plead quilty and thereby gain access to a community-based treatment and management program as opposed to other sentencing outcomes. Conviction is recorded for those offenders but consideration for this program occurs prior to conviction. The operation of the legislation and scope of the service has been described in vaious other presentations at national and international forums. For the pupose of this pare, it has outlined a number of matters Cedar Cottage developed and learnt in their service during the period of the past 10 years.</style></abstract><urls><pdf-urls><url>internal-pdf://2886964497/Therapeutic Application of Procedures 1999.doc</url><url>internal-pdf://0752986312/Therapeutic Application of Procedures PDF.pdf</url></pdf-urls></urls><custom1><style face="normal" font="default" size="100%">Sydney</style></custom1></record><record><database name="NSCClibrary.enl" path="F:\NSCClibrary.enl">NSCClibrary.enl</database><source-app name="EndNote" version="17.1">EndNote</source-app><rec-number>3203</rec-number><foreign-keys><key app="EN" db-id="5s5ppfp52t55w0eadv7p5ss3vfxzs5fwwe5w">3203</key></foreign-keys><ref-type name="Journal Article">17</ref-type><contributors><authors><author><style face="normal" font="default" size="100%">Vieth, Victor I.</style></author></authors></contributors><titles><title><style face="normal" font="default" size="100%">When cameras roll: The dangers of videotaping child abuse victims before the legal system is competent to assess children’s statements</style></title><secondary-title><style face="normal" font="default" size="100%">Journal of Child Sexual Abuse</style></secondary-title></titles><periodical><full-title><style face="normal" font="default" size="100%">Journal of Child Sexual Abuse</style></full-title></periodical><pages><style face="normal" font="default" size="100%">I999</style></pages><volume><style face="normal" font="default" size="100%">7</style></volume><number><style face="normal" font="default" size="100%">4</style></number><keywords><keyword><style face="normal" font="default" size="100%">Interviews</style></keyword><keyword><style face="normal" font="default" size="100%">Law</style></keyword><keyword><style face="normal" font="default" size="100%">Legal</style></keyword><keyword><style face="normal" font="default" size="100%">Victim statements</style></keyword></keywords><dates><year><style face="normal" font="default" size="100%">1999</style></year></dates><abstract><style face="normal" font="default" size="100%">Courts and legislatures are increasingly encouraging or requiring interviews of child abuse victims to be video recorded. Though videotaping has its advantages, it is not a panacea. Indeed, videotaping will not be helpful unless investigators, prosecutors, defense attorneys, and judges are competent to assess the recording. Accordingly no jurisdiction should require videotaping unless it first establishes a comprehensive training program to teach professionals the skills necessary to evaluate the tapes. Indeed, professionals dealing with child abuse victims should be required to undergo this training. Professionals failing to complete the training should not be allowed to investigate, prosecute, defend or judge a case of child abuse.</style></abstract><urls><pdf-urls><url>internal-pdf://Vieth, Victor I - When Cameras Roll-1825574145/Vieth, Victor I - When Cameras Roll.pdf</url></pdf-urls></urls></record></records></xml>