<?xml version="1.0" encoding="UTF-8" ?><xml><records><record><database name="NSCClibrary.enl" path="F:\NSCClibrary.enl">NSCClibrary.enl</database><source-app name="EndNote" version="17.1">EndNote</source-app><rec-number>3573</rec-number><foreign-keys><key app="EN" db-id="5s5ppfp52t55w0eadv7p5ss3vfxzs5fwwe5w">3573</key></foreign-keys><ref-type name="Web Page">12</ref-type><contributors><authors><author><style face="normal" font="default" size="100%">Athealth,</style></author></authors></contributors><titles><title><style face="normal" font="default" size="100%">Cultural competence in serving: Children and adolescents with mental health problems</style></title></titles><keywords><keyword><style face="normal" font="default" size="100%">Cultural competence</style></keyword><keyword><style face="normal" font="default" size="100%">Health care</style></keyword><keyword><style face="normal" font="default" size="100%">Mental health</style></keyword></keywords><dates><year><style face="normal" font="default" size="100%">1996</style></year></dates><abstract><style face="normal" font="default" size="100%">All cultures practice traditions that support and value their children and prepare them for living in their society. This way, cultures are preserved for future generations. Culturally competent mental health service providers and the agencies that employ them are specially trained in specific behaviors, attitudes, and policies that recognise, respect, and value the uniqueness of individuals and groups whose cultures are different from those associated with mainstream America. Nevertheless, cultural competence as a service delivery approach can be applied to systems that serve all persons, because everyone in the society has a culture and is part of several subcultures, including those related to gender, age, income level, geographic region, neighborhood, sexual orientation, religion, and physical disability.</style></abstract><notes><style face="normal" font="default" size="100%">Course material from Competent Responses to Aboriginal Sexual and Family Violence - ECAV June 2012</style></notes><urls><related-urls><url><style face="normal" font="default" size="100%">http://www.athealth.com</style></url></related-urls><pdf-urls><url>internal-pdf://Athealth 1996 - Cultural competence in serving-1173718272/Athealth 1996 - Cultural competence in serving.pdf</url></pdf-urls></urls></record><record><database name="NSCClibrary.enl" path="F:\NSCClibrary.enl">NSCClibrary.enl</database><source-app name="EndNote" version="17.1">EndNote</source-app><rec-number>3572</rec-number><foreign-keys><key app="EN" db-id="5s5ppfp52t55w0eadv7p5ss3vfxzs5fwwe5w">3572</key></foreign-keys><ref-type name="Report">27</ref-type><contributors><authors><author><style face="normal" font="default" size="100%">Australian Indigenous Doctors Association,</style></author><author><style face="normal" font="default" size="100%">Royal Australasian College of Physicians,</style></author></authors></contributors><titles><title><style face="normal" font="default" size="100%">An introduction to cultural competency</style></title></titles><keywords><keyword><style face="normal" font="default" size="100%">Aboriginal Australians</style></keyword><keyword><style face="normal" font="default" size="100%">Cultural competence</style></keyword><keyword><style face="normal" font="default" size="100%">Health care</style></keyword><keyword><style face="normal" font="default" size="100%">Indigenous Australians</style></keyword><keyword><style face="normal" font="default" size="100%">Racism</style></keyword></keywords><dates><year><style face="normal" font="default" size="100%">2004</style></year></dates><pub-location><style face="normal" font="default" size="100%">Parkes, ACT</style></pub-location><publisher><style face="normal" font="default" size="100%">Australian Indigenous Doctors Association and Royal Australasian College of Physicians</style></publisher><abstract><style face="normal" font="default" size="100%">Cultural competence and cultural safety go far beyond notions of cultural awareness and cultural sensitivity. Cultural competence finds legitimacy in the positive experience of the patient and improved health outcomes and must be integrated in the delivery of health services in order to reduce the institutionalised racism that maintains current Indigenous health standards.</style></abstract><notes><style face="normal" font="default" size="100%">Course material from Competent Responses to Aboriginal Sexual and Family Violence - ECAV June 2012</style></notes><urls><pdf-urls><url>internal-pdf://AIDA et al 2004 - An introduction to cultural-3287332096/AIDA et al 2004 - An introduction to cultural.pdf</url></pdf-urls></urls></record><record><database name="NSCClibrary.enl" path="F:\NSCClibrary.enl">NSCClibrary.enl</database><source-app name="EndNote" version="17.1">EndNote</source-app><rec-number>5098</rec-number><foreign-keys><key app="EN" db-id="5s5ppfp52t55w0eadv7p5ss3vfxzs5fwwe5w">5098</key><key app="ENWeb" db-id="">0</key></foreign-keys><ref-type name="Conference Paper">47</ref-type><contributors><authors><author><style face="normal" font="default" size="100%">Cleland, Amy</style></author><author><style face="normal" font="default" size="100%">Fredericks, Bronwyn</style></author><author><style face="normal" font="default" size="100%">Watson, Irene</style></author></authors><secondary-authors><author><style face="normal" font="default" size="100%">Hikuroa, D</style></author></secondary-authors></contributors><titles><title><style face="normal" font="default" size="100%">Cultural Competence in Indigenous Australian Social Work: what’s needed in preparing human service practitioners to work effectively with Indigenous Australian people?</style></title><secondary-title><style face="normal" font="default" size="100%">International Indigenous Development Research Conference</style></secondary-title></titles><keywords><keyword><style face="normal" font="default" size="100%">Indigenous Australians</style></keyword><keyword><style face="normal" font="default" size="100%">Torres Strait Island</style></keyword><keyword><style face="normal" font="default" size="100%">Cultural competence</style></keyword></keywords><dates><year><style face="normal" font="default" size="100%">2012</style></year></dates><pub-location><style face="normal" font="default" size="100%">Auckland, New Zealand</style></pub-location><publisher><style face="normal" font="default" size="100%">New Zealand’s Indigenous Centre of Research Excellence</style></publisher><urls><pdf-urls><url>internal-pdf://2665191794/Cultural competence and Indigenous Social Work.pdf</url></pdf-urls></urls><custom1><style face="normal" font="default" size="100%">Auckland, New Zealand</style></custom1></record><record><database name="NSCClibrary.enl" path="F:\NSCClibrary.enl">NSCClibrary.enl</database><source-app name="EndNote" version="17.1">EndNote</source-app><rec-number>2988</rec-number><foreign-keys><key app="EN" db-id="5s5ppfp52t55w0eadv7p5ss3vfxzs5fwwe5w">2988</key></foreign-keys><ref-type name="Journal Article">17</ref-type><contributors><authors><author><style face="normal" font="default" size="100%">Cohen, Elena P.</style></author></authors></contributors><titles><title><style face="normal" font="default" size="100%">Framework for culturally competent decisionmaking in child welfare</style></title><secondary-title><style face="normal" font="default" size="100%">Child Welfare</style></secondary-title></titles><periodical><full-title><style face="normal" font="default" size="100%">Child Welfare</style></full-title></periodical><pages><style face="normal" font="default" size="100%">143-55</style></pages><volume><style face="normal" font="default" size="100%">82</style></volume><number><style face="normal" font="default" size="100%">2</style></number><keywords><keyword><style face="normal" font="default" size="100%">Assessment</style></keyword><keyword><style face="normal" font="default" size="100%">Casework</style></keyword><keyword><style face="normal" font="default" size="100%">Child welfare</style></keyword><keyword><style face="normal" font="default" size="100%">Cultural care</style></keyword><keyword><style face="normal" font="default" size="100%">Cultural competence</style></keyword><keyword><style face="normal" font="default" size="100%">Decision making</style></keyword></keywords><dates><year><style face="normal" font="default" size="100%">2003</style></year></dates><isbn><style face="normal" font="default" size="100%">0009-4021</style></isbn><abstract><style face="normal" font="default" size="100%">This article provides a framework to understand the cultural, social, political, and economic factors that affect decision making when working with ethnically and racially diverse families in the child welfare system. The article describes external factors affecting the decision making process, including community environment, agency structure, and family characteristics. It then reviews the core stages of the casework process, describing key decisions during intake, assessment, service planning, implementation, evaluation, and closure. Although the framework is based on casework process in the child welfare system, it can be adapted to other child-serving systems, including education, mental health, and juvenile justice.</style></abstract><urls><pdf-urls><url>internal-pdf://Cohen 2003 - Framework for culturally competent-2067887105/Cohen 2003 - Framework for culturally competent.pdf</url></pdf-urls></urls></record><record><database name="NSCClibrary.enl" path="F:\NSCClibrary.enl">NSCClibrary.enl</database><source-app name="EndNote" version="17.1">EndNote</source-app><rec-number>1910</rec-number><foreign-keys><key app="EN" db-id="5s5ppfp52t55w0eadv7p5ss3vfxzs5fwwe5w">1910</key><key app="ENWeb" db-id="ThEeKwrtqggAAHqv064">4907</key></foreign-keys><ref-type name="Journal Article">17</ref-type><contributors><authors><author><style face="normal" font="default" size="100%">Fan, Bernard W.S.</style></author></authors></contributors><titles><title><style face="normal" font="default" size="100%">Intervention model with Indigenous Australians for non-Indigenous counsellors</style></title><secondary-title><style face="normal" font="default" size="100%">Counselling, Psychotherapy, and Health</style></secondary-title></titles><periodical><full-title><style face="normal" font="default" size="100%">Counselling, Psychotherapy, and Health</style></full-title></periodical><pages><style face="normal" font="default" size="100%">13-20</style></pages><volume><style face="normal" font="default" size="100%">3</style></volume><number><style face="normal" font="default" size="100%">2</style></number><keywords><keyword><style face="normal" font="default" size="100%">Aboriginal Australians</style></keyword><keyword><style face="normal" font="default" size="100%">Counselling</style></keyword><keyword><style face="normal" font="default" size="100%">Indigenous Australians</style></keyword><keyword><style face="normal" font="default" size="100%">Intervention</style></keyword><keyword><style face="normal" font="default" size="100%">Mental health</style></keyword></keywords><dates><year><style face="normal" font="default" size="100%">2007</style></year></dates><abstract><style face="normal" font="default" size="100%">A number of papers have introduced some intervention models and strategies for working with Indigenous people for non-Indigenous practitioners. The lack of engagement of Indigenous people in mental health services, however, is still the main difficulty faced by the practitioners, including both Indigenous and non-Indigenous counsellors. It is speculated that there is more than cultural factors involved in getting Aboriginal clients to engage in mental health services. This paper proposes an intervention model that considers cultural competence, trust and practical assistance in working with Indigenous Australian clients.</style></abstract><notes><style face="normal" font="default" size="100%">Indigenous Special Issue</style></notes><urls><pdf-urls><url>internal-pdf://V3_I2_Fan_13-20_2007-0384833792/V3_I2_Fan_13-20_2007.pdf</url></pdf-urls></urls></record><record><database name="NSCClibrary.enl" path="F:\NSCClibrary.enl">NSCClibrary.enl</database><source-app name="EndNote" version="17.1">EndNote</source-app><rec-number>3450</rec-number><foreign-keys><key app="EN" db-id="5s5ppfp52t55w0eadv7p5ss3vfxzs5fwwe5w">3450</key></foreign-keys><ref-type name="Journal Article">17</ref-type><contributors><authors><author><style face="normal" font="default" size="100%">Furlong, Mark</style></author><author><style face="normal" font="default" size="100%">Wight, James</style></author></authors></contributors><titles><title><style face="normal" font="default" size="100%">Promoting “critical awareness” and critiquing “cultural competence”: Towards disrupting received professional knowledges</style></title><secondary-title><style face="normal" font="default" size="100%">Australian Social Work</style></secondary-title></titles><periodical><full-title><style face="normal" font="default" size="100%">Australian social work</style></full-title></periodical><pages><style face="normal" font="default" size="100%">38-54</style></pages><volume><style face="normal" font="default" size="100%">64</style></volume><number><style face="normal" font="default" size="100%">1</style></number><keywords><keyword><style face="normal" font="default" size="100%">Aboriginal Australians</style></keyword><keyword><style face="normal" font="default" size="100%">Cultural care</style></keyword><keyword><style face="normal" font="default" size="100%">Cultural sensitivity</style></keyword><keyword><style face="normal" font="default" size="100%">Education</style></keyword><keyword><style face="normal" font="default" size="100%">Indigenous Australians</style></keyword><keyword><style face="normal" font="default" size="100%">Social work</style></keyword></keywords><dates><year><style face="normal" font="default" size="100%">2011</style></year><pub-dates><date><style face="normal" font="default" size="100%">2011/03/01</style></date></pub-dates></dates><publisher><style face="normal" font="default" size="100%">Routledge</style></publisher><isbn><style face="normal" font="default" size="100%">0312-407X</style></isbn><abstract><style face="normal" font="default" size="100%">There is a compelling argument that universities should be committed to advancing the Indigenous agenda. With respect to social work, as well as to nursing, psychology, and allied health, this commitment is often translated into a single goal: that graduates should be culturally competent. While acknowledging that there can be tactical advantages in pursuing this goal the current paper develops a practical critique of the expectation that cultural competence is an unproblematic add on to professional education. Using a single case study as an example how the subject individual development is transmitted as a monocultural and unproblematic formation we argue that it is impossible to learn to work cross-culturally without developing a capacity for reflective self-scrutiny. Less likely to be a flag of convenience than cultural competence, an allegiance to critical awareness prompts the interrogation of received knowledge, for example how human development and personhood is understood, as well stimulating an engagement in the lifelong process of reflecting on one&apos;s own ideological and cultural location.</style></abstract><notes><style face="normal" font="default" size="100%">Special Issue: On Australian Indigenous Social Work and Social Policy Part 1 </style></notes><urls><related-urls><url><style face="normal" font="default" size="100%">http://dx.doi.org/10.1080/0312407X.2010.537352</style></url></related-urls><pdf-urls><url>internal-pdf://Furlong et al 2011 - Promoting critical awareness-2728401408/Furlong et al 2011 - Promoting critical awareness.pdf</url></pdf-urls></urls><electronic-resource-num><style face="normal" font="default" size="100%">10.1080/0312407x.2010.537352</style></electronic-resource-num><access-date><style face="normal" font="default" size="100%">2012/06/17</style></access-date></record><record><database name="NSCClibrary.enl" path="F:\NSCClibrary.enl">NSCClibrary.enl</database><source-app name="EndNote" version="17.1">EndNote</source-app><rec-number>3084</rec-number><foreign-keys><key app="EN" db-id="5s5ppfp52t55w0eadv7p5ss3vfxzs5fwwe5w">3084</key></foreign-keys><ref-type name="Journal Article">17</ref-type><contributors><authors><author><style face="normal" font="default" size="100%">McPhatter, Anna R.</style></author><author><style face="normal" font="default" size="100%">Ganaway, Traci L.</style></author></authors></contributors><titles><title><style face="normal" font="default" size="100%">Beyond the rhetoric: Strategies for implementing culturally effective practice with children, families and communities</style></title><secondary-title><style face="normal" font="default" size="100%">Child Welfare</style></secondary-title></titles><periodical><full-title><style face="normal" font="default" size="100%">Child Welfare</style></full-title></periodical><pages><style face="normal" font="default" size="100%">103-24</style></pages><volume><style face="normal" font="default" size="100%">82</style></volume><number><style face="normal" font="default" size="100%">2</style></number><keywords><keyword><style face="normal" font="default" size="100%">Child welfare</style></keyword><keyword><style face="normal" font="default" size="100%">Cultural care</style></keyword><keyword><style face="normal" font="default" size="100%">Cultural competence</style></keyword><keyword><style face="normal" font="default" size="100%">Cultural safety</style></keyword><keyword><style face="normal" font="default" size="100%">Cultural sensitivity</style></keyword><keyword><style face="normal" font="default" size="100%">Professionals</style></keyword></keywords><dates><year><style face="normal" font="default" size="100%">2003</style></year></dates><isbn><style face="normal" font="default" size="100%">0009-4021</style></isbn><abstract><style face="normal" font="default" size="100%">Culturally effective practice remains elusive within child welfare agencies. Recognizing the hierarchical nature of becoming culturally competent, this article presents specific strategies that enhance cultural effectiveness at the individual, interprofessional, middle management, and upper management levels. The approaches evolve from a five-stage model of change: precontemplation, contemplation, preparation, action, and maintenance. Becoming culturally competent requires a clear assessment of where the individual practitioner and agency are on the change continuum. The article also explores barriers to culturally competent practice, with a focus on multilevel strategies that work within child welfare agencies.</style></abstract><urls><pdf-urls><url>internal-pdf://McPhatter et al 2003 - Beyond the rhetoric-3762147585/McPhatter et al 2003 - Beyond the rhetoric.pdf</url></pdf-urls></urls></record><record><database name="NSCClibrary.enl" path="F:\NSCClibrary.enl">NSCClibrary.enl</database><source-app name="EndNote" version="17.1">EndNote</source-app><rec-number>3085</rec-number><foreign-keys><key app="EN" db-id="5s5ppfp52t55w0eadv7p5ss3vfxzs5fwwe5w">3085</key></foreign-keys><ref-type name="Journal Article">17</ref-type><contributors><authors><author><style face="normal" font="default" size="100%">Mederos, Fernando</style></author><author><style face="normal" font="default" size="100%">Woldeguiorguis, Isa</style></author></authors></contributors><titles><title><style face="normal" font="default" size="100%">Beyond cultural competence: What child protection managers need to know and do</style></title><secondary-title><style face="normal" font="default" size="100%">Child Welfare</style></secondary-title></titles><periodical><full-title><style face="normal" font="default" size="100%">Child Welfare</style></full-title></periodical><pages><style face="normal" font="default" size="100%">125-142</style></pages><volume><style face="normal" font="default" size="100%">82</style></volume><number><style face="normal" font="default" size="100%">2</style></number><keywords><keyword><style face="normal" font="default" size="100%">Child protection</style></keyword><keyword><style face="normal" font="default" size="100%">Cultural care</style></keyword><keyword><style face="normal" font="default" size="100%">Cultural competence</style></keyword><keyword><style face="normal" font="default" size="100%">Cultural safety</style></keyword><keyword><style face="normal" font="default" size="100%">Cultural sensitivity</style></keyword><keyword><style face="normal" font="default" size="100%">Policy</style></keyword><keyword><style face="normal" font="default" size="100%">Professionals</style></keyword></keywords><dates><year><style face="normal" font="default" size="100%">2003</style></year></dates><isbn><style face="normal" font="default" size="100%">0009-4021</style></isbn><abstract><style face="normal" font="default" size="100%">This article addresses issues for child protection managers, such as hiring, program design, service evaluation, and policy development. It presents three frameworks for levels of organisational change: cultural sensitivity, which modifies existing services to better meet the needs of target populations; self-reflective cultural sensitivity, which calls for managers to be aware of personal and organisational cultural values; and cultural solidarity, which acknowledges that organisational power is vested in managers, which can oppress clients.</style></abstract><urls><pdf-urls><url>internal-pdf://Mederos et al 2003 -  Beyond cultural competence-0927994625/Mederos et al 2003 -  Beyond cultural competence.pdf</url></pdf-urls></urls></record><record><database name="NSCClibrary.enl" path="F:\NSCClibrary.enl">NSCClibrary.enl</database><source-app name="EndNote" version="17.1">EndNote</source-app><rec-number>3590</rec-number><foreign-keys><key app="EN" db-id="5s5ppfp52t55w0eadv7p5ss3vfxzs5fwwe5w">3590</key></foreign-keys><ref-type name="Government Document">46</ref-type><contributors><authors><author><style face="normal" font="default" size="100%">NSW Government,</style></author></authors></contributors><titles><title><style face="normal" font="default" size="100%">Two ways together; Partnerships: A new way of doing business with Aboriginal people - New South Wales Aboriginal affairs plan 2003-2012</style></title></titles><keywords><keyword><style face="normal" font="default" size="100%">Aboriginal Australians</style></keyword><keyword><style face="normal" font="default" size="100%">Cultural competence</style></keyword><keyword><style face="normal" font="default" size="100%">Indigenous Australians</style></keyword><keyword><style face="normal" font="default" size="100%">Policy</style></keyword></keywords><dates><year><style face="normal" font="default" size="100%">2003</style></year></dates><pub-location><style face="normal" font="default" size="100%">Sydney, NSW</style></pub-location><publisher><style face="normal" font="default" size="100%">NSW Government</style></publisher><abstract><style face="normal" font="default" size="100%">The Plan has two core elements: Making Services Work which establish what business needs to be done and New Ways of Doing Business with Aboriginal People which establishes how business will be done.</style></abstract><notes><style face="normal" font="default" size="100%">Course material from Competent Responses to Aboriginal Sexual and Family Violence - ECAV June 2012</style></notes><urls><related-urls><url><style face="normal" font="default" size="100%">http://www.daa.nsw.gov.au</style></url></related-urls><pdf-urls><url>internal-pdf://NSW Government 2003 - Two ways together-2949693441/NSW Government 2003 - Two ways together.pdf</url></pdf-urls></urls></record><record><database name="NSCClibrary.enl" path="F:\NSCClibrary.enl">NSCClibrary.enl</database><source-app name="EndNote" version="17.1">EndNote</source-app><rec-number>3568</rec-number><foreign-keys><key app="EN" db-id="5s5ppfp52t55w0eadv7p5ss3vfxzs5fwwe5w">3568</key></foreign-keys><ref-type name="Report">27</ref-type><contributors><authors><author><style face="normal" font="default" size="100%">NSW Health,</style></author></authors></contributors><titles><title><style face="normal" font="default" size="100%">Communicating positively: A guide to appropriate Aboriginal terminology</style></title></titles><keywords><keyword><style face="normal" font="default" size="100%">Aboriginal Australians</style></keyword><keyword><style face="normal" font="default" size="100%">Communication</style></keyword><keyword><style face="normal" font="default" size="100%">Cultural competence</style></keyword><keyword><style face="normal" font="default" size="100%">Cultural safety</style></keyword><keyword><style face="normal" font="default" size="100%">Indigenous Australians</style></keyword><keyword><style face="normal" font="default" size="100%">Language</style></keyword></keywords><dates><year><style face="normal" font="default" size="100%">2004</style></year></dates><pub-location><style face="normal" font="default" size="100%">North Sydney, NSW</style></pub-location><publisher><style face="normal" font="default" size="100%">NSW Department of Health</style></publisher><abstract><style face="normal" font="default" size="100%">The purpose of this guide is to provide NSW Health staff with background information and guidance on appropriate word usage when working with Aboriginal people and communities, and when developing policy and programs to improve health outcomes for Aboriginal people. The use of accurate and non-offensive language is an essential component of Aboriginal cultural respect and communication training.</style></abstract><notes><style face="normal" font="default" size="100%">Course material from Competent Responses to Aboriginal Sexual and Family Violence - ECAV June 2012</style></notes><urls><pdf-urls><url>internal-pdf://NSW Health 2004 - Communicating positively-3979253505/NSW Health 2004 - Communicating positively.pdf</url></pdf-urls></urls></record><record><database name="NSCClibrary.enl" path="F:\NSCClibrary.enl">NSCClibrary.enl</database><source-app name="EndNote" version="17.1">EndNote</source-app><rec-number>1920</rec-number><foreign-keys><key app="EN" db-id="5s5ppfp52t55w0eadv7p5ss3vfxzs5fwwe5w">1920</key><key app="ENWeb" db-id="ThEeKwrtqggAAHqv064">4917</key></foreign-keys><ref-type name="Journal Article">17</ref-type><contributors><authors><author><style face="normal" font="default" size="100%">Ranzijn, Rob</style></author><author><style face="normal" font="default" size="100%">McConnochie, Keith</style></author><author><style face="normal" font="default" size="100%">Clarke, Colleen</style></author><author><style face="normal" font="default" size="100%">Nolan, Wendy</style></author></authors></contributors><titles><title><style face="normal" font="default" size="100%">Just another white-ology’: Psychology as a case study</style></title><secondary-title><style face="normal" font="default" size="100%">Counselling, Psychotherapy, and Health</style></secondary-title></titles><periodical><full-title><style face="normal" font="default" size="100%">Counselling, Psychotherapy, and Health</style></full-title></periodical><pages><style face="normal" font="default" size="100%">21–34</style></pages><volume><style face="normal" font="default" size="100%">3</style></volume><number><style face="normal" font="default" size="100%">2</style></number><keywords><keyword><style face="normal" font="default" size="100%">Aboriginal Australians</style></keyword><keyword><style face="normal" font="default" size="100%">Counselling</style></keyword><keyword><style face="normal" font="default" size="100%">Indigenous Australians</style></keyword><keyword><style face="normal" font="default" size="100%">Psychology</style></keyword></keywords><dates><year><style face="normal" font="default" size="100%">2007</style></year></dates><abstract><style face="normal" font="default" size="100%">This paper explores the role of one of the helping professions, psychology, in the lives of Indigenous Australians in the past and present, and suggests ways forward for the future. In the past psychology has been implicated in the marginalisation, oppression and dispossession of Indigenous Australians, and this continues at the present time since psychology as currently practised is an agent of the dominant culture. In order to have a positive influence in Indigenous lives, psychology and psychological practice will need to change radically. The paper draws upon current work by the authors in developing curriculum guidelines for teaching cultural competence to psychology students and is informed by recent developments in developing ethical standards. Psychology, and other helping professions, can have a positive role, but more as allies and advocates rather than ‘experts’ that solve clients’ ‘problems’.</style></abstract><notes><style face="normal" font="default" size="100%">Indigenous Special Issue</style></notes><urls><pdf-urls><url>internal-pdf://V3_I2_Ranzijn_21-34_2007-1097479681/V3_I2_Ranzijn_21-34_2007.pdf</url></pdf-urls></urls></record><record><database name="NSCClibrary.enl" path="F:\NSCClibrary.enl">NSCClibrary.enl</database><source-app name="EndNote" version="17.1">EndNote</source-app><rec-number>3571</rec-number><foreign-keys><key app="EN" db-id="5s5ppfp52t55w0eadv7p5ss3vfxzs5fwwe5w">3571</key></foreign-keys><ref-type name="Journal Article">17</ref-type><contributors><authors><author><style face="normal" font="default" size="100%">Rodriguez, Brenda</style></author></authors></contributors><titles><title><style face="normal" font="default" size="100%">What is cultural competence?</style></title><secondary-title><style face="normal" font="default" size="100%">Family Resource Coalition&apos;s Report</style></secondary-title></titles><periodical><full-title><style face="normal" font="default" size="100%">Family Resource Coalition&apos;s Report</style></full-title></periodical><volume><style face="normal" font="default" size="100%">Fall/Winter</style></volume><keywords><keyword><style face="normal" font="default" size="100%">Cultural competence</style></keyword></keywords><dates><year><style face="normal" font="default" size="100%">1995</style></year></dates><publisher><style face="normal" font="default" size="100%">Family Resource Coalition</style></publisher><abstract><style face="normal" font="default" size="100%">Because the notion of a pluralistic society and world is confronting us so quickly and so tangible, many are converging to classes, in-services, and special programs to learn all there is to know about &quot;other cultures.&quot; There is a tendency to approach culture learning and related Issues with the notion that in a few sessions, you can achieve cross-cultural &quot;competence&quot; or knowledge.</style></abstract><notes><style face="normal" font="default" size="100%">Course material from Competent Responses to Aboriginal Sexual and Family Violence - ECAV June 2012</style></notes><urls><related-urls><url><style face="normal" font="default" size="100%">http://www.casanet.org</style></url></related-urls><pdf-urls><url>internal-pdf://Rodriguez 1995 - What is cultural competence-3521730560/Rodriguez 1995 - What is cultural competence.pdf</url></pdf-urls></urls></record><record><database name="NSCClibrary.enl" path="F:\NSCClibrary.enl">NSCClibrary.enl</database><source-app name="EndNote" version="17.1">EndNote</source-app><rec-number>3459</rec-number><foreign-keys><key app="EN" db-id="5s5ppfp52t55w0eadv7p5ss3vfxzs5fwwe5w">3459</key></foreign-keys><ref-type name="Journal Article">17</ref-type><contributors><authors><author><style face="normal" font="default" size="100%">Ryan, Fiona</style></author></authors></contributors><titles><title><style face="normal" font="default" size="100%">Kanyininpa (holding): A way of nurturing children in Aboriginal Australia</style></title><secondary-title><style face="normal" font="default" size="100%">Australian Social Work</style></secondary-title></titles><periodical><full-title><style face="normal" font="default" size="100%">Australian social work</style></full-title></periodical><pages><style face="normal" font="default" size="100%">183-197</style></pages><volume><style face="normal" font="default" size="100%">64</style></volume><number><style face="normal" font="default" size="100%">2</style></number><keywords><keyword><style face="normal" font="default" size="100%">Aboriginal Australians</style></keyword><keyword><style face="normal" font="default" size="100%">Assessment</style></keyword><keyword><style face="normal" font="default" size="100%">Attachment</style></keyword><keyword><style face="normal" font="default" size="100%">Child protection</style></keyword><keyword><style face="normal" font="default" size="100%">Cultural competence</style></keyword><keyword><style face="normal" font="default" size="100%">Incarcerations</style></keyword><keyword><style face="normal" font="default" size="100%">Indigenous Australians</style></keyword></keywords><dates><year><style face="normal" font="default" size="100%">2011</style></year><pub-dates><date><style face="normal" font="default" size="100%">2011/06/01</style></date></pub-dates></dates><publisher><style face="normal" font="default" size="100%">Routledge</style></publisher><isbn><style face="normal" font="default" size="100%">0312-407X</style></isbn><abstract><style face="normal" font="default" size="100%">This paper discusses aspects of traditional Australian Aboriginal nurturance of infants, children, and young people through an exploration of the meaning of certain words selected from Central and Western Desert Aboriginal languages. Connections are drawn between this traditional form of child rearing and Bowlby&apos;s theory of attachment. Aspects of traditional Aboriginal methods of nurturing infants, children, and young people, which have been retained in contemporary Aboriginal child-rearing practices, are also explored. Practitioners, policy makers, and researchers in child protection are encouraged to listen to Aboriginal people, and through listening and reflecting on their own practice, to identify and work with the strengths in Aboriginal child-rearing models, values, and practices.</style></abstract><notes><style face="normal" font="default" size="100%">Special Issue: On Australian Indigenous Social Work and Social Policy Part 2</style></notes><urls><related-urls><url><style face="normal" font="default" size="100%">http://dx.doi.org/10.1080/0312407X.2011.581300</style></url></related-urls><pdf-urls><url>internal-pdf://Ryan 2011 - Kanyininpa holding-1085613056/Ryan 2011 - Kanyininpa holding.pdf</url></pdf-urls></urls><electronic-resource-num><style face="normal" font="default" size="100%">10.1080/0312407x.2011.581300</style></electronic-resource-num><access-date><style face="normal" font="default" size="100%">2012/06/17</style></access-date></record><record><database name="NSCClibrary.enl" path="F:\NSCClibrary.enl">NSCClibrary.enl</database><source-app name="EndNote" version="17.1">EndNote</source-app><rec-number>3589</rec-number><foreign-keys><key app="EN" db-id="5s5ppfp52t55w0eadv7p5ss3vfxzs5fwwe5w">3589</key></foreign-keys><ref-type name="Government Document">46</ref-type><contributors><authors><author><style face="normal" font="default" size="100%">Victims Services,</style></author></authors></contributors><titles><title><style face="normal" font="default" size="100%">Aboriginal and Torres Strait Islander strategic plan 2006-2011</style></title></titles><keywords><keyword><style face="normal" font="default" size="100%">Aboriginal Australians</style></keyword><keyword><style face="normal" font="default" size="100%">Counselling</style></keyword><keyword><style face="normal" font="default" size="100%">Cultural competence</style></keyword><keyword><style face="normal" font="default" size="100%">Family</style></keyword><keyword><style face="normal" font="default" size="100%">Indigenous Australians</style></keyword><keyword><style face="normal" font="default" size="100%">Policy</style></keyword><keyword><style face="normal" font="default" size="100%">Victims</style></keyword></keywords><dates><year><style face="normal" font="default" size="100%">2006</style></year></dates><pub-location><style face="normal" font="default" size="100%">Sydney, NSW</style></pub-location><publisher><style face="normal" font="default" size="100%">Attorney General&apos;s Department of NSW</style></publisher><abstract><style face="normal" font="default" size="100%">The purpose of this plan is to outline priorities to improve the capacity of individuals, families, communities and services to respond to the emotional and social wellbeing of Aboriginal people who have been victims of crime or are families or friends of missing people. It emphasises support for the community-controlled sector, culturally appropriate counselling, and improved partnerships between organisations and sectors. This document aims to provide key policy directions and priorities for action over the next five years with Victims Services working in close partnership with key agencies and communities to implement the Strategic Plan.</style></abstract><notes><style face="normal" font="default" size="100%">Course material from Competent Responses to Aboriginal Sexual and Family Violence - ECAV June 2012</style></notes><urls><related-urls><url><style face="normal" font="default" size="100%">http://www.lawlink.nsw.gov.au</style></url></related-urls><pdf-urls><url>internal-pdf://Victims Services 2006 - Aboriginal and Torres Strait-3670828545/Victims Services 2006 - Aboriginal and Torres Strait.pdf</url></pdf-urls></urls></record><record><database name="NSCClibrary.enl" path="F:\NSCClibrary.enl">NSCClibrary.enl</database><source-app name="EndNote" version="17.1">EndNote</source-app><rec-number>4777</rec-number><foreign-keys><key app="EN" db-id="5s5ppfp52t55w0eadv7p5ss3vfxzs5fwwe5w">4777</key></foreign-keys><ref-type name="Journal Article">17</ref-type><contributors><authors><author><style face="normal" font="default" size="100%">Wallis, Jennifer</style></author><author><style face="normal" font="default" size="100%">Singh, Reenee</style></author></authors></contributors><titles><title><style face="normal" font="default" size="100%">Constructions and enactments of whiteness: a discursive analysis</style></title><secondary-title><style face="normal" font="default" size="100%">Journal of Family Therapy</style></secondary-title></titles><periodical><full-title><style face="normal" font="default" size="100%">Journal of Family Therapy</style></full-title></periodical><pages><style face="normal" font="default" size="100%">39-64</style></pages><volume><style face="normal" font="default" size="100%">36</style></volume><number><style face="normal" font="default" size="100%">Suppl. 1</style></number><keywords><keyword><style face="normal" font="default" size="100%">White privilege</style></keyword><keyword><style face="normal" font="default" size="100%">Cultural care</style></keyword><keyword><style face="normal" font="default" size="100%">Cultural competence</style></keyword><keyword><style face="normal" font="default" size="100%">Cultural sensitivity</style></keyword></keywords><dates><year><style face="normal" font="default" size="100%">2014</style></year></dates><isbn><style face="normal" font="default" size="100%">1467-6427</style></isbn><abstract><style face="normal" font="default" size="100%">Systemic therapists have argued that it is important to re-examine issues about white identities if they are to develop cultural competence and cultural sensitivity. Despite this, few studies have explored whiteness in systemic psychotherapy. This small-scale qualitative study therefore explores how a group of white systemic psychotherapists (trainers and trainees) construct whiteness, how these constructions or discourses facilitate or constrain talk about whiteness and how this influences what therapists do in therapy. The research method used was focus group discussions and an action research approach. The data were analysed using Foucauldian discourse analysis and three main discourses were made apparent: ‘whiteness as an invisible norm’, ‘political correctness’ and ‘systemic therapy discourses’. These discourses are described and the implications, discussed.</style></abstract><urls><pdf-urls><url>internal-pdf://3299003190/Wallis2014Constructions.pdf</url></pdf-urls></urls><electronic-resource-num><style face="normal" font="default" size="100%">10.1111/j.1467-6427.2012.00602.x</style></electronic-resource-num></record></records></xml>