<?xml version="1.0" encoding="UTF-8" ?><xml><records><record><database name="NSCClibrary.enl" path="F:\NSCClibrary.enl">NSCClibrary.enl</database><source-app name="EndNote" version="17.1">EndNote</source-app><rec-number>4226</rec-number><foreign-keys><key app="EN" db-id="5s5ppfp52t55w0eadv7p5ss3vfxzs5fwwe5w">4226</key></foreign-keys><ref-type name="Journal Article">17</ref-type><contributors><authors><author><style face="normal" font="default" size="100%">Baker, Khawla Abu</style></author><author><style face="normal" font="default" size="100%">Dwairy, Marwan</style></author></authors></contributors><titles><title><style face="normal" font="default" size="100%">Cultural norms versus state law in treating incest: A suggested model for Arab families</style></title><secondary-title><style face="normal" font="default" size="100%">Child Abuse &amp; Neglect</style></secondary-title></titles><periodical><full-title><style face="normal" font="default" size="100%">Child Abuse &amp; Neglect</style></full-title></periodical><pages><style face="normal" font="default" size="100%">109-123</style></pages><volume><style face="normal" font="default" size="100%">27</style></volume><number><style face="normal" font="default" size="100%">1</style></number><keywords><keyword><style face="normal" font="default" size="100%">Arabic</style></keyword><keyword><style face="normal" font="default" size="100%">Cultural care</style></keyword><keyword><style face="normal" font="default" size="100%">Incest</style></keyword><keyword><style face="normal" font="default" size="100%">Intrafamilial sexual abuse</style></keyword><keyword><style face="normal" font="default" size="100%">Therapeutic intervention</style></keyword></keywords><dates><year><style face="normal" font="default" size="100%">2003</style></year></dates><isbn><style face="normal" font="default" size="100%">0145-2134</style></isbn><abstract><style face="normal" font="default" size="100%">Objective: This article examines problems of intervention in sexual abuse cases among collective societies and offers a culturally sensitive model of intervention. Method: The manuscript is based on cross-cultural literature and clinical cases within the Palestinian community in Israel. Results: Unlike Western societies in which the state takes responsibility for the needs of its citizens and has laws that aim to protect victims of sexual abuse and to punish the perpetrators, in many collective societies people live in interdependence with their families. The family, rather than the state, is the main provider and protector. Enforcing the laws against sexual perpetrators, typically, threatens the unity and reputation of the family, and therefore this option is rejected and the family turns against the victim. Instead of punishing the perpetrator, families often protect him and blame the victim for the resulting mess. The punishment of the abuser results in the re-victimisation of the abused since the family possesses supreme authority. We suggest a culturally sensitive model of intervention that includes six stages: (1) verification of information, (2) mapping the family, (3) bonding with progressive forces, (4) a condemning, apologising, and punishing ceremony, (5) treatment, and (6) follow-up. Conclusion: Culturally sensitive intervention that exploits the power of the family for the benefit of the victim of abuse before enforcing the law, may achieve the same legal objectives as state intervention, without threatening the reputation and the unity of the family, and may therefore save the victim from harm.</style></abstract><urls><related-urls><url><style face="normal" font="default" size="100%">http://www.sciencedirect.com/science/article/pii/S0145213402005057</style></url></related-urls><pdf-urls><url>internal-pdf://Baker et al 2003 - Cultural norms-2256877313/Baker et al 2003 - Cultural norms.pdf</url></pdf-urls></urls><electronic-resource-num><style face="normal" font="default" size="100%">http://dx.doi.org/10.1016/S0145-2134(02)00505-7</style></electronic-resource-num></record><record><database name="NSCClibrary.enl" path="F:\NSCClibrary.enl">NSCClibrary.enl</database><source-app name="EndNote" version="17.1">EndNote</source-app><rec-number>3194</rec-number><foreign-keys><key app="EN" db-id="5s5ppfp52t55w0eadv7p5ss3vfxzs5fwwe5w">3194</key></foreign-keys><ref-type name="Book Section">5</ref-type><contributors><authors><author><style face="normal" font="default" size="100%">Robertson, Paul</style></author><author><style face="normal" font="default" size="100%">Larsen, Jillian</style></author><author><style face="normal" font="default" size="100%">Hillman, David</style></author><author><style face="normal" font="default" size="100%">Hudson, Stephen M.</style></author></authors><secondary-authors><author><style face="normal" font="default" size="100%">Lewis, Alvin D.</style></author></secondary-authors></contributors><titles><title><style face="normal" font="default" size="100%">Conceptual issues in therapy with sexually abusive Maori men</style></title><secondary-title><style face="normal" font="default" size="100%">Cultural diversity in sexual abuser treatment: Issues and approaches</style></secondary-title></titles><pages><style face="normal" font="default" size="100%">188-214</style></pages><section><style face="normal" font="default" size="100%">10</style></section><keywords><keyword><style face="normal" font="default" size="100%">Child sexual abuse</style></keyword><keyword><style face="normal" font="default" size="100%">Cultural care</style></keyword><keyword><style face="normal" font="default" size="100%">Cultural safety</style></keyword><keyword><style face="normal" font="default" size="100%">Cultural sensitivity</style></keyword><keyword><style face="normal" font="default" size="100%">Indigenous</style></keyword><keyword><style face="normal" font="default" size="100%">Sex offender treatment</style></keyword></keywords><dates><year><style face="normal" font="default" size="100%">1999</style></year></dates><pub-location><style face="normal" font="default" size="100%">Brandon, VT</style></pub-location><publisher><style face="normal" font="default" size="100%">Safer Society Press</style></publisher><abstract><style face="normal" font="default" size="100%">The focus of this chapter is on some of the central conceptual issues facing those seeking to develop programs to meet the needs of the Indigenous people of Aotearoa and potentially those of other countries.</style></abstract><urls><pdf-urls><url>internal-pdf://Robertson et al 1999 - Conceptual issues-3856265473/Robertson et al 1999 - Conceptual issues.pdf</url></pdf-urls></urls></record><record><database name="NSCClibrary.enl" path="F:\NSCClibrary.enl">NSCClibrary.enl</database><source-app name="EndNote" version="17.1">EndNote</source-app><rec-number>4637</rec-number><foreign-keys><key app="EN" db-id="5s5ppfp52t55w0eadv7p5ss3vfxzs5fwwe5w">4637</key></foreign-keys><ref-type name="Journal Article">17</ref-type><contributors><authors><author><style face="normal" font="default" size="100%">Venable, Victoria M.</style></author><author><style face="normal" font="default" size="100%">Guada, Joseph</style></author></authors></contributors><titles><title><style face="normal" font="default" size="100%">Culturally Competent Practice with African American Juvenile Sex Offenders</style></title><secondary-title><style face="normal" font="default" size="100%">Journal of Child Sexual Abuse</style></secondary-title></titles><periodical><full-title><style face="normal" font="default" size="100%">Journal of Child Sexual Abuse</style></full-title></periodical><pages><style face="normal" font="default" size="100%">229-246</style></pages><volume><style face="normal" font="default" size="100%">23</style></volume><number><style face="normal" font="default" size="100%">3</style></number><keywords><keyword><style face="normal" font="default" size="100%">Cultural competence</style></keyword><keyword><style face="normal" font="default" size="100%">African Americans</style></keyword><keyword><style face="normal" font="default" size="100%">Cultural care</style></keyword></keywords><dates><year><style face="normal" font="default" size="100%">2014</style></year><pub-dates><date><style face="normal" font="default" size="100%">2014/04/03</style></date></pub-dates></dates><publisher><style face="normal" font="default" size="100%">Routledge</style></publisher><isbn><style face="normal" font="default" size="100%">1053-8712</style></isbn><abstract><style face="normal" font="default" size="100%">African American juveniles adjudicated for sexual offenses may struggle with the mistrust of both the judicial and treatment systems. Unlike general mental health services, juvenile sex offender treatment is often mandated by the court or child welfare services, thus these youths and their families must engage in the treatment process. Without clinicians and services that can acknowledge and respond to a minority youth?s experience in a sensitive, culturally competent manner, there could be significant resistance to treatment. Traditional treatment approaches fail to prioritize issues involving cultural competence. This article addresses the unique challenges of African American juvenile sex offenders and makes recommendations for creating culturally competent practice for these youth and their families.</style></abstract><urls><related-urls><url><style face="normal" font="default" size="100%">http://dx.doi.org/10.1080/10538712.2014.888122</style></url></related-urls><pdf-urls><url>internal-pdf://1306993762/Venable2014Culturally Competent.pdf</url></pdf-urls></urls><electronic-resource-num><style face="normal" font="default" size="100%">10.1080/10538712.2014.888122</style></electronic-resource-num><access-date><style face="normal" font="default" size="100%">2014/05/09</style></access-date></record></records></xml>