<?xml version="1.0" encoding="UTF-8" ?><xml><records><record><database name="NSCClibrary.enl" path="F:\NSCClibrary.enl">NSCClibrary.enl</database><source-app name="EndNote" version="17.1">EndNote</source-app><rec-number>5070</rec-number><foreign-keys><key app="EN" db-id="5s5ppfp52t55w0eadv7p5ss3vfxzs5fwwe5w">5070</key><key app="ENWeb" db-id="">0</key></foreign-keys><ref-type name="Journal Article">17</ref-type><contributors><authors><author><style face="normal" font="default" size="100%">Albury, Kath</style></author><author><style face="normal" font="default" size="100%">Carmody, Moira</style></author><author><style face="normal" font="default" size="100%">Evers, Clifton</style></author><author><style face="normal" font="default" size="100%">Lumby, Catherine</style></author></authors></contributors><titles><title><style face="normal" font="default" size="100%">Playing by the rules: researching, teaching and learning sexual ethics with young men in the Australian Rugby League</style></title><secondary-title><style face="normal" font="default" size="100%">Sex Education</style></secondary-title></titles><periodical><full-title><style face="normal" font="default" size="100%">Sex Education</style></full-title></periodical><pages><style face="normal" font="default" size="100%">339-351</style></pages><volume><style face="normal" font="default" size="100%">11</style></volume><number><style face="normal" font="default" size="100%">3</style></number><section><style face="normal" font="default" size="100%">339</style></section><keywords><keyword><style face="normal" font="default" size="100%">Rugby</style></keyword><keyword><style face="normal" font="default" size="100%">Sexual assault</style></keyword><keyword><style face="normal" font="default" size="100%">Sexual ethics</style></keyword></keywords><dates><year><style face="normal" font="default" size="100%">2011</style></year></dates><abstract><style face="normal" font="default" size="100%">In 2004, the Australian National Rugby League (NRL) commissioned the Playing By The Rules research project in response to allegations of sexual assault by members of a professional rugby league team. This article offers an overview of the theoretical and methodological approaches adopted by the team, and the subsequent workplace education programmes designed to promote ethical sexual behaviour and attitudes within NRL culture. The researchers reflect on contemporary thinking in the relatively new field of violence prevention education aimed at young men, and consider new critical approaches to the intersection of masculinities and sexual learning.</style></abstract><urls><pdf-urls><url>internal-pdf://4049890046/Albury 2011. Playing by the rules.pdf</url></pdf-urls></urls><electronic-resource-num><style face="normal" font="default" size="100%">10.1080/14681811.2011.590332</style></electronic-resource-num></record><record><database name="NSCClibrary.enl" path="F:\NSCClibrary.enl">NSCClibrary.enl</database><source-app name="EndNote" version="17.1">EndNote</source-app><rec-number>4780</rec-number><foreign-keys><key app="EN" db-id="5s5ppfp52t55w0eadv7p5ss3vfxzs5fwwe5w">4780</key></foreign-keys><ref-type name="Government Document">46</ref-type><contributors><authors><author><style face="normal" font="default" size="100%">Butler, Jenny</style></author><author><style face="normal" font="default" size="100%">James, Richard</style></author></authors><secondary-authors><author><style face="normal" font="default" size="100%">Department of Human Services</style></author></secondary-authors></contributors><titles><title><style face="normal" font="default" size="100%">Human Development and Sexuality</style></title></titles><pages><style face="normal" font="default" size="100%">33 pages</style></pages><keywords><keyword><style face="normal" font="default" size="100%">Human Sexuality</style></keyword><keyword><style face="normal" font="default" size="100%">Facilitators</style></keyword><keyword><style face="normal" font="default" size="100%">Group participants</style></keyword><keyword><style face="normal" font="default" size="100%">Co-facilitated</style></keyword><keyword><style face="normal" font="default" size="100%">Sexual offences</style></keyword><keyword><style face="normal" font="default" size="100%">Sexual Behaviour</style></keyword><keyword><style face="normal" font="default" size="100%">Sexual abuse</style></keyword></keywords><dates><year><style face="normal" font="default" size="100%">1999</style></year></dates><abstract><style face="normal" font="default" size="100%">This is a Human Development and Sexuality module and it should only be facilitated by experienced Health Educators with extensive background knowledge of health and human relations topics and issues. It should not be used solely as a therapeutic module.&#xD;This module will allow facilitators flexibility to expand on group session content and can be adapted to meet the differing needs of individual groups. It is recommended that for optimum results, a supportive and non-authoritarian approach be adopted.</style></abstract><urls><pdf-urls><url>internal-pdf://2745273804/Human Development.pdf</url></pdf-urls></urls><custom1><style face="normal" font="default" size="100%">State Government of Victoria</style></custom1></record><record><database name="NSCClibrary.enl" path="F:\NSCClibrary.enl">NSCClibrary.enl</database><source-app name="EndNote" version="17.1">EndNote</source-app><rec-number>1419</rec-number><foreign-keys><key app="EN" db-id="5s5ppfp52t55w0eadv7p5ss3vfxzs5fwwe5w">1419</key><key app="ENWeb" db-id="ThEeKwrtqggAAHqv064">4577</key></foreign-keys><ref-type name="Book">6</ref-type><contributors><authors><author><style face="normal" font="default" size="100%">Carmody, Moira</style></author></authors></contributors><titles><title><style face="normal" font="default" size="100%">Sex and ethics: Young people and ethical sex</style></title></titles><volume><style face="normal" font="default" size="100%">1</style></volume><dates><year><style face="normal" font="default" size="100%">2008</style></year></dates><pub-location><style face="normal" font="default" size="100%">South Yarra, Vic</style></pub-location><publisher><style face="normal" font="default" size="100%">Palgrave Macmillan</style></publisher><isbn><style face="normal" font="default" size="100%">1420256092</style></isbn><notes><style face="normal" font="default" size="100%">Held at New Street, Sydney - 1 copy</style></notes><urls></urls></record><record><database name="NSCClibrary.enl" path="F:\NSCClibrary.enl">NSCClibrary.enl</database><source-app name="EndNote" version="17.1">EndNote</source-app><rec-number>1420</rec-number><foreign-keys><key app="EN" db-id="5s5ppfp52t55w0eadv7p5ss3vfxzs5fwwe5w">1420</key><key app="ENWeb" db-id="ThEeKwrtqggAAHqv064">4578</key></foreign-keys><ref-type name="Book">6</ref-type><contributors><authors><author><style face="normal" font="default" size="100%">Carmody, Moira</style></author></authors></contributors><titles><title><style face="normal" font="default" size="100%">Sex and ethics: The sexual ethics education program for young people</style></title></titles><volume><style face="normal" font="default" size="100%">2</style></volume><dates><year><style face="normal" font="default" size="100%">2009</style></year></dates><pub-location><style face="normal" font="default" size="100%">South Yarra, Vic</style></pub-location><publisher><style face="normal" font="default" size="100%">Palgrave Macmillan</style></publisher><notes><style face="normal" font="default" size="100%">Held at New Street, Sydney - 1 copy&#xD;Held at Rural New Street Adolescent Service,  Western - 1 copy</style></notes><urls></urls></record><record><database name="NSCClibrary.enl" path="F:\NSCClibrary.enl">NSCClibrary.enl</database><source-app name="EndNote" version="17.1">EndNote</source-app><rec-number>4634</rec-number><foreign-keys><key app="EN" db-id="5s5ppfp52t55w0eadv7p5ss3vfxzs5fwwe5w">4634</key></foreign-keys><ref-type name="Electronic Book">44</ref-type><contributors><authors><author><style face="normal" font="default" size="100%">Carmody, Moira</style></author></authors></contributors><titles><title><style face="normal" font="default" size="100%">Conceptualising the prevention of sexual assault and the role of education</style></title><tertiary-title><style face="normal" font="default" size="100%">ACSSA Issues</style></tertiary-title></titles><pages><style face="normal" font="default" size="100%">1-19 </style></pages><volume><style face="normal" font="default" size="100%">10</style></volume><keywords><keyword><style face="normal" font="default" size="100%">Sexual assault</style></keyword><keyword><style face="normal" font="default" size="100%">Education</style></keyword><keyword><style face="normal" font="default" size="100%">Sexual violence</style></keyword></keywords><dates><year><style face="normal" font="default" size="100%">2009</style></year></dates><pub-location><style face="normal" font="default" size="100%">Melbourne, VIC</style></pub-location><publisher><style face="normal" font="default" size="100%">Australian Institute of Family Studies</style></publisher><isbn><style face="normal" font="default" size="100%">9781921414169</style></isbn><abstract><style face="normal" font="default" size="100%">The first purpose of this ACSSA ISSUES paper is to consider the historical shifts that have occurred as a result of 1970s feminist campaigns that challenged the silence about the privatised nature of sexual assault: these shifts have been central to how the goal of prevention is understood. This paper begins by tracing some of the key theoretical and conceptual shifts that have occurred in the goal to prevent sexual assault. The first secion explores the evolution of ideas in how to prevent sexual assault. The author trace the role of feminist campaigns in gaining public recognition of the issue, the strategies used and the theoretical ideas that informed these developments. The author then consider local, national and international frameworks that promote multisectoral responses to sexual assault. </style></abstract><urls><pdf-urls><url>internal-pdf://2285015635/Carmody2009Conceptualising.pdf</url></pdf-urls></urls></record><record><database name="NSCClibrary.enl" path="F:\NSCClibrary.enl">NSCClibrary.enl</database><source-app name="EndNote" version="17.1">EndNote</source-app><rec-number>4150</rec-number><foreign-keys><key app="EN" db-id="5s5ppfp52t55w0eadv7p5ss3vfxzs5fwwe5w">4150</key></foreign-keys><ref-type name="Journal Article">17</ref-type><contributors><authors><author><style face="normal" font="default" size="100%">Carmody, Moira</style></author><author><style face="normal" font="default" size="100%">Ovenden, Georgia</style></author></authors></contributors><titles><title><style face="normal" font="default" size="100%">Putting ethical sex into practice: Sexual negotiation, gender and citizenship in the lives of young women and men</style></title><secondary-title><style face="normal" font="default" size="100%">Journal of Youth Studies</style></secondary-title></titles><periodical><full-title><style face="normal" font="default" size="100%">Journal of Youth Studies</style></full-title></periodical><pages><style face="normal" font="default" size="100%">1-16</style></pages><keywords><keyword><style face="normal" font="default" size="100%">Ethics</style></keyword><keyword><style face="normal" font="default" size="100%">Gender</style></keyword><keyword><style face="normal" font="default" size="100%">Prevention</style></keyword><keyword><style face="normal" font="default" size="100%">Sexuality</style></keyword><keyword><style face="normal" font="default" size="100%">Young people</style></keyword></keywords><dates><year><style face="normal" font="default" size="100%">2013</style></year></dates><publisher><style face="normal" font="default" size="100%">Routledge</style></publisher><isbn><style face="normal" font="default" size="100%">1367-6261</style></isbn><abstract><style face="normal" font="default" size="100%">When young people begin to explore their sexuality they are often subject to particularly strong surveillance from adults and the institutions of the state. How young people become ethical sexual citizens is not well understood. In recent years an increased focus on comprehensive sexuality programmes that include violence prevention have led to the development of a number of education programmes targeting young people. This article will draw on quantitative and qualitative responses of a three-phase (pre-group, post-group, follow-up) impact evaluation from 153 young women and men from Australia and New Zealand who participated in the Sex and Ethics Violence Prevention Program from 2009 to 2011. The Program encourages young people to explore alternative approaches to gender and sexuality and learn skills in ethical negotiation which they can utilise in &apos;real life&apos; situations. This includes developing a reflexive ethical stance to consider how sexual choices impact on themselves and others. The primary aim of the Program is to reduce pressured, coerced sex and sexual assault in intimate relationships. Despite gender differences women and men were able to move toward behavioural change, explore alternative approaches to gender relations and increase their skills in sexual negotiation as ethical sexual citizens.</style></abstract><urls><related-urls><url><style face="normal" font="default" size="100%">http://dx.doi.org/10.1080/13676261.2013.763916</style></url></related-urls><pdf-urls><url>internal-pdf://Carmody et al 2013 - Putting ethical-3402578433/Carmody et al 2013 - Putting ethical.pdf</url></pdf-urls></urls><electronic-resource-num><style face="normal" font="default" size="100%">10.1080/13676261.2013.763916</style></electronic-resource-num><access-date><style face="normal" font="default" size="100%">2013/04/30</style></access-date></record><record><database name="NSCClibrary.enl" path="F:\NSCClibrary.enl">NSCClibrary.enl</database><source-app name="EndNote" version="17.1">EndNote</source-app><rec-number>4928</rec-number><foreign-keys><key app="EN" db-id="5s5ppfp52t55w0eadv7p5ss3vfxzs5fwwe5w">4928</key><key app="ENWeb" db-id="">0</key></foreign-keys><ref-type name="Report">27</ref-type><contributors><authors><author><style face="normal" font="default" size="100%">Carmody, Moira</style></author><author><style face="normal" font="default" size="100%">Salter, Michael</style></author><author><style face="normal" font="default" size="100%">Presterudstuen, Geir</style></author></authors></contributors><titles><title><style face="normal" font="default" size="100%">Less to lose and more to gain? Men and boys violence prevention research project final report.</style></title></titles><keywords><keyword><style face="normal" font="default" size="100%">Sex education</style></keyword><keyword><style face="normal" font="default" size="100%">Violence prevention</style></keyword><keyword><style face="normal" font="default" size="100%">Violence</style></keyword></keywords><dates><year><style face="normal" font="default" size="100%">2014</style></year></dates><pub-location><style face="normal" font="default" size="100%">Sydney, NSW</style></pub-location><publisher><style face="normal" font="default" size="100%">University of Western Sydney</style></publisher><notes><style face="normal" font="default" size="100%">ISBN: 978-1-74108-316-3</style></notes><urls><pdf-urls><url>internal-pdf://0344684424/Carmody et. al. 2014. Less to Lose and More to.pdf</url></pdf-urls></urls></record><record><database name="NSCClibrary.enl" path="F:\NSCClibrary.enl">NSCClibrary.enl</database><source-app name="EndNote" version="17.1">EndNote</source-app><rec-number>5030</rec-number><foreign-keys><key app="EN" db-id="5s5ppfp52t55w0eadv7p5ss3vfxzs5fwwe5w">5030</key></foreign-keys><ref-type name="Book">6</ref-type><contributors><authors><author><style face="normal" font="default" size="100%">Carmody, Moira</style></author><author><style face="normal" font="default" size="100%">Willis, Karen</style></author></authors></contributors><titles><title><style face="normal" font="default" size="100%">Developing ethical sexual lives : young people, sex and sexual assault prevention</style></title></titles><pages><style face="normal" font="default" size="100%">88</style></pages><keywords><keyword><style face="normal" font="default" size="100%">Sexual behaviour</style></keyword><keyword><style face="normal" font="default" size="100%">Sexual violence</style></keyword><keyword><style face="normal" font="default" size="100%">Sexual assault</style></keyword><keyword><style face="normal" font="default" size="100%">Sexual abuse</style></keyword><keyword><style face="normal" font="default" size="100%">Youth</style></keyword><keyword><style face="normal" font="default" size="100%">Decision making</style></keyword><keyword><style face="normal" font="default" size="100%">Crime prevention</style></keyword><keyword><style face="normal" font="default" size="100%">Sexual intimacy</style></keyword></keywords><dates><year><style face="normal" font="default" size="100%">2006</style></year></dates><pub-location><style face="normal" font="default" size="100%">Sydney, NSW</style></pub-location><publisher><style face="normal" font="default" size="100%">Social Justice and Social Change Research Centre&#xD;University of Western Sydney</style></publisher><isbn><style face="normal" font="default" size="100%">1741081440 </style></isbn><abstract><style face="normal" font="default" size="100%">This report surveyed young women and men aged 16-25, in New South Wales, about how they negotiate and perceive sexual intimacy, in order to assess their educational needs. These findings will assist in developing anti-violence training resources in the next stage of this project. </style></abstract><notes><style face="normal" font="default" size="100%">Held at Rural New Street Adolescent Service, Tamworth - 1 copy</style></notes><urls></urls></record><record><database name="NSCClibrary.enl" path="F:\NSCClibrary.enl">NSCClibrary.enl</database><source-app name="EndNote" version="17.1">EndNote</source-app><rec-number>4410</rec-number><foreign-keys><key app="EN" db-id="5s5ppfp52t55w0eadv7p5ss3vfxzs5fwwe5w">4410</key></foreign-keys><ref-type name="Book">6</ref-type><contributors><authors><author><style face="normal" font="default" size="100%">Stall, Sylvanus</style></author></authors></contributors><titles><title><style face="normal" font="default" size="100%">What a young boy ought to know</style></title></titles><section><style face="normal" font="default" size="100%">185</style></section><keywords><keyword><style face="normal" font="default" size="100%">Reproductive Organs</style></keyword><keyword><style face="normal" font="default" size="100%">Boys</style></keyword><keyword><style face="normal" font="default" size="100%">Abuse</style></keyword></keywords><dates><year><style face="normal" font="default" size="100%">1897</style></year></dates><pub-location><style face="normal" font="default" size="100%">Philadelphia, PA.</style></pub-location><publisher><style face="normal" font="default" size="100%">The Vir Publishing Company</style></publisher><abstract><style face="normal" font="default" size="100%">This book is designed to be placed in the hands of children who are, per -chance, old enough to read for them-selves, or, as in other cases, to be read by the father or mother of the child. Where a parent fears that his child might ask promiscuous and embarrassing questions, it is well to say that such is not likely to be the case, and if such ques tioning should arise, it will only be necessary to say to the child that if he will be patient until the book is finished he will doubtless have an answer to every proper question upon this subject. While this books is written primarily to small boys, the author believes it will be found equally interesting to both men and women, young and old. &#xD;This book consists of the following seven parts:&#xD;PART I. GOD&apos;S PURPOSE IN ENDOWING PLANTS, ANI-MALS, AND MAN WITH REPRODUCTIVE OR -GANS.&#xD;PART II. THE MANNER IN WHICH THE REPRODUCTIVE ORGANS ARE INJURED IN BOYS BY ABUSE. &#xD;PART III. WHAT ARE THE CONSEQUENCES IN BOYS OF THE ABUSE OF THE REPRODUCTIVE ORGANS. &#xD;PART IV. OW BOYS MAY PRESERVE THEIR ENTIRE BODIES IN PURITY AND STRENGTH. &#xD;PART V. OUR DUTY TO AID OTHERS TO AVOID PERNICIOUS HABITS AND TO RETAIN OR REGAIN THEIR PURITY &amp; STRENGTH.&#xD;PART VI. HOW PURITY AND STRENGTH MAY BE MEASURABLY REGAINED. &#xD;PART VII. THE AGE OF PUBERTY AND ITS ATTENDANT CHANGES. </style></abstract><notes><style face="normal" font="default" size="100%">This book can be freely accessed by http://www.nimbus.org/YoungMan1905.html&#xD;&#xD;The attachment here only includes Cylinder IX &amp; X of Part II THE MANNER IN WHICH THE REPRODUCTIVE ORGANS ARE INJURED IN BOYS BY ABUSE; Cylinder XI, XII &amp; XIII of PART III. WHAT ARE THE CONSEQUENCES IN BOYS OF THE ABUSE OF THE REPRODUCTIVE ORGANS. </style></notes><urls><related-urls><url><style face="normal" font="default" size="100%">http://www.nimbus.org/YoungMan1905.html</style></url></related-urls><pdf-urls><url>internal-pdf://1949556942/Stall1897What a Young Boy.pdf</url></pdf-urls></urls><language><style face="normal" font="default" size="100%">English</style></language></record></records></xml>