<?xml version="1.0" encoding="UTF-8" ?><xml><records><record><database name="NSCClibrary.enl" path="F:\NSCClibrary.enl">NSCClibrary.enl</database><source-app name="EndNote" version="17.1">EndNote</source-app><rec-number>3672</rec-number><foreign-keys><key app="EN" db-id="5s5ppfp52t55w0eadv7p5ss3vfxzs5fwwe5w">3672</key></foreign-keys><ref-type name="Journal Article">17</ref-type><contributors><authors><author><style face="normal" font="default" size="100%">Berkowitz, Carol D.</style></author></authors></contributors><titles><title><style face="normal" font="default" size="100%">Dealing with victims and perpetrators: Role confusion</style></title><secondary-title><style face="normal" font="default" size="100%">Journal of Child Sexual Abuse</style></secondary-title></titles><periodical><full-title><style face="normal" font="default" size="100%">Journal of Child Sexual Abuse</style></full-title></periodical><pages><style face="normal" font="default" size="100%">95-95</style></pages><volume><style face="normal" font="default" size="100%">4</style></volume><number><style face="normal" font="default" size="100%">1</style></number><keywords><keyword><style face="normal" font="default" size="100%">Burnout</style></keyword><keyword><style face="normal" font="default" size="100%">Caregivers</style></keyword><keyword><style face="normal" font="default" size="100%">Child sexual abuse</style></keyword><keyword><style face="normal" font="default" size="100%">Compassion fatigue</style></keyword><keyword><style face="normal" font="default" size="100%">Countertransference</style></keyword><keyword><style face="normal" font="default" size="100%">Secondary trauma</style></keyword><keyword><style face="normal" font="default" size="100%">Self-care</style></keyword><keyword><style face="normal" font="default" size="100%">Sex offender treatment</style></keyword><keyword><style face="normal" font="default" size="100%">Survivors</style></keyword><keyword><style face="normal" font="default" size="100%">Therapist</style></keyword><keyword><style face="normal" font="default" size="100%">Vicarious trauma</style></keyword><keyword><style face="normal" font="default" size="100%">Victim treatment</style></keyword></keywords><dates><year><style face="normal" font="default" size="100%">1995</style></year></dates><isbn><style face="normal" font="default" size="100%">10538712</style></isbn><abstract><style face="normal" font="default" size="100%">In their article in this issue, Mitchell and Melikian explore an area of &quot;role confusion&quot; that exists not only for therapists, but also for physicians dealing with abusive families. This role confusion may be greater for certain medical disciplines, such as family medicine, but is present to some extent when one has to interact with both the victim (child) and parent (perpetrator), in a therapeutic setting. </style></abstract><notes><style face="normal" font="default" size="100%">From the special issue of Jnl Child Sexual Abuse: Vicarious trauma 1995 4(1)</style></notes><urls><pdf-urls><url>internal-pdf://Berkowitz 1995 - Dealing with victims-3111497728/Berkowitz 1995 - Dealing with victims.pdf</url></pdf-urls></urls><remote-database-name><style face="normal" font="default" size="100%">OxResearch; ProQuest Central</style></remote-database-name></record><record><database name="NSCClibrary.enl" path="F:\NSCClibrary.enl">NSCClibrary.enl</database><source-app name="EndNote" version="17.1">EndNote</source-app><rec-number>2957</rec-number><foreign-keys><key app="EN" db-id="5s5ppfp52t55w0eadv7p5ss3vfxzs5fwwe5w">2957</key></foreign-keys><ref-type name="Journal Article">17</ref-type><contributors><authors><author><style face="normal" font="default" size="100%">Brickman, Julie</style></author></authors></contributors><titles><title><style face="normal" font="default" size="100%">Feminist, nonsexist and tradional models of therapy</style></title><secondary-title><style face="normal" font="default" size="100%">Women &amp; Therapy</style></secondary-title></titles><periodical><full-title><style face="normal" font="default" size="100%">Women &amp; Therapy</style></full-title></periodical><pages><style face="normal" font="default" size="100%">49-68</style></pages><volume><style face="normal" font="default" size="100%">3</style></volume><number><style face="normal" font="default" size="100%">1</style></number><keywords><keyword><style face="normal" font="default" size="100%">Feminism</style></keyword><keyword><style face="normal" font="default" size="100%">Therapy</style></keyword><keyword><style face="normal" font="default" size="100%">Women</style></keyword></keywords><dates><year><style face="normal" font="default" size="100%">1984</style></year></dates><isbn><style face="normal" font="default" size="100%">0270-3149</style></isbn><abstract><style face="normal" font="default" size="100%">With respect to women all models of therapy can be classified as traditional in some if not all of their basic tenets. This is true of the psychoanalytic, neo-analytic, humanistic, behavioral and family systems models. However divergent theoretically, their definitions and treatment of women are alike: sexist, demeaning, contemptuous, extrinsic and often, as it turns out, dangerous to the health of women. These models have been called objective and if anyone objected they were called subjective.</style></abstract><urls><pdf-urls><url>internal-pdf://Brickman 1984 - Feminist non-sexist and traditional-2762966529/Brickman 1984 - Feminist non-sexist and traditional.pdf</url></pdf-urls></urls></record><record><database name="NSCClibrary.enl" path="F:\NSCClibrary.enl">NSCClibrary.enl</database><source-app name="EndNote" version="17.1">EndNote</source-app><rec-number>2968</rec-number><foreign-keys><key app="EN" db-id="5s5ppfp52t55w0eadv7p5ss3vfxzs5fwwe5w">2968</key></foreign-keys><ref-type name="Journal Article">17</ref-type><contributors><authors><author><style face="normal" font="default" size="100%">de Shazer, Steve</style></author></authors></contributors><titles><title><style face="normal" font="default" size="100%">Muddles, bewilderment, and practice theory</style></title><secondary-title><style face="normal" font="default" size="100%">Family Process</style></secondary-title></titles><periodical><full-title><style face="normal" font="default" size="100%">Family Process</style></full-title></periodical><pages><style face="normal" font="default" size="100%">453-458</style></pages><volume><style face="normal" font="default" size="100%">30</style></volume><number><style face="normal" font="default" size="100%">4</style></number><keywords><keyword><style face="normal" font="default" size="100%">Family therapy</style></keyword><keyword><style face="normal" font="default" size="100%">Theory</style></keyword></keywords><dates><year><style face="normal" font="default" size="100%">1991</style></year></dates><isbn><style face="normal" font="default" size="100%">1545-5300</style></isbn><abstract><style face="normal" font="default" size="100%">Useful distinctions in conceptual schemes lead to explanatory or descriptive metaphors that have a clear form. Muddles, on the other hand, are created when useful distinctions that could be drawn are not or when an unnecessary distinction is drawn or when when a useful distinction is minimized or blurred. The field of family therapy (particularly its theories), as a whole, has various muddles of each kind. The purpose of this essay is to describe some of these muddles (in the field and its theories) and to suggest that the distinctions (a) between descriptions of doing therapy that exclude the therapist and descriptions of doing therapy that include the therapist (1, 5-9, 11), (b) between explanation and description, and (c) between ideology and grounded theory, are useful, and that in de-radicalizing and minimizing these distinctions, these differences creates mayhem and muddle—a veritable fog of non-clarity.</style></abstract><urls><pdf-urls><url>internal-pdf://de Shazer 1991 - Muddles bewilderment and-2138251777/de Shazer 1991 - Muddles bewilderment and.pdf</url></pdf-urls></urls></record><record><database name="NSCClibrary.enl" path="F:\NSCClibrary.enl">NSCClibrary.enl</database><source-app name="EndNote" version="17.1">EndNote</source-app><rec-number>2997</rec-number><foreign-keys><key app="EN" db-id="5s5ppfp52t55w0eadv7p5ss3vfxzs5fwwe5w">2997</key></foreign-keys><ref-type name="Journal Article">17</ref-type><contributors><authors><author><style face="normal" font="default" size="100%">Fargason Jr, Crayton A.</style></author></authors></contributors><titles><title><style face="normal" font="default" size="100%">The influence of feelings on professional judgment</style></title><secondary-title><style face="normal" font="default" size="100%">Journal of Child Sexual Abuse</style></secondary-title></titles><periodical><full-title><style face="normal" font="default" size="100%">Journal of Child Sexual Abuse</style></full-title></periodical><pages><style face="normal" font="default" size="100%">99-102</style></pages><volume><style face="normal" font="default" size="100%">4</style></volume><number><style face="normal" font="default" size="100%">1</style></number><keywords><keyword><style face="normal" font="default" size="100%">Child sexual abuse</style></keyword><keyword><style face="normal" font="default" size="100%">Burnout</style></keyword><keyword><style face="normal" font="default" size="100%">Compassion fatigue</style></keyword><keyword><style face="normal" font="default" size="100%">Countertransference</style></keyword><keyword><style face="normal" font="default" size="100%">Offenders</style></keyword><keyword><style face="normal" font="default" size="100%">Self-care</style></keyword><keyword><style face="normal" font="default" size="100%">Therapy</style></keyword><keyword><style face="normal" font="default" size="100%">Vicarious trauma</style></keyword></keywords><dates><year><style face="normal" font="default" size="100%">1995</style></year></dates><isbn><style face="normal" font="default" size="100%">1053-8712</style></isbn><abstract><style face="normal" font="default" size="100%">The article by Mitchell and Melikian in this issue of the Journal of Child Sexual Abuse offers an important look into the world of therapists caring for male sexual offenders. On the surface, their article appears to be applicable only to psychotherapists. However, Mitchell and Melikian highlight an important area worthy of attention by all professionals involved in the child sexual abuse field.</style></abstract><notes><style face="normal" font="default" size="100%">From the special issue of Jnl Child Sexual Abuse: Vicarious trauma 1995 4(1)</style></notes><urls><pdf-urls><url>internal-pdf://Fargason 1995 - The influence of feelings-3989035521/Fargason 1995 - The influence of feelings.pdf</url></pdf-urls></urls></record><record><database name="NSCClibrary.enl" path="F:\NSCClibrary.enl">NSCClibrary.enl</database><source-app name="EndNote" version="17.1">EndNote</source-app><rec-number>3010</rec-number><foreign-keys><key app="EN" db-id="5s5ppfp52t55w0eadv7p5ss3vfxzs5fwwe5w">3010</key></foreign-keys><ref-type name="Book">6</ref-type><contributors><authors><author><style face="normal" font="default" size="100%">Freud, Sigmund</style></author><author><style face="normal" font="default" size="100%">Strachey, James</style></author><author><style face="normal" font="default" size="100%">Freud, Anna</style></author><author><style face="normal" font="default" size="100%">Strachey, Alix</style></author><author><style face="normal" font="default" size="100%">Tyson, Alan</style></author></authors></contributors><titles><title><style face="normal" font="default" size="100%">The standard edition of the complete psychological works of Sigmund Freud, Volume III (1893-1899): Early psycho-analytic publications</style></title></titles><keywords><keyword><style face="normal" font="default" size="100%">Freud</style></keyword><keyword><style face="normal" font="default" size="100%">Hysteria</style></keyword><keyword><style face="normal" font="default" size="100%">Psychoanalysis</style></keyword></keywords><dates><year><style face="normal" font="default" size="100%">1978</style></year></dates><pub-location><style face="normal" font="default" size="100%">London</style></pub-location><publisher><style face="normal" font="default" size="100%">Hogarth Press</style></publisher><isbn><style face="normal" font="default" size="100%">0701200677</style></isbn><abstract><style face="normal" font="default" size="100%">Chapter on the aetiology of hysteria (pp. 191-221) attached.</style></abstract><urls><pdf-urls><url>internal-pdf://Freud 1978 - The aetiology of hysteria-3393470465/Freud 1978 - The aetiology of hysteria.pdf</url></pdf-urls></urls></record><record><database name="NSCClibrary.enl" path="F:\NSCClibrary.enl">NSCClibrary.enl</database><source-app name="EndNote" version="17.1">EndNote</source-app><rec-number>3606</rec-number><foreign-keys><key app="EN" db-id="5s5ppfp52t55w0eadv7p5ss3vfxzs5fwwe5w">3606</key></foreign-keys><ref-type name="Book">6</ref-type><contributors><authors><author><style face="normal" font="default" size="100%">Freud, Sigmund</style></author><author><style face="normal" font="default" size="100%">Strachey, James</style></author><author><style face="normal" font="default" size="100%">Freud, Anna</style></author><author><style face="normal" font="default" size="100%">Strachey, Alix</style></author><author><style face="normal" font="default" size="100%">Tyson, Alan</style></author></authors></contributors><titles><title><style face="normal" font="default" size="100%">The standard edition of the complete psychological works of Sigmund Freud, Volume II (1893-1895): Studies on hysteria</style></title></titles><keywords><keyword><style face="normal" font="default" size="100%">Freud</style></keyword><keyword><style face="normal" font="default" size="100%">Hysteria</style></keyword><keyword><style face="normal" font="default" size="100%">Psychoanalysis</style></keyword></keywords><dates><year><style face="normal" font="default" size="100%">1978</style></year></dates><pub-location><style face="normal" font="default" size="100%">London</style></pub-location><publisher><style face="normal" font="default" size="100%">Hogarth Press</style></publisher><isbn><style face="normal" font="default" size="100%">0701200677</style></isbn><abstract><style face="normal" font="default" size="100%">Chapter on unconscious ideas and innate disposition (pp. 222-241) attached.</style></abstract><urls><pdf-urls><url>internal-pdf://Freud 1978 - Studies on hysteria-2722677505/Freud 1978 - Studies on hysteria.pdf</url></pdf-urls></urls></record><record><database name="NSCClibrary.enl" path="F:\NSCClibrary.enl">NSCClibrary.enl</database><source-app name="EndNote" version="17.1">EndNote</source-app><rec-number>3188</rec-number><foreign-keys><key app="EN" db-id="5s5ppfp52t55w0eadv7p5ss3vfxzs5fwwe5w">3188</key></foreign-keys><ref-type name="Journal Article">17</ref-type><contributors><authors><author><style face="normal" font="default" size="100%">Gibney, Paul</style></author></authors></contributors><titles><title><style face="normal" font="default" size="100%">Dr Paul Gibney talks with Psychotherapy in Australia</style></title><secondary-title><style face="normal" font="default" size="100%">Psychotherapy in Australia</style></secondary-title></titles><periodical><full-title><style face="normal" font="default" size="100%">Psychotherapy in Australia</style></full-title></periodical><pages><style face="normal" font="default" size="100%">36-40</style></pages><volume><style face="normal" font="default" size="100%">1</style></volume><number><style face="normal" font="default" size="100%">3</style></number><keywords><keyword><style face="normal" font="default" size="100%">Family therapy</style></keyword><keyword><style face="normal" font="default" size="100%">Jungian psychology</style></keyword><keyword><style face="normal" font="default" size="100%">Psychoanalysis</style></keyword><keyword><style face="normal" font="default" size="100%">Psychotherapy</style></keyword></keywords><dates><year><style face="normal" font="default" size="100%">1995</style></year></dates><abstract><style face="normal" font="default" size="100%">What kind of presenter can attract one hundred and sixty people to a psychotherapy training seminar? Dr Paul Gibney is one of Australia&apos;s most engaging and talented presenters. He is unashamedly Australian with a wicked sense of humour. His clear and sensitive presentations weave Systemic, Psychoanalytic and Jungian approaches through his case material, as he constantly questions the &apos;rules&apos; and frees therapists to develop their own critical approach.</style></abstract><urls><pdf-urls><url>internal-pdf://Gibney 1995 - Dr Paul Gibney talks with-3364078081/Gibney 1995 - Dr Paul Gibney talks with.pdf</url></pdf-urls></urls></record><record><database name="NSCClibrary.enl" path="F:\NSCClibrary.enl">NSCClibrary.enl</database><source-app name="EndNote" version="17.1">EndNote</source-app><rec-number>3025</rec-number><foreign-keys><key app="EN" db-id="5s5ppfp52t55w0eadv7p5ss3vfxzs5fwwe5w">3025</key></foreign-keys><ref-type name="Journal Article">17</ref-type><contributors><authors><author><style face="normal" font="default" size="100%">Green, Robert-Jay</style></author><author><style face="normal" font="default" size="100%">Herget, Mary</style></author></authors></contributors><titles><title><style face="normal" font="default" size="100%">Outcomes of systemic/strategic team consultation: III. The importance of therapist warmth and active structuring</style></title><secondary-title><style face="normal" font="default" size="100%">Family Process</style></secondary-title></titles><periodical><full-title><style face="normal" font="default" size="100%">Family Process</style></full-title></periodical><pages><style face="normal" font="default" size="100%">321-336</style></pages><volume><style face="normal" font="default" size="100%">30</style></volume><keywords><keyword><style face="normal" font="default" size="100%">Therapeutic intervention</style></keyword></keywords><dates><year><style face="normal" font="default" size="100%">1991</style></year></dates><isbn><style face="normal" font="default" size="100%">0014-7370</style></isbn><abstract><style face="normal" font="default" size="100%">This is the third in a series of reports on a small-sample study of systemic/strategic team consultations. It sheds new light on aspects of the therapeutic alliance in Milan-informed therapy. Ratings of the end-of-session interventions and ratings of the therapist&apos;s relationship skills (warmth, active structuring) significantly predicted client improvement at 1-month and 3-year follow-ups. These results dispute the Milan team&apos;s idea that an intervention&apos;s effects are unpredictable. Also, our findings challenge the way some teams have adopted an impersonal, emotionally unresponsive style under the guise of &quot;neutrality.&quot; In view of this and other recent studies, we conclude that systemic/strategic therapists should devote more attention to collaborative and affective qualities of the therapeutic alliance.</style></abstract><urls><pdf-urls><url>internal-pdf://Green et al 1991 - Outcomes of systemic-1485871361/Green et al 1991 - Outcomes of systemic.pdf</url></pdf-urls></urls></record><record><database name="NSCClibrary.enl" path="F:\NSCClibrary.enl">NSCClibrary.enl</database><source-app name="EndNote" version="17.1">EndNote</source-app><rec-number>3553</rec-number><foreign-keys><key app="EN" db-id="5s5ppfp52t55w0eadv7p5ss3vfxzs5fwwe5w">3553</key></foreign-keys><ref-type name="Journal Article">17</ref-type><contributors><authors><author><style face="normal" font="default" size="100%">MacKinnon, Laurie</style></author></authors></contributors><titles><title><style face="normal" font="default" size="100%">Systems in settings: The therapist as power broker</style></title><secondary-title><style face="normal" font="default" size="100%">Australian and New Zealand Journal of Family Therapy</style></secondary-title></titles><periodical><full-title><style face="normal" font="default" size="100%">Australian and New Zealand Journal of Family Therapy</style></full-title></periodical><pages><style face="normal" font="default" size="100%">117-122</style></pages><volume><style face="normal" font="default" size="100%">14</style></volume><number><style face="normal" font="default" size="100%">3</style></number><keywords><keyword><style face="normal" font="default" size="100%">Client</style></keyword><keyword><style face="normal" font="default" size="100%">Family therapy</style></keyword><keyword><style face="normal" font="default" size="100%">Power</style></keyword><keyword><style face="normal" font="default" size="100%">Therapist</style></keyword></keywords><dates><year><style face="normal" font="default" size="100%">1993</style></year></dates><isbn><style face="normal" font="default" size="100%">0814-723X</style></isbn><abstract><style face="normal" font="default" size="100%">Family therapy discourse has given little recognition to either the specificities of the settings in which family therapy is employed or to the specificites of our clients. Clients are frequently constituted into the culturally subordinate position of &apos;other&apos; to the therapist. This paper examines the ethical imperatives of the posltion therapists occupy in relation to their others.</style></abstract><urls><pdf-urls><url>internal-pdf://MacKinnon 1993 - Systems in settings-3628548096/MacKinnon 1993 - Systems in settings.pdf</url></pdf-urls></urls></record><record><database name="NSCClibrary.enl" path="F:\NSCClibrary.enl">NSCClibrary.enl</database><source-app name="EndNote" version="17.1">EndNote</source-app><rec-number>3554</rec-number><foreign-keys><key app="EN" db-id="5s5ppfp52t55w0eadv7p5ss3vfxzs5fwwe5w">3554</key></foreign-keys><ref-type name="Journal Article">17</ref-type><contributors><authors><author><style face="normal" font="default" size="100%">MacKinnon, Laurie</style></author><author><style face="normal" font="default" size="100%">James, Kerrie</style></author></authors></contributors><titles><title><style face="normal" font="default" size="100%">Initial meetings in child-at-risk cases: Developing a therapist-family alliance</style></title><secondary-title><style face="normal" font="default" size="100%">Australian and New Zealand Journal of Family Therapy</style></secondary-title></titles><periodical><full-title><style face="normal" font="default" size="100%">Australian and New Zealand Journal of Family Therapy</style></full-title></periodical><pages><style face="normal" font="default" size="100%">175-185</style></pages><volume><style face="normal" font="default" size="100%">12</style></volume><number><style face="normal" font="default" size="100%">4</style></number><keywords><keyword><style face="normal" font="default" size="100%">Child protection</style></keyword><keyword><style face="normal" font="default" size="100%">Family therapy</style></keyword><keyword><style face="normal" font="default" size="100%">Parents</style></keyword><keyword><style face="normal" font="default" size="100%">Therapeutic intervention</style></keyword></keywords><dates><year><style face="normal" font="default" size="100%">1991</style></year></dates><isbn><style face="normal" font="default" size="100%">0814-723X</style></isbn><abstract><style face="normal" font="default" size="100%">Child at risk cases pose some of the greatest challenges to family therapists. This paper outlines an approach to these cases based on a therapy project which incorporated the results of a qualitative research study investigating parents&apos; perceptions of intervention in child-at-risk cases. This paper focuses on initial meetings between therapists and family members, outlining ways to connect with parents, to establish ground rules for subsequent therapy and to develop relationships based on mutual respect and trust.</style></abstract><urls><pdf-urls><url>internal-pdf://MacKinnon et al 1991 - Initial meetings in child-0256454912/MacKinnon et al 1991 - Initial meetings in child.pdf</url></pdf-urls></urls></record><record><database name="NSCClibrary.enl" path="F:\NSCClibrary.enl">NSCClibrary.enl</database><source-app name="EndNote" version="17.1">EndNote</source-app><rec-number>3551</rec-number><foreign-keys><key app="EN" db-id="5s5ppfp52t55w0eadv7p5ss3vfxzs5fwwe5w">3551</key></foreign-keys><ref-type name="Journal Article">17</ref-type><contributors><authors><author><style face="normal" font="default" size="100%">MacKinnon, Laurie</style></author><author><style face="normal" font="default" size="100%">James, Kerrie</style></author></authors></contributors><titles><title><style face="normal" font="default" size="100%">Working with &quot;the Welfare&quot; in child-at-risk cases</style></title><secondary-title><style face="normal" font="default" size="100%">Australian and New Zealand Journal of Family Therapy</style></secondary-title></titles><periodical><full-title><style face="normal" font="default" size="100%">Australian and New Zealand Journal of Family Therapy</style></full-title></periodical><pages><style face="normal" font="default" size="100%">1-15</style></pages><volume><style face="normal" font="default" size="100%">13</style></volume><number><style face="normal" font="default" size="100%">1</style></number><keywords><keyword><style face="normal" font="default" size="100%">Child abuse</style></keyword><keyword><style face="normal" font="default" size="100%">Child protection</style></keyword><keyword><style face="normal" font="default" size="100%">Family therapy</style></keyword><keyword><style face="normal" font="default" size="100%">Therapeutic intervention</style></keyword></keywords><dates><year><style face="normal" font="default" size="100%">1992</style></year></dates><isbn><style face="normal" font="default" size="100%">0814-723X</style></isbn><abstract><style face="normal" font="default" size="100%">This paper, the second in a series concerned with family therapy in cases involving children at risk of abuse, focuses on how to establish a workable relationship between therapists and child protection professionals and child protection professionals and parents. After overviewing the difficulties faced by therapists in working with &apos;the Welfare&apos;, we propose guidelines to overcoming common obstacles to successful case management, concluding that therapy often fails when therapists attempt to deal with intrafamilial issues long before external relationships are resolved.</style></abstract><urls><pdf-urls><url>internal-pdf://MacKinnon et al 1992 - Working with the welfare-1631717120/MacKinnon et al 1992 - Working with the welfare.pdf</url></pdf-urls></urls></record><record><database name="NSCClibrary.enl" path="F:\NSCClibrary.enl">NSCClibrary.enl</database><source-app name="EndNote" version="17.1">EndNote</source-app><rec-number>3552</rec-number><foreign-keys><key app="EN" db-id="5s5ppfp52t55w0eadv7p5ss3vfxzs5fwwe5w">3552</key></foreign-keys><ref-type name="Journal Article">17</ref-type><contributors><authors><author><style face="normal" font="default" size="100%">MacKinnon, Laurie</style></author><author><style face="normal" font="default" size="100%">James, Kerrie</style></author></authors></contributors><titles><title><style face="normal" font="default" size="100%">Raising the stakes in child-at-risk cases: Eliciting and maintaining parents&apos; motivation</style></title><secondary-title><style face="normal" font="default" size="100%">Australian and New Zealand Journal of Family Therapy</style></secondary-title></titles><periodical><full-title><style face="normal" font="default" size="100%">Australian and New Zealand Journal of Family Therapy</style></full-title></periodical><pages><style face="normal" font="default" size="100%">59-71</style></pages><volume><style face="normal" font="default" size="100%">13</style></volume><number><style face="normal" font="default" size="100%">2</style></number><keywords><keyword><style face="normal" font="default" size="100%">Child abuse</style></keyword><keyword><style face="normal" font="default" size="100%">Family therapy</style></keyword><keyword><style face="normal" font="default" size="100%">Parents</style></keyword><keyword><style face="normal" font="default" size="100%">Therapeutic intervention</style></keyword></keywords><dates><year><style face="normal" font="default" size="100%">1992</style></year></dates><isbn><style face="normal" font="default" size="100%">0814-723X</style></isbn><abstract><style face="normal" font="default" size="100%">This paper, the third in a series concerned with family therapy in cases involving children at risk of abuse, describes an approach to maximising parents&apos; interest and commitment to therapy. After overviewing the difficulties faced by therapists in working with parents who are notorious for their &apos;resistance&apos;, we provide guidelines for minimising the negative consequences of notification and for constructing therapeutic leverage in order to elicit and maintain parents&apos; motivation throughout the course of therapy.</style></abstract><urls><pdf-urls><url>internal-pdf://MacKinnon et al 1992 - Raising the stakes-0423920640/MacKinnon et al 1992 - Raising the stakes.pdf</url></pdf-urls></urls></record><record><database name="NSCClibrary.enl" path="F:\NSCClibrary.enl">NSCClibrary.enl</database><source-app name="EndNote" version="17.1">EndNote</source-app><rec-number>3252</rec-number><foreign-keys><key app="EN" db-id="5s5ppfp52t55w0eadv7p5ss3vfxzs5fwwe5w">3252</key></foreign-keys><ref-type name="Journal Article">17</ref-type><contributors><authors><author><style face="normal" font="default" size="100%">McDonald, Catherine</style></author></authors></contributors><titles><title><style face="normal" font="default" size="100%">Social work interviewing and feminism</style></title><secondary-title><style face="normal" font="default" size="100%">Australian Social Work</style></secondary-title></titles><periodical><full-title><style face="normal" font="default" size="100%">Australian social work</style></full-title></periodical><pages><style face="normal" font="default" size="100%">13-16</style></pages><volume><style face="normal" font="default" size="100%">41</style></volume><number><style face="normal" font="default" size="100%">2</style></number><keywords><keyword><style face="normal" font="default" size="100%">Feminism</style></keyword><keyword><style face="normal" font="default" size="100%">Professionals</style></keyword><keyword><style face="normal" font="default" size="100%">Social work</style></keyword><keyword><style face="normal" font="default" size="100%">Therapist</style></keyword></keywords><dates><year><style face="normal" font="default" size="100%">1988</style></year></dates><isbn><style face="normal" font="default" size="100%">0312-407X</style></isbn><abstract><style face="normal" font="default" size="100%">Feminist therapists and counsellors have developed a distinct paradigm which combines feminist analysis, values and practice. Much of what they have developed is applicable to the social work interview. This article attempts to draw out the main features of the feminist paradigm so that social workers will be able to assess its value in respect of their practice.</style></abstract><urls><pdf-urls><url>internal-pdf://McDonald 1988 - Social work interviewing-2225617665/McDonald 1988 - Social work interviewing.pdf</url></pdf-urls></urls></record><record><database name="NSCClibrary.enl" path="F:\NSCClibrary.enl">NSCClibrary.enl</database><source-app name="EndNote" version="17.1">EndNote</source-app><rec-number>3190</rec-number><foreign-keys><key app="EN" db-id="5s5ppfp52t55w0eadv7p5ss3vfxzs5fwwe5w">3190</key></foreign-keys><ref-type name="Journal Article">17</ref-type><contributors><authors><author><style face="normal" font="default" size="100%">Mendes, David</style></author></authors></contributors><titles><title><style face="normal" font="default" size="100%">Science, humanness and love: An introduction to the thinking of Humberto Maturana</style></title><secondary-title><style face="normal" font="default" size="100%">Psychotherapy in Australia</style></secondary-title></titles><periodical><full-title><style face="normal" font="default" size="100%">Psychotherapy in Australia</style></full-title></periodical><pages><style face="normal" font="default" size="100%">41-45</style></pages><volume><style face="normal" font="default" size="100%">1</style></volume><number><style face="normal" font="default" size="100%">3</style></number><keywords><keyword><style face="normal" font="default" size="100%">Emotion</style></keyword><keyword><style face="normal" font="default" size="100%">Humans</style></keyword><keyword><style face="normal" font="default" size="100%">Language</style></keyword></keywords><dates><year><style face="normal" font="default" size="100%">1995</style></year></dates><abstract><style face="normal" font="default" size="100%">I must admit to a preference. I am passionate about the thinking of Humberto Maturana, and believe him to be one of the most important and informed thinkers of this age. Over the last 30 years, and arising from his work in the Biology of Cognition, Maturana has developed a complete systematic explanation of how human beings arose and of what it is to be human, an explanation founded simply in the processes of living, and which understands that our ultimate realities happen in daily life. At the centre of his reasoning are revolutionary explanations of language and emotions, and, most importantly, of how love is our fundamental emotion.</style></abstract><urls><pdf-urls><url>internal-pdf://Mendes 1995 - Science humanness-0240313857/Mendes 1995 - Science humanness.pdf</url></pdf-urls></urls></record><record><database name="NSCClibrary.enl" path="F:\NSCClibrary.enl">NSCClibrary.enl</database><source-app name="EndNote" version="17.1">EndNote</source-app><rec-number>3268</rec-number><foreign-keys><key app="EN" db-id="5s5ppfp52t55w0eadv7p5ss3vfxzs5fwwe5w">3268</key></foreign-keys><ref-type name="Journal Article">17</ref-type><contributors><authors><author><style face="normal" font="default" size="100%">Miller, Scott D.</style></author><author><style face="normal" font="default" size="100%">Duncan, Barry L</style></author><author><style face="normal" font="default" size="100%">Brown, Jeb</style></author><author><style face="normal" font="default" size="100%">Sparks, Jacqueline A.</style></author><author><style face="normal" font="default" size="100%">Claud, David A.</style></author></authors></contributors><titles><title><style face="normal" font="default" size="100%">The outcome rating scale: A preliminary study of the reliability, validity, and feasibility of a brief visual analog measure</style></title><secondary-title><style face="normal" font="default" size="100%">Journal of Brief Therapy</style></secondary-title></titles><periodical><full-title><style face="normal" font="default" size="100%">Journal of Brief Therapy</style></full-title></periodical><pages><style face="normal" font="default" size="100%">91-100</style></pages><volume><style face="normal" font="default" size="100%">2</style></volume><number><style face="normal" font="default" size="100%">2</style></number><keywords><keyword><style face="normal" font="default" size="100%">Evaluation</style></keyword><keyword><style face="normal" font="default" size="100%">Outcomes</style></keyword><keyword><style face="normal" font="default" size="100%">Rating scale</style></keyword><keyword><style face="normal" font="default" size="100%">Therapy</style></keyword><keyword><style face="normal" font="default" size="100%">Treatment</style></keyword></keywords><dates><year><style face="normal" font="default" size="100%">2003</style></year></dates><isbn><style face="normal" font="default" size="100%">1533-2098</style></isbn><abstract><style face="normal" font="default" size="100%">Industry-wide, there is a trend toward making outcome evaluation a routine part of therapeutic services. Although various multidimensional assessments of outcome are valid and reliable, their methodological complexity, length of administration, and cost often render them infeasible for many service providers and settings. The present article describes the development and validation of an ultra-brief outcome measure, the Outcome Rating Scale (ORS). The instrument’s psychometric properties are examined and reported for both clinical and nonclinical samples. Based on experience with the instrument at the various sites in the study, the feasibility of the scale is considered. Results indicate that the ORS represents a balanced trade-off between the reliability and validity of the longer measures, and the feasibility of this brief scale. Results and implications for clinical practice and future research are discussed.</style></abstract><urls><pdf-urls><url>internal-pdf://Miller et al 2003 - The outcome rating scale-0221910017/Miller et al 2003 - The outcome rating scale.pdf</url></pdf-urls></urls></record><record><database name="NSCClibrary.enl" path="F:\NSCClibrary.enl">NSCClibrary.enl</database><source-app name="EndNote" version="17.1">EndNote</source-app><rec-number>3266</rec-number><foreign-keys><key app="EN" db-id="5s5ppfp52t55w0eadv7p5ss3vfxzs5fwwe5w">3266</key></foreign-keys><ref-type name="Journal Article">17</ref-type><contributors><authors><author><style face="normal" font="default" size="100%">Miller, Scott D.</style></author><author><style face="normal" font="default" size="100%">Duncan, Barry L.</style></author><author><style face="normal" font="default" size="100%">Hubble, Mark A.</style></author></authors></contributors><titles><title><style face="normal" font="default" size="100%">Beyond integration: The triumph of outcome over process in clinical practice</style></title><secondary-title><style face="normal" font="default" size="100%">Psychotherapy in Australia</style></secondary-title></titles><periodical><full-title><style face="normal" font="default" size="100%">Psychotherapy in Australia</style></full-title></periodical><pages><style face="normal" font="default" size="100%">2-19</style></pages><volume><style face="normal" font="default" size="100%">10</style></volume><number><style face="normal" font="default" size="100%">2</style></number><keywords><keyword><style face="normal" font="default" size="100%">Evidence based practice</style></keyword><keyword><style face="normal" font="default" size="100%">Psychotherapy</style></keyword></keywords><dates><year><style face="normal" font="default" size="100%">2004</style></year></dates><abstract><style face="normal" font="default" size="100%">The empirically validated, integrative and evidence-based practice movements share in the belief that specific therapeutic ingredients, once isolated and delivered in reliable and consistent fashion, will work to improve outcome. Yet research and clinical experience indicates otherwise. How best to proceed in the light of such findings? Miller, Duncan and Hubble argue that the best hope for integration of the field is a focus on the common goal of change and the use of outcome to inform the clinical process. Significant improvements in client retention and outcome have been shown where therapists have feedback on the client&apos;s experience of the alliance and progress in treatment. Rather than evidence-based practice, therapists tailor their work through practice-based evidence.</style></abstract><urls><pdf-urls><url>internal-pdf://Miller et al 2004 - Beyond integration-1999863041/Miller et al 2004 - Beyond integration.pdf</url></pdf-urls></urls></record><record><database name="NSCClibrary.enl" path="F:\NSCClibrary.enl">NSCClibrary.enl</database><source-app name="EndNote" version="17.1">EndNote</source-app><rec-number>4775</rec-number><foreign-keys><key app="EN" db-id="5s5ppfp52t55w0eadv7p5ss3vfxzs5fwwe5w">4775</key></foreign-keys><ref-type name="Journal Article">17</ref-type><contributors><authors><author><style face="normal" font="default" size="100%">Msebele, Naison</style></author><author><style face="normal" font="default" size="100%">Brown, Hilary</style></author></authors></contributors><titles><title><style face="normal" font="default" size="100%">Racism in the consulting room: myth or reality?</style></title><secondary-title><style face="normal" font="default" size="100%">Psychoanalytic review</style></secondary-title></titles><periodical><full-title><style face="normal" font="default" size="100%">Psychoanalytic review</style></full-title></periodical><pages><style face="normal" font="default" size="100%">451-492</style></pages><volume><style face="normal" font="default" size="100%">98</style></volume><number><style face="normal" font="default" size="100%">4</style></number><keywords><keyword><style face="normal" font="default" size="100%">Racism</style></keyword><keyword><style face="normal" font="default" size="100%">Psychotherapy</style></keyword><keyword><style face="normal" font="default" size="100%">Racial difference</style></keyword></keywords><dates><year><style face="normal" font="default" size="100%">2011</style></year></dates><pub-location><style face="normal" font="default" size="100%">United States</style></pub-location><publisher><style face="normal" font="default" size="100%">Guilford Publications, Inc</style></publisher><isbn><style face="normal" font="default" size="100%">0033-2836</style></isbn><abstract><style face="normal" font="default" size="100%">This paper explores ways in which issues of race might impact on, and/or be ignored within, the practice of psychotherapy. Racial difference, that is being white as well as being black, taps into ingrained patterns of binary thinking that create hierarchies of &quot;otherness.&quot; This generates anxiety which leads some therapists to avoid seeing race or naming its resonance in the therapeutic alliance. The origins of this splitting may lie in the unconscious, from whence it can be subtly nudged into more conscious awareness, as a seminal paper by Andrew Curry, published in this journal, suggested some forty-five years ago. Other modalities bring these dynamics more directly into the therapeutic space by exploring the patient&apos;s familial history or their daily lived experiences of racial (dis)advantage from an explicitly empowering standpoint. But whatever route is taken, racism is not an animal that can, or should, be left sleeping in the corner of the consulting room.</style></abstract><urls><pdf-urls><url>internal-pdf://0567012105/Msebele2011Racism.pdf</url></pdf-urls></urls><research-notes><style face="normal" font="default" size="100%">European Continental Ancestry Group - psychology&#xD;African Continental Ancestry Group - psychology</style></research-notes></record><record><database name="NSCClibrary.enl" path="F:\NSCClibrary.enl">NSCClibrary.enl</database><source-app name="EndNote" version="17.1">EndNote</source-app><rec-number>3119</rec-number><foreign-keys><key app="EN" db-id="5s5ppfp52t55w0eadv7p5ss3vfxzs5fwwe5w">3119</key></foreign-keys><ref-type name="Journal Article">17</ref-type><contributors><authors><author><style face="normal" font="default" size="100%">Perosa, Linda</style></author></authors></contributors><titles><title><style face="normal" font="default" size="100%">Relations between Minuchin&apos;s structural family model and Kohut&apos;s self-psychology constructs</style></title><secondary-title><style face="normal" font="default" size="100%">Journal of Counseling &amp; Development</style></secondary-title></titles><periodical><full-title><style face="normal" font="default" size="100%">Journal of Counseling &amp; Development</style></full-title></periodical><pages><style face="normal" font="default" size="100%">385-392</style></pages><volume><style face="normal" font="default" size="100%">74</style></volume><number><style face="normal" font="default" size="100%">4</style></number><keywords><keyword><style face="normal" font="default" size="100%">Counselling</style></keyword><keyword><style face="normal" font="default" size="100%">Family</style></keyword><keyword><style face="normal" font="default" size="100%">Narcissism</style></keyword></keywords><dates><year><style face="normal" font="default" size="100%">1996</style></year></dates><isbn><style face="normal" font="default" size="100%">1556-6676</style></isbn><abstract><style face="normal" font="default" size="100%">This study examined the relations between S. Minuchin&apos;s (1974) structural family model and H. Kohut&apos;s (1971) self psychology constructs. A total of 164 college women completed the Structural Family Interaction Scale—Revised (SFIS-R), the Parental Relations Inventory (PRI), and the Goal Instability and Superiority scales from the Self-Expression Inventory, Two factors, Proximity-Differentiation and Generational Hierarchy-Differentiation, accounting for 90% of the variance, emerged from an exploratory factor analysis of the SFIS-R and PRI. The results of canonical correlation analysis, with the 2 factors included as predictor variables and the 2 scales measuring self-expression as the dependent variables, indicated that women raised in families with strong cross-generational alliances are likely to display narcissistic personality traits and to have difficulty setting goals. Implications for counselling are presented.</style></abstract><urls><pdf-urls><url>internal-pdf://Perosa 1996 - Relations between Minuchins-2127659265/Perosa 1996 - Relations between Minuchins.pdf</url></pdf-urls></urls></record><record><database name="NSCClibrary.enl" path="F:\NSCClibrary.enl">NSCClibrary.enl</database><source-app name="EndNote" version="17.1">EndNote</source-app><rec-number>3133</rec-number><foreign-keys><key app="EN" db-id="5s5ppfp52t55w0eadv7p5ss3vfxzs5fwwe5w">3133</key></foreign-keys><ref-type name="Journal Article">17</ref-type><contributors><authors><author><style face="normal" font="default" size="100%">Riordan, Richard J.</style></author><author><style face="normal" font="default" size="100%">Walsh, Lani</style></author></authors></contributors><titles><title><style face="normal" font="default" size="100%">Guidelines for professional referral to Alcoholics Anonymous and other twelve step groups</style></title><secondary-title><style face="normal" font="default" size="100%">Journal of Counseling &amp; Development</style></secondary-title></titles><periodical><full-title><style face="normal" font="default" size="100%">Journal of Counseling &amp; Development</style></full-title></periodical><pages><style face="normal" font="default" size="100%">351-355</style></pages><volume><style face="normal" font="default" size="100%">72</style></volume><number><style face="normal" font="default" size="100%">4</style></number><keywords><keyword><style face="normal" font="default" size="100%">Addiction</style></keyword><keyword><style face="normal" font="default" size="100%">Counselling</style></keyword><keyword><style face="normal" font="default" size="100%">Substance abuse</style></keyword><keyword><style face="normal" font="default" size="100%">Treatment</style></keyword></keywords><dates><year><style face="normal" font="default" size="100%">1994</style></year></dates><isbn><style face="normal" font="default" size="100%">1556-6676</style></isbn><abstract><style face="normal" font="default" size="100%">In working with clients who have addiction issues in addition to the presenting problem, counselors often consider support groups as adjuncts to treatment. &apos;Twelve step&apos; groups have been useful for this purpose. In this article the authors review Alcoholics Anonymous (AA), the oldest and largest twelve step group. They explore some criticisms of AA, describe its components and mechanics, and provide guidelines for client referral.</style></abstract><urls><pdf-urls><url>internal-pdf://Riordan et al 1994 - Guidelines for professional-3553771009/Riordan et al 1994 - Guidelines for professional.pdf</url></pdf-urls></urls></record><record><database name="NSCClibrary.enl" path="F:\NSCClibrary.enl">NSCClibrary.enl</database><source-app name="EndNote" version="17.1">EndNote</source-app><rec-number>3350</rec-number><foreign-keys><key app="EN" db-id="5s5ppfp52t55w0eadv7p5ss3vfxzs5fwwe5w">3350</key></foreign-keys><ref-type name="Journal Article">17</ref-type><contributors><authors><author><style face="normal" font="default" size="100%">Smith, Deborah</style></author></authors></contributors><titles><title><style face="normal" font="default" size="100%">Ten ways practitioners can avoid frequent ethical pitfalls</style></title><secondary-title><style face="normal" font="default" size="100%">InPsych</style></secondary-title></titles><periodical><full-title><style face="normal" font="default" size="100%">InPsych</style></full-title></periodical><pages><style face="normal" font="default" size="100%">35-39</style></pages><volume><style face="normal" font="default" size="100%">April</style></volume><keywords><keyword><style face="normal" font="default" size="100%">Ethics</style></keyword><keyword><style face="normal" font="default" size="100%">Law</style></keyword><keyword><style face="normal" font="default" size="100%">Professionals</style></keyword></keywords><dates><year><style face="normal" font="default" size="100%">2003</style></year></dates><abstract><style face="normal" font="default" size="100%">Talk to the ethics experts, and they&apos;ll tell you the best defense against an ethical problems is a good offense. By looking out for foreseeable conflicts and discussing them frankly with colleagues and clients, practitioners can evade the misunderstandings, hurt feelings and sticky situations that lead to hearings before ethics boards, lawsuits, loss of license or professional membership, or even more dire consequences.</style></abstract><urls><pdf-urls><url>internal-pdf://Smith 2003 - Ten ways practitioners can avoid-4270739457/Smith 2003 - Ten ways practitioners can avoid.pdf</url></pdf-urls></urls></record><record><database name="NSCClibrary.enl" path="F:\NSCClibrary.enl">NSCClibrary.enl</database><source-app name="EndNote" version="17.1">EndNote</source-app><rec-number>3480</rec-number><foreign-keys><key app="EN" db-id="5s5ppfp52t55w0eadv7p5ss3vfxzs5fwwe5w">3480</key></foreign-keys><ref-type name="Journal Article">17</ref-type><contributors><authors><author><style face="normal" font="default" size="100%">Webster, Michelle</style></author></authors></contributors><titles><title><style face="normal" font="default" size="100%">Emotional abuse in therapy</style></title><secondary-title><style face="normal" font="default" size="100%">Australian and New Zealand Journal of Family Therapy</style></secondary-title></titles><periodical><full-title><style face="normal" font="default" size="100%">Australian and New Zealand Journal of Family Therapy</style></full-title></periodical><pages><style face="normal" font="default" size="100%">137-45</style></pages><volume><style face="normal" font="default" size="100%">12</style></volume><number><style face="normal" font="default" size="100%">3</style></number><keywords><keyword><style face="normal" font="default" size="100%">Clinical practice</style></keyword><keyword><style face="normal" font="default" size="100%">Emotional abuse</style></keyword><keyword><style face="normal" font="default" size="100%">Ethics</style></keyword><keyword><style face="normal" font="default" size="100%">Professionals</style></keyword><keyword><style face="normal" font="default" size="100%">Therapist</style></keyword><keyword><style face="normal" font="default" size="100%">Therapy</style></keyword><keyword><style face="normal" font="default" size="100%">Trauma</style></keyword></keywords><dates><year><style face="normal" font="default" size="100%">1991</style></year></dates><abstract><style face="normal" font="default" size="100%">This paper presents the experiences of clients who have been emotionally abused in therapy. By this I mean the intentional and unintentional conduct they experienced from therapists towards them that was not in their best interests. By sharing these experiences, I will explore emotional abuse in therapy, how it can be defined, the effects of such on clients and the methods of healing these traumatic experiences. Recommendations will be discussed in the light of this information for practising therapists, professional training and development, standards and ethical committees.</style></abstract><urls><pdf-urls><url>internal-pdf://Webster 1991 - Emotional abuse in therapy-2662175489/Webster 1991 - Emotional abuse in therapy.pdf</url></pdf-urls></urls></record></records></xml>