<?xml version="1.0" encoding="UTF-8" ?><xml><records><record><database name="NSCClibrary.enl" path="F:\NSCClibrary.enl">NSCClibrary.enl</database><source-app name="EndNote" version="17.1">EndNote</source-app><rec-number>3304</rec-number><foreign-keys><key app="EN" db-id="5s5ppfp52t55w0eadv7p5ss3vfxzs5fwwe5w">3304</key></foreign-keys><ref-type name="Journal Article">17</ref-type><contributors><authors><author><style face="normal" font="default" size="100%">Ford Peters, Deborah</style></author></authors></contributors><titles><title><style face="normal" font="default" size="100%">Examining child sexual abuse evaluations: The types of information affecting expert judgment</style></title><secondary-title><style face="normal" font="default" size="100%">Child Abuse &amp; Neglect</style></secondary-title></titles><periodical><full-title><style face="normal" font="default" size="100%">Child Abuse &amp; Neglect</style></full-title></periodical><pages><style face="normal" font="default" size="100%">149-178</style></pages><volume><style face="normal" font="default" size="100%">25</style></volume><number><style face="normal" font="default" size="100%">1</style></number><keywords><keyword><style face="normal" font="default" size="100%">Child sexual abuse</style></keyword><keyword><style face="normal" font="default" size="100%">Decision making</style></keyword><keyword><style face="normal" font="default" size="100%">Disclosure</style></keyword><keyword><style face="normal" font="default" size="100%">Evaluation</style></keyword><keyword><style face="normal" font="default" size="100%">Expert judgement</style></keyword></keywords><dates><year><style face="normal" font="default" size="100%">2001</style></year></dates><isbn><style face="normal" font="default" size="100%">0145-2134</style></isbn><abstract><style face="normal" font="default" size="100%">There were two aims: First, to determine to what extent four variables, disclosure, doll play, affect and collateral information, affect the decision-making processes of child sexual abuse experts and lay persons when confronted with an abuse allegation, and second, to see how these two groups of raters might differ from one another. Method: A randomised block partially confounded factorial design was used. Participants made abuse likelihood and confidence ratings in response to six hypothetical cases of child sexual abuse, four of which had varying combinations of the four types of information and two of which were constant across all raters. Participants also completed attitudes and knowledge questionnaires. Results: Disclosure and collateral information both had large effects on both rater groups. Doll play and affect had little or no effect on the decisions of either group. Experts were slightly more conservative in their judgments over all than students were. Experts also displayed more knowledge of the sexual abuse literature and more child-believing attitudes than their student counterparts. Conclusion: Concrete information such as disclosure statements and collateral information affected abuse decisions while inferential data such as doll play and affect did not. The goal of these evaluations may be the clarification of such concrete information and the inferential data may be used only to guide one’s inquiry. This conclusion argues against the concern that experts might jump to conclusions of abuse merely based upon suggestive, symbolic material.</style></abstract><urls><pdf-urls><url>internal-pdf://Ford Peters 2001 - Examining child sexual-2815044608/Ford Peters 2001 - Examining child sexual.pdf</url></pdf-urls></urls></record><record><database name="NSCClibrary.enl" path="F:\NSCClibrary.enl">NSCClibrary.enl</database><source-app name="EndNote" version="17.1">EndNote</source-app><rec-number>3096</rec-number><foreign-keys><key app="EN" db-id="5s5ppfp52t55w0eadv7p5ss3vfxzs5fwwe5w">3096</key></foreign-keys><ref-type name="Journal Article">17</ref-type><contributors><authors><author><style face="normal" font="default" size="100%">Myers, John E.B.</style></author></authors></contributors><titles><title><style face="normal" font="default" size="100%">Expert testimony regarding child sexual abuse</style></title><secondary-title><style face="normal" font="default" size="100%">Child Abuse &amp; Neglect</style></secondary-title></titles><periodical><full-title><style face="normal" font="default" size="100%">Child Abuse &amp; Neglect</style></full-title></periodical><pages><style face="normal" font="default" size="100%">175-185</style></pages><volume><style face="normal" font="default" size="100%">17</style></volume><number><style face="normal" font="default" size="100%">1</style></number><keywords><keyword><style face="normal" font="default" size="100%">Child sexual abuse</style></keyword><keyword><style face="normal" font="default" size="100%">Criminal justice system</style></keyword><keyword><style face="normal" font="default" size="100%">Expert testimony</style></keyword><keyword><style face="normal" font="default" size="100%">Expert witness</style></keyword><keyword><style face="normal" font="default" size="100%">Law</style></keyword><keyword><style face="normal" font="default" size="100%">Legal</style></keyword><keyword><style face="normal" font="default" size="100%">Witness statements</style></keyword></keywords><dates><year><style face="normal" font="default" size="100%">1993</style></year></dates><isbn><style face="normal" font="default" size="100%">0145-2134</style></isbn><abstract><style face="normal" font="default" size="100%">Expert testimony plays an important role in child sexual abuse litigation in criminal, juvenile, and family courts. This article discusses legal issues relating to expert testimony, including: (a) when expert testimony is permitted, (b) qualifications of expert witnesses on child sexual abuse, (c) permissible bases supporting expert testimony, (d) expert testimony on ultimate factual and legal issues. (e) the reasonable certainty standard of expert testimony, (f) the inappropriateness of equating clinical decision making with the legal degrees of proof, and (g) application of the doctrine of res judicata in litigation regarding child sexual abuse in family court. The article also provides a summary of contemporary case law regarding expert testimony offered in child sexual abuse litigation.</style></abstract><urls><pdf-urls><url>internal-pdf://Myers 1993 - Expert testimony regarding-2623124481/Myers 1993 - Expert testimony regarding.pdf</url></pdf-urls></urls></record><record><database name="NSCClibrary.enl" path="F:\NSCClibrary.enl">NSCClibrary.enl</database><source-app name="EndNote" version="17.1">EndNote</source-app><rec-number>3360</rec-number><foreign-keys><key app="EN" db-id="5s5ppfp52t55w0eadv7p5ss3vfxzs5fwwe5w">3360</key></foreign-keys><ref-type name="Conference Paper">47</ref-type><contributors><authors><author><style face="normal" font="default" size="100%">Stern, Paul</style></author></authors></contributors><titles><title><style face="normal" font="default" size="100%">Surviving in the courtroom: Twelve rules of testifying as an expert witness</style></title><secondary-title><style face="normal" font="default" size="100%">Child Protection Council Seminar</style></secondary-title></titles><pages><style face="normal" font="default" size="100%">8</style></pages><keywords><keyword><style face="normal" font="default" size="100%">Criminal justice system</style></keyword><keyword><style face="normal" font="default" size="100%">Expert witness</style></keyword><keyword><style face="normal" font="default" size="100%">Law</style></keyword><keyword><style face="normal" font="default" size="100%">Testimony</style></keyword><keyword><style face="normal" font="default" size="100%">Witness statements</style></keyword></keywords><dates><year><style face="normal" font="default" size="100%">1998</style></year><pub-dates><date><style face="normal" font="default" size="100%">11 September 1998</style></date></pub-dates></dates><abstract><style face="normal" font="default" size="100%">It scares both of us, but for different reasons. When the &quot;expert witness&quot; takes the stand in a criminal trial, both the witness and the prosecutor generally panic a little. And for good reason. For the expert witness, the fear is that they will say something wrong and all the lawyers will jump up and start carrying on, screaming and pointing shaking fingers in their general directions. As the prosecutor, the fear is that what the witness has told me in my office five minutes ago are words I may never hear again. Worse yet, that the witness will fall easy prey to the defense attorney&apos;s cross-examination, sometimes even before the second question is asked. Fear no longer. If both the witness and the prosecutor understand what is expected of them, there is no reason to fear. First, learn how the criminal justice system works and then, learn how to testify without hoping the earth will open up and swallow you whole. Here, then, to help you through, are 12 Rules of Testifying as an Expert Witness.</style></abstract><urls><pdf-urls><url>internal-pdf://Stern 1998 - Surviving in the courtroom-0176995841/Stern 1998 - Surviving in the courtroom.pdf</url></pdf-urls></urls></record><record><database name="NSCClibrary.enl" path="F:\NSCClibrary.enl">NSCClibrary.enl</database><source-app name="EndNote" version="17.1">EndNote</source-app><rec-number>3364</rec-number><foreign-keys><key app="EN" db-id="5s5ppfp52t55w0eadv7p5ss3vfxzs5fwwe5w">3364</key></foreign-keys><ref-type name="Journal Article">17</ref-type><contributors><authors><author><style face="normal" font="default" size="100%">Stevens, Bruce A.</style></author></authors></contributors><titles><title><style face="normal" font="default" size="100%">In the witness box: Preparing for court and giving evidence</style></title><secondary-title><style face="normal" font="default" size="100%">InPsych</style></secondary-title></titles><periodical><full-title><style face="normal" font="default" size="100%">InPsych</style></full-title></periodical><pages><style face="normal" font="default" size="100%">22-24</style></pages><volume><style face="normal" font="default" size="100%">April</style></volume><keywords><keyword><style face="normal" font="default" size="100%">Courts</style></keyword><keyword><style face="normal" font="default" size="100%">Expert witness</style></keyword><keyword><style face="normal" font="default" size="100%">Law</style></keyword><keyword><style face="normal" font="default" size="100%">Professionals</style></keyword><keyword><style face="normal" font="default" size="100%">Testimony</style></keyword><keyword><style face="normal" font="default" size="100%">Therapy</style></keyword><keyword><style face="normal" font="default" size="100%">Witness statements</style></keyword></keywords><dates><year><style face="normal" font="default" size="100%">2003</style></year></dates><abstract><style face="normal" font="default" size="100%">Court phobia seems to be a condition that afflicts many psychologists. The odd thing is that many practitioners do not think that it is treatable! In this article, BRUCE STEVENS MAPS (Forensic College member), offers a set of treatment guidelines that incorporates challenging irrational thoughts (for CBT practitioners), analysing unconscious impulses of the id (for psychoanalytic psychotherapists), and breaking self-defeating intergenerational family themes (for family therapists). What is really important is simply having a professional approach that makes it easy to prepare for court and becoming familiar with some of the common pitfalls.</style></abstract><urls><pdf-urls><url>internal-pdf://Stevens 2003 - In the witness box-1086060545/Stevens 2003 - In the witness box.pdf</url></pdf-urls></urls></record></records></xml>