<?xml version="1.0" encoding="UTF-8" ?><xml><records><record><database name="NSCClibrary.enl" path="F:\NSCClibrary.enl">NSCClibrary.enl</database><source-app name="EndNote" version="17.1">EndNote</source-app><rec-number>3353</rec-number><foreign-keys><key app="EN" db-id="5s5ppfp52t55w0eadv7p5ss3vfxzs5fwwe5w">3353</key></foreign-keys><ref-type name="Government Document">46</ref-type><contributors><authors><author><style face="normal" font="default" size="100%">Spencer, Carlie</style></author></authors><secondary-authors><author><style face="normal" font="default" size="100%">Employment Equity and Diversity, Public Employment Office</style></author></secondary-authors></contributors><titles><title><style face="normal" font="default" size="100%">Mentoring made easy: A practical guide</style></title></titles><pages><style face="normal" font="default" size="100%">28</style></pages><edition><style face="normal" font="default" size="100%">3rd</style></edition><keywords><keyword><style face="normal" font="default" size="100%">EEO</style></keyword><keyword><style face="normal" font="default" size="100%">Employment</style></keyword><keyword><style face="normal" font="default" size="100%">Mentoring</style></keyword><keyword><style face="normal" font="default" size="100%">Professionals</style></keyword></keywords><dates><year><style face="normal" font="default" size="100%">2004</style></year></dates><pub-location><style face="normal" font="default" size="100%">Sydney, NSW</style></pub-location><publisher><style face="normal" font="default" size="100%">NSW Premier&apos;s Department</style></publisher><abstract><style face="normal" font="default" size="100%">Mentoring provides an opportunity to build the potential of employees. lt fosters professional relationships where parties have the opportunity to collaborate and share insights. lt provides a forum to offer constructive and frank advice to support the career development of the mentee. lt is particularly effective in fostering the career development of members of equal employment opportunity (EEO) groups such as women, people with a disability, Aboriginal people and Torres Strait Islanders and members of racial, ethnic, and ethno-religious minority groups. Mentoring offers managers and executives a cost-effective way of assisting groups of employees to acquire the knowledge and skills to operate within a changing environment. This booklet simplifies the process, and showcases the experiences of a number of NSW Public Sector agencies. This booklet will also be useful to people who wish to establish a mentoring relationship outside a formal agency-sponsored program.</style></abstract><urls><pdf-urls><url>internal-pdf://Spencer 2004 - Mentoring made easy-1355449856/Spencer 2004 - Mentoring made easy.pdf</url></pdf-urls></urls></record></records></xml>