<?xml version="1.0" encoding="UTF-8" ?><xml><records><record><database name="NSCClibrary.enl" path="F:\NSCClibrary.enl">NSCClibrary.enl</database><source-app name="EndNote" version="17.1">EndNote</source-app><rec-number>2773</rec-number><foreign-keys><key app="EN" db-id="5s5ppfp52t55w0eadv7p5ss3vfxzs5fwwe5w">2773</key></foreign-keys><ref-type name="Journal Article">17</ref-type><contributors><authors><author><style face="normal" font="default" size="100%">Delaronde, S.</style></author><author><style face="normal" font="default" size="100%">King, G.</style></author><author><style face="normal" font="default" size="100%">Bendel, R.</style></author><author><style face="normal" font="default" size="100%">Reece, R.</style></author></authors></contributors><titles><title><style face="normal" font="default" size="100%">Opinions among mandated reporters toward child maltreatment reporting policies</style></title><secondary-title><style face="normal" font="default" size="100%">Child Abuse &amp; Neglect</style></secondary-title></titles><periodical><full-title><style face="normal" font="default" size="100%">Child Abuse &amp; Neglect</style></full-title></periodical><pages><style face="normal" font="default" size="100%">901-910</style></pages><volume><style face="normal" font="default" size="100%">24</style></volume><number><style face="normal" font="default" size="100%">7</style></number><keywords><keyword><style face="normal" font="default" size="100%">Mandatory reporting</style></keyword><keyword><style face="normal" font="default" size="100%">Child maltreatment</style></keyword></keywords><dates><year><style face="normal" font="default" size="100%">2000</style></year></dates><isbn><style face="normal" font="default" size="100%">0145-2134</style></isbn><abstract><style face="normal" font="default" size="100%">Objective: This study investigates the opinions of social workers, pediatricians, and physician assistants in their support for the existing child maltreatment mandated reporting policy and an alternative reporting policy. Differences in professional training, age, gender, reporting behavior, attitudes towards reporting, and level of certainty needed to report were considered in determining which group of mandated reporters was most likely to support either the existing or an alternative policy. Method: A total of 382 social workers, pediatricians, and physician assistants in Connecticut and Massachusetts completed a self-report questionnaire. This sample represented an overall adjusted response rate of 76%. Results: There was slightly more support for the existing reporting policy compared to the alternative policy. After controlling for age, attitudinal variables, and reporting behavior, social workers were significantly more likely to favor an alternative child maltreatment reporting policy than pediatricians or physician assistants. Also, those mandated reporters who had not consistently reported all suspected cases of maltreatment were significantly more likely to favor the alternative policy than consistent reporters. Conclusions: Because the majority of mandated reporters do not consistently report all suspected cases of maltreatment and support for an alternative reporting policy varies among different groups, consideration of alternative strategies and policies that address the concerns of different types of professionals may be appropriate.</style></abstract><urls><pdf-urls><url>internal-pdf://Delaronde, Steven et al 2000 - Opinions Among Mandated Repor-2482337792/Delaronde, Steven et al 2000 - Opinions Among Mandated Repor.pdf</url></pdf-urls></urls></record><record><database name="NSCClibrary.enl" path="F:\NSCClibrary.enl">NSCClibrary.enl</database><source-app name="EndNote" version="17.1">EndNote</source-app><rec-number>3001</rec-number><foreign-keys><key app="EN" db-id="5s5ppfp52t55w0eadv7p5ss3vfxzs5fwwe5w">3001</key></foreign-keys><ref-type name="Journal Article">17</ref-type><contributors><authors><author><style face="normal" font="default" size="100%">Finkelhor, David</style></author><author><style face="normal" font="default" size="100%">Zellman, Gail L.</style></author></authors></contributors><titles><title><style face="normal" font="default" size="100%">Flexible reporting options for skilled child abuse professionals</style></title><secondary-title><style face="normal" font="default" size="100%">Child Abuse &amp; Neglect</style></secondary-title></titles><periodical><full-title><style face="normal" font="default" size="100%">Child Abuse &amp; Neglect</style></full-title></periodical><pages><style face="normal" font="default" size="100%">335-341</style></pages><volume><style face="normal" font="default" size="100%">15</style></volume><keywords><keyword><style face="normal" font="default" size="100%">Child abuse</style></keyword><keyword><style face="normal" font="default" size="100%">Mandatory reporting</style></keyword></keywords><dates><year><style face="normal" font="default" size="100%">1991</style></year></dates><isbn><style face="normal" font="default" size="100%">0145-2134</style></isbn><abstract><style face="normal" font="default" size="100%">Large numbers of professionals fail to report suspected child abuse. More than two decades after the universal implementation of mandatory reporting laws, a national survey indicates that as many as 40% of mandated reporters have violated these laws at some time (Zellman, 1990). Numerous other research studies, using a variety of different methods, confirm this high level of noncompliance.</style></abstract><urls><pdf-urls><url>internal-pdf://Finkelhor et al 1991 - Flexible reporting options for-1823263489/Finkelhor et al 1991 - Flexible reporting options for.pdf</url></pdf-urls></urls></record><record><database name="NSCClibrary.enl" path="F:\NSCClibrary.enl">NSCClibrary.enl</database><source-app name="EndNote" version="17.1">EndNote</source-app><rec-number>3014</rec-number><foreign-keys><key app="EN" db-id="5s5ppfp52t55w0eadv7p5ss3vfxzs5fwwe5w">3014</key></foreign-keys><ref-type name="Journal Article">17</ref-type><contributors><authors><author><style face="normal" font="default" size="100%">Jackson, Helene</style></author><author><style face="normal" font="default" size="100%">Nuttall, Ronald</style></author></authors></contributors><titles><title><style face="normal" font="default" size="100%">Clinician responses to sexual abuse allegations</style></title><secondary-title><style face="normal" font="default" size="100%">Child Abuse &amp; Neglect</style></secondary-title></titles><periodical><full-title><style face="normal" font="default" size="100%">Child Abuse &amp; Neglect</style></full-title></periodical><pages><style face="normal" font="default" size="100%">127-143</style></pages><volume><style face="normal" font="default" size="100%">17</style></volume><number><style face="normal" font="default" size="100%">1</style></number><keywords><keyword><style face="normal" font="default" size="100%">Allegations</style></keyword><keyword><style face="normal" font="default" size="100%">Professionals</style></keyword></keywords><dates><year><style face="normal" font="default" size="100%">1993</style></year></dates><isbn><style face="normal" font="default" size="100%">0145-2134</style></isbn><abstract><style face="normal" font="default" size="100%">We conducted a survey using an experimental design to identify how and to what extent specific personal and case factors affect clinicians&apos; judgments about sexual abuse allegations. We drew a stratified random sample of 1,635 United States clinicians from national directories of clinical social work, pediatrics, psychiatry and psychology. Six hundred and fifty-six completed questionnaires were obtained, yielding a 42% response rate. We asked each subject to read and rate, on a 6 point scale. 16 vignettes alleging sexual abuse. The scale ranged from 1 (very confident it did not occur), to 6 (very confident it did occur). On average, respondents were &quot;slightly confident sexual abuse had occurred&quot; Of = 4.03; SD = 0.6). This finding was significantly different from a mean of 3.50, which is the expected null result. Seven case factors affected credibilit n, ratings at the .01 level: perpetrators&apos; race (Caucasians viewed as perpetrators more than minorities); perpetrators&apos; relationship to victim (family members more often seen as perpetrators): victims&apos; race (minorities more credible as victims): victims&apos; affect (those showing negative affect more believable): age (younger victims more often seen as victimised): behavioral changes in the victim; and perpetrator&apos;s history of substance abuse. Six clinician factors were significant at the .05 level: age (younger clinicians were more credulous), gender (females more credulous), discipline (clinical social workers more credulous), theoretical orientation (family systems oriented more credulous) and personal history of sexual or physical abuse (abuse history more credulous).</style></abstract><urls><pdf-urls><url>internal-pdf://Jackson et al 1993 - Clinician responses to sexual-0625585408/Jackson et al 1993 - Clinician responses to sexual.pdf</url></pdf-urls></urls></record><record><database name="NSCClibrary.enl" path="F:\NSCClibrary.enl">NSCClibrary.enl</database><source-app name="EndNote" version="17.1">EndNote</source-app><rec-number>3296</rec-number><foreign-keys><key app="EN" db-id="5s5ppfp52t55w0eadv7p5ss3vfxzs5fwwe5w">3296</key></foreign-keys><ref-type name="Journal Article">17</ref-type><contributors><authors><author><style face="normal" font="default" size="100%">O&apos;Toole, Richard</style></author><author><style face="normal" font="default" size="100%">Webster, Stephen W.</style></author><author><style face="normal" font="default" size="100%">O’Toole, Anita W.</style></author><author><style face="normal" font="default" size="100%">Lucal, Betsy</style></author></authors></contributors><titles><title><style face="normal" font="default" size="100%">Teachers’ recognition and reporting of child abuse: A factorial survey</style></title><secondary-title><style face="normal" font="default" size="100%">Child Abuse &amp; Neglect</style></secondary-title></titles><periodical><full-title><style face="normal" font="default" size="100%">Child Abuse &amp; Neglect</style></full-title></periodical><pages><style face="normal" font="default" size="100%">1083-1101</style></pages><volume><style face="normal" font="default" size="100%">23</style></volume><number><style face="normal" font="default" size="100%">11</style></number><keywords><keyword><style face="normal" font="default" size="100%">Child abuse</style></keyword><keyword><style face="normal" font="default" size="100%">Child protection</style></keyword><keyword><style face="normal" font="default" size="100%">Education</style></keyword><keyword><style face="normal" font="default" size="100%">Mandatory reporting</style></keyword></keywords><dates><year><style face="normal" font="default" size="100%">1999</style></year></dates><isbn><style face="normal" font="default" size="100%">0145-2134</style></isbn><abstract><style face="normal" font="default" size="100%">Objective: The major aim of this study was to determine the effect of characteristics of the case, the teacher, and the organisational setting on recognition and reporting of child abuse. Method: A factorial survey design was employed in which a probability sample of teachers (N = 480) responded to vignettes in which case characteristics were systematically manipulated. Results: Analysis using OLS regression showed that case characteristics alone accounted for 50.30% of the variance in recognition and 51.08% of the variance in reporting: the strongest effects were from type and seriousness of abuse, positive behavior of the victim and positive psychology of the perpetrator. The inclusion of variables describing the teachers and the school explained only a very small additional proportion of the variance in teacher’s responses. Conclusions: Teachers responses to child abuse are relatively unbiased by either the extraneous characteristics of the perpetrator or victim, the responding teacher, or the school setting. The findings do not appear to support the problem of “overreporting.” There is evidence for “underreporting,” particularly in less serious cases involving physical and emotional abuse. Teachers are undeterred by the many problems and fears that may accompany a report of child abuse to Child Protective Services. Teachers use discretion in reporting abuse they recognise.</style></abstract><urls><pdf-urls><url>internal-pdf://O&apos;Toole et al 1999 - Teachers recognition-3061858305/O&apos;Toole et al 1999 - Teachers recognition.pdf</url></pdf-urls></urls></record><record><database name="NSCClibrary.enl" path="F:\NSCClibrary.enl">NSCClibrary.enl</database><source-app name="EndNote" version="17.1">EndNote</source-app><rec-number>3208</rec-number><foreign-keys><key app="EN" db-id="5s5ppfp52t55w0eadv7p5ss3vfxzs5fwwe5w">3208</key></foreign-keys><ref-type name="Journal Article">17</ref-type><contributors><authors><author><style face="normal" font="default" size="100%">Van Haeringen, Alison R.</style></author><author><style face="normal" font="default" size="100%">Dadds, Mark R.</style></author><author><style face="normal" font="default" size="100%">Armstrong, Kenneth L.</style></author></authors></contributors><titles><title><style face="normal" font="default" size="100%">The child abuse lottery: Will the doctor suspect and report? Physician attitudes towards and reporting of suspected child abuse and neglect</style></title><secondary-title><style face="normal" font="default" size="100%">Child Abuse &amp; Neglect</style></secondary-title></titles><periodical><full-title><style face="normal" font="default" size="100%">Child Abuse &amp; Neglect</style></full-title></periodical><pages><style face="normal" font="default" size="100%">159-169</style></pages><volume><style face="normal" font="default" size="100%">22</style></volume><number><style face="normal" font="default" size="100%">3</style></number><keywords><keyword><style face="normal" font="default" size="100%">Child abuse</style></keyword><keyword><style face="normal" font="default" size="100%">Child neglect</style></keyword><keyword><style face="normal" font="default" size="100%">Mandatory reporting</style></keyword><keyword><style face="normal" font="default" size="100%">Medical examination</style></keyword></keywords><dates><year><style face="normal" font="default" size="100%">1998</style></year></dates><isbn><style face="normal" font="default" size="100%">0145-2134</style></isbn><abstract><style face="normal" font="default" size="100%">Objective: To assess the responsiveness and attitudes of medical practitioners to the reporting of suspected child abuse or neglect. To determine whether characteristics of the medical practitioner (specialist or generalist, rural or urban based, age since graduation, gender, having children of their own) influenced the responsiveness to reporting. Method: A survey of all members of the Australian College of Paediatrics in Queensland and paediatric registrars at a tertiary training hospital in Brisbane (n = 124) and a random sample of Queensland GPs (n = 100). The survey requested demographic details, responses to three case vignettes suggestive of possible phyiscal abuse or neglect and details of suspected child abuse or neglect reporting behaviour. Results: There were a wide range of responses to the case vignettes, but responses did not vary between specialities. Forty-three percent of all doctors have at some stage considered a case as suspected child abuse or neglect and decided not to report despite a legel mandate to do so. General practitioners were more cautious towards reporting. The reasons for not reporting were multiple but highlighted perceived problems in the services available for the child and family once a report was made. Conclusions: There is a need for continuing education of medical practitioners regarding symptoms and signs of physical abuse and the role of doctors in the multidisciplinary management of child abuse. To some extent chidlren&apos;s outcome when presenting to medical practitioners as a result of child abuse or neglect is no better than a lottery, dependent on which doctor they happen to see.</style></abstract><urls><pdf-urls><url>internal-pdf://Van Haeringen et al 1998 - The child abuse lottery-0482716160/Van Haeringen et al 1998 - The child abuse lottery.pdf</url></pdf-urls></urls></record><record><database name="NSCClibrary.enl" path="F:\NSCClibrary.enl">NSCClibrary.enl</database><source-app name="EndNote" version="17.1">EndNote</source-app><rec-number>3171</rec-number><foreign-keys><key app="EN" db-id="5s5ppfp52t55w0eadv7p5ss3vfxzs5fwwe5w">3171</key></foreign-keys><ref-type name="Journal Article">17</ref-type><contributors><authors><author><style face="normal" font="default" size="100%">Winefield, Helen R.</style></author><author><style face="normal" font="default" size="100%">Bradley, Patrick W.</style></author></authors></contributors><titles><title><style face="normal" font="default" size="100%">Substantiation of reported child abuse or neglect: Predictors and implications</style></title><secondary-title><style face="normal" font="default" size="100%">Child Abuse &amp; Neglect</style></secondary-title></titles><periodical><full-title><style face="normal" font="default" size="100%">Child Abuse &amp; Neglect</style></full-title></periodical><pages><style face="normal" font="default" size="100%">661-671</style></pages><volume><style face="normal" font="default" size="100%">16</style></volume><number><style face="normal" font="default" size="100%">5</style></number><keywords><keyword><style face="normal" font="default" size="100%">Child abuse</style></keyword><keyword><style face="normal" font="default" size="100%">Child neglect</style></keyword><keyword><style face="normal" font="default" size="100%">Child protection</style></keyword><keyword><style face="normal" font="default" size="100%">Mandatory reporting</style></keyword><keyword><style face="normal" font="default" size="100%">Substantiation</style></keyword></keywords><dates><year><style face="normal" font="default" size="100%">1992</style></year></dates><isbn><style face="normal" font="default" size="100%">0145-2134</style></isbn><abstract><style face="normal" font="default" size="100%">Underreporting and overreporting of suspected child abuse and neglect cases reduce the efficiency of child protection services. We used all the reports in South Australia for 1988-1989 (N = 3 228) to study the determinants of the decision by child protection workers to register a reported incident as being one of child abuse and neglect. Logistic regression showed that registration (substantiation) was predictable from two variables: the age of the alleged victim and the caseworker&apos;s estimate of severity. This latter variable needs investigation, as despite its crucial role we have no information on how caseworkers form a judgement about severity.</style></abstract><urls><pdf-urls><url>internal-pdf://Winefield et al 1992 - Substantiation of reported-1615291393/Winefield et al 1992 - Substantiation of reported.pdf</url></pdf-urls></urls></record><record><database name="NSCClibrary.enl" path="F:\NSCClibrary.enl">NSCClibrary.enl</database><source-app name="EndNote" version="17.1">EndNote</source-app><rec-number>3176</rec-number><foreign-keys><key app="EN" db-id="5s5ppfp52t55w0eadv7p5ss3vfxzs5fwwe5w">3176</key></foreign-keys><ref-type name="Journal Article">17</ref-type><contributors><authors><author><style face="normal" font="default" size="100%">Wurtele, Sandy K.</style></author><author><style face="normal" font="default" size="100%">Schmitt, Ann</style></author></authors></contributors><titles><title><style face="normal" font="default" size="100%">Child care workers&apos; knowledge about reporting suspected child sexual abuse</style></title><secondary-title><style face="normal" font="default" size="100%">Child Abuse &amp; Neglect</style></secondary-title></titles><periodical><full-title><style face="normal" font="default" size="100%">Child Abuse &amp; Neglect</style></full-title></periodical><pages><style face="normal" font="default" size="100%">385-390</style></pages><volume><style face="normal" font="default" size="100%">16</style></volume><number><style face="normal" font="default" size="100%">3</style></number><keywords><keyword><style face="normal" font="default" size="100%">Child sexual abuse</style></keyword><keyword><style face="normal" font="default" size="100%">Day care</style></keyword><keyword><style face="normal" font="default" size="100%">Education</style></keyword><keyword><style face="normal" font="default" size="100%">Mandatory reporting</style></keyword><keyword><style face="normal" font="default" size="100%">Preschool</style></keyword><keyword><style face="normal" font="default" size="100%">Reporting</style></keyword></keywords><dates><year><style face="normal" font="default" size="100%">1992</style></year></dates><isbn><style face="normal" font="default" size="100%">0145-2134</style></isbn><abstract><style face="normal" font="default" size="100%">As reports of the sexual abuse of preschool-aged children increase and the number of children in day care expands, it is important to recognize child care workers as potentially important resource persons for sexually abused prescloolers. Although they are potential resources for abused children, they may fail to report suspected abuse if they do no know their legal responsibilities and their rights and protections under the law. The purpose of this study was to determine child care workers&apos; knowledge about their reporting rights and responsibilities. Relative to child sexual abuse experts, day care personnel knew significantly less about the procedures for reporting suspected abuse and their protection under the law. Suggestions for improving child care workers&apos; knowledge about reporting suspected sexual abuse cases are provided.</style></abstract><urls><pdf-urls><url>internal-pdf://Wurtele et al 1992 - Child care workers knowledge-3646120705/Wurtele et al 1992 - Child care workers knowledge.pdf</url></pdf-urls></urls></record><record><database name="NSCClibrary.enl" path="F:\NSCClibrary.enl">NSCClibrary.enl</database><source-app name="EndNote" version="17.1">EndNote</source-app><rec-number>3104</rec-number><foreign-keys><key app="EN" db-id="5s5ppfp52t55w0eadv7p5ss3vfxzs5fwwe5w">3104</key></foreign-keys><ref-type name="Journal Article">17</ref-type><contributors><authors><author><style face="normal" font="default" size="100%">Zellman, Gail L.</style></author></authors></contributors><titles><title><style face="normal" font="default" size="100%">The impact of case characteristics on child abuse reporting decisions</style></title><secondary-title><style face="normal" font="default" size="100%">Child Abuse &amp; Neglect</style></secondary-title></titles><periodical><full-title><style face="normal" font="default" size="100%">Child Abuse &amp; Neglect</style></full-title></periodical><pages><style face="normal" font="default" size="100%">57-74</style></pages><volume><style face="normal" font="default" size="100%">16</style></volume><number><style face="normal" font="default" size="100%">1</style></number><keywords><keyword><style face="normal" font="default" size="100%">Child abuse</style></keyword><keyword><style face="normal" font="default" size="100%">Reporting</style></keyword></keywords><dates><year><style face="normal" font="default" size="100%">1992</style></year></dates><isbn><style face="normal" font="default" size="100%">0145-2134</style></isbn><abstract><style face="normal" font="default" size="100%">Drawing distinctions on the basis of at least some case characteristics in making reporting decisions makes considerable sense. Using data from a national survey of mandated reporters that included vignettes in which case and personal characteristics were systematically varied, this paper examines the impact of selected characteristics while controlling for others. The data reveal that respondents noticed and responded to case characteristics. Abuse-relevant judgments and reporting intentions varied, often substantially, as a function of case characteristics. Three case characteristics—previous abuse, severity of abuse and recantation—were powerful predictors of vignette outcomes. A history of previous abuse led to judgments of greater seriousness, a more salutary impact of a report, and greater likelihood of reporting. More severe abuse was more likely to be labelled as abuse, and was more likely to be reported. When the alleged victim retracted her accusation upon questioning by an authority figure. respondents were significantly less likely to intend a report. Child age, perpetrator intent and family socioeconomic status also influenced abuse-relevant judgments and reporting intentions. Respondents were more likely to intend a report when younger children, lazy or angry perpetrators and children from poorer families were portrayed.</style></abstract><urls><pdf-urls><url>internal-pdf://Zellman 1992 - The impact of case-1724978433/Zellman 1992 - The impact of case.pdf</url></pdf-urls></urls></record></records></xml>