<?xml version="1.0" encoding="UTF-8" ?><xml><records><record><database name="NSCClibrary.enl" path="F:\NSCClibrary.enl">NSCClibrary.enl</database><source-app name="EndNote" version="17.1">EndNote</source-app><rec-number>2745</rec-number><foreign-keys><key app="EN" db-id="5s5ppfp52t55w0eadv7p5ss3vfxzs5fwwe5w">2745</key></foreign-keys><ref-type name="Journal Article">17</ref-type><contributors><authors><author><style face="normal" font="default" size="100%">Coles, Don</style></author></authors></contributors><titles><title><style face="normal" font="default" size="100%">The challenge of disability: Being solution focused with families</style></title><secondary-title><style face="normal" font="default" size="100%">Australian and New Zealand Journal of Family Therapy</style></secondary-title></titles><periodical><full-title><style face="normal" font="default" size="100%">Australian and New Zealand Journal of Family Therapy</style></full-title></periodical><pages><style face="normal" font="default" size="100%">98-104</style></pages><volume><style face="normal" font="default" size="100%">22</style></volume><number><style face="normal" font="default" size="100%">2</style></number><keywords><keyword><style face="normal" font="default" size="100%">Adolescents</style></keyword><keyword><style face="normal" font="default" size="100%">Child</style></keyword><keyword><style face="normal" font="default" size="100%">Counselling</style></keyword><keyword><style face="normal" font="default" size="100%">Disability</style></keyword><keyword><style face="normal" font="default" size="100%">Family therapy</style></keyword></keywords><dates><year><style face="normal" font="default" size="100%">2001</style></year></dates><isbn><style face="normal" font="default" size="100%">0814-723X</style></isbn><abstract><style face="normal" font="default" size="100%">There is sometimes a perception in the counselling field that work in the area of disability is qualitatively different from all other work. Counsellors can easily disqualify themselves from thinking they have anything to offer when disability is present. This paper highlights the effects and limitations of the sort of thinking which defines clients according to their membership of a particular clinical population, and challenges counsellors to consider what they have to offer in this area. The paper describes the utilisation of a solution focused framework with families who have a child or adolescent with a disability. Some examples of the use of the &apos;miracle&apos; question are described, with a consideration of dilemmas raised where disabilities are long term and unchanging.</style></abstract><urls><pdf-urls><url>internal-pdf://Coles, Don 2001 - The Challenge of Disability...-1345184512/Coles, Don 2001 - The Challenge of Disability....pdf</url></pdf-urls></urls></record><record><database name="NSCClibrary.enl" path="F:\NSCClibrary.enl">NSCClibrary.enl</database><source-app name="EndNote" version="17.1">EndNote</source-app><rec-number>909</rec-number><foreign-keys><key app="EN" db-id="5s5ppfp52t55w0eadv7p5ss3vfxzs5fwwe5w">909</key><key app="ENWeb" db-id="ThEeKwrtqggAAHqv064">4473</key></foreign-keys><ref-type name="Book Section">5</ref-type><contributors><authors><author><style face="normal" font="default" size="100%">Craig, Leam A.</style></author><author><style face="normal" font="default" size="100%">Beech, Anthony R.</style></author></authors><secondary-authors><author><style face="normal" font="default" size="100%">Beech, Anthony R.</style></author><author><style face="normal" font="default" size="100%">Craig, Leam A.</style></author><author><style face="normal" font="default" size="100%">Browne, Kevin D.</style></author></secondary-authors></contributors><titles><title><style face="normal" font="default" size="100%">Psychometric assessment of sexual deviancy </style></title><secondary-title><style face="normal" font="default" size="100%">Assessment and treatment of sex offenders: A handbook</style></secondary-title></titles><periodical><full-title><style face="normal" font="default" size="100%">Assessment and treatment of sex offenders: a handbook</style></full-title></periodical><pages><style face="normal" font="default" size="100%">89-107</style></pages><section><style face="normal" font="default" size="100%">6</style></section><keywords><keyword><style face="normal" font="default" size="100%">Psychometrics</style></keyword><keyword><style face="normal" font="default" size="100%">Risk assessment</style></keyword><keyword><style face="normal" font="default" size="100%">Sex offenders</style></keyword><keyword><style face="normal" font="default" size="100%">Sexual deviance</style></keyword></keywords><dates><year><style face="normal" font="default" size="100%">2009</style></year></dates><pub-location><style face="normal" font="default" size="100%">Chichester, UK</style></pub-location><publisher><style face="normal" font="default" size="100%">John Wiley and Sons </style></publisher><abstract><style face="normal" font="default" size="100%">Psychometric measures are widely used to assess psychological constructs in sexual offenders; however few of these measures have been empirically tested for their risk assessment and psychometric properties. For a psychological test to be useful it must have been standardised on the population it is to be used with and provide normative data by which an individual can be compared. This allows comparison between the subject and the study population so that judgements can be made as to how closely the subject&apos;s score relates to the mean. Standardisation has two elements: first the need to obtain information on the test scores of the general population by taking appropriate samples and second the need to obtain a set of principles by which raw data from the test can be transformed to give a set of data which has a normal distribution.</style></abstract><urls><pdf-urls><url>internal-pdf://2927088311/Psychometric Assessment 2.pdf</url></pdf-urls></urls></record><record><database name="NSCClibrary.enl" path="F:\NSCClibrary.enl">NSCClibrary.enl</database><source-app name="EndNote" version="17.1">EndNote</source-app><rec-number>775</rec-number><foreign-keys><key app="EN" db-id="5s5ppfp52t55w0eadv7p5ss3vfxzs5fwwe5w">775</key><key app="ENWeb" db-id="ThEeKwrtqggAAHqv064">3901</key></foreign-keys><ref-type name="Journal Article">17</ref-type><contributors><authors><author><style face="normal" font="default" size="100%">Kennedy, Margaret</style></author></authors></contributors><titles><title><style face="normal" font="default" size="100%">Not the only way to communicate: A challenge to voice in child protection work</style></title><secondary-title><style face="normal" font="default" size="100%">Child Abuse Review</style></secondary-title></titles><periodical><full-title><style face="normal" font="default" size="100%">Child Abuse Review</style></full-title></periodical><pages><style face="normal" font="default" size="100%">169-177</style></pages><volume><style face="normal" font="default" size="100%">1</style></volume><number><style face="normal" font="default" size="100%">3</style></number><keywords><keyword><style face="normal" font="default" size="100%">Child protection</style></keyword><keyword><style face="normal" font="default" size="100%">Communication</style></keyword><keyword><style face="normal" font="default" size="100%">Disability</style></keyword></keywords><dates><year><style face="normal" font="default" size="100%">1992</style></year></dates><isbn><style face="normal" font="default" size="100%">1099-0852</style></isbn><abstract><style face="normal" font="default" size="100%">Children with disabilities and communication differences have consistently been failed under child protection provisions in four vital areas. We have not sudied communication in relation to safety programmes, assessment process, criminal proceedings and therapeutic services. Many disabilities have communication differences inherent in the disability. For these children communication may be in the form of sign and/or symbol in conjunction with some level of English speech or speech reading. Children with multiple disability or cerebral palsy may also use a variety of computer aided communication systems with keyboards and/or voice simulators. This paper provides an overview of various communication methods which workers need to be aware of when doing child protection work with children with disabilities.</style></abstract><urls><pdf-urls><url>internal-pdf://Kennedy, M - Not the Only Way to Communicate-2519200769/Kennedy, M - Not the Only Way to Communicate.pdf</url></pdf-urls></urls></record><record><database name="NSCClibrary.enl" path="F:\NSCClibrary.enl">NSCClibrary.enl</database><source-app name="EndNote" version="17.1">EndNote</source-app><rec-number>2850</rec-number><foreign-keys><key app="EN" db-id="5s5ppfp52t55w0eadv7p5ss3vfxzs5fwwe5w">2850</key></foreign-keys><ref-type name="Journal Article">17</ref-type><contributors><authors><author><style face="normal" font="default" size="100%">Lindsay, William R.</style></author><author><style face="normal" font="default" size="100%">Law, Jacqueline</style></author><author><style face="normal" font="default" size="100%">Quinn, Kathleen</style></author><author><style face="normal" font="default" size="100%">Smart, Nicola</style></author><author><style face="normal" font="default" size="100%">Smith, Anne H.W.</style></author></authors></contributors><titles><title><style face="normal" font="default" size="100%">A comparison of physical and sexual abuse: Histories of sexual and non-sexual offenders with intellectual disability</style></title><secondary-title><style face="normal" font="default" size="100%">Child Abuse &amp; Neglect</style></secondary-title></titles><periodical><full-title><style face="normal" font="default" size="100%">Child Abuse &amp; Neglect</style></full-title></periodical><pages><style face="normal" font="default" size="100%">989-995</style></pages><volume><style face="normal" font="default" size="100%">25</style></volume><number><style face="normal" font="default" size="100%">7</style></number><keywords><keyword><style face="normal" font="default" size="100%">Intellectual disability</style></keyword><keyword><style face="normal" font="default" size="100%">Physical abuse</style></keyword><keyword><style face="normal" font="default" size="100%">Sex offenders</style></keyword></keywords><dates><year><style face="normal" font="default" size="100%">2001</style></year></dates><isbn><style face="normal" font="default" size="100%">0145-2134</style></isbn><abstract><style face="normal" font="default" size="100%">Objectives: To review patterns of physical and sexual abuse in cohorts of sexual offenders and nonsexual offenders with intellectual disability. Method: Forty-six sexual offenders were compared with 48 male nonsexual offenders in relation to their experiences of sexual and physical abuse in childhood. Comprehensive assessments were taken over a period of at least one year, and were conducted independently by a range of professionals. Results: Thirty-eight percent of the sexual offenders and 12.7% of the nonsexual offenders had experienced sexual abuse, while 13% of the sexual offenders and 33% of the nonsexual offenders had experienced physical abuse. Conclusions: Sexual abuse seems a significant variable in the history of sexual offenders, while physical abuse seems a significant variable in the history of nonsexual offenders. The results support the view that the “cycle of abuse” is neither inevitable nor an adequate explanation of future offending.</style></abstract><urls><pdf-urls><url>internal-pdf://Lindsay 2001 - Comparison of physical and sexual-2054594561/Lindsay 2001 - Comparison of physical and sexual.pdf</url></pdf-urls></urls></record><record><database name="NSCClibrary.enl" path="F:\NSCClibrary.enl">NSCClibrary.enl</database><source-app name="EndNote" version="17.1">EndNote</source-app><rec-number>767</rec-number><foreign-keys><key app="EN" db-id="5s5ppfp52t55w0eadv7p5ss3vfxzs5fwwe5w">767</key><key app="ENWeb" db-id="ThEeKwrtqggAAHqv064">3897</key></foreign-keys><ref-type name="Journal Article">17</ref-type><contributors><authors><author><style face="normal" font="default" size="100%">Sullivan, Patricia M.</style></author><author><style face="normal" font="default" size="100%">Scanlan, John M.</style></author></authors></contributors><titles><title><style face="normal" font="default" size="100%">Psychotherapy with handicapped sexually abused children</style></title><secondary-title><style face="normal" font="default" size="100%">Developmental Disabilities Bulletin</style></secondary-title></titles><periodical><full-title><style face="normal" font="default" size="100%">Developmental Disabilities Bulletin</style></full-title></periodical><pages><style face="normal" font="default" size="100%">21-34</style></pages><volume><style face="normal" font="default" size="100%">18</style></volume><number><style face="normal" font="default" size="100%">2</style></number><keywords><keyword><style face="normal" font="default" size="100%">Child sexual abuse</style></keyword><keyword><style face="normal" font="default" size="100%">Disability</style></keyword><keyword><style face="normal" font="default" size="100%">Groupwork</style></keyword><keyword><style face="normal" font="default" size="100%">Intervention</style></keyword><keyword><style face="normal" font="default" size="100%">Post-traumatic stress disorder</style></keyword><keyword><style face="normal" font="default" size="100%">Psychotherapy</style></keyword><keyword><style face="normal" font="default" size="100%">PTSD</style></keyword><keyword><style face="normal" font="default" size="100%">Victim treatment</style></keyword></keywords><dates><year><style face="normal" font="default" size="100%">1990</style></year></dates><isbn><style face="normal" font="default" size="100%">1184-0412</style></isbn><abstract><style face="normal" font="default" size="100%">This chapter describes the psychotherapy treatment program at the Center for Abused Handicapped Children and discusses therapy treatment plans, including typical goals and therapy methods and techniques. This treatment program is considered within the context of psychotherapy research with nonhandicapped children, including both individual and group therapy. The psychological dynamics and behavioral sequelae of sexual abuse which necessitate psychotherapeutic intervention is discussed, and the manifestations of Post-Traumatic Stress Disorder and its diagnostic applicability to sexually abused handicapped children are examined. Finally, a summary of the results of an efficacy study on the therapeutic program at the Center is presented.</style></abstract><urls><pdf-urls><url>internal-pdf://4086395517/Sullivan 1990 Psychotherapy with handicapped.pdf</url></pdf-urls></urls></record><record><database name="NSCClibrary.enl" path="F:\NSCClibrary.enl">NSCClibrary.enl</database><source-app name="EndNote" version="17.1">EndNote</source-app><rec-number>844</rec-number><foreign-keys><key app="EN" db-id="5s5ppfp52t55w0eadv7p5ss3vfxzs5fwwe5w">844</key><key app="ENWeb" db-id="ThEeKwrtqggAAHqv064">4887</key></foreign-keys><ref-type name="Journal Article">17</ref-type><contributors><authors><author><style face="normal" font="default" size="100%">Timms, S.</style></author><author><style face="normal" font="default" size="100%">Goreczny, A.J.</style></author></authors></contributors><titles><title><style face="normal" font="default" size="100%">Adolescent sex offenders with mental retardation: Literature review and assessment considerations</style></title><secondary-title><style face="normal" font="default" size="100%">Aggression and Violent Behavior</style></secondary-title></titles><periodical><full-title><style face="normal" font="default" size="100%">Aggression and Violent Behavior</style></full-title></periodical><pages><style face="normal" font="default" size="100%">1-19</style></pages><volume><style face="normal" font="default" size="100%">7</style></volume><number><style face="normal" font="default" size="100%">1</style></number><keywords><keyword><style face="normal" font="default" size="100%">Assessment</style></keyword><keyword><style face="normal" font="default" size="100%">Adolescent sex offenders</style></keyword><keyword><style face="normal" font="default" size="100%">Adolescents who sexually abuse</style></keyword><keyword><style face="normal" font="default" size="100%">Juvenile sex offenders</style></keyword><keyword><style face="normal" font="default" size="100%">Sex offender treatment</style></keyword><keyword><style face="normal" font="default" size="100%">Underwear theft</style></keyword><keyword><style face="normal" font="default" size="100%">Young people who sexually abuse</style></keyword><keyword><style face="normal" font="default" size="100%">Adolescents who sexually offend</style></keyword><keyword><style face="normal" font="default" size="100%">Young people who sexually offend</style></keyword></keywords><dates><year><style face="normal" font="default" size="100%">2002</style></year></dates><isbn><style face="normal" font="default" size="100%">1359-1789</style></isbn><abstract><style face="normal" font="default" size="100%">Working with adolescent sex offenders can be a difficult challenge. When an offender also suffers from mental retardation, this challenge increases. Unfortunately, this has been a largely ignored population, and clinicians working with this group often find little empirical work to assist them. Yet, many theorists posit that addressing sexual offending behavior when the offender is an adolescent may help prevent that behavior from continuing into adulthood. This is important because adult sexual offenders are often very difficult to treat. The current paper begins by reviewing literature on social deficits of individuals who have mental retardation. These deficits may contribute to aberrant sexual behavior among adolescents. The focus of the paper is then a review of literature on adolescent sex offenders, including those with mental retardation. We conclude this review with suggestions for assessment of adolescent sex offenders and with recommendations for future directions.</style></abstract><notes><style face="normal" font="default" size="100%">‘‘... hands-off’’ offenses (i.e., peeping, obscene phone calls, stealing underwear)&quot; p. 7</style></notes><urls><pdf-urls><url>internal-pdf://timms-adolescentsex-2088649472/timms-adolescentsex.pdf</url></pdf-urls></urls></record></records></xml>