<?xml version="1.0" encoding="UTF-8" ?><xml><records><record><database name="NSCClibrary.enl" path="F:\NSCClibrary.enl">NSCClibrary.enl</database><source-app name="EndNote" version="17.1">EndNote</source-app><rec-number>4690</rec-number><foreign-keys><key app="EN" db-id="5s5ppfp52t55w0eadv7p5ss3vfxzs5fwwe5w">4690</key><key app="ENWeb" db-id="">0</key></foreign-keys><ref-type name="Journal Article">17</ref-type><contributors><authors><author><style face="normal" font="default" size="100%">Bohm, B.</style></author><author><style face="normal" font="default" size="100%">Zollner, H.</style></author><author><style face="normal" font="default" size="100%">Fegert, J. M.</style></author><author><style face="normal" font="default" size="100%">Liebhardt, H.</style></author></authors></contributors><auth-address><style face="normal" font="default" size="100%">a University Hospital of Ulm , Ulm , Germany.</style></auth-address><titles><title><style face="normal" font="default" size="100%">Child Sexual Abuse in the Context of the Roman Catholic Church: A Review of Literature from 1981-2013</style></title><secondary-title><style face="normal" font="default" size="100%">J Child Sex Abus</style></secondary-title><alt-title><style face="normal" font="default" size="100%">Journal of child sexual abuse</style></alt-title></titles><periodical><full-title><style face="normal" font="default" size="100%">J Child Sex Abus</style></full-title></periodical><alt-periodical><full-title><style face="normal" font="default" size="100%">Journal of Child Sexual Abuse</style></full-title></alt-periodical><keywords><keyword><style face="normal" font="default" size="100%">Religion</style></keyword><keyword><style face="normal" font="default" size="100%">Institutional child abuse</style></keyword></keywords><dates><year><style face="normal" font="default" size="100%">2014</style></year><pub-dates><date><style face="normal" font="default" size="100%">Jun 9</style></date></pub-dates></dates><isbn><style face="normal" font="default" size="100%">1547-0679 (Electronic)&#xD;1053-8712 (Linking)</style></isbn><accession-num><style face="normal" font="default" size="100%">24911986</style></accession-num><abstract><style face="normal" font="default" size="100%">Abstract Child sexual abuse (CSA) in the Catholic Church has been increasingly recognized as a problem not limited to individual institutions. Recent inquiry commission reports provide substantial information on offense dynamics, but their conclusions have not been synthesized with empirical research to date. The aim of this systematic literature review was to bring together key findings and identify gaps in the evidence base. The three main focus points were: (a) types of publications and methodology used, (b) frequency information on CSA in the Catholic Church, (c) individual factors in offending, and (d) institutional factors. It was found that reports, legal assessments, and research on CSA within the Catholic Church provide extensive descriptive and qualitative information for five different countries. This includes individual psychological factors (static risk predictors, multiple trajectories) and institutional factors (opportunity, social dynamics), as well as prevalence rates illustrating a high &quot;dark figure&quot; of CSA.</style></abstract><notes><style face="normal" font="default" size="100%">Bohm, Bettina&#xD;Zollner, Hans&#xD;Fegert, Jorg M&#xD;Liebhardt, Hubert&#xD;ENG&#xD;2014/06/10 06:00&#xD;J Child Sex Abus. 2014 Jun 9.</style></notes><urls><related-urls><url><style face="normal" font="default" size="100%">http://www.ncbi.nlm.nih.gov/pubmed/24911986</style></url></related-urls><pdf-urls><url>internal-pdf://1874680485/Bohm2014Child.pdf</url></pdf-urls></urls><electronic-resource-num><style face="normal" font="default" size="100%">10.1080/10538712.2014.929607</style></electronic-resource-num></record><record><database name="NSCClibrary.enl" path="F:\NSCClibrary.enl">NSCClibrary.enl</database><source-app name="EndNote" version="17.1">EndNote</source-app><rec-number>405</rec-number><foreign-keys><key app="EN" db-id="5s5ppfp52t55w0eadv7p5ss3vfxzs5fwwe5w">405</key><key app="ENWeb" db-id="ThEeKwrtqggAAHqv064">3848</key></foreign-keys><ref-type name="Journal Article">17</ref-type><contributors><authors><author><style face="normal" font="default" size="100%">Eshuys, Donna</style></author><author><style face="normal" font="default" size="100%">Smallbone, Stephen</style></author></authors></contributors><titles><title><style face="normal" font="default" size="100%">Religious affiliations among adult sexual offenders</style></title><secondary-title><style face="normal" font="default" size="100%">Sexual Abuse: A Journal of Research and Treatment</style></secondary-title></titles><periodical><full-title><style face="normal" font="default" size="100%">Sexual Abuse: A Journal of Research and Treatment</style></full-title></periodical><pages><style face="normal" font="default" size="100%">279-288</style></pages><volume><style face="normal" font="default" size="100%">18</style></volume><number><style face="normal" font="default" size="100%">3</style></number><keywords><keyword><style face="normal" font="default" size="100%">Religion</style></keyword><keyword><style face="normal" font="default" size="100%">Sex offenders</style></keyword><keyword><style face="normal" font="default" size="100%">Spirituality</style></keyword></keywords><dates><year><style face="normal" font="default" size="100%">2006</style></year></dates><isbn><style face="normal" font="default" size="100%">1079-0632</style></isbn><abstract><style face="normal" font="default" size="100%">This article examines associations between self-reported religious affiliations and official offense histories among 111 incarcerated adultmale sexual offenders. Four categories of religiosity were devised according to self-reported continuities and discontinuities in lifecourse religious affiliations: atheists, dropouts, converts, and stayers. ANCOVAs indicated that stayers (those who maintained religious involvement from childhood to adulthood) had more sexual offense convictions, more victims, and younger victims, than other groups. Results challenge assumptions that religious involvement should, as with other crime, serve to deter sexual offending behavior. Results are discussed in terms of social control and situational theories of crime.</style></abstract><urls><pdf-urls><url>internal-pdf://religiosity-3219198209/religiosity.pdf</url></pdf-urls></urls><electronic-resource-num><style face="normal" font="default" size="100%">10.1177/107906320601800306</style></electronic-resource-num></record><record><database name="NSCClibrary.enl" path="F:\NSCClibrary.enl">NSCClibrary.enl</database><source-app name="EndNote" version="17.1">EndNote</source-app><rec-number>4525</rec-number><foreign-keys><key app="EN" db-id="5s5ppfp52t55w0eadv7p5ss3vfxzs5fwwe5w">4525</key></foreign-keys><ref-type name="Journal Article">17</ref-type><contributors><authors><author><style face="normal" font="default" size="100%">Horwath, Jan</style></author><author><style face="normal" font="default" size="100%">Lees, Janet</style></author></authors></contributors><titles><title><style face="normal" font="default" size="100%">Assessing the Influence of Religious Beliefs and Practices on Parenting Capacity: The Challenges for Social Work Practitioners</style></title><secondary-title><style face="normal" font="default" size="100%">British Journal of Social Work</style></secondary-title></titles><periodical><full-title><style face="normal" font="default" size="100%">British Journal of Social Work</style></full-title></periodical><pages><style face="normal" font="default" size="100%">82-99</style></pages><volume><style face="normal" font="default" size="100%">40</style></volume><number><style face="normal" font="default" size="100%">1</style></number><keywords><keyword><style face="normal" font="default" size="100%">Social work</style></keyword><keyword><style face="normal" font="default" size="100%">Religion</style></keyword><keyword><style face="normal" font="default" size="100%">Parenting</style></keyword></keywords><dates><year><style face="normal" font="default" size="100%">2010</style></year></dates><pub-location><style face="normal" font="default" size="100%">Oxford</style></pub-location><publisher><style face="normal" font="default" size="100%">Oxford Publishing Limited(England)</style></publisher><isbn><style face="normal" font="default" size="100%">0045-3102</style></isbn><abstract><style face="normal" font="default" size="100%">Summary The 1989 Children Act emphasizes the importance of giving due consideration to the child&apos;s religious persuasion. Yet, government assessment guidance provides practitioners with very little assistance in terms of establishing ways in which religious beliefs and practices influence family life. This is concerning at a time when considerable attention is being paid in the media to the negative influences of religious beliefs on parenting and Britain is becoming increasingly diverse. Drawing on a literature review of seventy-seven papers on religion and parenting, consideration is given to some of the challenges encountered by social workers when assessing the influence of religious beliefs on parenting. These challenges include: a lack of clarity with regard to what is meant by &apos;religion&apos;; small-scale research studies with limited scope; a focus on perceptions of the influence of religious beliefs; disregard for both social workers&apos; own views about religion and the ways in which these views are likely to influence practice. Moreover, poor preparation on social work training programmes and minimal support from supervisors mean that practitioners do not feel confident exploring religious beliefs and practices with families. All these factors lead to a significant influence in many families&apos; lives being ignored.</style></abstract><urls><pdf-urls><url>internal-pdf://3114839838/Horwath2010Assessing the influence.pdf</url></pdf-urls></urls><electronic-resource-num><style face="normal" font="default" size="100%">10.1093/bjsw/bcn116</style></electronic-resource-num></record><record><database name="NSCClibrary.enl" path="F:\NSCClibrary.enl">NSCClibrary.enl</database><source-app name="EndNote" version="17.1">EndNote</source-app><rec-number>3488</rec-number><foreign-keys><key app="EN" db-id="5s5ppfp52t55w0eadv7p5ss3vfxzs5fwwe5w">3488</key></foreign-keys><ref-type name="Journal Article">17</ref-type><contributors><authors><author><style face="normal" font="default" size="100%">Langevin, Ron</style></author><author><style face="normal" font="default" size="100%">Curnoe, S.</style></author><author><style face="normal" font="default" size="100%">Bain, J.</style></author></authors></contributors><titles><title><style face="normal" font="default" size="100%">A study of clerics who commit sexual offenses: Are they different from other sex offenders?</style></title><secondary-title><style face="normal" font="default" size="100%">Child Abuse &amp; Neglect</style></secondary-title></titles><periodical><full-title><style face="normal" font="default" size="100%">Child Abuse &amp; Neglect</style></full-title></periodical><pages><style face="normal" font="default" size="100%">535-545</style></pages><volume><style face="normal" font="default" size="100%">24</style></volume><number><style face="normal" font="default" size="100%">4</style></number><keywords><keyword><style face="normal" font="default" size="100%">Assessment</style></keyword><keyword><style face="normal" font="default" size="100%">Child sexual abuse</style></keyword><keyword><style face="normal" font="default" size="100%">Church</style></keyword><keyword><style face="normal" font="default" size="100%">Clergy</style></keyword><keyword><style face="normal" font="default" size="100%">Neuropsychology</style></keyword><keyword><style face="normal" font="default" size="100%">Phallometry</style></keyword><keyword><style face="normal" font="default" size="100%">Sex offender treatment</style></keyword><keyword><style face="normal" font="default" size="100%">Substance abuse</style></keyword></keywords><dates><year><style face="normal" font="default" size="100%">2000</style></year></dates><isbn><style face="normal" font="default" size="100%">0145-2134</style></isbn><abstract><style face="normal" font="default" size="100%">Objective: The goal of this study was to determine if cleric-sex offenders differed significantly from other sex offenders when compared to a control group and assessed with standard instruments that examine the major factors important in sexual offenses. Method: Twenty-four male clerics accused of sexual offenses were compared to 24 male sex offender controls, matched on offense type, age, education, and marital status. Both groups were compared to a general sample of sex offenders (n = 2125) matched only for offense type. The three groups were compared on sexual history and preference, substance abuse, mental illness and personality, history of crime and violence, neuropsychological impairment, and endocrine abnormalities, using reliable and valid measures. Results: The clerics in this study formed a statistically significant highly educated, older, and predominantly single subgroup of sex offenders. The majority of cleric-sex offenders suffered from a sexual disorder (70.8%), predominantly homosexual pedophilia, as measured by phallometric testing, but did not differ from the control groups in this respect. The clerics were comparable to the other two groups in most respects, but tended to show less antisocial personality disorders and somewhat more endocrine disorders. The most noteworthy features differentiating the clerics from highly educated matched controls were that clerics had a longer delay before criminal charges were laid, or lacked criminal charges altogether, and they tended to use force more often in their offenses. Conclusions: In spite of differences in age, education, and occupation between cleric-sex offenders and sex offenders in general, the same procedures should be used in the assessment of this group as for the sex offender population in general. Hypotheses about reduced sexual outlet and increased sexual abuse of clerics in childhood were not supported. Assessment and treatment of cleric-sex offenders should focus especially on sexual deviance, substance abuse, and endocrine disorders.</style></abstract><urls><pdf-urls><url>internal-pdf://Langevin et al 2000 - A study of clerics-3161849345/Langevin et al 2000 - A study of clerics.pdf</url></pdf-urls></urls></record><record><database name="NSCClibrary.enl" path="F:\NSCClibrary.enl">NSCClibrary.enl</database><source-app name="EndNote" version="17.1">EndNote</source-app><rec-number>3259</rec-number><foreign-keys><key app="EN" db-id="5s5ppfp52t55w0eadv7p5ss3vfxzs5fwwe5w">3259</key></foreign-keys><ref-type name="Unpublished Work">34</ref-type><contributors><authors><author><style face="normal" font="default" size="100%">Marshall, Bill</style></author></authors></contributors><titles><title><style face="normal" font="default" size="100%">Strategies for prevention of child sexual abuse by Catholic priests</style></title></titles><keywords><keyword><style face="normal" font="default" size="100%">Catholic Church</style></keyword><keyword><style face="normal" font="default" size="100%">Clergy</style></keyword><keyword><style face="normal" font="default" size="100%">Recidivism</style></keyword><keyword><style face="normal" font="default" size="100%">Religion</style></keyword><keyword><style face="normal" font="default" size="100%">Risk assessment</style></keyword><keyword><style face="normal" font="default" size="100%">Self-esteem</style></keyword><keyword><style face="normal" font="default" size="100%">Sex offenders</style></keyword></keywords><dates><year><style face="normal" font="default" size="100%">n.d.</style></year></dates><abstract><style face="normal" font="default" size="100%">Deals with a multitude of issues including selection for seminary; training in seminary; monitoring/supervision after graduation; and, dealing with identified offenders.</style></abstract><urls><pdf-urls><url>internal-pdf://Marshall nd - Strategies for prevention-3894222848/Marshall nd - Strategies for prevention.pdf</url></pdf-urls></urls></record><record><database name="NSCClibrary.enl" path="F:\NSCClibrary.enl">NSCClibrary.enl</database><source-app name="EndNote" version="17.1">EndNote</source-app><rec-number>3294</rec-number><foreign-keys><key app="EN" db-id="5s5ppfp52t55w0eadv7p5ss3vfxzs5fwwe5w">3294</key></foreign-keys><ref-type name="Journal Article">17</ref-type><contributors><authors><author><style face="normal" font="default" size="100%">O&apos;Leary, Patrick</style></author></authors></contributors><titles><title><style face="normal" font="default" size="100%">The church, confession, forgiveness and male sexual abuse from an interview with Patrick O&apos;Leary</style></title><secondary-title><style face="normal" font="default" size="100%">The International Journal of Narrative Therapy and Community Work</style></secondary-title></titles><periodical><full-title><style face="normal" font="default" size="100%">The International Journal of Narrative Therapy and Community Work</style></full-title></periodical><pages><style face="normal" font="default" size="100%">8-13</style></pages><volume><style face="normal" font="default" size="100%">1</style></volume><keywords><keyword><style face="normal" font="default" size="100%">Catholic church</style></keyword><keyword><style face="normal" font="default" size="100%">Child sexual abuse</style></keyword><keyword><style face="normal" font="default" size="100%">Forgiveness</style></keyword><keyword><style face="normal" font="default" size="100%">Male survivors</style></keyword><keyword><style face="normal" font="default" size="100%">Male victims</style></keyword><keyword><style face="normal" font="default" size="100%">Therapeutic intervention</style></keyword></keywords><dates><year><style face="normal" font="default" size="100%">2002</style></year></dates><abstract><style face="normal" font="default" size="100%">As a therapist and a researcher in the area of male sexual abuse, the question of forgiveness is a pertinent one, although I see this more clearly now, than I once did. In the past, due to my own experiences of growing up Catholic in a school in which those hearing young men&apos;s confessions were also subjecting them to violence and abuse, I was not always open to the possible significance of forgiveness in other men&apos;s lives. In therapy contexts I would have been more likely to explore other areas of the conversation rather than open space for discussion about the meaning of forgiveness to the particular person concerned. I would have more easily adopted a position of condemnation towards the perpetrator of abuse rather than see the possible relevance or helpfulness of forgiveness. I would have been more open to survivors expressing.</style></abstract><urls><pdf-urls><url>internal-pdf://O&apos;Leary 2002 - The church-3295576065/O&apos;Leary 2002 - The church.pdf</url></pdf-urls></urls></record><record><database name="NSCClibrary.enl" path="F:\NSCClibrary.enl">NSCClibrary.enl</database><source-app name="EndNote" version="17.1">EndNote</source-app><rec-number>4622</rec-number><foreign-keys><key app="EN" db-id="5s5ppfp52t55w0eadv7p5ss3vfxzs5fwwe5w">4622</key></foreign-keys><ref-type name="Journal Article">17</ref-type><contributors><authors><author><style face="normal" font="default" size="100%">Robinson, Malia</style></author><author><style face="normal" font="default" size="100%">Hanmer, Stephen</style></author></authors></contributors><titles><title><style face="normal" font="default" size="100%">Engaging religious communities to protect children from abuse, neglect, and exploitation: Developing a framework for partnership requires analysis on key issues, challenges, and opportunities</style></title><secondary-title><style face="normal" font="default" size="100%">Child Abuse &amp; Neglect</style></secondary-title></titles><periodical><full-title><style face="normal" font="default" size="100%">Child Abuse &amp; Neglect</style></full-title></periodical><number><style face="normal" font="default" size="100%">0</style></number><keywords><keyword><style face="normal" font="default" size="100%">Child protection</style></keyword><keyword><style face="normal" font="default" size="100%">Religion</style></keyword></keywords><dates><year><style face="normal" font="default" size="100%">2014</style></year></dates><isbn><style face="normal" font="default" size="100%">0145-2134</style></isbn><abstract><style face="normal" font="default" size="100%">This article aims to provide a framework for analysis on key issues, challenges, and opportunities related to working with religious communities in addressing child abuse and neglect. Strategies and practical guidance on seeking stronger relationships between child protection specialists and religious communities are also highlighted, and examples of successful program approaches are provided.</style></abstract><urls><pdf-urls><url>internal-pdf://1821233470/Robinson2014Engaging religious.pdf</url></pdf-urls></urls></record><record><database name="NSCClibrary.enl" path="F:\NSCClibrary.enl">NSCClibrary.enl</database><source-app name="EndNote" version="17.1">EndNote</source-app><rec-number>4623</rec-number><foreign-keys><key app="EN" db-id="5s5ppfp52t55w0eadv7p5ss3vfxzs5fwwe5w">4623</key></foreign-keys><ref-type name="Journal Article">17</ref-type><contributors><authors><author><style face="normal" font="default" size="100%">Schreiber, Jill C.</style></author><author><style face="normal" font="default" size="100%">Culbertson, Michael J.</style></author></authors></contributors><titles><title><style face="normal" font="default" size="100%">Religious socialization of youth involved in child welfare</style></title><secondary-title><style face="normal" font="default" size="100%">Child Abuse &amp; Neglect</style></secondary-title></titles><periodical><full-title><style face="normal" font="default" size="100%">Child Abuse &amp; Neglect</style></full-title></periodical><number><style face="normal" font="default" size="100%">0</style></number><keywords><keyword><style face="normal" font="default" size="100%">Religion</style></keyword><keyword><style face="normal" font="default" size="100%">Child welfare</style></keyword></keywords><dates><year><style face="normal" font="default" size="100%">2014</style></year></dates><isbn><style face="normal" font="default" size="100%">0145-2134</style></isbn><abstract><style face="normal" font="default" size="100%">Increased religiosity is associated with a variety of improved outcomes, especially for youth in disadvantaged contexts. Although youth involved in child welfare may experience protective effects of religious participation or values, little is known about the impact of maltreatment on religious development. Using the National Survey of Child and Adolescent Well-Being, a nationally representative study of child welfare involved families, correlates of religious attendance and importance of religion for youth were investigated using weighted logistic regression at two waves 18 months apart. Youth self-reports of religious attendance and their ratings of its importance were associated with religious attendance of their caregivers, whether birth-parents or foster parents. Foster parents were more likely to attend religious services than birth parents. Increases in youth attendance from Wave 1 to Wave 2 were associated with high youth religious importance at Wave 1, whereas decreases in attendance were associated with moving between home and foster placements. Increases in religious importance from Wave 1 to Wave 2 were associated with&#xD;religious attendance at Wave 1 and with the youth being Black.</style></abstract><urls><pdf-urls><url>internal-pdf://2485188324/Schreiber2014Religious Socialization.pdf</url></pdf-urls></urls></record></records></xml>