<?xml version="1.0" encoding="UTF-8" ?><xml><records><record><database name="NSCClibrary.enl" path="F:\NSCClibrary.enl">NSCClibrary.enl</database><source-app name="EndNote" version="17.1">EndNote</source-app><rec-number>595</rec-number><foreign-keys><key app="EN" db-id="5s5ppfp52t55w0eadv7p5ss3vfxzs5fwwe5w">595</key><key app="ENWeb" db-id="ThEeKwrtqggAAHqv064">4507</key></foreign-keys><ref-type name="Journal Article">17</ref-type><contributors><authors><author><style face="normal" font="default" size="100%">Crockett, Molly J.</style></author><author><style face="normal" font="default" size="100%">Clark, Luke</style></author><author><style face="normal" font="default" size="100%">Tabibnia, Golnaz</style></author><author><style face="normal" font="default" size="100%">Lieberman, Matthew D.</style></author><author><style face="normal" font="default" size="100%">Robbins, Trevor W.</style></author></authors></contributors><auth-address><style face="normal" font="default" size="100%">Department of Experimental Psychology, University of Cambridge, Cambridge CB2 3EB, UK. mc536@cam.ac.uk</style></auth-address><titles><title><style face="normal" font="default" size="100%">Serotonin modulates behavioral reactions to unfairness</style></title><secondary-title><style face="normal" font="default" size="100%">Science</style></secondary-title></titles><periodical><full-title><style face="normal" font="default" size="100%">Science</style></full-title></periodical><pages><style face="normal" font="default" size="100%">1739</style></pages><volume><style face="normal" font="default" size="100%">320</style></volume><number><style face="normal" font="default" size="100%">5884</style></number><edition><style face="normal" font="default" size="100%">2008/06/07</style></edition><keywords><keyword><style face="normal" font="default" size="100%">Decision making</style></keyword><keyword><style face="normal" font="default" size="100%">Emotion</style></keyword><keyword><style face="normal" font="default" size="100%">Serotonin</style></keyword><keyword><style face="normal" font="default" size="100%">Social behaviour</style></keyword></keywords><dates><year><style face="normal" font="default" size="100%">2008</style></year><pub-dates><date><style face="normal" font="default" size="100%">Jun 27</style></date></pub-dates></dates><isbn><style face="normal" font="default" size="100%">1095-9203 (Electronic)&#xD;0036-8075 (Linking)</style></isbn><accession-num><style face="normal" font="default" size="100%">18535210</style></accession-num><abstract><style face="normal" font="default" size="100%">Serotonin (5-HT) has long been implicated in social behavior and impulsivity, but the mechanisms through which it modulates self-control remain unclear. We observed the effects of manipulating 5-HT function on behavior in the ultimatum game, where players must decide whether to accept or reject fair or unfair monetary offers from another player. Participants with depleted 5-HT levels rejected a greater proportion of unfair offers, but not fair offers, without showing changes in mood, fairness judgment, basic reward processing, or response inhibition. Our results suggest that 5-HT plays a critical role in regulating emotion during social decision-making.</style></abstract><urls><related-urls><url><style face="normal" font="default" size="100%">http://www.ncbi.nlm.nih.gov/pmc/articles/PMC2504725/pdf/ukmss-2026.pdf</style></url></related-urls><pdf-urls><url>internal-pdf://serotonin-3082444801/serotonin.pdf</url></pdf-urls></urls><custom2><style face="normal" font="default" size="100%">2504725</style></custom2><electronic-resource-num><style face="normal" font="default" size="100%">1155577 [pii]&#xD;10.1126/science.1155577</style></electronic-resource-num></record><record><database name="NSCClibrary.enl" path="F:\NSCClibrary.enl">NSCClibrary.enl</database><source-app name="EndNote" version="17.1">EndNote</source-app><rec-number>14</rec-number><foreign-keys><key app="EN" db-id="5s5ppfp52t55w0eadv7p5ss3vfxzs5fwwe5w">14</key><key app="ENWeb" db-id="ThEeKwrtqggAAHqv064">4506</key></foreign-keys><ref-type name="Journal Article">17</ref-type><contributors><authors><author><style face="normal" font="default" size="100%">Tabibnia, Golnaz</style></author><author><style face="normal" font="default" size="100%">Lieberman, Matthew D.</style></author></authors></contributors><titles><title><style face="normal" font="default" size="100%">Fairness and cooperation are rewarding: Evidence from social cognitive neuroscience</style></title><secondary-title><style face="normal" font="default" size="100%">Annals of the New York Academy of Sciences</style></secondary-title></titles><periodical><full-title><style face="normal" font="default" size="100%">Annals of the New York Academy of Sciences</style></full-title></periodical><pages><style face="normal" font="default" size="100%">90-101</style></pages><volume><style face="normal" font="default" size="100%">1118</style></volume><number><style face="normal" font="default" size="100%">1</style></number><keywords><keyword><style face="normal" font="default" size="100%">Cooperation</style></keyword><keyword><style face="normal" font="default" size="100%">Equity</style></keyword><keyword><style face="normal" font="default" size="100%">Fairness</style></keyword><keyword><style face="normal" font="default" size="100%">Neuropsychology</style></keyword></keywords><dates><year><style face="normal" font="default" size="100%">2007</style></year></dates><isbn><style face="normal" font="default" size="100%">0077-8923</style></isbn><abstract><style face="normal" font="default" size="100%">To motivate their consumers or employees, corporations often offer monetary incentives, such as cash-back deals or salary bonuses. However, human behavior is not solely driven by material outcome; fairness and equity matter aswell. In a recent neuroimaging study, fair offers led to higher happiness ratings and increased activity in several reward regions of the brain compared with unfair offers of equal monetary value. Other neuroimaging studies have similarly shown activation in reward regions in response to cooperative partners or cooperative play. Here, we review these findings and discuss the implications for organisational settings.</style></abstract><urls><pdf-urls><url>internal-pdf://fair-coop-rewarding-1690576640/fair-coop-rewarding.pdf</url></pdf-urls></urls><electronic-resource-num><style face="normal" font="default" size="100%">10.1196/annals.1412.001</style></electronic-resource-num></record><record><database name="NSCClibrary.enl" path="F:\NSCClibrary.enl">NSCClibrary.enl</database><source-app name="EndNote" version="17.1">EndNote</source-app><rec-number>619</rec-number><foreign-keys><key app="EN" db-id="5s5ppfp52t55w0eadv7p5ss3vfxzs5fwwe5w">619</key><key app="ENWeb" db-id="ThEeKwrtqggAAHqv064">4509</key></foreign-keys><ref-type name="Journal Article">17</ref-type><contributors><authors><author><style face="normal" font="default" size="100%">Tabibnia, G.</style></author><author><style face="normal" font="default" size="100%">Lieberman, M. D.</style></author><author><style face="normal" font="default" size="100%">Craske, M. G.</style></author></authors></contributors><auth-address><style face="normal" font="default" size="100%">Department of Psychiatry and Behavioral Sciences, University of California, Los Angeles, CA 90095-1563, USA. golnaz@ucla.edu</style></auth-address><titles><title><style face="normal" font="default" size="100%">The lasting effect of words on feelings: Words may facilitate exposure effects to threatening images</style></title><secondary-title><style face="normal" font="default" size="100%">Emotion</style></secondary-title></titles><periodical><full-title><style face="normal" font="default" size="100%">Emotion</style></full-title></periodical><pages><style face="normal" font="default" size="100%">307-17</style></pages><volume><style face="normal" font="default" size="100%">8</style></volume><number><style face="normal" font="default" size="100%">3</style></number><edition><style face="normal" font="default" size="100%">2008/06/11</style></edition><keywords><keyword><style face="normal" font="default" size="100%">Affect</style></keyword><keyword><style face="normal" font="default" size="100%">Fear</style></keyword><keyword><style face="normal" font="default" size="100%">Language</style></keyword></keywords><dates><year><style face="normal" font="default" size="100%">2008</style></year><pub-dates><date><style face="normal" font="default" size="100%">Jun</style></date></pub-dates></dates><isbn><style face="normal" font="default" size="100%">1528-3542 (Print)&#xD;1528-3542 (Linking)</style></isbn><accession-num><style face="normal" font="default" size="100%">18540747</style></accession-num><abstract><style face="normal" font="default" size="100%">Previous studies have shown that mere words, particularly affective words, can dampen emotional responses. However, the effect of affective labels on emotional responding in the long term is unknown. The authors examined whether repeated exposure to aversive images would lead to more reduction in autonomic reactivity a week later if the images were exposed with single-word labels than without labels. In Experiment 1, healthy individuals were exposed to pictures of disturbing scenes with or without labels on Day 1. On Day 8, the same pictures from the previous week were exposed, this time without labels. In Experiment 2, participants were spider fearful and were exposed to pictures of spiders. In both experiments, although repeated exposure to aversive images (without labels) led to long-term attenuation of autonomic reactivity, exposure plus affective labels, but not nonaffective labels, led to more attenuation than exposure alone. Thus, affective labels may help dampen emotional reactivity in both the short and long terms. Implications for exposure therapy and translational studies are discussed.</style></abstract><notes><style face="normal" font="default" size="100%">Tabibnia, Golnaz&#xD;Lieberman, Matthew D&#xD;Craske, Michelle G&#xD;IR21 MG65066-01/PHS HHS/United States&#xD;MH 070146-01A1/MH/NIMH NIH HHS/United States&#xD;Research Support, N.I.H., Extramural&#xD;United States&#xD;Emotion (Washington, D.C.)&#xD;Emotion. 2008 Jun;8(3):307-17.</style></notes><urls><related-urls><url><style face="normal" font="default" size="100%">http://www.ncbi.nlm.nih.gov/pubmed/18540747</style></url></related-urls><pdf-urls><url>internal-pdf://lastingeffects-3334297089/lastingeffects.pdf</url></pdf-urls></urls><electronic-resource-num><style face="normal" font="default" size="100%">2008-06717-001 [pii]&#xD;10.1037/1528-3542.8.3.307</style></electronic-resource-num></record><record><database name="NSCClibrary.enl" path="F:\NSCClibrary.enl">NSCClibrary.enl</database><source-app name="EndNote" version="17.1">EndNote</source-app><rec-number>598</rec-number><foreign-keys><key app="EN" db-id="5s5ppfp52t55w0eadv7p5ss3vfxzs5fwwe5w">598</key><key app="ENWeb" db-id="ThEeKwrtqggAAHqv064">4508</key></foreign-keys><ref-type name="Journal Article">17</ref-type><contributors><authors><author><style face="normal" font="default" size="100%">Tabibnia, G.</style></author><author><style face="normal" font="default" size="100%">Satpute, A. B.</style></author><author><style face="normal" font="default" size="100%">Lieberman, M. D.</style></author></authors></contributors><titles><title><style face="normal" font="default" size="100%">The sunny side of fairness: Preference for fairness activates reward circuitry (and disregarding unfairness activates self-control circuitry)</style></title><secondary-title><style face="normal" font="default" size="100%">Psychological Science</style></secondary-title></titles><periodical><full-title><style face="normal" font="default" size="100%">Psychological Science</style></full-title></periodical><pages><style face="normal" font="default" size="100%">339-47</style></pages><volume><style face="normal" font="default" size="100%">19</style></volume><number><style face="normal" font="default" size="100%">4</style></number><edition><style face="normal" font="default" size="100%">2008/04/11</style></edition><keywords><keyword><style face="normal" font="default" size="100%">Affect</style></keyword><keyword><style face="normal" font="default" size="100%">Emotion</style></keyword></keywords><dates><year><style face="normal" font="default" size="100%">2008</style></year><pub-dates><date><style face="normal" font="default" size="100%">Apr</style></date></pub-dates></dates><isbn><style face="normal" font="default" size="100%">0956-7976 (Print)&#xD;0956-7976 (Linking)</style></isbn><accession-num><style face="normal" font="default" size="100%">18399886</style></accession-num><abstract><style face="normal" font="default" size="100%">Little is known about the positive emotional impact of fairness or the process of resolving conflict between fairness and financial interests. In past research, fairness has covaried with monetary payoff, such that the mental processes underlying preference for fairness and those underlying preference for greater monetary outcome could not be distinguished. We examined self-reported happiness and neural responses to fair and unfair offers while controlling for monetary payoff. Compared with unfair offers of equal monetary value, fair offers led to higher happiness ratings and activation in several reward regions of the brain. Furthermore, the tendency to accept unfair proposals was associated with increased activity in right ventrolateral prefrontal cortex, a region involved in emotion regulation, and with decreased activity in the anterior insula, which has been implicated in negative affect. This work provides evidence that fairness is hedonically valued and that tolerating unfair treatment for material gain involves a pattern of activation resembling suppression of negative affect.</style></abstract><urls><related-urls><url><style face="normal" font="default" size="100%">http://www.ncbi.nlm.nih.gov/pubmed/18399886</style></url></related-urls><pdf-urls><url>internal-pdf://sunnysideof-0180327169/sunnysideof.pdf</url></pdf-urls></urls><electronic-resource-num><style face="normal" font="default" size="100%">10.1111/j.1467-9280.2008.02091.x</style></electronic-resource-num></record></records></xml>