<?xml version="1.0" encoding="UTF-8" ?><xml><records><record><database name="NSCClibrary.enl" path="F:\NSCClibrary.enl">NSCClibrary.enl</database><source-app name="EndNote" version="17.1">EndNote</source-app><rec-number>2950</rec-number><foreign-keys><key app="EN" db-id="5s5ppfp52t55w0eadv7p5ss3vfxzs5fwwe5w">2950</key></foreign-keys><ref-type name="Journal Article">17</ref-type><contributors><authors><author><style face="normal" font="default" size="100%">Berliner, Lucy E.</style></author></authors></contributors><titles><title><style face="normal" font="default" size="100%">Is family preservation in the best interest of children?</style></title><secondary-title><style face="normal" font="default" size="100%">Journal of Interpersonal Violence</style></secondary-title></titles><periodical><full-title><style face="normal" font="default" size="100%">Journal of Interpersonal Violence</style></full-title></periodical><pages><style face="normal" font="default" size="100%">556-562</style></pages><volume><style face="normal" font="default" size="100%">8</style></volume><number><style face="normal" font="default" size="100%">4</style></number><keywords><keyword><style face="normal" font="default" size="100%">Child abuse</style></keyword><keyword><style face="normal" font="default" size="100%">Child protection</style></keyword><keyword><style face="normal" font="default" size="100%">Child welfare</style></keyword><keyword><style face="normal" font="default" size="100%">Family reunification</style></keyword><keyword><style face="normal" font="default" size="100%">Policy</style></keyword><keyword><style face="normal" font="default" size="100%">Reunification</style></keyword></keywords><dates><year><style face="normal" font="default" size="100%">1993</style></year></dates><isbn><style face="normal" font="default" size="100%">1552-6518</style></isbn><abstract><style face="normal" font="default" size="100%">Child protection and child advocacy need to replace family reunification as the guiding policy of child welfare agencies. Child welfare workers need to &quot;listen&quot; to the actions of maltreating parents. Parents who fractured the skulls or bones of 6-month-old children, who have sexual intercourse with 12-month-old daughters, and whose drug abuse patterns compromise their ability to care for their children are simply not entitled to three strikes before they lose their rights as parents. With some kinds of child maltreament, one strike is sufficient to warrant terminating parental rights.</style></abstract><urls><pdf-urls><url>internal-pdf://Berliner 1993 - Is family-0373201921/Berliner 1993 - Is family.pdf</url></pdf-urls></urls></record><record><database name="NSCClibrary.enl" path="F:\NSCClibrary.enl">NSCClibrary.enl</database><source-app name="EndNote" version="17.1">EndNote</source-app><rec-number>3398</rec-number><foreign-keys><key app="EN" db-id="5s5ppfp52t55w0eadv7p5ss3vfxzs5fwwe5w">3398</key></foreign-keys><ref-type name="Journal Article">17</ref-type><contributors><authors><author><style face="normal" font="default" size="100%">Cossins, A.</style></author></authors></contributors><titles><title><style face="normal" font="default" size="100%">Restorative justice and child sex offences: The theory and the practice</style></title><secondary-title><style face="normal" font="default" size="100%">British Journal of Criminology</style></secondary-title></titles><periodical><full-title><style face="normal" font="default" size="100%">British Journal of Criminology</style></full-title></periodical><pages><style face="normal" font="default" size="100%">359-378</style></pages><volume><style face="normal" font="default" size="100%">48</style></volume><number><style face="normal" font="default" size="100%">3</style></number><keywords><keyword><style face="normal" font="default" size="100%">Child sexual abuse</style></keyword><keyword><style face="normal" font="default" size="100%">Power</style></keyword><keyword><style face="normal" font="default" size="100%">Restorative justice</style></keyword></keywords><dates><year><style face="normal" font="default" size="100%">2008</style></year></dates><isbn><style face="normal" font="default" size="100%">0007-0955</style></isbn><abstract><style face="normal" font="default" size="100%">Restorative justice advocates have made a number of claims about the effectiveness of restorative justice in relation to sexual assault crimes, such as its ability to defuse power relations between the parties and heal the harm. This article examines whether or not restorative justice is one of the ways forward in the difficult area of prosecuting child sex offences by re-analysing some of the data reported in Daly (2006) and comparing restorative justice with other reforms to the sexual assault trial. It concludes that there is insufficient evidence to support the view that there are inherent benefits in the restorative justice process that provide victims of sexual assault with a superior form of justice.</style></abstract><urls><pdf-urls><url>internal-pdf://Cossins 2008 - Restorative justice and child-2643358977/Cossins 2008 - Restorative justice and child.pdf</url></pdf-urls></urls></record><record><database name="NSCClibrary.enl" path="F:\NSCClibrary.enl">NSCClibrary.enl</database><source-app name="EndNote" version="17.1">EndNote</source-app><rec-number>897</rec-number><foreign-keys><key app="EN" db-id="5s5ppfp52t55w0eadv7p5ss3vfxzs5fwwe5w">897</key><key app="ENWeb" db-id="ThEeKwrtqggAAHqv064">4530</key></foreign-keys><ref-type name="Book Section">5</ref-type><contributors><authors><author><style face="normal" font="default" size="100%">Cunneen, C.</style></author></authors><secondary-authors><author><style face="normal" font="default" size="100%">Sullivan, D.</style></author><author><style face="normal" font="default" size="100%">Tifft, L.</style></author></secondary-authors></contributors><titles><title><style face="normal" font="default" size="100%">Exploring the relationship between reparations, the gross violation of human rights, and restorative justice</style></title><secondary-title><style face="normal" font="default" size="100%">Handbook of Restorative Justice: A Global Perspective</style></secondary-title></titles><periodical><full-title><style face="normal" font="default" size="100%">Handbook of restorative justice: A global perspective</style></full-title></periodical><pages><style face="normal" font="default" size="100%">355-368</style></pages><keywords><keyword><style face="normal" font="default" size="100%">Restorative justice</style></keyword><keyword><style face="normal" font="default" size="100%">Human rights</style></keyword></keywords><dates><year><style face="normal" font="default" size="100%">2006</style></year></dates><pub-location><style face="normal" font="default" size="100%">London</style></pub-location><publisher><style face="normal" font="default" size="100%">Routledge</style></publisher><isbn><style face="normal" font="default" size="100%">0415353564</style></isbn><urls><pdf-urls><url>internal-pdf://ReparationGrossViolationHumanRights&amp;RJ.Handbook24-0447409152/ReparationGrossViolationHumanRights&amp;RJ.Handbook24.pdf</url></pdf-urls></urls></record><record><database name="NSCClibrary.enl" path="F:\NSCClibrary.enl">NSCClibrary.enl</database><source-app name="EndNote" version="17.1">EndNote</source-app><rec-number>2</rec-number><foreign-keys><key app="EN" db-id="5s5ppfp52t55w0eadv7p5ss3vfxzs5fwwe5w">2</key><key app="ENWeb" db-id="ThEeKwrtqggAAHqv064">4514</key></foreign-keys><ref-type name="Journal Article">17</ref-type><contributors><authors><author><style face="normal" font="default" size="100%">Daly, Kathleen</style></author></authors></contributors><titles><title><style face="normal" font="default" size="100%">Feminist engagement with restorative justice</style></title><secondary-title><style face="normal" font="default" size="100%">Theoretical Criminology</style></secondary-title></titles><periodical><full-title><style face="normal" font="default" size="100%">Theoretical Criminology</style></full-title></periodical><pages><style face="normal" font="default" size="100%">9-28</style></pages><volume><style face="normal" font="default" size="100%">10</style></volume><number><style face="normal" font="default" size="100%">1</style></number><keywords><keyword><style face="normal" font="default" size="100%">Criminal justice responses</style></keyword><keyword><style face="normal" font="default" size="100%">Domestic violence</style></keyword><keyword><style face="normal" font="default" size="100%">Family violence</style></keyword><keyword><style face="normal" font="default" size="100%">Feminism</style></keyword><keyword><style face="normal" font="default" size="100%">Gender</style></keyword><keyword><style face="normal" font="default" size="100%">Intimate partner violence</style></keyword><keyword><style face="normal" font="default" size="100%">Restorative justice</style></keyword><keyword><style face="normal" font="default" size="100%">Sexual violence</style></keyword></keywords><dates><year><style face="normal" font="default" size="100%">2006</style></year></dates><isbn><style face="normal" font="default" size="100%">1362-4806</style></isbn><abstract><style face="normal" font="default" size="100%">We analyse five areas of feminist engagement with restorative justice (RJ): theories of justice; the role of retribution in criminal justice; studies of gender (and other social relations) in RJ processes; the appropriateness of RJ for partner, sexual or family violence; and the politics of race and gender in making justice claims. Feminist engagement has focused almost exclusively on the appropriateness of RJ for sexual, partner or family violence, but there is a need to broaden the focus. We identify a wider spectrum of theoretical, political and empirical problems for future feminist analysis of RJ.</style></abstract><urls><pdf-urls><url>internal-pdf://Daly 2006 Feminist engagement with restorative justice-4207139328/Daly 2006 Feminist engagement with restorative justice.pdf</url></pdf-urls></urls><electronic-resource-num><style face="normal" font="default" size="100%">10.1177/1362480606059980</style></electronic-resource-num></record><record><database name="NSCClibrary.enl" path="F:\NSCClibrary.enl">NSCClibrary.enl</database><source-app name="EndNote" version="17.1">EndNote</source-app><rec-number>696</rec-number><foreign-keys><key app="EN" db-id="5s5ppfp52t55w0eadv7p5ss3vfxzs5fwwe5w">696</key><key app="ENWeb" db-id="ThEeKwrtqggAAHqv064">4522</key></foreign-keys><ref-type name="Journal Article">17</ref-type><contributors><authors><author><style face="normal" font="default" size="100%">Daly, Kathleen</style></author></authors></contributors><titles><title><style face="normal" font="default" size="100%">Restorative justice and sexual assault: an archival study of court and conference cases</style></title><secondary-title><style face="normal" font="default" size="100%">British Journal of Criminology</style></secondary-title></titles><periodical><full-title><style face="normal" font="default" size="100%">British Journal of Criminology</style></full-title></periodical><pages><style face="normal" font="default" size="100%">334-356</style></pages><volume><style face="normal" font="default" size="100%">46</style></volume><number><style face="normal" font="default" size="100%">2</style></number><edition><style face="normal" font="default" size="100%">July 18, 2005</style></edition><keywords><keyword><style face="normal" font="default" size="100%">Adolescent sex offenders</style></keyword><keyword><style face="normal" font="default" size="100%">Adolescents who sexually abuse</style></keyword><keyword><style face="normal" font="default" size="100%">Adolescents who sexually harm</style></keyword><keyword><style face="normal" font="default" size="100%">Juvenile sex offenders</style></keyword><keyword><style face="normal" font="default" size="100%">Restorative justice</style></keyword><keyword><style face="normal" font="default" size="100%">Young people who sexually abuse</style></keyword></keywords><dates><year><style face="normal" font="default" size="100%">2006</style></year></dates><isbn><style face="normal" font="default" size="100%">0007-0955</style></isbn><abstract><style face="normal" font="default" size="100%">As restorative justice has grown in popularity worldwide, mainly in response to youth crime, controversy surrounds its use for sexual, partner and family violence cases. With some exceptions, all jurisdictions have put these offences beyond the reach of restorative justice for both youth and adult offenders and, thus, empirical evidence is lacking. This paper presents findings from an archival study of nearly 400 cases of youth sexual assault, which were finalised in court and by conference or formal caution over a six-and-a-half-year period in South Australia, to address these questions: (1) What differentiates a court from a conference case? (2) What happens once a case goes to court, e.g. what share of cases is dismissed and how do penalties vary for court and conference cases? (3) From a victim’s point of view, what appears to be the better option—having one’s case go to court or conference? Contrary to the concerns raised by critics of conferencing, from a victim’s advocacy perspective, the conference process may be less victimising than the court process and its penalty regime may produce more effective outcomes. </style></abstract><urls><pdf-urls><url>internal-pdf://RestorativeJustice&amp;SA-1470658048/RestorativeJustice&amp;SA.pdf</url></pdf-urls></urls><electronic-resource-num><style face="normal" font="default" size="100%">10.1093/bjc/azi071</style></electronic-resource-num></record><record><database name="NSCClibrary.enl" path="F:\NSCClibrary.enl">NSCClibrary.enl</database><source-app name="EndNote" version="17.1">EndNote</source-app><rec-number>894</rec-number><foreign-keys><key app="EN" db-id="5s5ppfp52t55w0eadv7p5ss3vfxzs5fwwe5w">894</key><key app="ENWeb" db-id="ThEeKwrtqggAAHqv064">4527</key></foreign-keys><ref-type name="Book Section">5</ref-type><contributors><authors><author><style face="normal" font="default" size="100%">Daly, Kathleen</style></author></authors><secondary-authors><author><style face="normal" font="default" size="100%">Sullivan, D.</style></author><author><style face="normal" font="default" size="100%">Tifft, L.</style></author></secondary-authors></contributors><titles><title><style face="normal" font="default" size="100%">The limits of restorative justice</style></title><secondary-title><style face="normal" font="default" size="100%">Handbook of restorative justice: A global perspective</style></secondary-title></titles><periodical><full-title><style face="normal" font="default" size="100%">Handbook of restorative justice: A global perspective</style></full-title></periodical><pages><style face="normal" font="default" size="100%">134–145</style></pages><section><style face="normal" font="default" size="100%">7</style></section><keywords><keyword><style face="normal" font="default" size="100%">Restorative justice</style></keyword></keywords><dates><year><style face="normal" font="default" size="100%">2006</style></year></dates><pub-location><style face="normal" font="default" size="100%">London</style></pub-location><publisher><style face="normal" font="default" size="100%">Routledge</style></publisher><isbn><style face="normal" font="default" size="100%">0415353564</style></isbn><urls><pdf-urls><url>internal-pdf://LimitsRJDay.Handbook7-0547806208/LimitsRJDay.Handbook7.pdf</url></pdf-urls></urls></record><record><database name="NSCClibrary.enl" path="F:\NSCClibrary.enl">NSCClibrary.enl</database><source-app name="EndNote" version="17.1">EndNote</source-app><rec-number>3412</rec-number><foreign-keys><key app="EN" db-id="5s5ppfp52t55w0eadv7p5ss3vfxzs5fwwe5w">3412</key></foreign-keys><ref-type name="Journal Article">17</ref-type><contributors><authors><author><style face="normal" font="default" size="100%">Daly, Kathleen</style></author></authors></contributors><titles><title><style face="normal" font="default" size="100%">Conventional and innovative justice responses to sexual violence</style></title><secondary-title><style face="normal" font="default" size="100%">ACSSA Issues</style></secondary-title></titles><periodical><full-title><style face="normal" font="default" size="100%">ACSSA Issues</style></full-title></periodical><pages><style face="normal" font="default" size="100%">35</style></pages><volume><style face="normal" font="default" size="100%">12</style></volume><keywords><keyword><style face="normal" font="default" size="100%">Criminal justice responses</style></keyword><keyword><style face="normal" font="default" size="100%">Law</style></keyword><keyword><style face="normal" font="default" size="100%">Legal</style></keyword><keyword><style face="normal" font="default" size="100%">Prosecution</style></keyword><keyword><style face="normal" font="default" size="100%">Restorative justice</style></keyword><keyword><style face="normal" font="default" size="100%">Sex offenders</style></keyword><keyword><style face="normal" font="default" size="100%">Sexual violence</style></keyword></keywords><dates><year><style face="normal" font="default" size="100%">2011</style></year></dates><publisher><style face="normal" font="default" size="100%">Australian Institute of Family Studies</style></publisher><abstract><style face="normal" font="default" size="100%">Despite 30 years of significant change to the way the criminal justice system responds to sexual violence, conviction rates have gone down in Australia, Canada, and England and Wales.1 Victim/survivors continue to express dissatisfaction with how the police and courts handle their cases and with their experience of the trial process. Many commentators and researchers recognise that the crux of the problem is cultural beliefs about gender and sexuality, which dilute and undermine the intentions of rape law reform.2 These beliefs affect victims adversely, but at the same time, increased criminalisation and penalisation of offenders is not likely to yield constructive outcomes. This paper reflects on the limits of legal reform in improving outcomes for victim/survivors. Given the extent of reform to procedural, substantive, and evidentiary aspects of sexual assault legal cases, we may have exhausted its potential to change the response to sexual assault. We may need to consider innovative justice responses, which may be part of the legal system or lie beyond it.</style></abstract><urls><pdf-urls><url>internal-pdf://Daly 2011 - Conventional and innovative justice-1191896065/Daly 2011 - Conventional and innovative justice.pdf</url></pdf-urls></urls></record><record><database name="NSCClibrary.enl" path="F:\NSCClibrary.enl">NSCClibrary.enl</database><source-app name="EndNote" version="17.1">EndNote</source-app><rec-number>4678</rec-number><foreign-keys><key app="EN" db-id="5s5ppfp52t55w0eadv7p5ss3vfxzs5fwwe5w">4678</key></foreign-keys><ref-type name="Electronic Article">43</ref-type><contributors><authors><author><style face="normal" font="default" size="100%">Daly, Kathleen</style></author><author><style face="normal" font="default" size="100%">Bouhours, Brigitte</style></author><author><style face="normal" font="default" size="100%">Broadhurst, Roderic</style></author><author><style face="normal" font="default" size="100%">Loh, Nini</style></author></authors></contributors><titles><title><style face="normal" font="default" size="100%">Youth sex offending, recidivism, and restorative justice</style></title></titles><keywords><keyword><style face="normal" font="default" size="100%">Recidivism</style></keyword><keyword><style face="normal" font="default" size="100%">Treatment</style></keyword><keyword><style face="normal" font="default" size="100%">Programs</style></keyword><keyword><style face="normal" font="default" size="100%">Legal pathways</style></keyword></keywords><dates><year><style face="normal" font="default" size="100%">2011</style></year></dates><abstract><style face="normal" font="default" size="100%">We analyse re-offending for 365 youths charged with sexual offences, whose cases were finalised in court, by conference, and by formal caution. The unadjusted rate of sexual re-offending was 9 per cent, and general re-offending, 54 per cent. Conference youth were significantly slower to re-offend than court youth, but only those with no previous offending; referral to a specialist youth sex offender programme significantly reduced the time to re-offend, but only for those with no previous offending. The enmeshment of key factors—previous offending, early admissions, offence types, and legal and therapeutic responses—sets youth along distinctive legal pathways, making it difficult to compare the independent ‘effects’ of court and conference on re-offending.</style></abstract><urls><pdf-urls><url>internal-pdf://2697860840/Daly2011YouthSex.pdf</url></pdf-urls></urls></record><record><database name="NSCClibrary.enl" path="F:\NSCClibrary.enl">NSCClibrary.enl</database><source-app name="EndNote" version="17.1">EndNote</source-app><rec-number>4677</rec-number><foreign-keys><key app="EN" db-id="5s5ppfp52t55w0eadv7p5ss3vfxzs5fwwe5w">4677</key></foreign-keys><ref-type name="Book Section">5</ref-type><contributors><authors><author><style face="normal" font="default" size="100%">Daly, Kathleen</style></author><author><style face="normal" font="default" size="100%">Nancarrow, Heather</style></author></authors><secondary-authors><author><style face="normal" font="default" size="100%">Ptacek, James</style></author></secondary-authors></contributors><titles><title><style face="normal" font="default" size="100%">Restorative justice and youth violence toward parents</style></title><secondary-title><style face="normal" font="default" size="100%">Restorative justice and violence against women</style></secondary-title></titles><pages><style face="normal" font="default" size="100%">150-174</style></pages><section><style face="normal" font="default" size="100%">7</style></section><keywords><keyword><style face="normal" font="default" size="100%">Restorative Justice</style></keyword><keyword><style face="normal" font="default" size="100%">Feminism</style></keyword><keyword><style face="normal" font="default" size="100%">Abused women</style></keyword></keywords><dates><year><style face="normal" font="default" size="100%">2010</style></year></dates><pub-location><style face="normal" font="default" size="100%">Oxford</style></pub-location><publisher><style face="normal" font="default" size="100%">Oxford University Press</style></publisher><isbn><style face="normal" font="default" size="100%">9780195335484</style></isbn><abstract><style face="normal" font="default" size="100%">This book offers perspectives from scholars and community activists in the United States, Australia, Canada, and New Zealand. The topics address woman battering, rape, the physical and sexual abuse of children, and youth violence against mothers. A number of the chapters address how racism poses problems for addressing violence, both for feminists and RJ practitioners.</style></abstract><urls><pdf-urls><url>internal-pdf://1730236320/Daly2010Restorative.pdf</url></pdf-urls></urls></record><record><database name="NSCClibrary.enl" path="F:\NSCClibrary.enl">NSCClibrary.enl</database><source-app name="EndNote" version="17.1">EndNote</source-app><rec-number>893</rec-number><foreign-keys><key app="EN" db-id="5s5ppfp52t55w0eadv7p5ss3vfxzs5fwwe5w">893</key><key app="ENWeb" db-id="ThEeKwrtqggAAHqv064">4526</key></foreign-keys><ref-type name="Book Section">5</ref-type><contributors><authors><author><style face="normal" font="default" size="100%">Danieli, Y.</style></author></authors><secondary-authors><author><style face="normal" font="default" size="100%">Sullivan, D.</style></author><author><style face="normal" font="default" size="100%">Tifft, L.</style></author></secondary-authors></contributors><titles><title><style face="normal" font="default" size="100%">Complex needs voiced by victims/survivors</style></title><secondary-title><style face="normal" font="default" size="100%">Handbook of Restorative Justice: a Global Perspective</style></secondary-title></titles><periodical><full-title><style face="normal" font="default" size="100%">Handbook of restorative justice: A global perspective</style></full-title></periodical><pages><style face="normal" font="default" size="100%">286-298</style></pages><section><style face="normal" font="default" size="100%">19</style></section><keywords><keyword><style face="normal" font="default" size="100%">Restorative justice</style></keyword><keyword><style face="normal" font="default" size="100%">Domestic violence</style></keyword></keywords><dates><year><style face="normal" font="default" size="100%">2006</style></year></dates><pub-location><style face="normal" font="default" size="100%">London</style></pub-location><publisher><style face="normal" font="default" size="100%">Routledge</style></publisher><isbn><style face="normal" font="default" size="100%">0415353564</style></isbn><urls><pdf-urls><url>internal-pdf://EssentialElementsHealingAfterMassiveTrauma.Handbook23-0144610048/EssentialElementsHealingAfterMassiveTrauma.Handbook23.pdf</url></pdf-urls></urls></record><record><database name="NSCClibrary.enl" path="F:\NSCClibrary.enl">NSCClibrary.enl</database><source-app name="EndNote" version="17.1">EndNote</source-app><rec-number>890</rec-number><foreign-keys><key app="EN" db-id="5s5ppfp52t55w0eadv7p5ss3vfxzs5fwwe5w">890</key><key app="ENWeb" db-id="ThEeKwrtqggAAHqv064">3784</key></foreign-keys><ref-type name="Journal Article">17</ref-type><contributors><authors><author><style face="normal" font="default" size="100%">DeMaio, Christine M.</style></author><author><style face="normal" font="default" size="100%">Davis, Joanne L.</style></author><author><style face="normal" font="default" size="100%">Smith, Daniel W.</style></author></authors></contributors><titles><title><style face="normal" font="default" size="100%">The use of clarification sessions in the treatment of incest victims and their families: An exploratory study</style></title><secondary-title><style face="normal" font="default" size="100%">Sexual Abuse: A Journal of Research and Treatment</style></secondary-title></titles><periodical><full-title><style face="normal" font="default" size="100%">Sexual Abuse: A Journal of Research and Treatment</style></full-title></periodical><pages><style face="normal" font="default" size="100%">27-39</style></pages><volume><style face="normal" font="default" size="100%">18</style></volume><number><style face="normal" font="default" size="100%">1</style></number><keywords><keyword><style face="normal" font="default" size="100%">Clarification session</style></keyword><keyword><style face="normal" font="default" size="100%">Family therapy</style></keyword><keyword><style face="normal" font="default" size="100%">Family treatment</style></keyword><keyword><style face="normal" font="default" size="100%">Incest</style></keyword><keyword><style face="normal" font="default" size="100%">Intrafamilial sexual abuse</style></keyword><keyword><style face="normal" font="default" size="100%">Victim treatment</style></keyword></keywords><dates><year><style face="normal" font="default" size="100%">2006</style></year></dates><isbn><style face="normal" font="default" size="100%">1079-0632</style></isbn><abstract><style face="normal" font="default" size="100%">The “clarification session” has been implicated as an important component of the treatment of families affected by incest. On the basis of information presented in clinical literature, however, the specific nature of this intervention varies widely. This exploratory study examined the practices and attitudes regarding clarification sessions of select members of the Association for the Treatment of Sexual Abusers. Surveys were completed by 483 members. Results indicated that approximately 77% of respondents had experience in conducting clarification sessions. The top two reported reasons for conducting clarification sessions were for the perpetrator to assume all responsibility for the abuse and to decrease the level of self-blame of the victim. The majority of respondents concurred that several activities needed to occur prior to the clarification session, whereas less consensus was indicated for activities that were deemed essential during the clarification session. Respondents’ practices, attitudes, and beliefs are discussed in terms of the current state of limited, empirically based knowledge in this area. Directions for future research are suggested.</style></abstract><urls><pdf-urls><url>internal-pdf://DeMaio et al 2006 - The use of clarification-1150987776/DeMaio et al 2006 - The use of clarification.pdf</url></pdf-urls></urls></record><record><database name="NSCClibrary.enl" path="F:\NSCClibrary.enl">NSCClibrary.enl</database><source-app name="EndNote" version="17.1">EndNote</source-app><rec-number>901</rec-number><foreign-keys><key app="EN" db-id="5s5ppfp52t55w0eadv7p5ss3vfxzs5fwwe5w">901</key><key app="ENWeb" db-id="ThEeKwrtqggAAHqv064">4534</key></foreign-keys><ref-type name="Book Section">5</ref-type><contributors><authors><author><style face="normal" font="default" size="100%">Hadley, M.L.</style></author></authors><secondary-authors><author><style face="normal" font="default" size="100%">Sullivan, D.</style></author><author><style face="normal" font="default" size="100%">Tifft, L.</style></author></secondary-authors></contributors><titles><title><style face="normal" font="default" size="100%">Spiritual foundations of restorative justice</style></title><secondary-title><style face="normal" font="default" size="100%">Handbook of restorative justice: A global perspective</style></secondary-title></titles><periodical><full-title><style face="normal" font="default" size="100%">Handbook of restorative justice: A global perspective</style></full-title></periodical><pages><style face="normal" font="default" size="100%">174-187</style></pages><section><style face="normal" font="default" size="100%">10</style></section><keywords><keyword><style face="normal" font="default" size="100%">Restorative justice</style></keyword><keyword><style face="normal" font="default" size="100%">Spirituality</style></keyword></keywords><dates><year><style face="normal" font="default" size="100%">2006</style></year></dates><pub-location><style face="normal" font="default" size="100%">London</style></pub-location><publisher><style face="normal" font="default" size="100%">Routledge</style></publisher><isbn><style face="normal" font="default" size="100%">0415353564</style></isbn><abstract><style face="normal" font="default" size="100%">Restorative justice is at root a deeply spiritual process of transformation: of persons, situations, and even institutions. Drawing on spiritual values, it responds to human needs holistically in order to restore the moral bond of community. It involves recognising justice not solely in terms of forensic and adversarial legal processes alone, but in terms of restoration, healing and peace.</style></abstract><urls><pdf-urls><url>internal-pdf://SpiritualFoundationsRJ.Handbook10-0043921664/SpiritualFoundationsRJ.Handbook10.pdf</url></pdf-urls></urls></record><record><database name="NSCClibrary.enl" path="F:\NSCClibrary.enl">NSCClibrary.enl</database><source-app name="EndNote" version="17.1">EndNote</source-app><rec-number>900</rec-number><foreign-keys><key app="EN" db-id="5s5ppfp52t55w0eadv7p5ss3vfxzs5fwwe5w">900</key><key app="ENWeb" db-id="ThEeKwrtqggAAHqv064">4533</key></foreign-keys><ref-type name="Book Section">5</ref-type><contributors><authors><author><style face="normal" font="default" size="100%">Harris, N.</style></author><author><style face="normal" font="default" size="100%">Maruna, S.</style></author></authors><secondary-authors><author><style face="normal" font="default" size="100%">Sullivan, D.</style></author><author><style face="normal" font="default" size="100%">Tifft, L.</style></author></secondary-authors></contributors><titles><title><style face="normal" font="default" size="100%">Shame, shaming and restorative justice: A critical appraisal</style></title><secondary-title><style face="normal" font="default" size="100%">Handbook of restorative justice: A global perspective</style></secondary-title></titles><periodical><full-title><style face="normal" font="default" size="100%">Handbook of restorative justice: A global perspective</style></full-title></periodical><pages><style face="normal" font="default" size="100%">452–462</style></pages><section><style face="normal" font="default" size="100%">30</style></section><keywords><keyword><style face="normal" font="default" size="100%">Restorative justice</style></keyword><keyword><style face="normal" font="default" size="100%">Shame</style></keyword></keywords><dates><year><style face="normal" font="default" size="100%">2006</style></year></dates><pub-location><style face="normal" font="default" size="100%">London</style></pub-location><publisher><style face="normal" font="default" size="100%">Routledge</style></publisher><abstract><style face="normal" font="default" size="100%">The concepts of shame and shaming occupy a central, if controversial, position within the theoretical understanding of restorative justice, largely as a result of the formation of reintegrative shaming theory (RST). This chapter critically analyses the role of shame within restorative justice by reviewing the basics of RST.</style></abstract><urls><pdf-urls><url>internal-pdf://Shame&amp;RJ.Handbook30-3457463040/Shame&amp;RJ.Handbook30.pdf</url></pdf-urls></urls></record><record><database name="NSCClibrary.enl" path="F:\NSCClibrary.enl">NSCClibrary.enl</database><source-app name="EndNote" version="17.1">EndNote</source-app><rec-number>6</rec-number><foreign-keys><key app="EN" db-id="5s5ppfp52t55w0eadv7p5ss3vfxzs5fwwe5w">6</key><key app="ENWeb" db-id="ThEeKwrtqggAAHqv064">4516</key></foreign-keys><ref-type name="Journal Article">17</ref-type><contributors><authors><author><style face="normal" font="default" size="100%">Herman, Judith Lewis</style></author></authors></contributors><titles><title><style face="normal" font="default" size="100%">Justice from the victim&apos;s perspective</style></title><secondary-title><style face="normal" font="default" size="100%">Violence Against Women</style></secondary-title></titles><periodical><full-title><style face="normal" font="default" size="100%">Violence Against Women</style></full-title></periodical><pages><style face="normal" font="default" size="100%">571-602</style></pages><volume><style face="normal" font="default" size="100%">11</style></volume><number><style face="normal" font="default" size="100%">5</style></number><keywords><keyword><style face="normal" font="default" size="100%">Feminism</style></keyword><keyword><style face="normal" font="default" size="100%">Restorative justice</style></keyword><keyword><style face="normal" font="default" size="100%">Survivors</style></keyword><keyword><style face="normal" font="default" size="100%">Victims</style></keyword></keywords><dates><year><style face="normal" font="default" size="100%">2005</style></year></dates><isbn><style face="normal" font="default" size="100%">1077-8012</style></isbn><abstract><style face="normal" font="default" size="100%">What are the meanings of justice, as seen from the perspective of victims of violent crime? Are victims’ visions of justice represented by the conventional legal system? Are they represented by restorative justice? The author engages these questions, drawing on indepth interviews with 22 victims of violent crime. It is argued that survivors’ views of justice do not fit well into either retributive or restorative models. This has implications for current efforts to use restorative models in cases of violence against women.</style></abstract><urls><pdf-urls><url>internal-pdf://herman justic vic pers-1841558528/herman justic vic pers.pdf</url></pdf-urls></urls><electronic-resource-num><style face="normal" font="default" size="100%">10.1177/1077801205274450</style></electronic-resource-num></record><record><database name="NSCClibrary.enl" path="F:\NSCClibrary.enl">NSCClibrary.enl</database><source-app name="EndNote" version="17.1">EndNote</source-app><rec-number>898</rec-number><foreign-keys><key app="EN" db-id="5s5ppfp52t55w0eadv7p5ss3vfxzs5fwwe5w">898</key><key app="ENWeb" db-id="ThEeKwrtqggAAHqv064">4531</key></foreign-keys><ref-type name="Book Section">5</ref-type><contributors><authors><author><style face="normal" font="default" size="100%">Holter, A.C.</style></author><author><style face="normal" font="default" size="100%">Martin, J.</style></author><author><style face="normal" font="default" size="100%">Enright, R.D.</style></author></authors><secondary-authors><author><style face="normal" font="default" size="100%">Sullivan, D.</style></author><author><style face="normal" font="default" size="100%">Tifft, L.</style></author></secondary-authors></contributors><titles><title><style face="normal" font="default" size="100%">Restoring justice through forgiveness: The case of children in Northern Ireland</style></title><secondary-title><style face="normal" font="default" size="100%">Handbook of restorative justice: A global perspective</style></secondary-title></titles><periodical><full-title><style face="normal" font="default" size="100%">Handbook of restorative justice: A global perspective</style></full-title></periodical><pages><style face="normal" font="default" size="100%">311</style></pages><section><style face="normal" font="default" size="100%">21</style></section><keywords><keyword><style face="normal" font="default" size="100%">Restorative justice</style></keyword><keyword><style face="normal" font="default" size="100%">Forgiveness</style></keyword><keyword><style face="normal" font="default" size="100%">Violence</style></keyword><keyword><style face="normal" font="default" size="100%">Trauma</style></keyword></keywords><dates><year><style face="normal" font="default" size="100%">2006</style></year></dates><pub-location><style face="normal" font="default" size="100%">London</style></pub-location><publisher><style face="normal" font="default" size="100%">Routledge</style></publisher><isbn><style face="normal" font="default" size="100%">0415353564</style></isbn><urls><pdf-urls><url>internal-pdf://ResJusForg.NorthernIreland.Handbook21-1743244289/ResJusForg.NorthernIreland.Handbook21.pdf</url></pdf-urls></urls></record><record><database name="NSCClibrary.enl" path="F:\NSCClibrary.enl">NSCClibrary.enl</database><source-app name="EndNote" version="17.1">EndNote</source-app><rec-number>3400</rec-number><foreign-keys><key app="EN" db-id="5s5ppfp52t55w0eadv7p5ss3vfxzs5fwwe5w">3400</key></foreign-keys><ref-type name="Journal Article">17</ref-type><contributors><authors><author><style face="normal" font="default" size="100%">Hopkins, C.Q.</style></author><author><style face="normal" font="default" size="100%">Koss, M.P.</style></author></authors></contributors><titles><title><style face="normal" font="default" size="100%">Incorporating feminist theory and insights into a restorative justice response to sex offenses</style></title><secondary-title><style face="normal" font="default" size="100%">Violence Against Women</style></secondary-title></titles><periodical><full-title><style face="normal" font="default" size="100%">Violence Against Women</style></full-title></periodical><pages><style face="normal" font="default" size="100%">693-723</style></pages><volume><style face="normal" font="default" size="100%">11</style></volume><number><style face="normal" font="default" size="100%">5</style></number><keywords><keyword><style face="normal" font="default" size="100%">Sex offenders</style></keyword><keyword><style face="normal" font="default" size="100%">Feminism</style></keyword><keyword><style face="normal" font="default" size="100%">Restorative justice</style></keyword><keyword><style face="normal" font="default" size="100%">Sexual violence</style></keyword></keywords><dates><year><style face="normal" font="default" size="100%">2005</style></year></dates><isbn><style face="normal" font="default" size="100%">1077-8012</style></isbn><abstract><style face="normal" font="default" size="100%">Sex offenses, particularly nonpenetration sex offenses and acquaintance sexual assault, are all too common. Because these crimes reinforce women’s fear of crime and restrict spatial and social freedom, it is paramount for the justice system to act affirmatively; however, it does not. This article identifies several failures in the current response to these sex offenses.We describe the research demonstration project, RESTORE, operating in Pima County, Arizona, which uses a restorative justice response as a way of remedying some of those failures. Identifying central feminist insights that guided the development of that project, the article addresses concerns raised by feminists about the use of restorative justice for gendered violence.We conclude that most if not all of these concerns apply to cases of ongoing domestic violence—cases specifically excluded from the RESTORE program—rather than to cases of acquaintance sexual assault or nonpenetration sex offenses.</style></abstract><urls><pdf-urls><url>internal-pdf://Hopkins et al 2005 - Incorporating feminist theory-3231070721/Hopkins et al 2005 - Incorporating feminist theory.pdf</url></pdf-urls></urls></record><record><database name="NSCClibrary.enl" path="F:\NSCClibrary.enl">NSCClibrary.enl</database><source-app name="EndNote" version="17.1">EndNote</source-app><rec-number>697</rec-number><foreign-keys><key app="EN" db-id="5s5ppfp52t55w0eadv7p5ss3vfxzs5fwwe5w">697</key><key app="ENWeb" db-id="ThEeKwrtqggAAHqv064">3788</key></foreign-keys><ref-type name="Journal Article">17</ref-type><contributors><authors><author><style face="normal" font="default" size="100%">Jenkins, Alan</style></author></authors></contributors><titles><title><style face="normal" font="default" size="100%">Shame, realisation and restitution: The ethics of restorative practice</style></title><secondary-title><style face="normal" font="default" size="100%">Australian and New Zealand Journal of Family Therapy, The</style></secondary-title></titles><periodical><full-title><style face="normal" font="default" size="100%">Australian and New Zealand Journal of Family Therapy, The</style></full-title></periodical><pages><style face="normal" font="default" size="100%">153</style></pages><volume><style face="normal" font="default" size="100%">27</style></volume><number><style face="normal" font="default" size="100%">3</style></number><keywords><keyword><style face="normal" font="default" size="100%">Shame</style></keyword><keyword><style face="normal" font="default" size="100%">Restorative justice</style></keyword><keyword><style face="normal" font="default" size="100%">Apology</style></keyword><keyword><style face="normal" font="default" size="100%">Forgiveness</style></keyword></keywords><dates><year><style face="normal" font="default" size="100%">2006</style></year></dates><abstract><style face="normal" font="default" size="100%">Jenkins highlights the ethics of restorative practice in therapeutic intervention with men who have abused family members. The term restorative action is commonly evoked in the aftermath of abuse, especially in the context of attempts to re-establish respectful relationships between family members. He critiques popular ideas concerning remorse, forgiveness, pardoning and reconciliation and poses possibilities for ethical practices of restorative action.</style></abstract><urls><pdf-urls><url>internal-pdf://Shame,Realisation&amp;Restitution-2965850625/Shame,Realisation&amp;Restitution.pdf</url></pdf-urls></urls></record><record><database name="NSCClibrary.enl" path="F:\NSCClibrary.enl">NSCClibrary.enl</database><source-app name="EndNote" version="17.1">EndNote</source-app><rec-number>7</rec-number><foreign-keys><key app="EN" db-id="5s5ppfp52t55w0eadv7p5ss3vfxzs5fwwe5w">7</key><key app="ENWeb" db-id="ThEeKwrtqggAAHqv064">4517</key></foreign-keys><ref-type name="Journal Article">17</ref-type><contributors><authors><author><style face="normal" font="default" size="100%">Julich, Shirley</style></author></authors></contributors><titles><title><style face="normal" font="default" size="100%">Views of justice among survivors of historical child sexual abuse: Implications for restorative justice in New Zealand</style></title><secondary-title><style face="normal" font="default" size="100%">Theoretical Criminology</style></secondary-title></titles><periodical><full-title><style face="normal" font="default" size="100%">Theoretical Criminology</style></full-title></periodical><pages><style face="normal" font="default" size="100%">125-138</style></pages><volume><style face="normal" font="default" size="100%">10</style></volume><number><style face="normal" font="default" size="100%">1</style></number><keywords><keyword><style face="normal" font="default" size="100%">Childhood sexual abuse</style></keyword><keyword><style face="normal" font="default" size="100%">Restorative justice</style></keyword><keyword><style face="normal" font="default" size="100%">Survivors</style></keyword><keyword><style face="normal" font="default" size="100%">Victims</style></keyword></keywords><dates><year><style face="normal" font="default" size="100%">2006</style></year></dates><isbn><style face="normal" font="default" size="100%">1362-4806</style></isbn><abstract><style face="normal" font="default" size="100%">Restorative justice for adults in New Zealand has made a cautious start, although crimes of gendered violence are typically excluded. The findings reported in this article draw on interviews of adult survivors of child sexual abuse (eighteen women and three men), asking them to describe their experiences with the abuse and its impact, and to suggest changes to the criminal justice system, which would provide them with a sense of justice. Although the survivors spoke of justice in ways that reflected the goals of restorative justice, they were reluctant to endorse restorative justice as a paradigm within which they would pursue justice.</style></abstract><urls><pdf-urls><url>internal-pdf://Julich 2006 Views of justice among survivors of historical CSA-3972266240/Julich 2006 Views of justice among survivors of historical CSA.pdf</url></pdf-urls></urls><electronic-resource-num><style face="normal" font="default" size="100%">10.1177/1362480606059988</style></electronic-resource-num></record><record><database name="NSCClibrary.enl" path="F:\NSCClibrary.enl">NSCClibrary.enl</database><source-app name="EndNote" version="17.1">EndNote</source-app><rec-number>780</rec-number><foreign-keys><key app="EN" db-id="5s5ppfp52t55w0eadv7p5ss3vfxzs5fwwe5w">780</key><key app="ENWeb" db-id="ThEeKwrtqggAAHqv064">4524</key></foreign-keys><ref-type name="Book Section">5</ref-type><contributors><authors><author><style face="normal" font="default" size="100%">Koss, Mary P.</style></author><author><style face="normal" font="default" size="100%">Bachar, Karen</style></author><author><style face="normal" font="default" size="100%">Hopkins, Quince</style></author></authors><secondary-authors><author><style face="normal" font="default" size="100%">Barbaree, Howard E.</style></author><author><style face="normal" font="default" size="100%">Marshall, William L.</style></author></secondary-authors></contributors><titles><title><style face="normal" font="default" size="100%">Disposition and treatment of juvenile sex offenders from the perspective of restorative justice</style></title><secondary-title><style face="normal" font="default" size="100%">The juvenile sex offender</style></secondary-title></titles><periodical><full-title><style face="normal" font="default" size="100%">The juvenile sex offender</style></full-title></periodical><pages><style face="normal" font="default" size="100%">336-357</style></pages><keywords><keyword><style face="normal" font="default" size="100%">Accountability</style></keyword><keyword><style face="normal" font="default" size="100%">Acknowledgement</style></keyword><keyword><style face="normal" font="default" size="100%">Apology</style></keyword><keyword><style face="normal" font="default" size="100%">Recidivism</style></keyword><keyword><style face="normal" font="default" size="100%">Restorative justice</style></keyword></keywords><dates><year><style face="normal" font="default" size="100%">2006</style></year></dates><pub-location><style face="normal" font="default" size="100%">New York, NY</style></pub-location><publisher><style face="normal" font="default" size="100%">The Guilford Press</style></publisher><abstract><style face="normal" font="default" size="100%">Restorative justice views crime as harm for which the person responsible must be held accountable by a victim-driven, community-based process. This chapter examines juvenile justice processes in Canada and the US and identifies trends toward more intense punishment, routine lack of attention to victim needs, and underutilisation of the family. When cases are referred to therapeutic options, multiple system therapies have the strongest empirical success record. However, these approaches also pay scant attantion to healing the impact of crime on victims and family members. Incorporating restorative justice principles could strengthen sex offender treatment by involving the direct victims, fostering shared emotion, acknowledgement of wrongdoing, apology, and reparation. These practices enhance the likelihood that victims are satisfied they have received fair justice, strengthen social control within the community, reduce recidivism, and enhance the benefits to offenders by promoting cognitive reframing, empathy, restoration of self-esteem, and community reintegration.  </style></abstract><urls><pdf-urls><url>internal-pdf://JuvSexOffenders&amp;RJKoss.undated.circa2003.2004-3018205441/JuvSexOffenders&amp;RJKoss.undated.circa2003.2004.pdf</url></pdf-urls></urls></record><record><database name="NSCClibrary.enl" path="F:\NSCClibrary.enl">NSCClibrary.enl</database><source-app name="EndNote" version="17.1">EndNote</source-app><rec-number>895</rec-number><foreign-keys><key app="EN" db-id="5s5ppfp52t55w0eadv7p5ss3vfxzs5fwwe5w">895</key><key app="ENWeb" db-id="ThEeKwrtqggAAHqv064">4528</key></foreign-keys><ref-type name="Book Section">5</ref-type><contributors><authors><author><style face="normal" font="default" size="100%">McAlinden, A.M.</style></author></authors><secondary-authors><author><style face="normal" font="default" size="100%">Sullivan, D.</style></author><author><style face="normal" font="default" size="100%">Tifft, L.</style></author></secondary-authors></contributors><titles><title><style face="normal" font="default" size="100%">Are there limits to restorative justice?</style></title><secondary-title><style face="normal" font="default" size="100%">Handbook of restorative justice: A global perspective</style></secondary-title></titles><periodical><full-title><style face="normal" font="default" size="100%">Handbook of restorative justice: A global perspective</style></full-title></periodical><pages><style face="normal" font="default" size="100%">299-310</style></pages><section><style face="normal" font="default" size="100%">20</style></section><keywords><keyword><style face="normal" font="default" size="100%">Restorative justice</style></keyword><keyword><style face="normal" font="default" size="100%">Child sexual abuse</style></keyword></keywords><dates><year><style face="normal" font="default" size="100%">2006</style></year></dates><pub-location><style face="normal" font="default" size="100%">London</style></pub-location><publisher><style face="normal" font="default" size="100%">Routledge</style></publisher><isbn><style face="normal" font="default" size="100%">0415353564</style></isbn><urls><pdf-urls><url>internal-pdf://LimitstoRJ.McAlinden.Handbook20-3840168961/LimitstoRJ.McAlinden.Handbook20.pdf</url></pdf-urls></urls></record><record><database name="NSCClibrary.enl" path="F:\NSCClibrary.enl">NSCClibrary.enl</database><source-app name="EndNote" version="17.1">EndNote</source-app><rec-number>695</rec-number><foreign-keys><key app="EN" db-id="5s5ppfp52t55w0eadv7p5ss3vfxzs5fwwe5w">695</key><key app="ENWeb" db-id="ThEeKwrtqggAAHqv064">4521</key></foreign-keys><ref-type name="Journal Article">17</ref-type><contributors><authors><author><style face="normal" font="default" size="100%">McAlinden, A.M.</style></author></authors></contributors><auth-address><style face="normal" font="default" size="100%">Dr Anne-Marie McAlinden&#xD;Lecturer in Law&#xD;School of Law&#xD;Queen&apos;s University Belfast&#xD;Belfast BT7 1NN&#xD;a.mcalinden@qub.ac.uk</style></auth-address><titles><title><style face="normal" font="default" size="100%">Restorative justice as a response to sexual offending: Addressing the failings of current punitive approaches</style></title><secondary-title><style face="normal" font="default" size="100%">Sexual Offender Treatment</style></secondary-title></titles><periodical><full-title><style face="normal" font="default" size="100%">Sexual Offender Treatment</style></full-title></periodical><volume><style face="normal" font="default" size="100%">3</style></volume><number><style face="normal" font="default" size="100%">1</style></number><keywords><keyword><style face="normal" font="default" size="100%">Restorative justice</style></keyword><keyword><style face="normal" font="default" size="100%">Sex offenders</style></keyword><keyword><style face="normal" font="default" size="100%">Recidivism</style></keyword><keyword><style face="normal" font="default" size="100%">Risk management</style></keyword></keywords><dates><year><style face="normal" font="default" size="100%">2008</style></year></dates><isbn><style face="normal" font="default" size="100%">1862-2941</style></isbn><abstract><style face="normal" font="default" size="100%">This article explores the use of restorative justice as a response to sexual crime. The management of high risk sex offenders, particularly in the community post-release, has been a key focus of contemporary popular and political debates on sexual offending. Many offenders fail to come to the attention of the criminal justice system. For those that do, there is the almost blanket application of recent control in the community measures such as sex offender registries and community notification which have failed to prevent reoffending. The response by the media and the public to the presence of sex offenders in the community may also impede offender rehabilitation. The use of punishment alone via formal criminal justice is, therefore, an inadequate deterrent for sexual crimes. Although controversial, this article advocates the use of restorative practices with sexual crime as a proactive, holistic response to the problem and ultimately as a more effective means of reducing the incidence of sexual offences and sex offender recidivism.</style></abstract><urls><pdf-urls><url>internal-pdf://Restorative Justice as response to Sexual Offending-4136430081/Restorative Justice as response to Sexual Offending.pdf</url></pdf-urls></urls></record><record><database name="NSCClibrary.enl" path="F:\NSCClibrary.enl">NSCClibrary.enl</database><source-app name="EndNote" version="17.1">EndNote</source-app><rec-number>899</rec-number><foreign-keys><key app="EN" db-id="5s5ppfp52t55w0eadv7p5ss3vfxzs5fwwe5w">899</key><key app="ENWeb" db-id="ThEeKwrtqggAAHqv064">4532</key></foreign-keys><ref-type name="Book Section">5</ref-type><contributors><authors><author><style face="normal" font="default" size="100%">McEvoy, K.</style></author><author><style face="normal" font="default" size="100%">Eriksson, A.</style></author></authors><secondary-authors><author><style face="normal" font="default" size="100%">Sullivan, D.</style></author><author><style face="normal" font="default" size="100%">Tifft, L.</style></author></secondary-authors></contributors><titles><title><style face="normal" font="default" size="100%">Restorative justice in transition: Ownership, leadership and “bottom-up” human rights</style></title><secondary-title><style face="normal" font="default" size="100%">Handbook of Restorative Justice: A Global Perspective</style></secondary-title></titles><periodical><full-title><style face="normal" font="default" size="100%">Handbook of restorative justice: A global perspective</style></full-title></periodical><pages><style face="normal" font="default" size="100%">321-337</style></pages><section><style face="normal" font="default" size="100%">22</style></section><keywords><keyword><style face="normal" font="default" size="100%">Restorative justice</style></keyword><keyword><style face="normal" font="default" size="100%">Human rights</style></keyword></keywords><dates><year><style face="normal" font="default" size="100%">2006</style></year></dates><pub-location><style face="normal" font="default" size="100%">London</style></pub-location><publisher><style face="normal" font="default" size="100%">Routledge</style></publisher><isbn><style face="normal" font="default" size="100%">0415353564</style></isbn><urls><pdf-urls><url>internal-pdf://RJinTransition.Handbook22-1692580097/RJinTransition.Handbook22.pdf</url></pdf-urls></urls></record><record><database name="NSCClibrary.enl" path="F:\NSCClibrary.enl">NSCClibrary.enl</database><source-app name="EndNote" version="17.1">EndNote</source-app><rec-number>692</rec-number><foreign-keys><key app="EN" db-id="5s5ppfp52t55w0eadv7p5ss3vfxzs5fwwe5w">692</key><key app="ENWeb" db-id="ThEeKwrtqggAAHqv064">4520</key></foreign-keys><ref-type name="Journal Article">17</ref-type><contributors><authors><author><style face="normal" font="default" size="100%">McNevin, Elizabeth</style></author></authors></contributors><auth-address><style face="normal" font="default" size="100%">Mater Family and Youth Counselling Service, Child Protextion Unit, Mater Children’s Hospital, Brisbane, PO Box 8218 Woolloongabba, QLD 4102, Australia, email: elizabeth.mcnevin@mater.org.au</style></auth-address><titles><title><style face="normal" font="default" size="100%">Applied restorative justice as a complement to systemic family therapy: Theory and practice implications for families experiencing intra-familial adolescent sibling incest</style></title><secondary-title><style face="normal" font="default" size="100%">Australian and New Zealand Journal of Family Therapy</style></secondary-title></titles><periodical><full-title><style face="normal" font="default" size="100%">Australian and New Zealand Journal of Family Therapy</style></full-title></periodical><pages><style face="normal" font="default" size="100%">60-72</style></pages><volume><style face="normal" font="default" size="100%">31</style></volume><number><style face="normal" font="default" size="100%">1</style></number><keywords><keyword><style face="normal" font="default" size="100%">Adolescent sex offenders</style></keyword><keyword><style face="normal" font="default" size="100%">Adolescents who sexually abuse</style></keyword><keyword><style face="normal" font="default" size="100%">Child sexual abuse</style></keyword><keyword><style face="normal" font="default" size="100%">Family therapy</style></keyword><keyword><style face="normal" font="default" size="100%">Family treatment</style></keyword><keyword><style face="normal" font="default" size="100%">Incest</style></keyword><keyword><style face="normal" font="default" size="100%">Intrafamilial sexual abuse</style></keyword><keyword><style face="normal" font="default" size="100%">Juvenile sex offenders</style></keyword><keyword><style face="normal" font="default" size="100%">Sibling incest</style></keyword><keyword><style face="normal" font="default" size="100%">Sibling sexual abuse</style></keyword><keyword><style face="normal" font="default" size="100%">Young people who sexually abuse</style></keyword><keyword><style face="normal" font="default" size="100%">Adolescents who sexually offend</style></keyword><keyword><style face="normal" font="default" size="100%">Young people who sexually offend</style></keyword></keywords><dates><year><style face="normal" font="default" size="100%">2010</style></year><pub-dates><date><style face="normal" font="default" size="100%">2010</style></date></pub-dates></dates><isbn><style face="normal" font="default" size="100%">0814-723X</style></isbn><abstract><style face="normal" font="default" size="100%">This article considers the impact on and therapeutic responses to families where there has been intra-familial sexual assault (IFSA) by an adolescent member of the family against another younger member of the family. In doing so, the article will specifically highlight the nexus between systemic family therapy ideas and an applied restorative justice response in the form of Youth Justice Conferencing (YJC), as experienced through working as a family therapist in the area of adolescent sexual offending.</style></abstract><urls><pdf-urls><url>internal-pdf://McNevin 2010 - Applied restorative justice as a-3519712001/McNevin 2010 - Applied restorative justice as a.pdf</url></pdf-urls></urls></record><record><database name="NSCClibrary.enl" path="F:\NSCClibrary.enl">NSCClibrary.enl</database><source-app name="EndNote" version="17.1">EndNote</source-app><rec-number>8</rec-number><foreign-keys><key app="EN" db-id="5s5ppfp52t55w0eadv7p5ss3vfxzs5fwwe5w">8</key><key app="ENWeb" db-id="ThEeKwrtqggAAHqv064">4518</key></foreign-keys><ref-type name="Journal Article">17</ref-type><contributors><authors><author><style face="normal" font="default" size="100%">Noll, Douglas E.</style></author><author><style face="normal" font="default" size="100%">Harvey, Linda</style></author></authors></contributors><titles><title><style face="normal" font="default" size="100%">Restorative mediation: The application of restorative justice practice and philosophy to clergy sexual abuse cases</style></title><secondary-title><style face="normal" font="default" size="100%">Journal of Child Sexual Abuse</style></secondary-title></titles><periodical><full-title><style face="normal" font="default" size="100%">Journal of Child Sexual Abuse</style></full-title></periodical><pages><style face="normal" font="default" size="100%">377-396</style></pages><volume><style face="normal" font="default" size="100%">17</style></volume><number><style face="normal" font="default" size="100%">3-4</style></number><keywords><keyword><style face="normal" font="default" size="100%">Accountability</style></keyword><keyword><style face="normal" font="default" size="100%">Restorative justice</style></keyword></keywords><dates><year><style face="normal" font="default" size="100%">2008</style></year></dates><isbn><style face="normal" font="default" size="100%">1053-8712&#xD;1547-0679</style></isbn><abstract><style face="normal" font="default" size="100%">This article will present the restorative justice model and examine how the restorative justice philosophy and process can be applied to clergy-perpetrated sexual abuse and religious sexual misconduct to resolve legal claims and allow the process of healing to begin. Restorative justice is a holistic approach to criminal, civil, and church law violations, allowing all aspects of an offense to be addressed in one process. Unlike retributive justice prevalent in the traditional legal system, restorative justice seeks to make things right while focusing on healing for the victim-survivor and offender and accountability by the church representatives.</style></abstract><urls><pdf-urls><url>internal-pdf://Noll 2008 Restorative Mediation-4291037184/Noll 2008 Restorative Mediation.pdf</url></pdf-urls></urls><electronic-resource-num><style face="normal" font="default" size="100%">10.1080/10538710802330021</style></electronic-resource-num></record><record><database name="NSCClibrary.enl" path="F:\NSCClibrary.enl">NSCClibrary.enl</database><source-app name="EndNote" version="17.1">EndNote</source-app><rec-number>5118</rec-number><foreign-keys><key app="EN" db-id="5s5ppfp52t55w0eadv7p5ss3vfxzs5fwwe5w">5118</key><key app="ENWeb" db-id="">0</key></foreign-keys><ref-type name="Journal Article">17</ref-type><contributors><authors><author><style face="normal" font="default" size="100%">Paige, Janice</style></author><author><style face="normal" font="default" size="100%">Thornton, Jennifer</style></author></authors></contributors><titles><title><style face="normal" font="default" size="100%">Healing from intrafamilial child sexual abuse: The role of relational processes between survivor and offender</style></title><secondary-title><style face="normal" font="default" size="100%">Children Australia</style></secondary-title></titles><periodical><full-title><style face="normal" font="default" size="100%">Children Australia</style></full-title></periodical><pages><style face="normal" font="default" size="100%">242-259</style></pages><volume><style face="normal" font="default" size="100%">40</style></volume><number><style face="normal" font="default" size="100%">3</style></number><keywords><keyword><style face="normal" font="default" size="100%">intra-familial</style></keyword><keyword><style face="normal" font="default" size="100%">child sexual abuse</style></keyword><keyword><style face="normal" font="default" size="100%">healing</style></keyword></keywords><dates><year><style face="normal" font="default" size="100%">2015</style></year></dates><abstract><style face="normal" font="default" size="100%">The research aim was to discover the circumstances, if any, in which contact with the parent who had abused them, could help survivors of intrafamilial child sexual abuse (ICSA) to recover from the inherent relational trauma. Thirty-five (31 female and 4 male) participants were recruited from across Australia and New Zealand to speak about their experience of post-abuse contact. The research methodology was primarily qualitative, and analysed in a contextual framework. In the Pre-Contact stage, themes such as the need for empowerment versus the fear of the response, linked to motivations for and against contact. Emotional reactions, and issues of acknowledgment and apology were core themes in the Contact stage. Post-contact themes related to evaluation of the overall experience. The majority of participants believed that their contact experience had helped more than hindered their recovery. Participants articulated the need for more public education about the complexity of ICSA, more options for dealing with the crime, and access to non-judgmental professional help for all the family at disclosure. The emergent themes provide a valuable guide for future research, policy and practice and perhaps most importantly, insight into the needs of victims and their recovery processes.</style></abstract><urls><pdf-urls><url>internal-pdf://1399460658/Paige 2015 - Healing from Intrafamilial Child.pdf</url></pdf-urls></urls><electronic-resource-num><style face="normal" font="default" size="100%">10.1017/cha.2015.21</style></electronic-resource-num></record><record><database name="NSCClibrary.enl" path="F:\NSCClibrary.enl">NSCClibrary.enl</database><source-app name="EndNote" version="17.1">EndNote</source-app><rec-number>892</rec-number><foreign-keys><key app="EN" db-id="5s5ppfp52t55w0eadv7p5ss3vfxzs5fwwe5w">892</key><key app="ENWeb" db-id="ThEeKwrtqggAAHqv064">4525</key></foreign-keys><ref-type name="Book Section">5</ref-type><contributors><authors><author><style face="normal" font="default" size="100%">Pennell, Joan</style></author></authors><secondary-authors><author><style face="normal" font="default" size="100%">Sullivan, D.</style></author><author><style face="normal" font="default" size="100%">Tifft, L.</style></author></secondary-authors></contributors><titles><title><style face="normal" font="default" size="100%">Stopping domestic violence or protecting children? Contributions from restorative justice</style></title><secondary-title><style face="normal" font="default" size="100%">Handbook of restorative justice: A global perspective</style></secondary-title></titles><periodical><full-title><style face="normal" font="default" size="100%">Handbook of restorative justice: A global perspective</style></full-title></periodical><pages><style face="normal" font="default" size="100%">344-354</style></pages><keywords><keyword><style face="normal" font="default" size="100%">Apology</style></keyword><keyword><style face="normal" font="default" size="100%">Restorative justice</style></keyword><keyword><style face="normal" font="default" size="100%">Trauma</style></keyword></keywords><dates><year><style face="normal" font="default" size="100%">2006</style></year></dates><pub-location><style face="normal" font="default" size="100%">London</style></pub-location><publisher><style face="normal" font="default" size="100%">Routledge</style></publisher><urls><pdf-urls><url>internal-pdf://ContributionsfromRJ.Handbook19-2828875776/ContributionsfromRJ.Handbook19.pdf</url></pdf-urls></urls></record><record><database name="NSCClibrary.enl" path="F:\NSCClibrary.enl">NSCClibrary.enl</database><source-app name="EndNote" version="17.1">EndNote</source-app><rec-number>1991</rec-number><foreign-keys><key app="EN" db-id="5s5ppfp52t55w0eadv7p5ss3vfxzs5fwwe5w">1991</key><key app="ENWeb" db-id="ThEeKwrtqggAAHqv064">4988</key></foreign-keys><ref-type name="Journal Article">17</ref-type><contributors><authors><author><style face="normal" font="default" size="100%">Snow, P.C.</style></author><author><style face="normal" font="default" size="100%">Sanger, D.D.</style></author></authors></contributors><titles><title><style face="normal" font="default" size="100%">Restorative justice conferencing and the youth offender: Exploring the role of oral language competence</style></title><secondary-title><style face="normal" font="default" size="100%">International Journal of Language &amp; Communication Disorders</style></secondary-title></titles><periodical><full-title><style face="normal" font="default" size="100%">International Journal of Language &amp; Communication Disorders</style></full-title></periodical><pages><style face="normal" font="default" size="100%">324-333</style></pages><volume><style face="normal" font="default" size="100%">46</style></volume><number><style face="normal" font="default" size="100%">3</style></number><keywords><keyword><style face="normal" font="default" size="100%">Restorative Justice</style></keyword><keyword><style face="normal" font="default" size="100%">Recidivism</style></keyword><keyword><style face="normal" font="default" size="100%">Young people</style></keyword></keywords><dates><year><style face="normal" font="default" size="100%">2011</style></year></dates><isbn><style face="normal" font="default" size="100%">1460-6984</style></isbn><abstract><style face="normal" font="default" size="100%">Background: Restorative Justice is an approach to responding to youth offending that aims to be collaborative and conciliatory rather than adversarial. In this respect, it is a welcome innovation in justice, welfare, and educational settings, and is gaining favour around the world. To date, however, the Restorative Justice literature has not considered the possible implications of unidentified language impairment in the young offenders who are asked to participate in face-to-face conferences with their victim(s). Aims: The aims of this paper are (1) to bring two paradigms together: Restorative Justice on the one hand, and the literature on language and social cognition impairments in vulnerable and socially marginalized young people on the other; (2) to stimulate awareness and interest in this aspect of public policy and practice by speech–language pathologists; and (3) to suggest some research questions that need to be tackled from an oral language competence perspective. Methods &amp; Procedures: A narrative review of the relevant literature pertaining to both Restorative Justice and oral language competence in vulnerable young people was conducted, with particular emphasis on the implications of the undetected language impairments as a source of possible unintended harm to both victims and offenders in Restorative Justice conferences. Main Contribution: This is the first paper that specifically addresses the oral language skills of vulnerable and socially marginalized young people with respect to their capacity to participate in Restorative Justice conferences. Conclusions: It is important that speech–language pathologists contribute their specialised knowledge and clinical skills to public policy-making and debate, and practice that pertains to marginalised young people who may have undetected oral language impairments. Speech–language pathology as a profession is well positioned to plan and execute important programmes of research on this growing approach to dealing with youth offending and reducing recidivism.</style></abstract><urls><pdf-urls><url>internal-pdf://restorativelanguage-1255327488/restorativelanguage.pdf</url></pdf-urls></urls></record><record><database name="NSCClibrary.enl" path="F:\NSCClibrary.enl">NSCClibrary.enl</database><source-app name="EndNote" version="17.1">EndNote</source-app><rec-number>3354</rec-number><foreign-keys><key app="EN" db-id="5s5ppfp52t55w0eadv7p5ss3vfxzs5fwwe5w">3354</key></foreign-keys><ref-type name="Journal Article">17</ref-type><contributors><authors><author><style face="normal" font="default" size="100%">Southwell, Jenni</style></author></authors></contributors><titles><title><style face="normal" font="default" size="100%">Restorative justice and family violence: Debating paradigms of justice for family violence</style></title><secondary-title><style face="normal" font="default" size="100%">DVIRC Newsletter</style></secondary-title></titles><periodical><full-title><style face="normal" font="default" size="100%">DVIRC Newsletter</style></full-title></periodical><pages><style face="normal" font="default" size="100%">3-7</style></pages><volume><style face="normal" font="default" size="100%">Spring</style></volume><keywords><keyword><style face="normal" font="default" size="100%">Domestic violence</style></keyword><keyword><style face="normal" font="default" size="100%">Family violence</style></keyword><keyword><style face="normal" font="default" size="100%">Restorative justice</style></keyword></keywords><dates><year><style face="normal" font="default" size="100%">2003</style></year></dates><abstract><style face="normal" font="default" size="100%">A new collection of essays, edited by Heather Strang and John Braithwaite, brings into rich and compelling dialogue key feminist, indigenous and restorative justice scholars and activists. The essays are based on papers presented at an Australian conference. Contributors from the United States, Canada, Australia and New Zealand (including Julie Stubbs, Ruth Busch, Larissa Behrendt, Donna Coker, Kathleen Daly, Harry Blagg, Loretta Kelly, Joan Pennell and Gale Burford) discuss the pros and cons of restorative and conventional justice interventions in cases of family violence.</style></abstract><notes><style face="normal" font="default" size="100%">Course material from Competent Responses to Aboriginal Sexual and Family Violence - ECAV June 2012</style></notes><urls><pdf-urls><url>internal-pdf://Southwell 2003 - Restorative justice-0942327809/Southwell 2003 - Restorative justice.pdf</url></pdf-urls></urls></record><record><database name="NSCClibrary.enl" path="F:\NSCClibrary.enl">NSCClibrary.enl</database><source-app name="EndNote" version="17.1">EndNote</source-app><rec-number>896</rec-number><foreign-keys><key app="EN" db-id="5s5ppfp52t55w0eadv7p5ss3vfxzs5fwwe5w">896</key><key app="ENWeb" db-id="ThEeKwrtqggAAHqv064">4529</key></foreign-keys><ref-type name="Book Section">5</ref-type><contributors><authors><author><style face="normal" font="default" size="100%">Stuart, Barry</style></author><author><style face="normal" font="default" size="100%">Pranis, Kay</style></author></authors><secondary-authors><author><style face="normal" font="default" size="100%">Sullivan, D.</style></author><author><style face="normal" font="default" size="100%">Tifft, L.</style></author></secondary-authors></contributors><titles><title><style face="normal" font="default" size="100%">Reflections on principal features and primary outcomes</style></title><secondary-title><style face="normal" font="default" size="100%">Handbook of restorative justice: A global perspective</style></secondary-title></titles><periodical><full-title><style face="normal" font="default" size="100%">Handbook of restorative justice: A global perspective</style></full-title></periodical><pages><style face="normal" font="default" size="100%">121-133</style></pages><section><style face="normal" font="default" size="100%">6</style></section><keywords><keyword><style face="normal" font="default" size="100%">Restorative justice</style></keyword></keywords><dates><year><style face="normal" font="default" size="100%">2006</style></year></dates><pub-location><style face="normal" font="default" size="100%">London</style></pub-location><publisher><style face="normal" font="default" size="100%">Routledge</style></publisher><isbn><style face="normal" font="default" size="100%">0415353564</style></isbn><urls><pdf-urls><url>internal-pdf://PeacemakingCircles.handbook6-3621658369/PeacemakingCircles.handbook6.pdf</url></pdf-urls></urls></record><record><database name="NSCClibrary.enl" path="F:\NSCClibrary.enl">NSCClibrary.enl</database><source-app name="EndNote" version="17.1">EndNote</source-app><rec-number>12</rec-number><foreign-keys><key app="EN" db-id="5s5ppfp52t55w0eadv7p5ss3vfxzs5fwwe5w">12</key><key app="ENWeb" db-id="ThEeKwrtqggAAHqv064">4519</key></foreign-keys><ref-type name="Journal Article">17</ref-type><contributors><authors><author><style face="normal" font="default" size="100%">Stubbs, Julie</style></author></authors></contributors><titles><title><style face="normal" font="default" size="100%">Beyond apology?: Domestic violence and critical questions for restorative justice</style></title><secondary-title><style face="normal" font="default" size="100%">Criminology and Criminal Justice</style></secondary-title></titles><periodical><full-title><style face="normal" font="default" size="100%">Criminology and Criminal Justice</style></full-title></periodical><pages><style face="normal" font="default" size="100%">169-187</style></pages><volume><style face="normal" font="default" size="100%">7</style></volume><number><style face="normal" font="default" size="100%">2</style></number><keywords><keyword><style face="normal" font="default" size="100%">Apology</style></keyword><keyword><style face="normal" font="default" size="100%">Domestic violence</style></keyword><keyword><style face="normal" font="default" size="100%">Feminism</style></keyword><keyword><style face="normal" font="default" size="100%">Gender</style></keyword><keyword><style face="normal" font="default" size="100%">Restorative justice</style></keyword><keyword><style face="normal" font="default" size="100%">Victims</style></keyword></keywords><dates><year><style face="normal" font="default" size="100%">2007</style></year></dates><isbn><style face="normal" font="default" size="100%">1748-8958</style></isbn><abstract><style face="normal" font="default" size="100%">The virtues claimed for restorative justice include its emotional engagement with crime and the opportunities afforded to participants by its discursive character. Yet these issues are rarely explored from a perspective that is attentive to gendered or other asymmetrical forms of social relations. This article explores key issues that remain under-developed in the restorative justice literature from a feminist perspective, taking domestic violence as a focus. Central to this analysis are questions of victims’ interests and safety, expectations about the victim’s role and the appeal to apology and forgiveness in much of the restorative justice literature. It is argued that the challenge of taking gendered harms seriously may require an approach that differs from common restorative justice practices such as the development of hybrid models that draw from both conventional criminal justice and restorative justice.</style></abstract><urls><pdf-urls><url>internal-pdf://Stubbs 2007 Beyond apology-0012851968/Stubbs 2007 Beyond apology.pdf</url></pdf-urls></urls><electronic-resource-num><style face="normal" font="default" size="100%">10.1177/1748895807075570</style></electronic-resource-num></record><record><database name="NSCClibrary.enl" path="F:\NSCClibrary.enl">NSCClibrary.enl</database><source-app name="EndNote" version="17.1">EndNote</source-app><rec-number>699</rec-number><foreign-keys><key app="EN" db-id="5s5ppfp52t55w0eadv7p5ss3vfxzs5fwwe5w">699</key><key app="ENWeb" db-id="ThEeKwrtqggAAHqv064">4523</key></foreign-keys><ref-type name="Journal Article">17</ref-type><contributors><authors><author><style face="normal" font="default" size="100%">van Wormer, Katherine</style></author></authors></contributors><titles><title><style face="normal" font="default" size="100%">Restorative justice as social justice for victims of gendered violence: A standpoint feminist perspective</style></title><secondary-title><style face="normal" font="default" size="100%">Social work</style></secondary-title></titles><periodical><full-title><style face="normal" font="default" size="100%">Social work</style></full-title></periodical><pages><style face="normal" font="default" size="100%">107-116</style></pages><volume><style face="normal" font="default" size="100%">54</style></volume><number><style face="normal" font="default" size="100%">2</style></number><keywords><keyword><style face="normal" font="default" size="100%">Domestic violence</style></keyword><keyword><style face="normal" font="default" size="100%">Feminism</style></keyword><keyword><style face="normal" font="default" size="100%">Restorative justice</style></keyword><keyword><style face="normal" font="default" size="100%">Sexual abuse</style></keyword></keywords><dates><year><style face="normal" font="default" size="100%">2009</style></year></dates><isbn><style face="normal" font="default" size="100%">0037-8046</style></isbn><abstract><style face="normal" font="default" size="100%">This article provides an overview of restorative justice as a process and examines its relevance to women who have been victimized by physical and sexual abuse. The starting point is the justice system with its roots in adversarial, offender-oriented practices of obtaining justice. The widespread dissatisfaction by battered women and rape victims and their advocates with the current system of mandatory law enforcement opens the door for consideration of alternative forms of dealing with domestic violence. Restorative justice strategies, as argued here, have several major advantages. Like social work, these strategies are solution-based rather than problem-based processes, give voice to marginalized people, and focus on healing and reconciliation. Moreover, restorative justice offers an avenue through which the profession of social work can re-establish its historic role in criminal justice.The four models most relevant to women&apos;s victimization are victim-offender conferencing, family group conferencing, healing circles, and community reparations.Each model is examined separately from a feminist standpoint. The discussion is informed by insights from the teachings of standpoint feminist theory and social work values, especially social justice.</style></abstract><urls><pdf-urls><url>internal-pdf://van Wormer 2009 Restorative Justice as Social Justice-1154876416/van Wormer 2009 Restorative Justice as Social Justice.pdf</url></pdf-urls></urls></record><record><database name="NSCClibrary.enl" path="F:\NSCClibrary.enl">NSCClibrary.enl</database><source-app name="EndNote" version="17.1">EndNote</source-app><rec-number>4651</rec-number><foreign-keys><key app="EN" db-id="5s5ppfp52t55w0eadv7p5ss3vfxzs5fwwe5w">4651</key></foreign-keys><ref-type name="Journal Article">17</ref-type><contributors><authors><author><style face="normal" font="default" size="100%">Ward, Tony</style></author><author><style face="normal" font="default" size="100%">Langlands, Robyn L.</style></author></authors></contributors><titles><title><style face="normal" font="default" size="100%">Restorative justice and the human rights of offenders: Convergences and divergences</style></title><secondary-title><style face="normal" font="default" size="100%">Aggression and Violent Behavior</style></secondary-title></titles><periodical><full-title><style face="normal" font="default" size="100%">Aggression and Violent Behavior</style></full-title></periodical><pages><style face="normal" font="default" size="100%">355-372</style></pages><volume><style face="normal" font="default" size="100%">13</style></volume><number><style face="normal" font="default" size="100%">5</style></number><keywords><keyword><style face="normal" font="default" size="100%">Restorative justice</style></keyword><keyword><style face="normal" font="default" size="100%">Offender rehabilitation</style></keyword><keyword><style face="normal" font="default" size="100%">Good Lives Model</style></keyword><keyword><style face="normal" font="default" size="100%">Human rights</style></keyword><keyword><style face="normal" font="default" size="100%">Offenders</style></keyword></keywords><dates><year><style face="normal" font="default" size="100%">2008</style></year></dates><isbn><style face="normal" font="default" size="100%">1359-1789</style></isbn><abstract><style face="normal" font="default" size="100%">Restorative justice is a social justice movement that aims to deal with consequences of crime through repairing and restoring relationships of three key stakeholders: victims, offenders, and communities. Unfortunately, it is often unclear where offender rehabilitation fits within the constructs of repair and reintegration that drive this justice paradigm. An analysis of the relationship between restorative justice theory and offender rehabilitation principles reveals tensions between the two normative frameworks and a lack of appreciation that correctional treatment programs have a legitimate role alongside restorative practices. First, we outline the basic tenets of the Risk–Need–Responsivity Model and the Good Lives Model in order to provide a brief overview of two recent models of offender rehabilitation. We then consider the claims made by restorative justice proponents about correctional rehabilitation programs and their role in the criminal justice system. We conclude that restorative justice and rehabilitation models are distinct, although overlapping, normative frameworks and have different domains of application in the criminal justice system, and that it is a mistake to attempt to blend them in any robust sense.</style></abstract><urls><pdf-urls><url>internal-pdf://1073505586/Ward2009Repairing.pdf</url></pdf-urls></urls><electronic-resource-num><style face="normal" font="default" size="100%">http://dx.doi.org/10.1016/j.avb.2008.06.001</style></electronic-resource-num></record></records></xml>