<?xml version="1.0" encoding="UTF-8" ?><xml><records><record><database name="NSCClibrary.enl" path="F:\NSCClibrary.enl">NSCClibrary.enl</database><source-app name="EndNote" version="17.1">EndNote</source-app><rec-number>4221</rec-number><foreign-keys><key app="EN" db-id="5s5ppfp52t55w0eadv7p5ss3vfxzs5fwwe5w">4221</key></foreign-keys><ref-type name="Journal Article">17</ref-type><contributors><authors><author><style face="normal" font="default" size="100%">Abel, Gene G.</style></author><author><style face="normal" font="default" size="100%">Barrett, Drue H.</style></author><author><style face="normal" font="default" size="100%">Gardos, Peter S.</style></author></authors></contributors><titles><title><style face="normal" font="default" size="100%">Sexual misconduct by physicians</style></title><secondary-title><style face="normal" font="default" size="100%">Journal of the Medical Association of Georgia</style></secondary-title></titles><periodical><full-title><style face="normal" font="default" size="100%">Journal of the Medical Association of Georgia</style></full-title></periodical><pages><style face="normal" font="default" size="100%">237</style></pages><volume><style face="normal" font="default" size="100%">81</style></volume><number><style face="normal" font="default" size="100%">5</style></number><keywords><keyword><style face="normal" font="default" size="100%">Client</style></keyword><keyword><style face="normal" font="default" size="100%">Clinical practice</style></keyword><keyword><style face="normal" font="default" size="100%">Counselling</style></keyword><keyword><style face="normal" font="default" size="100%">Ethics</style></keyword><keyword><style face="normal" font="default" size="100%">Professionals</style></keyword><keyword><style face="normal" font="default" size="100%">Sexual abuse</style></keyword><keyword><style face="normal" font="default" size="100%">Therapist</style></keyword><keyword><style face="normal" font="default" size="100%">Therapy</style></keyword><keyword><style face="normal" font="default" size="100%">Trauma</style></keyword></keywords><dates><year><style face="normal" font="default" size="100%">1992</style></year></dates><isbn><style face="normal" font="default" size="100%">0025-7028</style></isbn><abstract><style face="normal" font="default" size="100%">There is long-standing consensus in the medical community that sexual relations with patients are unethical. Yet. this is still an issue of major concern, with numerous physicians being charged each year with sexual misconduct. This paper presents an overview of the literature and introduces a treatment model for professionals with sexual misconduct. The fields of psychiatry and psychology have taken the lead in trying to understand sexual involvement with patients, hence much of the literature concentrates on psychotherapists. The opportunity and prevalence of sexual misconduct may be greater in these professions. though most of the information presented will be applicable to any medical professional.</style></abstract><urls><pdf-urls><url>internal-pdf://Abel et al 1992 - Sexual misconduct-0333657600/Abel et al 1992 - Sexual misconduct.pdf</url></pdf-urls></urls></record><record><database name="NSCClibrary.enl" path="F:\NSCClibrary.enl">NSCClibrary.enl</database><source-app name="EndNote" version="17.1">EndNote</source-app><rec-number>4217</rec-number><foreign-keys><key app="EN" db-id="5s5ppfp52t55w0eadv7p5ss3vfxzs5fwwe5w">4217</key></foreign-keys><ref-type name="Journal Article">17</ref-type><contributors><authors><author><style face="normal" font="default" size="100%">Benowitz, Mindy</style></author></authors></contributors><titles><title><style face="normal" font="default" size="100%">Comparing the experiences of women clients sexually exploited by female versus male psychotherapists</style></title><secondary-title><style face="normal" font="default" size="100%">Women &amp; Therapy</style></secondary-title></titles><periodical><full-title><style face="normal" font="default" size="100%">Women &amp; Therapy</style></full-title></periodical><pages><style face="normal" font="default" size="100%">69-83</style></pages><volume><style face="normal" font="default" size="100%">15</style></volume><number><style face="normal" font="default" size="100%">1</style></number><keywords><keyword><style face="normal" font="default" size="100%">Client</style></keyword><keyword><style face="normal" font="default" size="100%">Clinical practice</style></keyword><keyword><style face="normal" font="default" size="100%">Counselling</style></keyword><keyword><style face="normal" font="default" size="100%">Ethics</style></keyword><keyword><style face="normal" font="default" size="100%">Professionals</style></keyword><keyword><style face="normal" font="default" size="100%">Sexual abuse</style></keyword><keyword><style face="normal" font="default" size="100%">Therapist</style></keyword><keyword><style face="normal" font="default" size="100%">Therapy</style></keyword><keyword><style face="normal" font="default" size="100%">Trauma</style></keyword></keywords><dates><year><style face="normal" font="default" size="100%">1994</style></year></dates><isbn><style face="normal" font="default" size="100%">0270-3149</style></isbn><abstract><style face="normal" font="default" size="100%">The purpose of the current study was to examine the experiences of women who had verbal or physical sexual contact with a female psychotherapist or counsellor. Major topics examined included characteristics of the participants and of the therapists, characteristics of the sexualised therapy relationships, the impact on the participants, and comparisons with women who had sexual contact with male therapists.Fifteen women were interviewed. During the interview the participants also completed three Symptoms Check Lists (SCLs) pertaining to the few weeks after the relationship ended, a baseline time prior to the relationship, and the time of the interview. The interviews and the SCLs were based in part on Vinson&apos;s (1984) research, which allows comparisons with her data on women exploited by male psychotherapists. The results and their implications are discussed in each section.</style></abstract><urls><pdf-urls><url>internal-pdf://Benowitz 1994 - Comparing the-2060555776/Benowitz 1994 - Comparing the.pdf</url></pdf-urls></urls></record><record><database name="NSCClibrary.enl" path="F:\NSCClibrary.enl">NSCClibrary.enl</database><source-app name="EndNote" version="17.1">EndNote</source-app><rec-number>4218</rec-number><foreign-keys><key app="EN" db-id="5s5ppfp52t55w0eadv7p5ss3vfxzs5fwwe5w">4218</key></foreign-keys><ref-type name="Journal Article">17</ref-type><contributors><authors><author><style face="normal" font="default" size="100%">DeLozier, Pauline P</style></author></authors></contributors><titles><title><style face="normal" font="default" size="100%">Therapist sexual misconduct</style></title><secondary-title><style face="normal" font="default" size="100%">Women &amp; Therapy</style></secondary-title></titles><periodical><full-title><style face="normal" font="default" size="100%">Women &amp; Therapy</style></full-title></periodical><pages><style face="normal" font="default" size="100%">55-67</style></pages><volume><style face="normal" font="default" size="100%">15</style></volume><number><style face="normal" font="default" size="100%">1</style></number><keywords><keyword><style face="normal" font="default" size="100%">Client</style></keyword><keyword><style face="normal" font="default" size="100%">Clinical practice</style></keyword><keyword><style face="normal" font="default" size="100%">Counselling</style></keyword><keyword><style face="normal" font="default" size="100%">Ethics</style></keyword><keyword><style face="normal" font="default" size="100%">Professionals</style></keyword><keyword><style face="normal" font="default" size="100%">Sexual abuse</style></keyword><keyword><style face="normal" font="default" size="100%">Therapist</style></keyword><keyword><style face="normal" font="default" size="100%">Therapy</style></keyword><keyword><style face="normal" font="default" size="100%">Trauma</style></keyword></keywords><dates><year><style face="normal" font="default" size="100%">1994</style></year></dates><isbn><style face="normal" font="default" size="100%">0270-3149</style></isbn><abstract><style face="normal" font="default" size="100%">The specific abuse issues of concern in this article are those resulting from the inability of the practitioner to maintain appropriate boundaries and to use the power differential in the therapeutic encounter in the best interest of the client, particularly when the boundary violations and inappropriate use of power involves therapist sexual misconduct. The question of subsequent treatment for clients previously violated by a clinician also warrants attention. There is a clear need to identify and address the ethical problems, to assist in recovery for affected clients, and to educate mental health practitioners in order to avoid further injury.</style></abstract><urls><pdf-urls><url>internal-pdf://DeLozier 1994 - Therapist sexual-2681609216/DeLozier 1994 - Therapist sexual.pdf</url></pdf-urls></urls></record><record><database name="NSCClibrary.enl" path="F:\NSCClibrary.enl">NSCClibrary.enl</database><source-app name="EndNote" version="17.1">EndNote</source-app><rec-number>4216</rec-number><foreign-keys><key app="EN" db-id="5s5ppfp52t55w0eadv7p5ss3vfxzs5fwwe5w">4216</key></foreign-keys><ref-type name="Journal Article">17</ref-type><contributors><authors><author><style face="normal" font="default" size="100%">Gartrell, Nanette</style></author><author><style face="normal" font="default" size="100%">Sanderson, Barbara E</style></author></authors></contributors><titles><title><style face="normal" font="default" size="100%">Sexual abuse of women by women in psychotherapy: Counseling and advocacy</style></title><secondary-title><style face="normal" font="default" size="100%">Women &amp; Therapy</style></secondary-title></titles><periodical><full-title><style face="normal" font="default" size="100%">Women &amp; Therapy</style></full-title></periodical><pages><style face="normal" font="default" size="100%">39-54</style></pages><volume><style face="normal" font="default" size="100%">15</style></volume><number><style face="normal" font="default" size="100%">1</style></number><keywords><keyword><style face="normal" font="default" size="100%">Client</style></keyword><keyword><style face="normal" font="default" size="100%">Clinical practice</style></keyword><keyword><style face="normal" font="default" size="100%">Counselling</style></keyword><keyword><style face="normal" font="default" size="100%">Ethics</style></keyword><keyword><style face="normal" font="default" size="100%">Professionals</style></keyword><keyword><style face="normal" font="default" size="100%">Sexual abuse</style></keyword><keyword><style face="normal" font="default" size="100%">Therapist</style></keyword><keyword><style face="normal" font="default" size="100%">Therapy</style></keyword><keyword><style face="normal" font="default" size="100%">Trauma</style></keyword></keywords><dates><year><style face="normal" font="default" size="100%">1994</style></year></dates><isbn><style face="normal" font="default" size="100%">0270-3149</style></isbn><abstract><style face="normal" font="default" size="100%">In most mental health settings, the relationship between caregiver and client is a crucial tool in the healing process. Because clients typically seek treatment at times of emotional duress, both their own pain and the process of requesting help from a professional place them in a highly vulnerable position. The relationship is one-way, in that the client is neither privileged to personal information about her caregiver, nor is she expected to provide reciprocal assistance to the caregiver. Consequently, such relationships are always unequal, and the power resides with the caregiver. Professional skill and discipline are required to utilise this power constructively. If the caregiver lacks skill or personal insight, this power may be mismanaged in a way that is hurtful to clients. Clients may also be hurt intentionally, through conscious manipulation. Regardless of whether sex between counsellor and client occurs because of inadequate training or conscious manipulation, it is never acceptable professional behaviour.</style></abstract><urls><pdf-urls><url>internal-pdf://Gartrell et al 1994 - Sexual abuse-2673292544/Gartrell et al 1994 - Sexual abuse.pdf</url></pdf-urls></urls></record><record><database name="NSCClibrary.enl" path="F:\NSCClibrary.enl">NSCClibrary.enl</database><source-app name="EndNote" version="17.1">EndNote</source-app><rec-number>4215</rec-number><foreign-keys><key app="EN" db-id="5s5ppfp52t55w0eadv7p5ss3vfxzs5fwwe5w">4215</key></foreign-keys><ref-type name="Journal Article">17</ref-type><contributors><authors><author><style face="normal" font="default" size="100%">Haspel, Katherine C.</style></author><author><style face="normal" font="default" size="100%">Jorgenson, Linda Mabus</style></author><author><style face="normal" font="default" size="100%">Wincze, John P.</style></author><author><style face="normal" font="default" size="100%">Parsons, John P.</style></author></authors></contributors><titles><title><style face="normal" font="default" size="100%">Legislative intervention regarding therapist sexual misconduct: An overview</style></title><secondary-title><style face="normal" font="default" size="100%">Professional Psychology - Research &amp; Practice</style></secondary-title></titles><periodical><full-title><style face="normal" font="default" size="100%">Professional Psychology - Research &amp; Practice</style></full-title></periodical><pages><style face="normal" font="default" size="100%">63-72</style></pages><volume><style face="normal" font="default" size="100%">28</style></volume><number><style face="normal" font="default" size="100%">1</style></number><keywords><keyword><style face="normal" font="default" size="100%">Clinical practice</style></keyword><keyword><style face="normal" font="default" size="100%">Ethics</style></keyword><keyword><style face="normal" font="default" size="100%">Law</style></keyword><keyword><style face="normal" font="default" size="100%">Legal</style></keyword><keyword><style face="normal" font="default" size="100%">Professionals</style></keyword><keyword><style face="normal" font="default" size="100%">Therapist</style></keyword><keyword><style face="normal" font="default" size="100%">Therapy</style></keyword><keyword><style face="normal" font="default" size="100%">Trauma</style></keyword></keywords><dates><year><style face="normal" font="default" size="100%">1997</style></year></dates><abstract><style face="normal" font="default" size="100%">Despite prohibitions by the ethical codes of all major mental health professions, therapist sexual misconduct remains a serious problem. Over the past 13 years, individual states have enacted laws regarding therapist sexual misconduct with the hope of more successfully curbing this behaviour. The laws fall into four categories: civil, criminal, reporting, and injunctive relief statutes. This article discusses the theoretical underpinnings of the laws, examines the provisions of the existing statutes, and provides an overview of the advantages and disadvantages of each category of statute. Preliminary evaluative data are also presented.</style></abstract><urls><pdf-urls><url>internal-pdf://Haspel et al 1997 - Legislative-1852135169/Haspel et al 1997 - Legislative.pdf</url></pdf-urls></urls></record><record><database name="NSCClibrary.enl" path="F:\NSCClibrary.enl">NSCClibrary.enl</database><source-app name="EndNote" version="17.1">EndNote</source-app><rec-number>4223</rec-number><foreign-keys><key app="EN" db-id="5s5ppfp52t55w0eadv7p5ss3vfxzs5fwwe5w">4223</key></foreign-keys><ref-type name="Journal Article">17</ref-type><contributors><authors><author><style face="normal" font="default" size="100%">Levine, Stephen B.</style></author><author><style face="normal" font="default" size="100%">Risen, Candace B.</style></author><author><style face="normal" font="default" size="100%">Althof, Stanley E.</style></author></authors></contributors><titles><title><style face="normal" font="default" size="100%">Professionals who sexually offend: Evaluation procedure; and preliminary findings</style></title><secondary-title><style face="normal" font="default" size="100%">Journal of Sex &amp; Marital Therapy</style></secondary-title></titles><periodical><full-title><style face="normal" font="default" size="100%">Journal of Sex &amp; Marital Therapy</style></full-title></periodical><pages><style face="normal" font="default" size="100%">288-302</style></pages><volume><style face="normal" font="default" size="100%">20</style></volume><number><style face="normal" font="default" size="100%">4</style></number><keywords><keyword><style face="normal" font="default" size="100%">Client</style></keyword><keyword><style face="normal" font="default" size="100%">Clinical practice</style></keyword><keyword><style face="normal" font="default" size="100%">Counselling</style></keyword><keyword><style face="normal" font="default" size="100%">Ethics</style></keyword><keyword><style face="normal" font="default" size="100%">Professionals</style></keyword><keyword><style face="normal" font="default" size="100%">Sexual abuse</style></keyword><keyword><style face="normal" font="default" size="100%">Therapist</style></keyword><keyword><style face="normal" font="default" size="100%">Therapy</style></keyword><keyword><style face="normal" font="default" size="100%">Trauma</style></keyword></keywords><dates><year><style face="normal" font="default" size="100%">1994</style></year></dates><isbn><style face="normal" font="default" size="100%">0092-623X</style></isbn><abstract><style face="normal" font="default" size="100%">Methods and results of the psychiatric evaluations of 31 professionals who have been accused of sexually inappropriate behaviours within their work context are presented. Eight types of professionals were evaluated; the majority were clergy, physicians, and teachers. Paraphilia was diagnosed in 26%, a nonparaphilic sexual compulsive syndrome in another 29%, and some form of character disorder in 58%. Seven professionals had offended six or more times. The ethical failures of the professionals were diverse and could not simply be explained by psychiatric diagnoses . Approximately half of the professionals were thought to be safe to return to work, often with a recommendation for psychotherapy and monitoring of their professional activities. A. recommendation to no longer practice their professional roles was given for 47% of those evaluated, and the referring agency followed through with the recommendation. Outpatient psychotherapy was recommended for 84% of the sample. Psychotropic medications were occasionally recommended.</style></abstract><urls><pdf-urls><url>internal-pdf://Levine et al 1994 - Professionals who-0711704576/Levine et al 1994 - Professionals who.pdf</url></pdf-urls></urls></record><record><database name="NSCClibrary.enl" path="F:\NSCClibrary.enl">NSCClibrary.enl</database><source-app name="EndNote" version="17.1">EndNote</source-app><rec-number>4219</rec-number><foreign-keys><key app="EN" db-id="5s5ppfp52t55w0eadv7p5ss3vfxzs5fwwe5w">4219</key></foreign-keys><ref-type name="Journal Article">17</ref-type><contributors><authors><author><style face="normal" font="default" size="100%">Nelson, Brendan </style></author></authors></contributors><titles><title><style face="normal" font="default" size="100%">Sex with patients never OK, AMA tells legal profession</style></title><secondary-title><style face="normal" font="default" size="100%">Law Society Journal</style></secondary-title></titles><periodical><full-title><style face="normal" font="default" size="100%">Law Society Journal</style></full-title></periodical><pages><style face="normal" font="default" size="100%">61</style></pages><volume><style face="normal" font="default" size="100%">June</style></volume><keywords><keyword><style face="normal" font="default" size="100%">Client</style></keyword><keyword><style face="normal" font="default" size="100%">Clinical practice</style></keyword><keyword><style face="normal" font="default" size="100%">Counselling</style></keyword><keyword><style face="normal" font="default" size="100%">Ethics</style></keyword><keyword><style face="normal" font="default" size="100%">Law</style></keyword><keyword><style face="normal" font="default" size="100%">Legal</style></keyword><keyword><style face="normal" font="default" size="100%">Professionals</style></keyword><keyword><style face="normal" font="default" size="100%">Sexual abuse</style></keyword><keyword><style face="normal" font="default" size="100%">Therapist</style></keyword><keyword><style face="normal" font="default" size="100%">Therapy</style></keyword><keyword><style face="normal" font="default" size="100%">Trauma</style></keyword></keywords><dates><year><style face="normal" font="default" size="100%">1994</style></year></dates><abstract><style face="normal" font="default" size="100%">Dr Brendan Nelson, federal president of the Australian Medical Association, has advised the legal profession that common law courts should never overturn decisions of medical boards or tribunals to strike-off doctors who are guilty of sexual misconduct with patients. </style></abstract><urls><pdf-urls><url>internal-pdf://LSJ 1994 - Sex with patients-1071145216/LSJ 1994 - Sex with patients.pdf</url></pdf-urls></urls></record><record><database name="NSCClibrary.enl" path="F:\NSCClibrary.enl">NSCClibrary.enl</database><source-app name="EndNote" version="17.1">EndNote</source-app><rec-number>4220</rec-number><foreign-keys><key app="EN" db-id="5s5ppfp52t55w0eadv7p5ss3vfxzs5fwwe5w">4220</key></foreign-keys><ref-type name="Journal Article">17</ref-type><contributors><authors><author><style face="normal" font="default" size="100%">Nickell, Nancy J</style></author><author><style face="normal" font="default" size="100%">Hecker, Lorna L</style></author><author><style face="normal" font="default" size="100%">Ray, Rose E</style></author><author><style face="normal" font="default" size="100%">Bercik, Jerome</style></author></authors></contributors><titles><title><style face="normal" font="default" size="100%">Marriage and family therapists&apos; sexual attraction to clients: An exploratory study</style></title><secondary-title><style face="normal" font="default" size="100%">The American Journal of Family Therapy</style></secondary-title></titles><periodical><full-title><style face="normal" font="default" size="100%">The American Journal of Family Therapy</style></full-title></periodical><pages><style face="normal" font="default" size="100%">315-327</style></pages><volume><style face="normal" font="default" size="100%">23</style></volume><number><style face="normal" font="default" size="100%">4</style></number><keywords><keyword><style face="normal" font="default" size="100%">Client</style></keyword><keyword><style face="normal" font="default" size="100%">Clinical practice</style></keyword><keyword><style face="normal" font="default" size="100%">Counselling</style></keyword><keyword><style face="normal" font="default" size="100%">Ethics</style></keyword><keyword><style face="normal" font="default" size="100%">Professionals</style></keyword><keyword><style face="normal" font="default" size="100%">Sexual abuse</style></keyword><keyword><style face="normal" font="default" size="100%">Therapist</style></keyword><keyword><style face="normal" font="default" size="100%">Therapy</style></keyword><keyword><style face="normal" font="default" size="100%">Trauma</style></keyword></keywords><dates><year><style face="normal" font="default" size="100%">1995</style></year></dates><isbn><style face="normal" font="default" size="100%">0192-6187</style></isbn><abstract><style face="normal" font="default" size="100%">This study explores the incidence of marriage and family therapists&apos; sexual attraction to clients, the behaviors of therapists with clients to whom they are sexually attracted, beliefs regarding sexual attraction in therapy, and influences on decision making about sexual attraction. Clinical Members of the American Association for Marriage and Family Therapy (AAMFT) responded to surveys seeking information on ethical beliefs, practices, and influences relative to their experience of sexual attaction to clients. Findings from the 189 respondents indicate that the majority of family therapists experience feelings of attraction to clients. While most respondents believe that they handle such feelings effectively, the majority reported little or no training on the issue. Varying opinions on the ethics of managing sexual attraction to clients, along with other findings on handling of sexual issues in therapy, are presented. The need for training in this area is evident; specific implications for training programs in marriage and family therapy are discussed.</style></abstract><urls><pdf-urls><url>internal-pdf://Nickell et al 1995 - Marriage and-3151867392/Nickell et al 1995 - Marriage and.pdf</url></pdf-urls></urls></record><record><database name="NSCClibrary.enl" path="F:\NSCClibrary.enl">NSCClibrary.enl</database><source-app name="EndNote" version="17.1">EndNote</source-app><rec-number>4224</rec-number><foreign-keys><key app="EN" db-id="5s5ppfp52t55w0eadv7p5ss3vfxzs5fwwe5w">4224</key></foreign-keys><ref-type name="Journal Article">17</ref-type><contributors><authors><author><style face="normal" font="default" size="100%">Regehr, Cheryl</style></author><author><style face="normal" font="default" size="100%">Glancy, Graham</style></author></authors></contributors><titles><title><style face="normal" font="default" size="100%">Sexual exploitation of patients</style></title><secondary-title><style face="normal" font="default" size="100%">American Journal of Orthopsychiatry</style></secondary-title></titles><periodical><full-title><style face="normal" font="default" size="100%">American Journal of Orthopsychiatry</style></full-title></periodical><pages><style face="normal" font="default" size="100%">194-202</style></pages><volume><style face="normal" font="default" size="100%">65</style></volume><number><style face="normal" font="default" size="100%">2</style></number><keywords><keyword><style face="normal" font="default" size="100%">Ethics</style></keyword><keyword><style face="normal" font="default" size="100%">Law</style></keyword><keyword><style face="normal" font="default" size="100%">Legal</style></keyword><keyword><style face="normal" font="default" size="100%">Professionals</style></keyword><keyword><style face="normal" font="default" size="100%">Therapist</style></keyword><keyword><style face="normal" font="default" size="100%">Therapy</style></keyword><keyword><style face="normal" font="default" size="100%">Trauma</style></keyword></keywords><dates><year><style face="normal" font="default" size="100%">1995</style></year></dates><publisher><style face="normal" font="default" size="100%">Blackwell Publishing Ltd</style></publisher><isbn><style face="normal" font="default" size="100%">1939-0025</style></isbn><abstract><style face="normal" font="default" size="100%">The accusation of sexual exploitation of a patient by a mental health care professional has ramifications for colleagues of the accused. Co-workers are likely to experience conflicting feelings of betrayal, guilt, and embarrassment, and to face such personal issues as loyalty to the alleged offender and generalised fear about safety. In addition, they are often confronted with simultaneous demands of increased clinical loads and pressure to participate in the judicial process. Methods of dealing with emotional reactions and professional disruption are examined.</style></abstract><urls><related-urls><url><style face="normal" font="default" size="100%">http://dx.doi.org/10.1037/h0079623</style></url></related-urls><pdf-urls><url>internal-pdf://Regehr et al 1995 - Sexual exploitation-2373220865/Regehr et al 1995 - Sexual exploitation.pdf</url></pdf-urls></urls><electronic-resource-num><style face="normal" font="default" size="100%">10.1037/h0079623</style></electronic-resource-num></record><record><database name="NSCClibrary.enl" path="F:\NSCClibrary.enl">NSCClibrary.enl</database><source-app name="EndNote" version="17.1">EndNote</source-app><rec-number>4222</rec-number><foreign-keys><key app="EN" db-id="5s5ppfp52t55w0eadv7p5ss3vfxzs5fwwe5w">4222</key></foreign-keys><ref-type name="Journal Article">17</ref-type><contributors><authors><author><style face="normal" font="default" size="100%">Thoreson, Richard W.</style></author><author><style face="normal" font="default" size="100%">Shaughnessy, Peter</style></author><author><style face="normal" font="default" size="100%">Frazier, Patricia A.</style></author></authors></contributors><titles><title><style face="normal" font="default" size="100%">Sexual contact during and after professional relationships: Practices and attitudes of female counselors</style></title><secondary-title><style face="normal" font="default" size="100%">Journal of Counseling &amp; Development</style></secondary-title></titles><periodical><full-title><style face="normal" font="default" size="100%">Journal of Counseling &amp; Development</style></full-title></periodical><pages><style face="normal" font="default" size="100%">84-89</style></pages><volume><style face="normal" font="default" size="100%">74</style></volume><number><style face="normal" font="default" size="100%">1</style></number><keywords><keyword><style face="normal" font="default" size="100%">Ethics</style></keyword><keyword><style face="normal" font="default" size="100%">Professionals</style></keyword><keyword><style face="normal" font="default" size="100%">Therapist</style></keyword><keyword><style face="normal" font="default" size="100%">Therapy</style></keyword></keywords><dates><year><style face="normal" font="default" size="100%">1995</style></year></dates><publisher><style face="normal" font="default" size="100%">Wiley-Blackwell</style></publisher><isbn><style face="normal" font="default" size="100%">07489633</style></isbn><accession-num><style face="normal" font="default" size="100%">9510053168</style></accession-num><abstract><style face="normal" font="default" size="100%">A national sample of female counsellors (N = 377) was surveyed regarding sexual contact in professional relationships. Few respondents reported engaging in sexual contact either during or following professional relationships with clients, supervisees, or students. Individuals with doctoral degrees were more likely to have engaged in sexual contact with their own counselors, supervisors, or teachers. Counsellors viewed sexual contact in current professional relationships as less ethical than contact in subsequent relationships, although relationships with former clients were seen as less ethical than relationships with former supervisees or students. Compared with male counselors from a previous study, female counselors were less likely to report sexual contact in their professional roles. Implications for research and training are discussed.</style></abstract><work-type><style face="normal" font="default" size="100%">Article</style></work-type><urls><related-urls><url><style face="normal" font="default" size="100%">http://ezproxy.library.usyd.edu.au/login?url=http://search.ebscohost.com/login.aspx?direct=true&amp;db=buh&amp;AN=9510053168&amp;site=ehost-live</style></url></related-urls><pdf-urls><url>internal-pdf://Thoreson et al 1995 - Sexual conduct-2154802945/Thoreson et al 1995 - Sexual conduct.pdf</url></pdf-urls></urls><remote-database-name><style face="normal" font="default" size="100%">buh</style></remote-database-name><remote-database-provider><style face="normal" font="default" size="100%">EBSCOhost</style></remote-database-provider></record><record><database name="NSCClibrary.enl" path="F:\NSCClibrary.enl">NSCClibrary.enl</database><source-app name="EndNote" version="17.1">EndNote</source-app><rec-number>3480</rec-number><foreign-keys><key app="EN" db-id="5s5ppfp52t55w0eadv7p5ss3vfxzs5fwwe5w">3480</key></foreign-keys><ref-type name="Journal Article">17</ref-type><contributors><authors><author><style face="normal" font="default" size="100%">Webster, Michelle</style></author></authors></contributors><titles><title><style face="normal" font="default" size="100%">Emotional abuse in therapy</style></title><secondary-title><style face="normal" font="default" size="100%">Australian and New Zealand Journal of Family Therapy</style></secondary-title></titles><periodical><full-title><style face="normal" font="default" size="100%">Australian and New Zealand Journal of Family Therapy</style></full-title></periodical><pages><style face="normal" font="default" size="100%">137-45</style></pages><volume><style face="normal" font="default" size="100%">12</style></volume><number><style face="normal" font="default" size="100%">3</style></number><keywords><keyword><style face="normal" font="default" size="100%">Clinical practice</style></keyword><keyword><style face="normal" font="default" size="100%">Emotional abuse</style></keyword><keyword><style face="normal" font="default" size="100%">Ethics</style></keyword><keyword><style face="normal" font="default" size="100%">Professionals</style></keyword><keyword><style face="normal" font="default" size="100%">Therapist</style></keyword><keyword><style face="normal" font="default" size="100%">Therapy</style></keyword><keyword><style face="normal" font="default" size="100%">Trauma</style></keyword></keywords><dates><year><style face="normal" font="default" size="100%">1991</style></year></dates><abstract><style face="normal" font="default" size="100%">This paper presents the experiences of clients who have been emotionally abused in therapy. By this I mean the intentional and unintentional conduct they experienced from therapists towards them that was not in their best interests. By sharing these experiences, I will explore emotional abuse in therapy, how it can be defined, the effects of such on clients and the methods of healing these traumatic experiences. Recommendations will be discussed in the light of this information for practising therapists, professional training and development, standards and ethical committees.</style></abstract><urls><pdf-urls><url>internal-pdf://Webster 1991 - Emotional abuse in therapy-2662175489/Webster 1991 - Emotional abuse in therapy.pdf</url></pdf-urls></urls></record></records></xml>