<?xml version="1.0" encoding="UTF-8" ?><xml><records><record><database name="NSCClibrary.enl" path="F:\NSCClibrary.enl">NSCClibrary.enl</database><source-app name="EndNote" version="17.1">EndNote</source-app><rec-number>2948</rec-number><foreign-keys><key app="EN" db-id="5s5ppfp52t55w0eadv7p5ss3vfxzs5fwwe5w">2948</key></foreign-keys><ref-type name="Journal Article">17</ref-type><contributors><authors><author><style face="normal" font="default" size="100%">Berliner, Lucy E.</style></author><author><style face="normal" font="default" size="100%">Schram, Donna D.</style></author><author><style face="normal" font="default" size="100%">Miller, Lisa L.</style></author><author><style face="normal" font="default" size="100%">Milloy, Cheryl Darling</style></author></authors></contributors><titles><title><style face="normal" font="default" size="100%">A sentencing alternative for sex offenders</style></title><secondary-title><style face="normal" font="default" size="100%">Journal of Interpersonal Violence</style></secondary-title></titles><periodical><full-title><style face="normal" font="default" size="100%">Journal of Interpersonal Violence</style></full-title></periodical><pages><style face="normal" font="default" size="100%">487-502</style></pages><volume><style face="normal" font="default" size="100%">10</style></volume><number><style face="normal" font="default" size="100%">4</style></number><keywords><keyword><style face="normal" font="default" size="100%">Criminal justice responses</style></keyword><keyword><style face="normal" font="default" size="100%">Prosecution</style></keyword><keyword><style face="normal" font="default" size="100%">Sentencing</style></keyword><keyword><style face="normal" font="default" size="100%">Sex offenders</style></keyword></keywords><dates><year><style face="normal" font="default" size="100%">1995</style></year></dates><isbn><style face="normal" font="default" size="100%">0886-2605</style></isbn><abstract><style face="normal" font="default" size="100%">Society has long been uncertain about how to respond to sexual offenders. The definitions and the penalties have changed over time. Penalties reflect both the level of seriousness with which the criminal behavior is viewed and beliefs about how to protect society. The criminal justice response to convicted sex offenders has been marked by uncertainty about how to achieve desired societal goals, whether it involves punishing criminals or preventing reoffenses. The basic dilemma is whether to consider sexual misbehavior a psychological disorder that requires treatment or as antisocial behavior that deserves punishment. Further, there is a widespread belief that punishment as a sole sanction deters certain victims from reporting and cooperating with criminal prosecution, especially where the offender is known or is a relative to the victim. In cases of incest there may be negative consequences to the victim if the offender is incarcerated and the family loses the economic support.</style></abstract><urls><pdf-urls><url>internal-pdf://Berliner et al 1995 - A sentencing-1313058305/Berliner et al 1995 - A sentencing.pdf</url></pdf-urls></urls></record><record><database name="NSCClibrary.enl" path="F:\NSCClibrary.enl">NSCClibrary.enl</database><source-app name="EndNote" version="17.1">EndNote</source-app><rec-number>2977</rec-number><foreign-keys><key app="EN" db-id="5s5ppfp52t55w0eadv7p5ss3vfxzs5fwwe5w">2977</key></foreign-keys><ref-type name="Journal Article">17</ref-type><contributors><authors><author><style face="normal" font="default" size="100%">Cashmore, Judy</style></author><author><style face="normal" font="default" size="100%">Horsky, Marion</style></author></authors></contributors><titles><title><style face="normal" font="default" size="100%">The prosecution of child sexual assault</style></title><secondary-title><style face="normal" font="default" size="100%">Australian and New Zealand Journal of Criminology</style></secondary-title></titles><periodical><full-title><style face="normal" font="default" size="100%">Australian and New Zealand Journal of Criminology</style></full-title></periodical><pages><style face="normal" font="default" size="100%">241-252</style></pages><volume><style face="normal" font="default" size="100%">21</style></volume><number><style face="normal" font="default" size="100%">4</style></number><keywords><keyword><style face="normal" font="default" size="100%">Child sexual abuse</style></keyword><keyword><style face="normal" font="default" size="100%">Courts</style></keyword><keyword><style face="normal" font="default" size="100%">Criminal justice responses</style></keyword><keyword><style face="normal" font="default" size="100%">Law</style></keyword><keyword><style face="normal" font="default" size="100%">Sexual assault</style></keyword></keywords><dates><year><style face="normal" font="default" size="100%">1988</style></year></dates><abstract><style face="normal" font="default" size="100%">This study examined all indictable cases of sexual assault finalised in New South Wales (higher) courts during 1982 and in which the victims were under 18 years of age at the time of the offence. Cases dealt with in Children&apos;s Courts only were not included because Children&apos;s Courts are concerned with protecting the child, not prosecuting the offender. Cases finalised in the Local Courts and not committed for trial or sentence to the higher courts were also not included.</style></abstract><urls><pdf-urls><url>internal-pdf://Cashmore et al 1988 - The prosecution of child sexual-0541220864/Cashmore et al 1988 - The prosecution of child sexual.pdf</url></pdf-urls></urls></record><record><database name="NSCClibrary.enl" path="F:\NSCClibrary.enl">NSCClibrary.enl</database><source-app name="EndNote" version="17.1">EndNote</source-app><rec-number>1934</rec-number><foreign-keys><key app="EN" db-id="5s5ppfp52t55w0eadv7p5ss3vfxzs5fwwe5w">1934</key><key app="ENWeb" db-id="ThEeKwrtqggAAHqv064">4931</key></foreign-keys><ref-type name="Journal Article">17</ref-type><contributors><authors><author><style face="normal" font="default" size="100%">Coleman, D.E.</style></author><author><style face="normal" font="default" size="100%">Dwyer, S.M.</style></author><author><style face="normal" font="default" size="100%">Abel, Gene G.</style></author><author><style face="normal" font="default" size="100%">Berner, W.</style></author><author><style face="normal" font="default" size="100%">Breiling, J.</style></author><author><style face="normal" font="default" size="100%">Hindman, J.</style></author><author><style face="normal" font="default" size="100%">Knopp, F.H.</style></author><author><style face="normal" font="default" size="100%">Langevin, R.</style></author><author><style face="normal" font="default" size="100%">Pfafflin, F.</style></author></authors></contributors><titles><title><style face="normal" font="default" size="100%">Standards of care for the treatment of adult sex offenders</style></title><secondary-title><style face="normal" font="default" size="100%">Journal of Offender Rehabilitation</style></secondary-title></titles><periodical><full-title><style face="normal" font="default" size="100%">Journal of Offender Rehabilitation</style></full-title></periodical><pages><style face="normal" font="default" size="100%">5-11</style></pages><volume><style face="normal" font="default" size="100%">23</style></volume><number><style face="normal" font="default" size="100%">3-4</style></number><keywords><keyword><style face="normal" font="default" size="100%">Sex offender treatment</style></keyword></keywords><dates><year><style face="normal" font="default" size="100%">1996</style></year></dates><isbn><style face="normal" font="default" size="100%">1050-9674</style></isbn><abstract><style face="normal" font="default" size="100%">Although each profession has its own standards of care, the following are minimal recommendations of Standards of Care. It is recommended that professionals involved in the treatment of sexual offenders use the following minimal criteria for the evaluation of their work. It is recommended that the reasons for exceptions to these standards, in the management of any individual case, be very carefully documented.</style></abstract><urls><pdf-urls><url>internal-pdf://IATSO.Standards of Care-3350809601/IATSO.Standards of Care.pdf</url></pdf-urls></urls></record><record><database name="NSCClibrary.enl" path="F:\NSCClibrary.enl">NSCClibrary.enl</database><source-app name="EndNote" version="17.1">EndNote</source-app><rec-number>2796</rec-number><foreign-keys><key app="EN" db-id="5s5ppfp52t55w0eadv7p5ss3vfxzs5fwwe5w">2796</key></foreign-keys><ref-type name="Journal Article">17</ref-type><contributors><authors><author><style face="normal" font="default" size="100%">Coulborn Faller, K.</style></author><author><style face="normal" font="default" size="100%">Henry, J.</style></author></authors></contributors><titles><title><style face="normal" font="default" size="100%">Child sexual abuse: A case study in community collaboration</style></title><secondary-title><style face="normal" font="default" size="100%">Child Abuse &amp; Neglect</style></secondary-title></titles><periodical><full-title><style face="normal" font="default" size="100%">Child Abuse &amp; Neglect</style></full-title></periodical><pages><style face="normal" font="default" size="100%">1215-1225</style></pages><volume><style face="normal" font="default" size="100%">24</style></volume><number><style face="normal" font="default" size="100%">9</style></number><keywords><keyword><style face="normal" font="default" size="100%">Case management</style></keyword><keyword><style face="normal" font="default" size="100%">Child sexual abuse</style></keyword><keyword><style face="normal" font="default" size="100%">Sex offenders</style></keyword></keywords><dates><year><style face="normal" font="default" size="100%">2000</style></year></dates><isbn><style face="normal" font="default" size="100%">0145-2134</style></isbn><abstract><style face="normal" font="default" size="100%">Objective: This is an exploratory study that describes the process and outcomes of a Midwestern US community&apos;s approach to case management of child sexual abuse. Method: Data were ab tracted from 323 criminal court files. Specific information gathered included child and suspect demographic data, law enforcement and CPS involvement, child disclosure patterns and caretaker responses, offender confession, offender plea, trial and child testimony information, and sentences received by offenders. Both case process and outcome variable were examined. Results: ln this community, criminal court records reflect a sex offense confession rate of 64% and a sex offense plea rate of 70%. Only 15 cases went to trial and in six the offender was convicted. Conclusion: Communities can achieve successful outcomes when criminal prosecution of sexual abuse is sought, but the child&apos;s testimony is not necessarily the centerpiece of a succesful case. ln this study, desired outcomes were a consequence of the collaborative effort of law enforcement, CPS, and the prosecutor&apos;s office, which resulted in a high confession and plea rate. </style></abstract><urls><pdf-urls><url>internal-pdf://Coulborn Faller, K 2000 - Child Sexual Abuse A-0022890496/Coulborn Faller, K 2000 - Child Sexual Abuse A.pdf</url></pdf-urls></urls></record><record><database name="NSCClibrary.enl" path="F:\NSCClibrary.enl">NSCClibrary.enl</database><source-app name="EndNote" version="17.1">EndNote</source-app><rec-number>2758</rec-number><foreign-keys><key app="EN" db-id="5s5ppfp52t55w0eadv7p5ss3vfxzs5fwwe5w">2758</key></foreign-keys><ref-type name="Journal Article">17</ref-type><contributors><authors><author><style face="normal" font="default" size="100%">Cullen, B.J.</style></author><author><style face="normal" font="default" size="100%">Hull Smith, P.</style></author><author><style face="normal" font="default" size="100%">Funk, J.B.</style></author><author><style face="normal" font="default" size="100%">Haaf, R.A.</style></author></authors></contributors><titles><title><style face="normal" font="default" size="100%">A matched cohort comparison of a criminal justice system&apos;s response to child sexual abuse: A profile of perpetrators</style></title><secondary-title><style face="normal" font="default" size="100%">Child Abuse &amp; Neglect</style></secondary-title></titles><periodical><full-title><style face="normal" font="default" size="100%">Child Abuse &amp; Neglect</style></full-title></periodical><pages><style face="normal" font="default" size="100%">569-577</style></pages><volume><style face="normal" font="default" size="100%">24</style></volume><number><style face="normal" font="default" size="100%">4</style></number><keywords><keyword><style face="normal" font="default" size="100%">Law</style></keyword><keyword><style face="normal" font="default" size="100%">Legal</style></keyword><keyword><style face="normal" font="default" size="100%">Recidivism</style></keyword><keyword><style face="normal" font="default" size="100%">Sex offenders</style></keyword></keywords><dates><year><style face="normal" font="default" size="100%">2000</style></year></dates><isbn><style face="normal" font="default" size="100%">0145-2134</style></isbn><abstract><style face="normal" font="default" size="100%">Objective: This study was undertaken to examine whether alleged child sexual abuse perpetrators are handled differently by the courts than other alleged felony perpetrators. Comparisons were made from the time ot&apos; prosecutorial case acceptance through prosecution to sentencing, with emphasis on judicial and prosecutorial decision-making and plea-bargaining. Method: Data were retrospectively abstracted on the entire defendant population of cases of sexual abuse of children and adolescents (ages 2-17) over a 5-year period. Using a case-flow analysis, comparisons were made between a child sexual abuse cohort and a cohort of matched felony cases from a single jurisdiction. Results: Three important findings emerged. First, compared to other felons, abuse perpetrators were employed, had been married, were mostly European American, and were older than 30 years of age. Second, in the abuse cohort, as many as 14% had a previous sexual or violent record compared io 2% in the comparison group. Third, similar percentages of perpetrators in both groups were released on their own recognisance, had the charges against them dropped, and were found guilty. As well, no differences between groups were found in the proportion of individuals sentenced to jail, probation, counseling, or work release. Conclusions: Although the treatment of perpetrators of child sexual abuse was similar to the treatment of perpetrators of other felonies , the prolile of the child abuse perpetrator was quite different. Knowledge about this profile may impact prosecution or treatment and recidivism rates, to the extent that recidivism is related to characteristics of the abuse perpetrator.</style></abstract><urls><pdf-urls><url>internal-pdf://Cullen, Bernard J. et al 2000 - A Matched Cohort Comparison.-3984056064/Cullen, Bernard J. et al 2000 - A Matched Cohort Comparison..pdf</url></pdf-urls></urls></record><record><database name="NSCClibrary.enl" path="F:\NSCClibrary.enl">NSCClibrary.enl</database><source-app name="EndNote" version="17.1">EndNote</source-app><rec-number>2759</rec-number><foreign-keys><key app="EN" db-id="5s5ppfp52t55w0eadv7p5ss3vfxzs5fwwe5w">2759</key></foreign-keys><ref-type name="Journal Article">17</ref-type><contributors><authors><author><style face="normal" font="default" size="100%">Curtis, R.L.</style></author><author><style face="normal" font="default" size="100%">Leung, P.</style></author><author><style face="normal" font="default" size="100%">Sullivan, E.</style></author><author><style face="normal" font="default" size="100%">Eschbach, K.</style></author><author><style face="normal" font="default" size="100%">Stinson, M.</style></author></authors></contributors><titles><title><style face="normal" font="default" size="100%">Outcomes of child sexual contacts: Patterns of incarcerations from a national sample</style></title><secondary-title><style face="normal" font="default" size="100%">Child Abuse &amp; Neglect</style></secondary-title></titles><periodical><full-title><style face="normal" font="default" size="100%">Child Abuse &amp; Neglect</style></full-title></periodical><pages><style face="normal" font="default" size="100%">719-736</style></pages><volume><style face="normal" font="default" size="100%">25</style></volume><number><style face="normal" font="default" size="100%">5</style></number><keywords><keyword><style face="normal" font="default" size="100%">Sexual behaviour</style></keyword><keyword><style face="normal" font="default" size="100%">Incarcerations</style></keyword><keyword><style face="normal" font="default" size="100%">Sexual abuse</style></keyword><keyword><style face="normal" font="default" size="100%">Legal</style></keyword><keyword><style face="normal" font="default" size="100%">Adolescent</style></keyword></keywords><dates><year><style face="normal" font="default" size="100%">2001</style></year></dates><isbn><style face="normal" font="default" size="100%">0145-2134</style></isbn><abstract><style face="normal" font="default" size="100%">Objective: In a test of the relationships between sexual touching before puberty and later incarcerations during adolescence and adulthood, two theoretical models were examined. These models focus on examination of crime from the developmental origins of criminals and rh adaptive and maladaptive outcomes of early experiences. Method: Data were taken from the National Health and Social Life Survey to study the sexual touching and social origin variables in childhood and incarceration variable during teen years. The sample was a stratified, random sample of 3,362 adults (18 to 59 years of age) throughout the United States. Results: Data support inferences from the two interrelated models. Respondents reporting touching before puberty were significantly more likely to experience incarceration. They were also more likely to engage in behaviors as teenagers that were associated with an increased probability of jailing. Such behaviors include sexual promiscuity and early departure from the parental family. Conclusions: These findings are consistent for first jailing as a teenager and as an adult, as well as for those with short (less than a week) or longer (a week or more) spells of incarceration. Prepubertal sexual touching has a significant and enduring effect on later adolescent and adult incarcerations.</style></abstract><urls><pdf-urls><url>internal-pdf://Curtis, Russell L. et al 2001 - Outcomes of Child Sexual Con-0561654016/Curtis, Russell L. et al 2001 - Outcomes of Child Sexual Con.pdf</url></pdf-urls></urls></record><record><database name="NSCClibrary.enl" path="F:\NSCClibrary.enl">NSCClibrary.enl</database><source-app name="EndNote" version="17.1">EndNote</source-app><rec-number>3412</rec-number><foreign-keys><key app="EN" db-id="5s5ppfp52t55w0eadv7p5ss3vfxzs5fwwe5w">3412</key></foreign-keys><ref-type name="Journal Article">17</ref-type><contributors><authors><author><style face="normal" font="default" size="100%">Daly, Kathleen</style></author></authors></contributors><titles><title><style face="normal" font="default" size="100%">Conventional and innovative justice responses to sexual violence</style></title><secondary-title><style face="normal" font="default" size="100%">ACSSA Issues</style></secondary-title></titles><periodical><full-title><style face="normal" font="default" size="100%">ACSSA Issues</style></full-title></periodical><pages><style face="normal" font="default" size="100%">35</style></pages><volume><style face="normal" font="default" size="100%">12</style></volume><keywords><keyword><style face="normal" font="default" size="100%">Criminal justice responses</style></keyword><keyword><style face="normal" font="default" size="100%">Law</style></keyword><keyword><style face="normal" font="default" size="100%">Legal</style></keyword><keyword><style face="normal" font="default" size="100%">Prosecution</style></keyword><keyword><style face="normal" font="default" size="100%">Restorative justice</style></keyword><keyword><style face="normal" font="default" size="100%">Sex offenders</style></keyword><keyword><style face="normal" font="default" size="100%">Sexual violence</style></keyword></keywords><dates><year><style face="normal" font="default" size="100%">2011</style></year></dates><publisher><style face="normal" font="default" size="100%">Australian Institute of Family Studies</style></publisher><abstract><style face="normal" font="default" size="100%">Despite 30 years of significant change to the way the criminal justice system responds to sexual violence, conviction rates have gone down in Australia, Canada, and England and Wales.1 Victim/survivors continue to express dissatisfaction with how the police and courts handle their cases and with their experience of the trial process. Many commentators and researchers recognise that the crux of the problem is cultural beliefs about gender and sexuality, which dilute and undermine the intentions of rape law reform.2 These beliefs affect victims adversely, but at the same time, increased criminalisation and penalisation of offenders is not likely to yield constructive outcomes. This paper reflects on the limits of legal reform in improving outcomes for victim/survivors. Given the extent of reform to procedural, substantive, and evidentiary aspects of sexual assault legal cases, we may have exhausted its potential to change the response to sexual assault. We may need to consider innovative justice responses, which may be part of the legal system or lie beyond it.</style></abstract><urls><pdf-urls><url>internal-pdf://Daly 2011 - Conventional and innovative justice-1191896065/Daly 2011 - Conventional and innovative justice.pdf</url></pdf-urls></urls></record><record><database name="NSCClibrary.enl" path="F:\NSCClibrary.enl">NSCClibrary.enl</database><source-app name="EndNote" version="17.1">EndNote</source-app><rec-number>2788</rec-number><foreign-keys><key app="EN" db-id="5s5ppfp52t55w0eadv7p5ss3vfxzs5fwwe5w">2788</key></foreign-keys><ref-type name="Journal Article">17</ref-type><contributors><authors><author><style face="normal" font="default" size="100%">Edwards, W.</style></author><author><style face="normal" font="default" size="100%">Hensley, C.</style></author></authors></contributors><titles><title><style face="normal" font="default" size="100%">Restructuring sex offender sentencing: A therapeutic jurisprudence approach to the criminal justice process</style></title><secondary-title><style face="normal" font="default" size="100%">International Journal of Offender Therapy and Comparative Criminology</style></secondary-title></titles><periodical><full-title><style face="normal" font="default" size="100%">International Journal of Offender Therapy and Comparative Criminology</style></full-title></periodical><pages><style face="normal" font="default" size="100%">646-662</style></pages><volume><style face="normal" font="default" size="100%">45</style></volume><number><style face="normal" font="default" size="100%">6</style></number><keywords><keyword><style face="normal" font="default" size="100%">Criminal justice</style></keyword><keyword><style face="normal" font="default" size="100%">Legal</style></keyword><keyword><style face="normal" font="default" size="100%">Sex offenders</style></keyword><keyword><style face="normal" font="default" size="100%">Sex offender treatment</style></keyword></keywords><dates><year><style face="normal" font="default" size="100%">2001</style></year></dates><isbn><style face="normal" font="default" size="100%">0306-624X</style></isbn><abstract><style face="normal" font="default" size="100%">Although the notion of providing specialized treatment to sex offenders has been widely, and at times enthusiastically, embraced by lawmakers and criminal justice professionals, the larger criminal justice system often maintains and fosters policies and mandates that act as disincentives for offenders to seek out or participate meaningfully in specialized sex offender treatment. This article employs the therapeutic jurisprudence perspective in examining many of the issues and problems associated with adjudicating and treating sex offenders and presents a “treatment track” or deferred sentencing model, which while primarily focusing on offender adjudication, prioritizes the therapeutic needs of offenders and emphasizes the interrelated nature of various criminal justice system components associated with sex offender cases and each component’s potential therapeutic impact on the others.</style></abstract><urls><pdf-urls><url>internal-pdf://Edwards, William et al 2001 - Restructuring sex offender-4064321280/Edwards, William et al 2001 - Restructuring sex offender.pdf</url></pdf-urls></urls></record><record><database name="NSCClibrary.enl" path="F:\NSCClibrary.enl">NSCClibrary.enl</database><source-app name="EndNote" version="17.1">EndNote</source-app><rec-number>3005</rec-number><foreign-keys><key app="EN" db-id="5s5ppfp52t55w0eadv7p5ss3vfxzs5fwwe5w">3005</key></foreign-keys><ref-type name="Journal Article">17</ref-type><contributors><authors><author><style face="normal" font="default" size="100%">Finkelhor, David</style></author></authors></contributors><titles><title><style face="normal" font="default" size="100%">Removing the child - Prosecuting the offender in cases of sexual abuse: Evidence from the National Reporting System for Child Abuse and Neglect</style></title><secondary-title><style face="normal" font="default" size="100%">Child Abuse &amp; Neglect</style></secondary-title></titles><periodical><full-title><style face="normal" font="default" size="100%">Child Abuse &amp; Neglect</style></full-title></periodical><pages><style face="normal" font="default" size="100%">195-205</style></pages><volume><style face="normal" font="default" size="100%">7</style></volume><number><style face="normal" font="default" size="100%">2</style></number><keywords><keyword><style face="normal" font="default" size="100%">Incest</style></keyword><keyword><style face="normal" font="default" size="100%">Intrafamilial sexual abuse</style></keyword><keyword><style face="normal" font="default" size="100%">Child protection</style></keyword><keyword><style face="normal" font="default" size="100%">Child sexual abuse</style></keyword><keyword><style face="normal" font="default" size="100%">Prosecution</style></keyword><keyword><style face="normal" font="default" size="100%">Sex offenders</style></keyword></keywords><dates><year><style face="normal" font="default" size="100%">1983</style></year></dates><isbn><style face="normal" font="default" size="100%">0145-2134</style></isbn><abstract><style face="normal" font="default" size="100%">Sexual abuse has come to public attention so rapidly and is such a difficult problem to deal with that many observers are concerned that the quality of child protective intervention in these cases has been haphazard and indiscriminate. This article analyses data on all 6,096 cases of child sexual abuse which were &quot;officially reported&quot; in 1978 to see what kinds of intervention were made. The data show that foster placement occurred in more cases of sexual abuse than physical abuse, and was concentrated among cases of older children who reported their own victimisation. Criminal action was taken almost five times more often in cases of sexual abuse than in cases of physical abuse, and occurred more often among cases which were directly reported to police and involved offenders with prior criminal records. Black families and poorer families did not seem to be the objects of obvious discrimination in the disposition of these cases.</style></abstract><urls><pdf-urls><url>internal-pdf://Finkelhor 1983 - Removing the child prosecuting-3147880193/Finkelhor 1983 - Removing the child prosecuting.pdf</url></pdf-urls></urls></record><record><database name="NSCClibrary.enl" path="F:\NSCClibrary.enl">NSCClibrary.enl</database><source-app name="EndNote" version="17.1">EndNote</source-app><rec-number>2852</rec-number><foreign-keys><key app="EN" db-id="5s5ppfp52t55w0eadv7p5ss3vfxzs5fwwe5w">2852</key></foreign-keys><ref-type name="Journal Article">17</ref-type><contributors><authors><author><style face="normal" font="default" size="100%">Glaser, W.F.</style></author></authors></contributors><titles><title><style face="normal" font="default" size="100%">&quot;Treatment&quot; or &quot;sentence&quot; for child molesters: A comparison of Australian offenders with a general prison population</style></title><secondary-title><style face="normal" font="default" size="100%">International Journal of Law and Psychiatry</style></secondary-title></titles><periodical><full-title><style face="normal" font="default" size="100%">International Journal of Law and Psychiatry</style></full-title></periodical><pages><style face="normal" font="default" size="100%">145-156</style></pages><volume><style face="normal" font="default" size="100%">11</style></volume><keywords><keyword><style face="normal" font="default" size="100%">Criminal justice responses</style></keyword><keyword><style face="normal" font="default" size="100%">Law</style></keyword><keyword><style face="normal" font="default" size="100%">Legal</style></keyword><keyword><style face="normal" font="default" size="100%">Sentencing</style></keyword><keyword><style face="normal" font="default" size="100%">Sex offenders</style></keyword></keywords><dates><year><style face="normal" font="default" size="100%">1988</style></year></dates><isbn><style face="normal" font="default" size="100%">0160-2527</style></isbn><abstract><style face="normal" font="default" size="100%">The law views the subject of child molesters with considerable ambivalence. Those who have sexual contact with children, whether within or outside the family, are held to be criminally liable for their actions; yet the Courts are impressed by their apparent differences from the ordinary species of rogue. Homosexual offenders, for example, have been branded “specialised and extraordinary class as much as if they carried on their bodies some physical peculiarity” (Thompson v. R., 1918). The Courts have come to see the disposition of such offenders as being a matter on which they must seek expert opinion, and in many jurisdictions, particularly the United States, experts not only offer opinion but indeed take-over many of the functions of the Court when sex offenders are being tried. Not only are psychiatrists called upon to assess the degree of criminal responsibility of so-called “sexual psychopaths,” they may also have a virtually unlimited say as to the length of sentence (which is often indeterminate) and its nature (imprisonment or hospitalisation) (Kittrie, 1971, pp. 185-189).</style></abstract><urls><pdf-urls><url>internal-pdf://Glaser 1988 - Treatment or sentence-1435476481/Glaser 1988 - Treatment or sentence.pdf</url></pdf-urls></urls></record><record><database name="NSCClibrary.enl" path="F:\NSCClibrary.enl">NSCClibrary.enl</database><source-app name="EndNote" version="17.1">EndNote</source-app><rec-number>748</rec-number><foreign-keys><key app="EN" db-id="5s5ppfp52t55w0eadv7p5ss3vfxzs5fwwe5w">748</key><key app="ENWeb" db-id="ThEeKwrtqggAAHqv064">4874</key></foreign-keys><ref-type name="Journal Article">17</ref-type><contributors><authors><author><style face="normal" font="default" size="100%">Keyzer, P.</style></author></authors></contributors><titles><title><style face="normal" font="default" size="100%">The “preventive detention” of serious sex offenders: Further consideration of the international human rights dimensions</style></title><secondary-title><style face="normal" font="default" size="100%">Psychiatry, Psychology and Law</style></secondary-title></titles><periodical><full-title><style face="normal" font="default" size="100%">Psychiatry, psychology and law</style></full-title></periodical><pages><style face="normal" font="default" size="100%">262-270</style></pages><volume><style face="normal" font="default" size="100%">16</style></volume><number><style face="normal" font="default" size="100%">2</style></number><keywords><keyword><style face="normal" font="default" size="100%">Criminal justice responses</style></keyword><keyword><style face="normal" font="default" size="100%">Human rights</style></keyword><keyword><style face="normal" font="default" size="100%">Law</style></keyword><keyword><style face="normal" font="default" size="100%">Legal</style></keyword><keyword><style face="normal" font="default" size="100%">Sex offenders</style></keyword></keywords><dates><year><style face="normal" font="default" size="100%">2009</style></year></dates><isbn><style face="normal" font="default" size="100%">1321-8719</style></isbn><abstract><style face="normal" font="default" size="100%">Several State jurisdictions in Australia have implemented legislation that detains a sex offender in prison after the conclusion of their prison sentence on the basis of a prediction of risk and with no further requirement of a fresh crime or criminal trial. A constitutional challenge to this legislation failed (see (2004) 11(2) PP L 244-253). This article sets out arguments that have been advanced by Ken Tillman in a communication to the United Nations Human Rights Committee that the New South Wales legislation inflicts arbitrary detention and double punishment contrary to Articles 9 and 14 of the International Covenant on Civil and Political Rights.</style></abstract><urls><pdf-urls><url>internal-pdf://ThePrevDetofSerSexOff-2625402368/ThePrevDetofSerSexOff.PDF</url></pdf-urls></urls></record><record><database name="NSCClibrary.enl" path="F:\NSCClibrary.enl">NSCClibrary.enl</database><source-app name="EndNote" version="17.1">EndNote</source-app><rec-number>3193</rec-number><foreign-keys><key app="EN" db-id="5s5ppfp52t55w0eadv7p5ss3vfxzs5fwwe5w">3193</key></foreign-keys><ref-type name="Personal Communication">26</ref-type><contributors><authors><author><style face="normal" font="default" size="100%">O&apos;Gorman, Terry</style></author></authors></contributors><titles><title><style face="normal" font="default" size="100%">Speech by Terry O&apos;Gorman to College of Law - CLE with the Criminal Law Section of the Law Council of Australia: Section on child abuse defence strategies in child sexual abuse accusation cases</style></title></titles><pages><style face="normal" font="default" size="100%">32</style></pages><keywords><keyword><style face="normal" font="default" size="100%">Criminal justice responses</style></keyword><keyword><style face="normal" font="default" size="100%">Law</style></keyword><keyword><style face="normal" font="default" size="100%">Legal</style></keyword><keyword><style face="normal" font="default" size="100%">Prosecution</style></keyword></keywords><dates><year><style face="normal" font="default" size="100%">1991</style></year><pub-dates><date><style face="normal" font="default" size="100%">February 23, 1991</style></date></pub-dates></dates><pub-location><style face="normal" font="default" size="100%">College of Law, St. Leonards</style></pub-location><abstract><style face="normal" font="default" size="100%">Much has been written about the hysteria surrounding the investigation and prosecution of child sexual abuse accusations. I do not intend to significantly cover that ground in this paper especially as Greg Walsh has so thoroughly canvassed the issues in his paper in relation to the child sexual abuse debate. My discussion will be centering on practical suggestions as to how to defend a child sexual abuse accusation. It is deliberately intended to be a practical examination of the steps a solicitor should take to properly defend such a charge. The paper is intended to refer to the defence of contested charges.</style></abstract><urls><pdf-urls><url>internal-pdf://OGorman 1991 - Defence strategies in child-3597238529/OGorman 1991 - Defence strategies in child.pdf</url></pdf-urls></urls></record><record><database name="NSCClibrary.enl" path="F:\NSCClibrary.enl">NSCClibrary.enl</database><source-app name="EndNote" version="17.1">EndNote</source-app><rec-number>3610</rec-number><foreign-keys><key app="EN" db-id="5s5ppfp52t55w0eadv7p5ss3vfxzs5fwwe5w">3610</key></foreign-keys><ref-type name="Book">6</ref-type><contributors><authors><author><style face="normal" font="default" size="100%">Redfern Legal Centre,</style></author></authors></contributors><titles><title><style face="normal" font="default" size="100%">The law handbook</style></title></titles><edition><style face="normal" font="default" size="100%">9th</style></edition><keywords><keyword><style face="normal" font="default" size="100%">Courts</style></keyword><keyword><style face="normal" font="default" size="100%">Criminal justice system</style></keyword><keyword><style face="normal" font="default" size="100%">Law</style></keyword><keyword><style face="normal" font="default" size="100%">Legal</style></keyword></keywords><dates><year><style face="normal" font="default" size="100%">2004</style></year></dates><pub-location><style face="normal" font="default" size="100%">Redfern, NSW</style></pub-location><publisher><style face="normal" font="default" size="100%">Redfern Legal Centre Publishing</style></publisher><abstract><style face="normal" font="default" size="100%">The following sections are attached: courts and tribunals; court process; offenses tried by a judge and jury; effect of conviction; representing yourself in court; contacts; and, useful resources.</style></abstract><urls><pdf-urls><url>internal-pdf://Redfern Legal Centre 2004 - The law handbook-2064998401/Redfern Legal Centre 2004 - The law handbook.pdf</url></pdf-urls></urls></record><record><database name="NSCClibrary.enl" path="F:\NSCClibrary.enl">NSCClibrary.enl</database><source-app name="EndNote" version="17.1">EndNote</source-app><rec-number>3751</rec-number><foreign-keys><key app="EN" db-id="5s5ppfp52t55w0eadv7p5ss3vfxzs5fwwe5w">3751</key></foreign-keys><ref-type name="Conference Paper">47</ref-type><contributors><authors><author><style face="normal" font="default" size="100%">Robertson, John</style></author></authors></contributors><titles><title><style face="normal" font="default" size="100%">Address - &quot;In whose best interest&quot;</style></title></titles><keywords><keyword><style face="normal" font="default" size="100%">Child sexual abuse</style></keyword><keyword><style face="normal" font="default" size="100%">Criminal justice responses</style></keyword><keyword><style face="normal" font="default" size="100%">Law</style></keyword><keyword><style face="normal" font="default" size="100%">Legal</style></keyword></keywords><dates><year><style face="normal" font="default" size="100%">1984</style></year><pub-dates><date><style face="normal" font="default" size="100%">Monday 9 July 1984</style></date></pub-dates></dates><pub-location><style face="normal" font="default" size="100%">Brisbane, Qld</style></pub-location><abstract><style face="normal" font="default" size="100%">This paper attempts to address the issue as to whose best interests if any are best served by the present Criminal Justice System. Firstly, the author considers judicial trends and judicial attitudes in dealing with Child Abuse offenders. Secondly, he deals with the vexed question of the deterrent element of punishment as applied to offenders convicted of sexual offences relating to children. And finally, he advances some proposals for discussion and reform of the present problems in the System as he sees them.</style></abstract><urls><pdf-urls><url>internal-pdf://Robertson 1984 - Address in whose-2997720832/Robertson 1984 - Address in whose.pdf</url></pdf-urls></urls></record><record><database name="NSCClibrary.enl" path="F:\NSCClibrary.enl">NSCClibrary.enl</database><source-app name="EndNote" version="17.1">EndNote</source-app><rec-number>2826</rec-number><foreign-keys><key app="EN" db-id="5s5ppfp52t55w0eadv7p5ss3vfxzs5fwwe5w">2826</key></foreign-keys><ref-type name="Journal Article">17</ref-type><contributors><authors><author><style face="normal" font="default" size="100%">Saunders, Benjamin E.</style></author><author><style face="normal" font="default" size="100%">Meinig, Mary B.</style></author></authors></contributors><titles><title><style face="normal" font="default" size="100%">Immediate issues affecting long term family resolution in cases of parent-child sexual abuse</style></title><secondary-title><style face="normal" font="default" size="100%">Treatment of child abuse: Common ground for mental health, medical, and legal practitioners</style></secondary-title></titles><periodical><full-title><style face="normal" font="default" size="100%">Treatment of child abuse: Common ground for mental health, medical, and legal practitioners</style></full-title></periodical><pages><style face="normal" font="default" size="100%">36-53</style></pages><keywords><keyword><style face="normal" font="default" size="100%">Criminal justice responses</style></keyword><keyword><style face="normal" font="default" size="100%">Family therapy</style></keyword><keyword><style face="normal" font="default" size="100%">Incest</style></keyword><keyword><style face="normal" font="default" size="100%">Intrafamilial sexual abuse</style></keyword><keyword><style face="normal" font="default" size="100%">Law</style></keyword><keyword><style face="normal" font="default" size="100%">Legal</style></keyword><keyword><style face="normal" font="default" size="100%">Parent-child relations</style></keyword></keywords><dates><year><style face="normal" font="default" size="100%">2000</style></year></dates><abstract><style face="normal" font="default" size="100%">When sexual abuse occurs in a family, medical, social service, mental health, and legal systerns will converge. Their presence is time-limited, but the continuing needs of the family and long-term family functioning must be considered in the services it receives and the issues that are addressed. These issues include separation/removal, continuing manipulation of the family by the parent offender, conflicting feelings of family members (child victim, nonoffending parent, non-abused siblings), and shared familial cognitive distortions. Successful family therapy will consider all the problems incest families will face over time, help develop ways of anticipating and managing these problems, affirm the positive parts of existing relationships, and seek to achieve some form of long-term family resolution in the best interest of child victims allowing them both physical safety and the benefits of a positive parent-child relationship when possible.</style></abstract><urls><pdf-urls><url>internal-pdf://Saunders et al 2000 - Immediate issues-2899083265/Saunders et al 2000 - Immediate issues.pdf</url></pdf-urls></urls></record><record><database name="NSCClibrary.enl" path="F:\NSCClibrary.enl">NSCClibrary.enl</database><source-app name="EndNote" version="17.1">EndNote</source-app><rec-number>2851</rec-number><foreign-keys><key app="EN" db-id="5s5ppfp52t55w0eadv7p5ss3vfxzs5fwwe5w">2851</key></foreign-keys><ref-type name="Journal Article">17</ref-type><contributors><authors><author><style face="normal" font="default" size="100%">Simon, Leonore M.J.</style></author></authors></contributors><titles><title><style face="normal" font="default" size="100%">Legal treatment of the victim-offender relationship in crimes of violence</style></title><secondary-title><style face="normal" font="default" size="100%">Journal of Interpersonal Violence</style></secondary-title></titles><periodical><full-title><style face="normal" font="default" size="100%">Journal of Interpersonal Violence</style></full-title></periodical><pages><style face="normal" font="default" size="100%">94-106</style></pages><volume><style face="normal" font="default" size="100%">11</style></volume><number><style face="normal" font="default" size="100%">1</style></number><keywords><keyword><style face="normal" font="default" size="100%">Criminal justice responses</style></keyword><keyword><style face="normal" font="default" size="100%">Law</style></keyword><keyword><style face="normal" font="default" size="100%">Legal</style></keyword><keyword><style face="normal" font="default" size="100%">Sentencing</style></keyword><keyword><style face="normal" font="default" size="100%">Sex offenders</style></keyword></keywords><dates><year><style face="normal" font="default" size="100%">1996</style></year></dates><isbn><style face="normal" font="default" size="100%">0886-2605</style></isbn><abstract><style face="normal" font="default" size="100%">Prior theory and research indicate that the victim-offender relationship is an important factor in determining how an offender is treated at various stages of the criminal justice system, with stranger offenders faring worse than nonstranger offenders in all stages of legal processing. This study investigates whether the victim-offender relationship plays a role in determining the original charge, the crime conviction, and the sentence length of inmates in prison for violent crimes. Data consist of interview and official record information of 273 sentenced and incarcerated violent male offenders. The results indicate that the victim-offender relationship is related to the legal processing, but in paradoxical ways. Thus, although nonstranger offenders are charged with and convicted of more serious crimes, stranger offenders receive significantly longer sentences. Implications for policy and future research are discussed.</style></abstract><urls><pdf-urls><url>internal-pdf://Simon 1996 - Legal treatment-0720612608/Simon 1996 - Legal treatment.pdf</url></pdf-urls></urls></record><record><database name="NSCClibrary.enl" path="F:\NSCClibrary.enl">NSCClibrary.enl</database><source-app name="EndNote" version="17.1">EndNote</source-app><rec-number>3366</rec-number><foreign-keys><key app="EN" db-id="5s5ppfp52t55w0eadv7p5ss3vfxzs5fwwe5w">3366</key></foreign-keys><ref-type name="Journal Article">17</ref-type><contributors><authors><author><style face="normal" font="default" size="100%">Stroud, Delores D.</style></author><author><style face="normal" font="default" size="100%">Martens, Sonja L.</style></author><author><style face="normal" font="default" size="100%">Barker, Julia</style></author></authors></contributors><titles><title><style face="normal" font="default" size="100%">Criminal investigation of child sexual abuse: A comparison of cases referred to the prosecutor to those not referred</style></title><secondary-title><style face="normal" font="default" size="100%">Child Abuse &amp; Neglect</style></secondary-title></titles><periodical><full-title><style face="normal" font="default" size="100%">Child Abuse &amp; Neglect</style></full-title></periodical><pages><style face="normal" font="default" size="100%">689-700</style></pages><volume><style face="normal" font="default" size="100%">24</style></volume><number><style face="normal" font="default" size="100%">5</style></number><keywords><keyword><style face="normal" font="default" size="100%">Child sexual abuse</style></keyword><keyword><style face="normal" font="default" size="100%">Criminal justice responses</style></keyword><keyword><style face="normal" font="default" size="100%">Investigation</style></keyword><keyword><style face="normal" font="default" size="100%">Prosecution</style></keyword></keywords><dates><year><style face="normal" font="default" size="100%">2000</style></year></dates><isbn><style face="normal" font="default" size="100%">0145-2134</style></isbn><abstract><style face="normal" font="default" size="100%">Objective: The present study sought to identify characteristics of child sexual abuse cases which differentiate cases referred for criminal prosecution (“criminal-action”) from those not referred (“dropped”) by investigators. Method: The study sample consisted of 1043 children who completed a forensic interview for sexual abuse that allegedly occurred at the hands of an adult between January 1, 1993 and December 31, 1996 in Bernalillo County of New Mexico. Data was systematically obtained from forensic interview files and offender records at the local prosecutor’s office. Results: Differences between criminal-action and dropped cases were found in relation to the children (age, sex and ethnicity), the alleged offenders (age, sex and relationship to child), and the case characteristics (disclosure and injury to the child). Conclusions: The present study provided insight into the characteristics of a previously ignored population (reported child sexual abuse cases that are not referred for prosecution). Recommendations are made to address the needs of these children and their families.</style></abstract><urls><pdf-urls><url>internal-pdf://Stroud et al 2000 - Criminal investigation of child-1120762881/Stroud et al 2000 - Criminal investigation of child.pdf</url></pdf-urls></urls></record></records></xml>