<?xml version="1.0" encoding="UTF-8" ?><xml><records><record><database name="NSCClibrary.enl" path="F:\NSCClibrary.enl">NSCClibrary.enl</database><source-app name="EndNote" version="17.1">EndNote</source-app><rec-number>5072</rec-number><foreign-keys><key app="EN" db-id="5s5ppfp52t55w0eadv7p5ss3vfxzs5fwwe5w">5072</key><key app="ENWeb" db-id="">0</key></foreign-keys><ref-type name="Case">7</ref-type><contributors></contributors><titles><title><style face="normal" font="default" size="100%">Doli Incapax - RH v Director of Public Prosecutions</style></title></titles><keywords><keyword><style face="normal" font="default" size="100%">Doli incapax</style></keyword></keywords><dates><year><style face="normal" font="default" size="100%">2014</style></year></dates><publisher><style face="normal" font="default" size="100%">Court of Appeal, Supreme Court, New South Wales</style></publisher><urls><pdf-urls><url>internal-pdf://3289900852/Doli Incapax.pdf</url></pdf-urls></urls></record><record><database name="NSCClibrary.enl" path="F:\NSCClibrary.enl">NSCClibrary.enl</database><source-app name="EndNote" version="17.1">EndNote</source-app><rec-number>1975</rec-number><foreign-keys><key app="EN" db-id="5s5ppfp52t55w0eadv7p5ss3vfxzs5fwwe5w">1975</key><key app="ENWeb" db-id="ThEeKwrtqggAAHqv064">4972</key></foreign-keys><ref-type name="Journal Article">17</ref-type><contributors><authors><author><style face="normal" font="default" size="100%">Lamont, Alister</style></author></authors></contributors><titles><title><style face="normal" font="default" size="100%">Age of consent laws</style></title><secondary-title><style face="normal" font="default" size="100%">NCPC Resource Sheet</style></secondary-title></titles><periodical><full-title><style face="normal" font="default" size="100%">NCPC Resource Sheet</style></full-title></periodical><pages><style face="normal" font="default" size="100%">1-3</style></pages><volume><style face="normal" font="default" size="100%">June</style></volume><keywords><keyword><style face="normal" font="default" size="100%">Consent</style></keyword><keyword><style face="normal" font="default" size="100%">Child sexual abuse</style></keyword></keywords><dates><year><style face="normal" font="default" size="100%">2010</style></year></dates><isbn><style face="normal" font="default" size="100%">1448-9112</style></isbn><abstract><style face="normal" font="default" size="100%">According to criminal law in Australia, the age of consent refers to the age a person is considered to be capable of legally giving informed consent to sexual acts with another person. When a person engages in sexual behaviour with someone below the age of consent, they are committing a criminal offence (child sexual abuse).</style></abstract><urls><pdf-urls><url>internal-pdf://Age of Consent Info-3300391425/Age of Consent Info.pdf</url></pdf-urls></urls></record><record><database name="NSCClibrary.enl" path="F:\NSCClibrary.enl">NSCClibrary.enl</database><source-app name="EndNote" version="17.1">EndNote</source-app><rec-number>1935</rec-number><foreign-keys><key app="EN" db-id="5s5ppfp52t55w0eadv7p5ss3vfxzs5fwwe5w">1935</key><key app="ENWeb" db-id="ThEeKwrtqggAAHqv064">4932</key></foreign-keys><ref-type name="Journal Article">17</ref-type><contributors><authors><author><style face="normal" font="default" size="100%">U.N. General Assembly,</style></author></authors></contributors><titles><title><style face="normal" font="default" size="100%">Convention on the rights of the child</style></title><secondary-title><style face="normal" font="default" size="100%">United Nations, Treaty Series</style></secondary-title></titles><periodical><full-title><style face="normal" font="default" size="100%">United Nations, Treaty Series</style></full-title></periodical><pages><style face="normal" font="default" size="100%">3</style></pages><volume><style face="normal" font="default" size="100%">1577</style></volume><keywords><keyword><style face="normal" font="default" size="100%">Ethics</style></keyword><keyword><style face="normal" font="default" size="100%">Human rights</style></keyword></keywords><dates><year><style face="normal" font="default" size="100%">1989</style></year></dates><urls><pdf-urls><url>internal-pdf://UN C.Rights of Child. pdf-0800827905/UN C.Rights of Child. pdf.pdf</url></pdf-urls></urls></record></records></xml>