<?xml version="1.0" encoding="UTF-8" ?><xml><records><record><database name="NSCClibrary.enl" path="F:\NSCClibrary.enl">NSCClibrary.enl</database><source-app name="EndNote" version="17.1">EndNote</source-app><rec-number>4727</rec-number><foreign-keys><key app="EN" db-id="5s5ppfp52t55w0eadv7p5ss3vfxzs5fwwe5w">4727</key></foreign-keys><ref-type name="Journal Article">17</ref-type><contributors><authors><author><style face="normal" font="default" size="100%">Daley, Dennis W.</style></author></authors></contributors><titles><title><style face="normal" font="default" size="100%">Tarasoff and the Psychotherapist&apos;s Duty to Warn [Comments]    </style></title><secondary-title><style face="normal" font="default" size="100%"> San Diego Law Review</style></secondary-title></titles><pages><style face="normal" font="default" size="100%">932-951</style></pages><volume><style face="normal" font="default" size="100%">12</style></volume><number><style face="normal" font="default" size="100%">4</style></number><keywords><keyword><style face="normal" font="default" size="100%">Confidentiality</style></keyword><keyword><style face="normal" font="default" size="100%">Therapist-patient relationship</style></keyword><keyword><style face="normal" font="default" size="100%">Predictability of violence</style></keyword><keyword><style face="normal" font="default" size="100%">Therapist</style></keyword><keyword><style face="normal" font="default" size="100%">Potential victims</style></keyword><keyword><style face="normal" font="default" size="100%">Dangerous patients</style></keyword></keywords><dates><year><style face="normal" font="default" size="100%">1975</style></year></dates><abstract><style face="normal" font="default" size="100%">This Comment highlighted the issues of the therapist&apos;s duty to warn potential victims and the duty to confine dangerous patients. A more detailed emphasis is placed on confidentiality and privilege in the therapist-patient relationship and on the predictability of violence. These issues provide a background for an analysis of the potential effects of </style><style face="italic" font="default" size="100%">Tarasoff</style><style face="normal" font="default" size="100%"> on the psychiatric profession and the practical problems arising from the decision.</style></abstract><urls><pdf-urls><url>internal-pdf://3708399290/Daley1975Tarasoff.pdf</url></pdf-urls></urls></record><record><database name="NSCClibrary.enl" path="F:\NSCClibrary.enl">NSCClibrary.enl</database><source-app name="EndNote" version="17.1">EndNote</source-app><rec-number>4723</rec-number><foreign-keys><key app="EN" db-id="5s5ppfp52t55w0eadv7p5ss3vfxzs5fwwe5w">4723</key></foreign-keys><ref-type name="Journal Article">17</ref-type><contributors><authors><author><style face="normal" font="default" size="100%">Davidson, Graham</style></author></authors></contributors><titles><title><style face="normal" font="default" size="100%">The Ethics of Confidentiality: Introduction</style></title><secondary-title><style face="normal" font="default" size="100%">Australian Psychologist</style></secondary-title></titles><periodical><full-title><style face="normal" font="default" size="100%">Australian Psychologist</style></full-title></periodical><pages><style face="normal" font="default" size="100%">153-157</style></pages><volume><style face="normal" font="default" size="100%">30</style></volume><number><style face="normal" font="default" size="100%">3</style></number><keywords><keyword><style face="normal" font="default" size="100%">Ethics</style></keyword><keyword><style face="normal" font="default" size="100%">Confidentiality</style></keyword><keyword><style face="normal" font="default" size="100%">Psychology</style></keyword><keyword><style face="normal" font="default" size="100%">Confidentiality rule</style></keyword></keywords><dates><year><style face="normal" font="default" size="100%">1995</style></year></dates><publisher><style face="normal" font="default" size="100%">Blackwell Publishing Ltd</style></publisher><isbn><style face="normal" font="default" size="100%">1742-9544</style></isbn><abstract><style face="normal" font="default" size="100%">This essay aims to briefly summarise the collection of articles on confidentiality issues in psychology, and to highlight apparently conflicting opinions about the confidentiality rule. Conflicts are then analysed in terms of competing systems of ethics. Finally, the role for ethics education in psychology education and training is considered.</style></abstract><urls><pdf-urls><url>internal-pdf://0357666154/Davidson1995TheEthics.pdf</url></pdf-urls></urls><electronic-resource-num><style face="normal" font="default" size="100%">10.1080/00050069508258924</style></electronic-resource-num></record><record><database name="NSCClibrary.enl" path="F:\NSCClibrary.enl">NSCClibrary.enl</database><source-app name="EndNote" version="17.1">EndNote</source-app><rec-number>4728</rec-number><foreign-keys><key app="EN" db-id="5s5ppfp52t55w0eadv7p5ss3vfxzs5fwwe5w">4728</key></foreign-keys><ref-type name="Book Section">5</ref-type><contributors><authors><author><style face="normal" font="default" size="100%">Fortune, Marie M.</style></author></authors><secondary-authors><author><style face="normal" font="default" size="100%">Gonsiorek, John C</style></author></secondary-authors></contributors><titles><title><style face="normal" font="default" size="100%">Is nothing sacred? When sex invades the pastoral relationship</style></title><secondary-title><style face="normal" font="default" size="100%">Breach of trust: Sexual exploitation by health care professionals and clergy</style></secondary-title></titles><pages><style face="normal" font="default" size="100%">29-40</style></pages><section><style face="normal" font="default" size="100%">3</style></section><keywords><keyword><style face="normal" font="default" size="100%">Medicolegal considerations</style></keyword><keyword><style face="normal" font="default" size="100%">Professional conduct and ethics</style></keyword><keyword><style face="normal" font="default" size="100%">Religion</style></keyword></keywords><dates><year><style face="normal" font="default" size="100%">1995</style></year></dates><pub-location><style face="normal" font="default" size="100%">Thousand Oaks, CA </style></pub-location><publisher><style face="normal" font="default" size="100%">Sage Publications</style></publisher><isbn><style face="normal" font="default" size="100%">0-8039-5557-X</style></isbn><abstract><style face="normal" font="default" size="100%">Background chapters give an overview and highlight the basic nature of the problem. Additional chapters focus on victims, providing firsthand accounts by victims and a discussion of support groups and individual therapy for both male and female victims and their families. Chapters on perpetrators describe innovative research to understand the nature of abuse by health care professionals and clergy and effective types of treatment and rehabilitation. Further chapters focus on responses to the problem, including risk management, legal responses, prevention training for both clergy and health care providers, advocacy efforts, and the development of boundary awareness. Checklist, tables, index, and over 200 references.</style></abstract><notes><style face="normal" font="default" size="100%">These 28 papers present information and research on the problem of sexual abuse and exploitation by health care professionals and religious leaders.</style></notes><urls><pdf-urls><url>internal-pdf://0873956264/Fortune1995Is.pdf</url></pdf-urls></urls></record><record><database name="NSCClibrary.enl" path="F:\NSCClibrary.enl">NSCClibrary.enl</database><source-app name="EndNote" version="17.1">EndNote</source-app><rec-number>4721</rec-number><foreign-keys><key app="EN" db-id="5s5ppfp52t55w0eadv7p5ss3vfxzs5fwwe5w">4721</key></foreign-keys><ref-type name="Journal Article">17</ref-type><contributors><authors><author><style face="normal" font="default" size="100%">Koocher, Gerald P.</style></author></authors></contributors><titles><title><style face="normal" font="default" size="100%">Confidentiality in Psychological Practice</style></title><secondary-title><style face="normal" font="default" size="100%">Australian Psychologist</style></secondary-title></titles><periodical><full-title><style face="normal" font="default" size="100%">Australian Psychologist</style></full-title></periodical><pages><style face="normal" font="default" size="100%">158-163</style></pages><volume><style face="normal" font="default" size="100%">30</style></volume><number><style face="normal" font="default" size="100%">3</style></number><keywords><keyword><style face="normal" font="default" size="100%">Confidentiality</style></keyword><keyword><style face="normal" font="default" size="100%">Psychologists</style></keyword><keyword><style face="normal" font="default" size="100%">Clients</style></keyword><keyword><style face="normal" font="default" size="100%">Ethics</style></keyword></keywords><dates><year><style face="normal" font="default" size="100%">1995</style></year></dates><publisher><style face="normal" font="default" size="100%">Blackwell Publishing Ltd</style></publisher><isbn><style face="normal" font="default" size="100%">1742-9544</style></isbn><abstract><style face="normal" font="default" size="100%">Confidentiality has long been a comerstone of trust in the professional relationship between psychologists and their clients. Developments in computer technology, litigation, insurance reimbursement schemes, and changing lifestyles are forcing psychologists to reconsider and refine their approach to respecting this important ethical principle. This article reviews basic concepts on the matter, and discusses these in light of evolving issues in practice, technology, and the law. Some contrasts in legal and ethical aspects of confidentiality between Australia and the United States are discussed. Recommendations for enhancing attention to confidentiality in one&apos;s practice are included.</style></abstract><urls><pdf-urls><url>internal-pdf://2627838892/Koocher1995Confidentiality.pdf</url></pdf-urls></urls><electronic-resource-num><style face="normal" font="default" size="100%">10.1080/00050069508258925</style></electronic-resource-num></record><record><database name="NSCClibrary.enl" path="F:\NSCClibrary.enl">NSCClibrary.enl</database><source-app name="EndNote" version="17.1">EndNote</source-app><rec-number>4725</rec-number><foreign-keys><key app="EN" db-id="5s5ppfp52t55w0eadv7p5ss3vfxzs5fwwe5w">4725</key></foreign-keys><ref-type name="Journal Article">17</ref-type><contributors><authors><author><style face="normal" font="default" size="100%">McMahon, Marilyn</style></author></authors></contributors><titles><title><style face="normal" font="default" size="100%">Dangerousness, Confidentiality, and the Duty to Protect</style></title><secondary-title><style face="normal" font="default" size="100%">Australian Psychologist</style></secondary-title></titles><periodical><full-title><style face="normal" font="default" size="100%">Australian Psychologist</style></full-title></periodical><pages><style face="normal" font="default" size="100%">12-16</style></pages><volume><style face="normal" font="default" size="100%">27</style></volume><number><style face="normal" font="default" size="100%">1</style></number><keywords><keyword><style face="normal" font="default" size="100%">Confidentiality</style></keyword><keyword><style face="normal" font="default" size="100%">Duty to protect</style></keyword><keyword><style face="normal" font="default" size="100%">Psychologists</style></keyword><keyword><style face="normal" font="default" size="100%">Ethical issues</style></keyword><keyword><style face="normal" font="default" size="100%">Legal issues</style></keyword><keyword><style face="normal" font="default" size="100%">Dangerous client</style></keyword></keywords><dates><year><style face="normal" font="default" size="100%">1992</style></year></dates><publisher><style face="normal" font="default" size="100%">Blackwell Publishing Ltd</style></publisher><isbn><style face="normal" font="default" size="100%">1742-9544</style></isbn><abstract><style face="normal" font="default" size="100%">Concern for the possible legal liabilities of psychologists involved in the provision of services to the dangerous outpatient client has increased recently. The competing interests of the obligation of confidentiality towards the client and public interest in disclosure raise substantive ethical and legal issues that have not yet been explored in Australia. The matter is further complicated by epistemic problems concerning definitions of dangerousness, and accuracy in predicting future violent behaviour. Examination of American legal precedents reveals that in several states of the U.S.A. such difficulties have not precluded the imposition of legal liability on psychologists for the violent acts of their clients—thus resulting in the controversial duty to protect. Although Australian courts may be less willing to find that psychologists have a duty to protect the intended victims of their outpatient clients, it is suggested that psychologists should carefully review their practice when dealing with the dangerous client.</style></abstract><urls><pdf-urls><url>internal-pdf://1694948925/McMahon1992Dangerousness.pdf</url></pdf-urls></urls><electronic-resource-num><style face="normal" font="default" size="100%">10.1080/00050069208257569</style></electronic-resource-num></record><record><database name="NSCClibrary.enl" path="F:\NSCClibrary.enl">NSCClibrary.enl</database><source-app name="EndNote" version="17.1">EndNote</source-app><rec-number>4722</rec-number><foreign-keys><key app="EN" db-id="5s5ppfp52t55w0eadv7p5ss3vfxzs5fwwe5w">4722</key></foreign-keys><ref-type name="Journal Article">17</ref-type><contributors><authors><author><style face="normal" font="default" size="100%">McMahon, Marilyn</style></author><author><style face="normal" font="default" size="100%">Knowles, Ann D.</style></author></authors></contributors><titles><title><style face="normal" font="default" size="100%">Confidentiality in Psychological Practice: A Decrepit Concept?</style></title><secondary-title><style face="normal" font="default" size="100%">Australian Psychologist</style></secondary-title></titles><periodical><full-title><style face="normal" font="default" size="100%">Australian Psychologist</style></full-title></periodical><pages><style face="normal" font="default" size="100%">164-168</style></pages><volume><style face="normal" font="default" size="100%">30</style></volume><number><style face="normal" font="default" size="100%">3</style></number><keywords><keyword><style face="normal" font="default" size="100%">Confidentiality</style></keyword><keyword><style face="normal" font="default" size="100%">Psychology</style></keyword><keyword><style face="normal" font="default" size="100%">Client</style></keyword><keyword><style face="normal" font="default" size="100%">Psychologist-client relationship</style></keyword><keyword><style face="normal" font="default" size="100%">Ethical beliefs</style></keyword><keyword><style face="normal" font="default" size="100%">Ethics</style></keyword></keywords><dates><year><style face="normal" font="default" size="100%">1995</style></year></dates><publisher><style face="normal" font="default" size="100%">Blackwell Publishing Ltd</style></publisher><isbn><style face="normal" font="default" size="100%">1742-9544</style></isbn><abstract><style face="normal" font="default" size="100%">Although the principle of confidentiality in the relationship between psychologist and client has been vaunted, and is emphasised in the Australian Psychological Society&apos;s Code of Professional Conduct (the APS code; 1994), the confidentiality of this relationship is circumscribed by the absence of legal protections, the ethical beliefs of psychologists, institutional practices, and the provisions of the APS code itself. Lack of privilege in judicial proceedings, and statutory obligations to report certain types of behaviour, mandate breaches of confidentiality in some circumstances. Ethical beliefs of psychologists may support disclosure, especially where it is believed that there is danger of serious physical harm to the client or others. Multidisciplinary teams and institutional settings require the exchange of information for optimal delivery of services. Recent amendments to the APS code may require disclosure without the client&apos;s consent when a client is believed to be suicidal. Such developments, when considered at all, are typically regarded as exceptions to a general obligation of confidentiality. However, discussion of exceptions presupposes agreement on fundamental principle: the significance of, and rationale for, confidentiality in the psychologist-client relationship. It is argued in this paper that the obligation of confidentiality has been assumed rather than vigorously analysed and empirically explored. A critical examination of this obligation is the most appropriate starting point for the rehabilitation of contemporary principles of confidentiality in the psychologist-client relationship.</style></abstract><urls><pdf-urls><url>internal-pdf://1606820236/McMahon1995Confidentiality.pdf</url></pdf-urls></urls><electronic-resource-num><style face="normal" font="default" size="100%">10.1080/00050069508258926</style></electronic-resource-num></record><record><database name="NSCClibrary.enl" path="F:\NSCClibrary.enl">NSCClibrary.enl</database><source-app name="EndNote" version="17.1">EndNote</source-app><rec-number>4724</rec-number><foreign-keys><key app="EN" db-id="5s5ppfp52t55w0eadv7p5ss3vfxzs5fwwe5w">4724</key></foreign-keys><ref-type name="Journal Article">17</ref-type><contributors><authors><author><style face="normal" font="default" size="100%">Milne, Janet</style></author></authors></contributors><titles><title><style face="normal" font="default" size="100%">An Analysis of the Law of Confidentiality with Special Reference to the Counselling of Minors</style></title><secondary-title><style face="normal" font="default" size="100%">Australian Psychologist</style></secondary-title></titles><periodical><full-title><style face="normal" font="default" size="100%">Australian Psychologist</style></full-title></periodical><pages><style face="normal" font="default" size="100%">169-174</style></pages><volume><style face="normal" font="default" size="100%">30</style></volume><number><style face="normal" font="default" size="100%">3</style></number><keywords><keyword><style face="normal" font="default" size="100%">Confidentiality</style></keyword><keyword><style face="normal" font="default" size="100%">Counsellors</style></keyword><keyword><style face="normal" font="default" size="100%">Legal perspective</style></keyword><keyword><style face="normal" font="default" size="100%">Legal liability</style></keyword><keyword><style face="normal" font="default" size="100%">Children</style></keyword><keyword><style face="normal" font="default" size="100%">Adolescents</style></keyword><keyword><style face="normal" font="default" size="100%">Clinical services</style></keyword><keyword><style face="normal" font="default" size="100%">Counselling services</style></keyword><keyword><style face="normal" font="default" size="100%">Legal proceedings</style></keyword></keywords><dates><year><style face="normal" font="default" size="100%">1995</style></year></dates><publisher><style face="normal" font="default" size="100%">Blackwell Publishing Ltd</style></publisher><isbn><style face="normal" font="default" size="100%">1742-9544</style></isbn><abstract><style face="normal" font="default" size="100%">Although professional counsellors would be aware of the need to maintain confidentiality in their work with clients, the basis and scope of this obligation is generally less well understood. This article examines the issue of counsellor-client confidentiality from a legal perspective, and considers the potential bases of legal liability which counsellors may have with respect to the maintenance of client confidentiality as well as the circumstances under which disclosure of this information will be required or may be permitted. It is contended that the general issue of counsellor-client confidentiality presently poses particular difficulties for counsellors who work primarily with children and adolescents, especially when clinical services are provided directly to adolescents. In such instances, counsellors may be confronted by competing and even conflicting interests, and may be required to exercise judgement in relation to the disclosure of confidential information which has been provided by a minor. Although there is no clear law which directly relates to this area, it is argued that counsellors may presently have a primary obligation to respect the wishes which are expressed by a “mature minor” in relation to the provision of counselling services. It is further argued that awareness of general legal principles which are of relevance to areas of professional practice can provide much assistance to practitioners who could be required to make decisions in the course of their work which may later be examined in the context of legal proceedings.</style></abstract><urls><pdf-urls><url>internal-pdf://2036318480/Milne1995AnAnalysis.pdf</url></pdf-urls></urls><electronic-resource-num><style face="normal" font="default" size="100%">10.1080/00050069508258927</style></electronic-resource-num></record><record><database name="NSCClibrary.enl" path="F:\NSCClibrary.enl">NSCClibrary.enl</database><source-app name="EndNote" version="17.1">EndNote</source-app><rec-number>4726</rec-number><foreign-keys><key app="EN" db-id="5s5ppfp52t55w0eadv7p5ss3vfxzs5fwwe5w">4726</key></foreign-keys><ref-type name="Journal Article">17</ref-type><contributors><authors><author><style face="normal" font="default" size="100%">Powell, Clifford J.</style></author></authors></contributors><titles><title><style face="normal" font="default" size="100%">Ethical Principles and Issues of Competence in Counseling Adolescents</style></title><secondary-title><style face="normal" font="default" size="100%">The Counseling Psychologist</style></secondary-title></titles><periodical><full-title><style face="normal" font="default" size="100%">The Counseling Psychologist</style></full-title></periodical><pages><style face="normal" font="default" size="100%">57-68</style></pages><volume><style face="normal" font="default" size="100%">12</style></volume><number><style face="normal" font="default" size="100%">3</style></number><keywords><keyword><style face="normal" font="default" size="100%">Ethical principles</style></keyword><keyword><style face="normal" font="default" size="100%">Adolescent clients</style></keyword><keyword><style face="normal" font="default" size="100%">Counselling</style></keyword><keyword><style face="normal" font="default" size="100%">Ethical dilemmas</style></keyword><keyword><style face="normal" font="default" size="100%">Antisocial actions</style></keyword></keywords><dates><year><style face="normal" font="default" size="100%">1984</style></year><pub-dates><date><style face="normal" font="default" size="100%">September 1, 1984</style></date></pub-dates></dates><abstract><style face="normal" font="default" size="100%">This article summarizes the current understanding of the competence of adolescents, and attend to the task of how to begin to assess competence with particular individuals.</style></abstract><urls><pdf-urls><url>internal-pdf://2438539178/Powell1984Ethical Principles.pdf</url></pdf-urls></urls><electronic-resource-num><style face="normal" font="default" size="100%">10.1177/0011000084123006</style></electronic-resource-num></record></records></xml>