<?xml version="1.0" encoding="UTF-8" ?><xml><records><record><database name="NSCClibrary.enl" path="F:\NSCClibrary.enl">NSCClibrary.enl</database><source-app name="EndNote" version="17.1">EndNote</source-app><rec-number>5038</rec-number><foreign-keys><key app="EN" db-id="5s5ppfp52t55w0eadv7p5ss3vfxzs5fwwe5w">5038</key></foreign-keys><ref-type name="Journal Article">17</ref-type><contributors></contributors><titles><title><style face="normal" font="default" size="100%">Please see Adults Who Sexually Abuse - Denial</style></title></titles><dates></dates><urls></urls></record></records></xml>