<?xml version="1.0" encoding="UTF-8" ?><xml><records><record><database name="NSCClibrary.enl" path="F:\NSCClibrary.enl">NSCClibrary.enl</database><source-app name="EndNote" version="17.1">EndNote</source-app><rec-number>4374</rec-number><foreign-keys><key app="EN" db-id="5s5ppfp52t55w0eadv7p5ss3vfxzs5fwwe5w">4374</key></foreign-keys><ref-type name="Book Section">5</ref-type><contributors><authors><author><style face="normal" font="default" size="100%">O’Reilly, Gary</style></author><author><style face="normal" font="default" size="100%">Carr, Alan</style></author></authors><secondary-authors><author><style face="normal" font="default" size="100%">O&apos;reilly, Gary</style></author><author><style face="normal" font="default" size="100%">Marshall, William L</style></author><author><style face="normal" font="default" size="100%">Carr, Alan</style></author></secondary-authors></contributors><titles><title><style face="normal" font="default" size="100%">A review of theoretical models of sexual offending</style></title><secondary-title><style face="normal" font="default" size="100%">The handbook of clinical intervention with young people who sexually abuse</style></secondary-title></titles><periodical><full-title><style face="normal" font="default" size="100%">The handbook of clinical intervention with young people who sexually abuse</style></full-title></periodical><pages><style face="normal" font="default" size="100%">36-61</style></pages><section><style face="normal" font="default" size="100%">2</style></section><keywords><keyword><style face="normal" font="default" size="100%">Theoretical models</style></keyword><keyword><style face="normal" font="default" size="100%">Sexual offending</style></keyword><keyword><style face="normal" font="default" size="100%">Psychoanalytic therapy</style></keyword></keywords><dates><year><style face="normal" font="default" size="100%">2004</style></year></dates><pub-location><style face="normal" font="default" size="100%">New York</style></pub-location><publisher><style face="normal" font="default" size="100%">Psychology Press</style></publisher><isbn><style face="normal" font="default" size="100%">1583911251</style></isbn><urls><pdf-urls><url>internal-pdf://1106786485/Oreilly2004A review of theoretical models.pdf</url></pdf-urls></urls></record></records></xml>