<?xml version="1.0" encoding="UTF-8" ?><xml><records><record><database name="NSCClibrary.enl" path="F:\NSCClibrary.enl">NSCClibrary.enl</database><source-app name="EndNote" version="17.1">EndNote</source-app><rec-number>2730</rec-number><foreign-keys><key app="EN" db-id="5s5ppfp52t55w0eadv7p5ss3vfxzs5fwwe5w">2730</key></foreign-keys><ref-type name="Journal Article">17</ref-type><contributors><authors><author><style face="normal" font="default" size="100%">Callie, Alison</style></author></authors></contributors><titles><title><style face="normal" font="default" size="100%">Pain, hope and heterosexual dominance</style></title><secondary-title><style face="normal" font="default" size="100%">Dulwich Centre Newsletter</style></secondary-title></titles><periodical><full-title><style face="normal" font="default" size="100%">Dulwich Centre Newsletter</style></full-title></periodical><pages><style face="normal" font="default" size="100%">30-39</style></pages><volume><style face="normal" font="default" size="100%">2 &amp; 3</style></volume><keywords><keyword><style face="normal" font="default" size="100%">Counselling</style></keyword><keyword><style face="normal" font="default" size="100%">Heterosexuality</style></keyword><keyword><style face="normal" font="default" size="100%">Homosexuality</style></keyword></keywords><dates><year><style face="normal" font="default" size="100%">1994</style></year></dates><abstract><style face="normal" font="default" size="100%">I have written this article to reflect on some aspects of my experience as a lesbian working as a counsellor in a non-government welfare agency in Adelaide, South Australia, in attempting flrst to draw the attention of heterosexual colleagues to heterosexual dominance and its manifestations and effects, and then to move towards exploring with those colleagues the applicability of concepts of accountability as they are discussed elsewhere in this newsletter.</style></abstract><urls><pdf-urls><url>internal-pdf://Callie, Alison 1994 - Pain, Hope and Heterosexual Dominance-2090934273/Callie, Alison 1994 - Pain, Hope and Heterosexual Dominance.pdf</url></pdf-urls></urls></record><record><database name="NSCClibrary.enl" path="F:\NSCClibrary.enl">NSCClibrary.enl</database><source-app name="EndNote" version="17.1">EndNote</source-app><rec-number>4150</rec-number><foreign-keys><key app="EN" db-id="5s5ppfp52t55w0eadv7p5ss3vfxzs5fwwe5w">4150</key></foreign-keys><ref-type name="Journal Article">17</ref-type><contributors><authors><author><style face="normal" font="default" size="100%">Carmody, Moira</style></author><author><style face="normal" font="default" size="100%">Ovenden, Georgia</style></author></authors></contributors><titles><title><style face="normal" font="default" size="100%">Putting ethical sex into practice: Sexual negotiation, gender and citizenship in the lives of young women and men</style></title><secondary-title><style face="normal" font="default" size="100%">Journal of Youth Studies</style></secondary-title></titles><periodical><full-title><style face="normal" font="default" size="100%">Journal of Youth Studies</style></full-title></periodical><pages><style face="normal" font="default" size="100%">1-16</style></pages><keywords><keyword><style face="normal" font="default" size="100%">Ethics</style></keyword><keyword><style face="normal" font="default" size="100%">Gender</style></keyword><keyword><style face="normal" font="default" size="100%">Prevention</style></keyword><keyword><style face="normal" font="default" size="100%">Sexuality</style></keyword><keyword><style face="normal" font="default" size="100%">Young people</style></keyword></keywords><dates><year><style face="normal" font="default" size="100%">2013</style></year></dates><publisher><style face="normal" font="default" size="100%">Routledge</style></publisher><isbn><style face="normal" font="default" size="100%">1367-6261</style></isbn><abstract><style face="normal" font="default" size="100%">When young people begin to explore their sexuality they are often subject to particularly strong surveillance from adults and the institutions of the state. How young people become ethical sexual citizens is not well understood. In recent years an increased focus on comprehensive sexuality programmes that include violence prevention have led to the development of a number of education programmes targeting young people. This article will draw on quantitative and qualitative responses of a three-phase (pre-group, post-group, follow-up) impact evaluation from 153 young women and men from Australia and New Zealand who participated in the Sex and Ethics Violence Prevention Program from 2009 to 2011. The Program encourages young people to explore alternative approaches to gender and sexuality and learn skills in ethical negotiation which they can utilise in &apos;real life&apos; situations. This includes developing a reflexive ethical stance to consider how sexual choices impact on themselves and others. The primary aim of the Program is to reduce pressured, coerced sex and sexual assault in intimate relationships. Despite gender differences women and men were able to move toward behavioural change, explore alternative approaches to gender relations and increase their skills in sexual negotiation as ethical sexual citizens.</style></abstract><urls><related-urls><url><style face="normal" font="default" size="100%">http://dx.doi.org/10.1080/13676261.2013.763916</style></url></related-urls><pdf-urls><url>internal-pdf://Carmody et al 2013 - Putting ethical-3402578433/Carmody et al 2013 - Putting ethical.pdf</url></pdf-urls></urls><electronic-resource-num><style face="normal" font="default" size="100%">10.1080/13676261.2013.763916</style></electronic-resource-num><access-date><style face="normal" font="default" size="100%">2013/04/30</style></access-date></record><record><database name="NSCClibrary.enl" path="F:\NSCClibrary.enl">NSCClibrary.enl</database><source-app name="EndNote" version="17.1">EndNote</source-app><rec-number>769</rec-number><foreign-keys><key app="EN" db-id="5s5ppfp52t55w0eadv7p5ss3vfxzs5fwwe5w">769</key><key app="ENWeb" db-id="ThEeKwrtqggAAHqv064">3899</key></foreign-keys><ref-type name="Journal Article">17</ref-type><contributors><authors><author><style face="normal" font="default" size="100%">Rivera, Margo</style></author></authors></contributors><titles><title><style face="normal" font="default" size="100%">Informed and supportive treatment for lesbian, gay, bisexual and transgendered trauma survivors</style></title><secondary-title><style face="normal" font="default" size="100%">Journal of Trauma &amp; Dissociation</style></secondary-title></titles><periodical><full-title><style face="normal" font="default" size="100%">Journal of trauma &amp; dissociation</style></full-title></periodical><pages><style face="normal" font="default" size="100%">33-58</style></pages><volume><style face="normal" font="default" size="100%">3</style></volume><number><style face="normal" font="default" size="100%">4</style></number><keywords><keyword><style face="normal" font="default" size="100%">Bisexual</style></keyword><keyword><style face="normal" font="default" size="100%">Gay</style></keyword><keyword><style face="normal" font="default" size="100%">Lesbian</style></keyword><keyword><style face="normal" font="default" size="100%">Psychotherapy</style></keyword><keyword><style face="normal" font="default" size="100%">Sexuality</style></keyword><keyword><style face="normal" font="default" size="100%">Transgender</style></keyword></keywords><dates><year><style face="normal" font="default" size="100%">2002</style></year></dates><isbn><style face="normal" font="default" size="100%">1529-9732</style></isbn><abstract><style face="normal" font="default" size="100%">It is widely acknowledged that sexuality is often a key area of conflict for individuals who have been traumatised and exploited in childhood. Most treatment regimens for trauma survivors include some focus on enhancing client&apos;s capacity to create a healthy adult sexuality, with the goal of replacing rigid, maladaptive beliefs and behaviours, rooted in childhood patterns of oppressive sexuality, with those that enable them to develop a mature and satisfying life. However, though sexuality is emphasised as a significant aspect of human functioning and one in which a traumatised individual frequently needs help, there is often little acknowledgement that there are a range of healthy expressions of sexuality and gender. Though most clients and most therapists are heterosexual, those clients who do not fit the norm in this regard need a therapeutic context in which their expressions of gender identity and sexual orientation are acknowledged and clearly supported, so that their psychotherapy process will enable them to learn to live freely and fully, rather than reinforcing the marginalisation they experienced as abused children and as adults who practice sexualities which are not widely accepted and fully supported in our society.</style></abstract><urls><pdf-urls><url>internal-pdf://Rivera 2002 - Informed and supportive treatment-3487611649/Rivera 2002 - Informed and supportive treatment.pdf</url></pdf-urls></urls></record><record><database name="NSCClibrary.enl" path="F:\NSCClibrary.enl">NSCClibrary.enl</database><source-app name="EndNote" version="17.1">EndNote</source-app><rec-number>765</rec-number><foreign-keys><key app="EN" db-id="5s5ppfp52t55w0eadv7p5ss3vfxzs5fwwe5w">765</key><key app="ENWeb" db-id="ThEeKwrtqggAAHqv064">3807</key></foreign-keys><ref-type name="Journal Article">17</ref-type><contributors><authors><author><style face="normal" font="default" size="100%">Roughan, Penny</style></author><author><style face="normal" font="default" size="100%">Jenkins, Alan</style></author></authors></contributors><titles><title><style face="normal" font="default" size="100%">A systems-developmental approach to counselling couples with sexual problems: Part I. Theoretical framework</style></title><secondary-title><style face="normal" font="default" size="100%">Australian and New Zealand Journal of Family Therapy</style></secondary-title></titles><periodical><full-title><style face="normal" font="default" size="100%">Australian and New Zealand Journal of Family Therapy</style></full-title></periodical><pages><style face="normal" font="default" size="100%">129-139</style></pages><volume><style face="normal" font="default" size="100%">11</style></volume><number><style face="normal" font="default" size="100%">3</style></number><keywords><keyword><style face="normal" font="default" size="100%">Counselling</style></keyword><keyword><style face="normal" font="default" size="100%">Couples therapy</style></keyword><keyword><style face="normal" font="default" size="100%">Sexual behaviour</style></keyword></keywords><dates><year><style face="normal" font="default" size="100%">1990</style></year></dates><isbn><style face="normal" font="default" size="100%">0814-723X</style></isbn><abstract><style face="normal" font="default" size="100%">We present a two part model for the understanding and treatment of long-standing sexual problems, especially those involving desire discrepancy between partners. In Part I, a theoretical model is outlined in terms of the normal development patterns of relationship development in current Western culture. We then discuss the balances and imbalances that develop as a consequence of differences in styles of loving, which affect sexual expectations and behaviour. In Part II we will examine the implications of the theoretical model for therapeutic intervention.</style></abstract><urls><pdf-urls><url>internal-pdf://Roughan et al 1990 - A systems-developmental approach1-4174671105/Roughan et al 1990 - A systems-developmental approach1.pdf</url></pdf-urls></urls></record><record><database name="NSCClibrary.enl" path="F:\NSCClibrary.enl">NSCClibrary.enl</database><source-app name="EndNote" version="17.1">EndNote</source-app><rec-number>4401</rec-number><foreign-keys><key app="EN" db-id="5s5ppfp52t55w0eadv7p5ss3vfxzs5fwwe5w">4401</key></foreign-keys><ref-type name="Journal Article">17</ref-type><contributors><authors><author><style face="normal" font="default" size="100%">Smith, Deborah </style></author></authors></contributors><titles><title><style face="normal" font="default" size="100%">10 ways practitioners can avoid frequent ethical pitfalls: Boost your ethical know-how with these practical tips on avoiding common ethical quandaries</style></title><secondary-title><style face="normal" font="default" size="100%">Monitor on Psychology</style></secondary-title></titles><periodical><full-title><style face="normal" font="default" size="100%">Monitor on Psychology</style></full-title></periodical><pages><style face="normal" font="default" size="100%">10 pages</style></pages><volume><style face="normal" font="default" size="100%">34</style></volume><number><style face="normal" font="default" size="100%">1</style></number><keywords><keyword><style face="normal" font="default" size="100%">Ethical issues</style></keyword><keyword><style face="normal" font="default" size="100%">Ethical pitfalls</style></keyword><keyword><style face="normal" font="default" size="100%">Practitioners</style></keyword><keyword><style face="normal" font="default" size="100%">Misunderstandings</style></keyword><keyword><style face="normal" font="default" size="100%">Multiple relationship</style></keyword><keyword><style face="normal" font="default" size="100%">Sexual relationships</style></keyword><keyword><style face="normal" font="default" size="100%">Ethics code</style></keyword><keyword><style face="normal" font="default" size="100%">Therapy</style></keyword><keyword><style face="normal" font="default" size="100%">Supervisory responsibilities</style></keyword><keyword><style face="normal" font="default" size="100%">Supervisory relationship</style></keyword><keyword><style face="normal" font="default" size="100%">Abandonment</style></keyword><keyword><style face="normal" font="default" size="100%">Treatment termination</style></keyword><keyword><style face="normal" font="default" size="100%">Psychological practice</style></keyword></keywords><dates><year><style face="normal" font="default" size="100%">2003</style></year></dates><abstract><style face="normal" font="default" size="100%">By looking out for foreseeable conflicts and discussing them frankly with colleagues and clients, practitioners can evade the misunderstandings, hurt feelings and sticky situations that lead to hearings before ethics boards, lawsuits, loss of license or professional membership, or even more dire consequences. The</style><style face="italic" font="default" size="100%"> Monitor</style><style face="normal" font="default" size="100%"> interviewed some of psychology&apos;s leading ethics experts to talk about how practitioners can avert common ethical dilemmas, from multiple relationships to whether to breach confidentiality, to terminating treatment. Here&apos;s their advice, boiled down to 10 ways to help avoid ethical pitfalls.</style></abstract><urls><pdf-urls><url>internal-pdf://1658449397/Smith2003Ten ways.pdf</url></pdf-urls></urls></record><record><database name="NSCClibrary.enl" path="F:\NSCClibrary.enl">NSCClibrary.enl</database><source-app name="EndNote" version="17.1">EndNote</source-app><rec-number>3469</rec-number><foreign-keys><key app="EN" db-id="5s5ppfp52t55w0eadv7p5ss3vfxzs5fwwe5w">3469</key></foreign-keys><ref-type name="Journal Article">17</ref-type><contributors><authors><author><style face="normal" font="default" size="100%">Trudinger, Mark</style></author><author><style face="normal" font="default" size="100%">Boyd, Cameron</style></author><author><style face="normal" font="default" size="100%">Melrose, Peter</style></author></authors></contributors><titles><title><style face="normal" font="default" size="100%">Questioning sexuality: A workshop in progress</style></title><secondary-title><style face="normal" font="default" size="100%">Dulwich Centre Journal</style></secondary-title></titles><periodical><full-title><style face="normal" font="default" size="100%">Dulwich Centre Journal</style></full-title></periodical><pages><style face="normal" font="default" size="100%">9-16</style></pages><volume><style face="normal" font="default" size="100%">4</style></volume><keywords><keyword><style face="normal" font="default" size="100%">Homophobia</style></keyword><keyword><style face="normal" font="default" size="100%">Homosexuality</style></keyword><keyword><style face="normal" font="default" size="100%">Masculinities</style></keyword><keyword><style face="normal" font="default" size="100%">Sexuality</style></keyword><keyword><style face="normal" font="default" size="100%">Young people</style></keyword></keywords><dates><year><style face="normal" font="default" size="100%">1998</style></year></dates><abstract><style face="normal" font="default" size="100%">The young men in our workshop on sexuality, masculinity, and homophobia, have just burst out laughing. On the television screen out front, Homer Simpson is worried that his son, Bart, will become gay, and has taken him to a steel mill to see &apos;all-American Joes.&apos; But Homer freaks out when he realises that all the steelworkers in the mill are gay and, completely taken off-guard, yells out as if to insult them, &apos;You&apos;re all gay&apos;. From the back of the foundry a blue singleted, muscly arm goes up, the hand bent over with a supposedly gay &apos;limp wrist&apos; and, accompanied by the lisped, camp reply, &apos;Oh, be nice&apos; (Hauge, 1997).</style></abstract><urls><pdf-urls><url>internal-pdf://Trudinger et al 1988 - Questioning sexuality-0270564865/Trudinger et al 1988 - Questioning sexuality.pdf</url></pdf-urls></urls></record></records></xml>