<?xml version="1.0" encoding="UTF-8" ?><xml><records><record><database name="NSCClibrary.enl" path="F:\NSCClibrary.enl">NSCClibrary.enl</database><source-app name="EndNote" version="17.1">EndNote</source-app><rec-number>4207</rec-number><foreign-keys><key app="EN" db-id="5s5ppfp52t55w0eadv7p5ss3vfxzs5fwwe5w">4207</key></foreign-keys><ref-type name="Journal Article">17</ref-type><contributors><authors><author><style face="normal" font="default" size="100%">Earls, Christopher M.</style></author><author><style face="normal" font="default" size="100%">Lalumiere, Martin L.</style></author></authors></contributors><titles><title><style face="normal" font="default" size="100%">A case study of preferential bestiality (zoophilia)</style></title><secondary-title><style face="normal" font="default" size="100%">Sexual Abuse: A Journal of Research and Treatment</style></secondary-title></titles><periodical><full-title><style face="normal" font="default" size="100%">Sexual Abuse: A Journal of Research and Treatment</style></full-title></periodical><pages><style face="normal" font="default" size="100%">83-88</style></pages><volume><style face="normal" font="default" size="100%">14</style></volume><number><style face="normal" font="default" size="100%">1</style></number><keywords><keyword><style face="normal" font="default" size="100%">Arousal</style></keyword><keyword><style face="normal" font="default" size="100%">Bestiality</style></keyword><keyword><style face="normal" font="default" size="100%">Zoophilia</style></keyword></keywords><dates><year><style face="normal" font="default" size="100%">2002</style></year><pub-dates><date><style face="normal" font="default" size="100%">January 1, 2002</style></date></pub-dates></dates><abstract><style face="normal" font="default" size="100%">Humans show a wide array of sexual preferences and behaviours. Although most humans prefer and have sex with consenting adults of the opposite sex, some individuals have unconventional preferences with regard to the sex or age of sexual partners, or with regard to the nature of sexual activities. In this paper, we describe a rare case of preferential bestiality, or zoophilia. The client meets the most stringent criteria for the diagnosis of zoophilia. In particular, his phallometrically measured arousal pattern shows a sexual preference for horses over other species, including humans.</style></abstract><urls><related-urls><url><style face="normal" font="default" size="100%">http://sax.sagepub.com/content/14/1/83.abstract</style></url></related-urls><pdf-urls><url>internal-pdf://Earls et al 2002 - A case study-1391998208/Earls et al 2002 - A case study.pdf</url></pdf-urls></urls><electronic-resource-num><style face="normal" font="default" size="100%">10.1177/107906320201400106</style></electronic-resource-num></record><record><database name="NSCClibrary.enl" path="F:\NSCClibrary.enl">NSCClibrary.enl</database><source-app name="EndNote" version="17.1">EndNote</source-app><rec-number>4208</rec-number><foreign-keys><key app="EN" db-id="5s5ppfp52t55w0eadv7p5ss3vfxzs5fwwe5w">4208</key></foreign-keys><ref-type name="Web Page">12</ref-type><contributors><authors><author><style face="normal" font="default" size="100%">NPSOAA,</style></author></authors></contributors><titles><title><style face="normal" font="default" size="100%">THE NPOAA-NPSOAA review: A special NPSOAA review focus - Bestiality  in the 21st century</style></title></titles><volume><style face="normal" font="default" size="100%">2008</style></volume><number><style face="normal" font="default" size="100%">23 April, 2008</style></number><keywords><keyword><style face="normal" font="default" size="100%">Arousal</style></keyword><keyword><style face="normal" font="default" size="100%">Bestiality</style></keyword><keyword><style face="normal" font="default" size="100%">Paraphilia</style></keyword><keyword><style face="normal" font="default" size="100%">Zoophilia</style></keyword></keywords><dates><year><style face="normal" font="default" size="100%">2005</style></year></dates><abstract><style face="normal" font="default" size="100%">A summary of bestiality. Defines bestiality as sexual contact with animals is called bestiality. Sexual contact with an animal may be pursued as a convenient substitute for heterosexual relations when the animal is more readily accessible than a human partner. It may also be the result of curiosity or a desire for novelty. As such, bestiality is not necessarily a paraphilia. It becomes a paraphilia, known as zoophilia, only if it develops into the preferred means of sexual arousal.</style></abstract><urls><pdf-urls><url>internal-pdf://NPSOAA 2005 - A special-3271528960/NPSOAA 2005 - A special.pdf</url></pdf-urls></urls></record></records></xml>