<?xml version="1.0" encoding="UTF-8" ?><xml><records><record><database name="NSCClibrary.enl" path="F:\NSCClibrary.enl">NSCClibrary.enl</database><source-app name="EndNote" version="17.1">EndNote</source-app><rec-number>2017</rec-number><foreign-keys><key app="EN" db-id="5s5ppfp52t55w0eadv7p5ss3vfxzs5fwwe5w">2017</key></foreign-keys><ref-type name="Book Section">5</ref-type><contributors><authors><author><style face="normal" font="default" size="100%">Allen, Craig M.</style></author></authors><secondary-authors><author><style face="normal" font="default" size="100%">Horton, Anne L.</style></author><author><style face="normal" font="default" size="100%">Johnson, Barry L.</style></author></secondary-authors></contributors><titles><title><style face="normal" font="default" size="100%">Women as perpetrators of child sexual abuse: Recognition barriers</style></title><secondary-title><style face="normal" font="default" size="100%">The incest perpetrator: A family member no one wants to treat</style></secondary-title></titles><periodical><full-title><style face="normal" font="default" size="100%">The incest perpetrator: A family member no one wants to treat</style></full-title></periodical><pages><style face="normal" font="default" size="100%">108-125</style></pages><section><style face="normal" font="default" size="100%">8</style></section><keywords><keyword><style face="normal" font="default" size="100%">Female sex offenders</style></keyword><keyword><style face="normal" font="default" size="100%">Incest</style></keyword><keyword><style face="normal" font="default" size="100%">Intrafamilial sexual abuse</style></keyword><keyword><style face="normal" font="default" size="100%">Women</style></keyword></keywords><dates><year><style face="normal" font="default" size="100%">1990</style></year></dates><pub-location><style face="normal" font="default" size="100%">Thousand Oaks, CA</style></pub-location><publisher><style face="normal" font="default" size="100%">Sage</style></publisher><abstract><style face="normal" font="default" size="100%">This discussion focuses on three barriers: (1) overestimation of the strength of the incest taboo, (2) overextension of feminist explanations of child sexual abuse, and (3) overgeneralisation of the observation that female child sexual abuse is rare.</style></abstract><urls><pdf-urls><url>internal-pdf://Allen 1990 - Women as perpetrators-0703716096/Allen 1990 - Women as perpetrators.pdf</url></pdf-urls></urls></record><record><database name="NSCClibrary.enl" path="F:\NSCClibrary.enl">NSCClibrary.enl</database><source-app name="EndNote" version="17.1">EndNote</source-app><rec-number>1015</rec-number><foreign-keys><key app="EN" db-id="5s5ppfp52t55w0eadv7p5ss3vfxzs5fwwe5w">1015</key><key app="ENWeb" db-id="ThEeKwrtqggAAHqv064">3973</key></foreign-keys><ref-type name="Book">6</ref-type><contributors><authors><author><style face="normal" font="default" size="100%">Briggs, Freda</style></author></authors></contributors><titles><title><style face="normal" font="default" size="100%">From victim to offender: How child sexual abuse victims become offenders</style></title></titles><keywords><keyword><style face="normal" font="default" size="100%">Child sexual abuse</style></keyword><keyword><style face="normal" font="default" size="100%">Childhood sexual abuse</style></keyword><keyword><style face="normal" font="default" size="100%">Female sex offenders</style></keyword><keyword><style face="normal" font="default" size="100%">Females who sexually abuse</style></keyword><keyword><style face="normal" font="default" size="100%">Male survivors</style></keyword><keyword><style face="normal" font="default" size="100%">Male victims</style></keyword><keyword><style face="normal" font="default" size="100%">Sex education</style></keyword><keyword><style face="normal" font="default" size="100%">Survivors</style></keyword><keyword><style face="normal" font="default" size="100%">Victims</style></keyword></keywords><dates><year><style face="normal" font="default" size="100%">1995</style></year></dates><pub-location><style face="normal" font="default" size="100%">London</style></pub-location><publisher><style face="normal" font="default" size="100%">Jessica Kingsley</style></publisher><isbn><style face="normal" font="default" size="100%">1863737596</style></isbn><abstract><style face="normal" font="default" size="100%">The problem of child sexual abuse was brought to the notice of the English-speaking world by the women&apos;s movement in the mid-1980s. Statistics relating to reported cases suggested that the problem was much greater for girls than for boys and, furthermore, that men were almost always the abusers. This trend was confirmed when international researchers surveyed university students and random samples of adults to enquire whether or not they had been sexually abused in childhood. Nobody realised that the men were being asked the wrong questions. And because findings consistently showed that female children were at greatest risk of abuse, support services were set up by pioneering women for female clients. </style></abstract><notes><style face="normal" font="default" size="100%">Postscript: Boys the forgotten victims (pp. 163-170) attached&#xD;Held at Cedar Cottage Library - 1 copy&#xD;Held at New Street, Sydney - 1 copy</style></notes><urls><pdf-urls><url>internal-pdf://Briggs 1991 - Postscript boys the forgotten victims-3210621440/Briggs 1991 - Postscript boys the forgotten victims.pdf</url></pdf-urls></urls></record><record><database name="NSCClibrary.enl" path="F:\NSCClibrary.enl">NSCClibrary.enl</database><source-app name="EndNote" version="17.1">EndNote</source-app><rec-number>2815</rec-number><foreign-keys><key app="EN" db-id="5s5ppfp52t55w0eadv7p5ss3vfxzs5fwwe5w">2815</key></foreign-keys><ref-type name="Report">27</ref-type><contributors><authors><author><style face="normal" font="default" size="100%">Brown, M.E.</style></author><author><style face="normal" font="default" size="100%">Hull, L.A.</style></author><author><style face="normal" font="default" size="100%">Panesis, S.K.</style></author></authors><subsidiary-authors><author><style face="normal" font="default" size="100%">Office of Commissioner of Probation</style></author></subsidiary-authors></contributors><titles><title><style face="normal" font="default" size="100%">Women who rape</style></title></titles><pages><style face="normal" font="default" size="100%">10</style></pages><keywords><keyword><style face="normal" font="default" size="100%">Female sex offenders</style></keyword><keyword><style face="normal" font="default" size="100%">Females who sexually abuse</style></keyword><keyword><style face="normal" font="default" size="100%">Rape</style></keyword></keywords><dates><year><style face="normal" font="default" size="100%">1984</style></year><pub-dates><date><style face="normal" font="default" size="100%">12 October 1984</style></date></pub-dates></dates><pub-location><style face="normal" font="default" size="100%">Boston, MA</style></pub-location><publisher><style face="normal" font="default" size="100%">Massachusetts Trial Court</style></publisher><abstract><style face="normal" font="default" size="100%">The following study concerning women who rape may very well dispel a myth that probably exists in the minds of most people: that rape is a criminal offense always committed by males and that their victims are always females. Although the latter proposition still qualifies as a generally acceptable rule, exceptions to the rule do exist. The perpetrator of rape has been at times and can still be a female, and the victims of the offense can be a male. As the literature review for this study will indicate, the failure to acknowledge the existence of female rapists is so widespread that the prevailing rape literature is more or less silent upon the subject. For this reason, the following analysis is unique in its presentation of victim, offender, and situational characteristics surrounding the event of rape in which a female is the offender; thus, the analysis not only shatters any preconceptions that all rapists are males but may also rectify other misconceptions that arise once the possibility of female rapists is acknowledged. For example, the crirninal offense of rape is often mistaken as a heterosexual event, perhaps due to the misconceived notion that it is an act in which the offender seeks sexual gratification; however, the data here reveals that victims of female rapists can be females as well, a phenomenon which led the Massachusetts Supreme Judicial Court to recognise the inclusion of homosexual rape within the forum of forcible rape in the case of Commonwealth vs. Denise Whitehead (Mass., 400 N.E. 2d 821). Thus, the reader is advised to maintain an open perspective as he or she examines some of the first insights offered into the various variables associated with the offense of forcible rape when perpetrated by a female.</style></abstract><urls><pdf-urls><url>internal-pdf://Brown et al 1984 - Women who rape-0209045505/Brown et al 1984 - Women who rape.pdf</url></pdf-urls></urls></record><record><database name="NSCClibrary.enl" path="F:\NSCClibrary.enl">NSCClibrary.enl</database><source-app name="EndNote" version="17.1">EndNote</source-app><rec-number>2817</rec-number><foreign-keys><key app="EN" db-id="5s5ppfp52t55w0eadv7p5ss3vfxzs5fwwe5w">2817</key></foreign-keys><ref-type name="Unpublished Work">34</ref-type><contributors><authors><author><style face="normal" font="default" size="100%">Cedar Cottage,</style></author></authors></contributors><titles><title><style face="normal" font="default" size="100%">Female sexual offenders: Literature review</style></title></titles><pages><style face="normal" font="default" size="100%">7</style></pages><keywords><keyword><style face="normal" font="default" size="100%">Female sex offenders</style></keyword><keyword><style face="normal" font="default" size="100%">Females who sexually abuse</style></keyword></keywords><dates><year><style face="normal" font="default" size="100%">n.d.</style></year></dates><pub-location><style face="normal" font="default" size="100%">Sydney, NSW</style></pub-location><publisher><style face="normal" font="default" size="100%">Cedar Cottage</style></publisher><abstract><style face="normal" font="default" size="100%">Literature review on the then current literature (1980s) on female sexual offenders. Includes summaries of the findings of Ruth Matthews, Jane Kinder Matthews and Kathleen Speltz.</style></abstract><urls><pdf-urls><url>internal-pdf://Cedar Cottage n.d. - Female sexual offenders-0512403969/Cedar Cottage n.d. - Female sexual offenders.pdf</url></pdf-urls></urls></record><record><database name="NSCClibrary.enl" path="F:\NSCClibrary.enl">NSCClibrary.enl</database><source-app name="EndNote" version="17.1">EndNote</source-app><rec-number>2010</rec-number><foreign-keys><key app="EN" db-id="5s5ppfp52t55w0eadv7p5ss3vfxzs5fwwe5w">2010</key></foreign-keys><ref-type name="Journal Article">17</ref-type><contributors><authors><author><style face="normal" font="default" size="100%">Coulborn Faller, K.</style></author></authors></contributors><titles><title><style face="normal" font="default" size="100%">Women who sexually abuse children</style></title><secondary-title><style face="normal" font="default" size="100%">Violence and Victims</style></secondary-title></titles><periodical><full-title><style face="normal" font="default" size="100%">Violence and Victims</style></full-title></periodical><pages><style face="normal" font="default" size="100%">263-276</style></pages><volume><style face="normal" font="default" size="100%">2</style></volume><number><style face="normal" font="default" size="100%">4</style></number><keywords><keyword><style face="normal" font="default" size="100%">Female sex offenders</style></keyword><keyword><style face="normal" font="default" size="100%">Females who sexually abuse</style></keyword></keywords><dates><year><style face="normal" font="default" size="100%">1987</style></year></dates><isbn><style face="normal" font="default" size="100%">0886-6708</style></isbn><abstract><style face="normal" font="default" size="100%">This article describes a clinical sample of 40 women who sexually abused 63 children. Sixty percent of the female perpetrators victimised two or more children. Almost three-fourths of these women sexually maltreated children in polyincestuous family situations. More than four-fifths were mothers to at least one of their victims. The most common form of sexual activity was group sex; the next most common was fondling. The mean age of these women was a little over 26; they were poor and poorly educated. Their victims were also young, having a mean age of 6.4 years at the time the case was identified. About two-thirds of the victims were female and one-third were male. Female perpetrators evidenced marked difficulties in psychological and social functioning. About half had mental problems, both retrardation and psychotic Illness. More than half had chemical dependency problems and close to three-fourths had maltreated their victims in other ways in addition to the sexual abuse.</style></abstract><urls><pdf-urls><url>internal-pdf://Faller, K.C 1987 - Women who sexually-4086268416/Faller, K.C 1987 - Women who sexually.pdf</url></pdf-urls></urls></record><record><database name="NSCClibrary.enl" path="F:\NSCClibrary.enl">NSCClibrary.enl</database><source-app name="EndNote" version="17.1">EndNote</source-app><rec-number>2006</rec-number><foreign-keys><key app="EN" db-id="5s5ppfp52t55w0eadv7p5ss3vfxzs5fwwe5w">2006</key></foreign-keys><ref-type name="Magazine Article">19</ref-type><contributors><authors><author><style face="normal" font="default" size="100%">Crisp, Lyndall</style></author></authors></contributors><titles><title><style face="normal" font="default" size="100%">The last taboo: Nursery crimes</style></title><secondary-title><style face="normal" font="default" size="100%">The Bulletin</style></secondary-title></titles><periodical><full-title><style face="normal" font="default" size="100%">The Bulletin</style></full-title></periodical><pages><style face="normal" font="default" size="100%">78-82</style></pages><keywords><keyword><style face="normal" font="default" size="100%">Female sex offenders</style></keyword><keyword><style face="normal" font="default" size="100%">Incest</style></keyword><keyword><style face="normal" font="default" size="100%">Intrafamilial sexual abuse</style></keyword><keyword><style face="normal" font="default" size="100%">Mother-Child Incest</style></keyword><keyword><style face="normal" font="default" size="100%">Mother-Child Relations</style></keyword></keywords><dates><year><style face="normal" font="default" size="100%">1991</style></year><pub-dates><date><style face="normal" font="default" size="100%">20 August 1991</style></date></pub-dates></dates><abstract><style face="normal" font="default" size="100%">Society now recognises that child abuse in all its forms is a daily fact of life. But can we accept the other harder truth: that women sexually abuse children?</style></abstract><urls><pdf-urls><url>internal-pdf://Crisp, L. 1991 - Nursery crimes-0223957248/Crisp, L. 1991 - Nursery crimes.pdf</url></pdf-urls></urls></record><record><database name="NSCClibrary.enl" path="F:\NSCClibrary.enl">NSCClibrary.enl</database><source-app name="EndNote" version="17.1">EndNote</source-app><rec-number>2775</rec-number><foreign-keys><key app="EN" db-id="5s5ppfp52t55w0eadv7p5ss3vfxzs5fwwe5w">2775</key></foreign-keys><ref-type name="Journal Article">17</ref-type><contributors><authors><author><style face="normal" font="default" size="100%">Denov, Myriam S.</style></author></authors></contributors><titles><title><style face="normal" font="default" size="100%">To a safer place? Victims of sexual abuse by females and their disclosures to professionals</style></title><secondary-title><style face="normal" font="default" size="100%">Child Abuse &amp; Neglect</style></secondary-title></titles><periodical><full-title><style face="normal" font="default" size="100%">Child Abuse &amp; Neglect</style></full-title></periodical><pages><style face="normal" font="default" size="100%">47-61</style></pages><volume><style face="normal" font="default" size="100%">27</style></volume><number><style face="normal" font="default" size="100%">1</style></number><keywords><keyword><style face="normal" font="default" size="100%">Disclosure</style></keyword><keyword><style face="normal" font="default" size="100%">Female sex offenders</style></keyword><keyword><style face="normal" font="default" size="100%">Females who sexually abuse</style></keyword><keyword><style face="normal" font="default" size="100%">Professionals</style></keyword></keywords><dates><year><style face="normal" font="default" size="100%">2003</style></year></dates><isbn><style face="normal" font="default" size="100%">0145-2134</style></isbn><abstract><style face="normal" font="default" size="100%">Objective: To explore the experiences of victims of female sex offenders with regard to disclosing sexual abuse to a professional, and importantly, the impact of professional responses on victims. Method: The data were derived from one-to-one semi-structured interviews with 14 (7 males, 7 females) victims of child sexual abuse by female perpetrators. Victims ranged in age from 23 to 59 years and were recruited through professional referrals or through poster advertisements in counseling services. Participants responded to questions on their family background, experience(s) of sexual abuse, experience(s) disclosing the sexual abuse to a professional, and the impact of professional responses. Results: The majority of victims reported sexual abuse by their mothers. The average age of onset of the sexual abuse was age 5, lasting, on average, 6 years. Five participants reported experiencing severe, moderate and mild sexual abuse, four reported experiencing both severe and mild sexual abuse and five reported experiencing moderate and mild sexual abuse. The findings underscore the significance of professional intervention in relation to victim disclosures of sexual abuse by females. Professional responses to disclosures, whether positive or negative, appeared to have a crucial impact on the well-being of victims. Supportive professional responses including the acknowledgment and validation of victims&apos; experiences of sexual abuse appeared to mitigate the negative effects of the abuse. In contrast, unsupportive responses where professionals minimized, or disbelieved victims&apos; allegations of sexual abuse appeared to exacerbate the negative effects of the sexual abuse, ultimately inciting secondary victimization. Conclusion: The study highlights the need for the development and implementation of professional training initiatives to sensitize professionals to the issue of female sex offending and the intervention needs of victims. Failure to do so could have negative consequences for victims sexually abused by females.</style></abstract><urls><pdf-urls><url>internal-pdf://Denov, Myriam S. 2002 - To a Safer Place. Victims of Sexual -0354516737/Denov, Myriam S. 2002 - To a Safer Place. Victims of Sexual .pdf</url></pdf-urls></urls></record><record><database name="NSCClibrary.enl" path="F:\NSCClibrary.enl">NSCClibrary.enl</database><source-app name="EndNote" version="17.1">EndNote</source-app><rec-number>2048</rec-number><foreign-keys><key app="EN" db-id="5s5ppfp52t55w0eadv7p5ss3vfxzs5fwwe5w">2048</key></foreign-keys><ref-type name="Journal Article">17</ref-type><contributors><authors><author><style face="normal" font="default" size="100%">Elliott, Ian A.</style></author><author><style face="normal" font="default" size="100%">Ashfield, Sherry</style></author></authors></contributors><titles><title><style face="normal" font="default" size="100%">The use of online technology in the modus operandi of female sex offenders</style></title><secondary-title><style face="normal" font="default" size="100%">Journal of Sexual Aggression</style></secondary-title></titles><periodical><full-title><style face="normal" font="default" size="100%">Journal of Sexual Aggression</style></full-title></periodical><pages><style face="normal" font="default" size="100%">92-104</style></pages><volume><style face="normal" font="default" size="100%">17</style></volume><number><style face="normal" font="default" size="100%">1</style></number><keywords><keyword><style face="normal" font="default" size="100%">Child pornography</style></keyword><keyword><style face="normal" font="default" size="100%">Child sexual abuse</style></keyword><keyword><style face="normal" font="default" size="100%">Female sex offenders</style></keyword><keyword><style face="normal" font="default" size="100%">Females who sexually abuse</style></keyword><keyword><style face="normal" font="default" size="100%">Grooming</style></keyword><keyword><style face="normal" font="default" size="100%">Internet</style></keyword><keyword><style face="normal" font="default" size="100%">Tactics</style></keyword></keywords><dates><year><style face="normal" font="default" size="100%">2011</style></year></dates><isbn><style face="normal" font="default" size="100%">1355-2600</style></isbn><abstract><style face="normal" font="default" size="100%">In this review we examine the methods by which female sexual offenders may use communications technologies such as the internet in their offending behaviours. We outline the context of sexual abuse of children both by female perpetrators and by those using the internet. The topic is examined based on three criminogenic areas highlighted by Lambert and O’Halloran: (1) interpersonal/socialization deficits; (2) deviant sexual arousal; and (3) cognitive distortions and recognition barriers. We include elements drawn from anonymized clinical cases of female-perpetrated sexual abuse of children involving online technology. We present the argument that the characteristics of this population are likely to suggest that clinicians assessing cases of this nature may find it more useful to refer to the literature on female sexual offenders rather than that of male internet offenders.</style></abstract><urls><pdf-urls><url>internal-pdf://jnlsexaggress-specissue-elliott-4072738049/jnlsexaggress-specissue-elliott.pdf</url></pdf-urls></urls></record><record><database name="NSCClibrary.enl" path="F:\NSCClibrary.enl">NSCClibrary.enl</database><source-app name="EndNote" version="17.1">EndNote</source-app><rec-number>2049</rec-number><foreign-keys><key app="EN" db-id="5s5ppfp52t55w0eadv7p5ss3vfxzs5fwwe5w">2049</key></foreign-keys><ref-type name="Journal Article">17</ref-type><contributors><authors><author><style face="normal" font="default" size="100%">Gakhal, Baldeesh K.</style></author><author><style face="normal" font="default" size="100%">Brown, Sarah J.</style></author></authors></contributors><titles><title><style face="normal" font="default" size="100%">A comparison of the general public&apos;s, forensic professionals&apos; and students&apos; attitudes towards female sex offenders</style></title><secondary-title><style face="normal" font="default" size="100%">Journal of Sexual Aggression</style></secondary-title></titles><periodical><full-title><style face="normal" font="default" size="100%">Journal of Sexual Aggression</style></full-title></periodical><pages><style face="normal" font="default" size="100%">105-116</style></pages><volume><style face="normal" font="default" size="100%">17</style></volume><number><style face="normal" font="default" size="100%">1</style></number><keywords><keyword><style face="normal" font="default" size="100%">Attitudes</style></keyword><keyword><style face="normal" font="default" size="100%">Female sex offenders</style></keyword><keyword><style face="normal" font="default" size="100%">Professionals</style></keyword></keywords><dates><year><style face="normal" font="default" size="100%">2011</style></year></dates><isbn><style face="normal" font="default" size="100%">1355-2600</style></isbn><abstract><style face="normal" font="default" size="100%">Research investigating attitudes toward sex offenders has failed to specify the gender of the ‘‘sex offenders’’. Given that most participants are unlikely to think of women as sex offenders, it is likely that reported attitudes relate to male sex offenders. This study investigated the attitudes towards female sex offenders of 92 members of staff employed by a UK chain store (public sample), 20 probation officers employed by a Regional Sex Offender Unit (forensic professional sample) and 64 undergraduate psychology students (student sample).Participants completed the Attitudes Toward Female Sex Offenders Scale adapted from the Attitudes Toward Sex Offenders Scale. Forensic professionals held significantly more positive attitudes than both the students and public. Comparisons between the responses in this study with those of previous studies revealed that the forensic professionals in this study held significantly more positive attitudes towards female sex offenders than professionals in previous studies did towards ‘‘sex offenders’’.</style></abstract><urls><pdf-urls><url>internal-pdf://jnlsexaggress-specissue-gakhal-3837989633/jnlsexaggress-specissue-gakhal.pdf</url></pdf-urls></urls></record><record><database name="NSCClibrary.enl" path="F:\NSCClibrary.enl">NSCClibrary.enl</database><source-app name="EndNote" version="17.1">EndNote</source-app><rec-number>4675</rec-number><foreign-keys><key app="EN" db-id="5s5ppfp52t55w0eadv7p5ss3vfxzs5fwwe5w">4675</key></foreign-keys><ref-type name="Journal Article">17</ref-type><contributors><authors><author><style face="normal" font="default" size="100%">Hetherton, Jacquie</style></author></authors></contributors><titles><title><style face="normal" font="default" size="100%">The idealization of women: its role in the minimization of child sexual abuse by females</style></title><secondary-title><style face="normal" font="default" size="100%">Child Abuse &amp; Neglect</style></secondary-title></titles><periodical><full-title><style face="normal" font="default" size="100%">Child Abuse &amp; Neglect</style></full-title></periodical><pages><style face="normal" font="default" size="100%">161-174</style></pages><volume><style face="normal" font="default" size="100%">23</style></volume><number><style face="normal" font="default" size="100%">2</style></number><keywords><keyword><style face="normal" font="default" size="100%">Female sex offenders</style></keyword></keywords><dates><year><style face="normal" font="default" size="100%">1999</style></year></dates><isbn><style face="normal" font="default" size="100%">0145-2134</style></isbn><abstract><style face="normal" font="default" size="100%">Objective: The aim was to review the literature on female perpetrated child sexual abuse by highlighting how cultural myths about women inhibit recognition of this much hidden phenomenon. Method: Three sections are presented. Part 1 evaluates evidence concerning beliefs about child sexual abuse by women which minimize the problem. Part 2 provides a theoretical account of psychological processes that are hypothesized to maintain these beliefs. Part 3 illustrates that professionals working in the area of child sexual abuse are not immune to these processes. As a result, recommendations for future professional practices are made. Result: The paper demonstrates that in the context of what is known about child sexual abuse, cultural beliefs which serve to idealize women and minimize their potential harm to children are largely invalid. Conclusion: Individuals are urged to suspend their disbelief about female perpetrated child sexual abuse. Denial of the phenomenon may result in it continuing to be under-reported and trivialized. As this persists the price will ultimately be paid by victims of on-going abuse and survivors of past victimization whose suffering will be compounded by disparagement of the issue.</style></abstract><urls><pdf-urls><url>internal-pdf://2805582325/Hetherton1999Idealization.pdf</url></pdf-urls></urls></record><record><database name="NSCClibrary.enl" path="F:\NSCClibrary.enl">NSCClibrary.enl</database><source-app name="EndNote" version="17.1">EndNote</source-app><rec-number>2015</rec-number><foreign-keys><key app="EN" db-id="5s5ppfp52t55w0eadv7p5ss3vfxzs5fwwe5w">2015</key></foreign-keys><ref-type name="Journal Article">17</ref-type><contributors><authors><author><style face="normal" font="default" size="100%">Johnson, Robert L.</style></author><author><style face="normal" font="default" size="100%">Shrier, Diane</style></author></authors></contributors><titles><title><style face="normal" font="default" size="100%">Past sexual victimization by females of male patients in an adolescent medicine clinic population</style></title><secondary-title><style face="normal" font="default" size="100%">The American Journal of Psychiatry</style></secondary-title></titles><periodical><full-title><style face="normal" font="default" size="100%">The American journal of psychiatry</style></full-title></periodical><volume><style face="normal" font="default" size="100%">144</style></volume><number><style face="normal" font="default" size="100%">5</style></number><section><style face="normal" font="default" size="100%">650-652</style></section><keywords><keyword><style face="normal" font="default" size="100%">Child sexual abuse</style></keyword><keyword><style face="normal" font="default" size="100%">Female sex offenders</style></keyword></keywords><dates><year><style face="normal" font="default" size="100%">1987</style></year></dates><isbn><style face="normal" font="default" size="100%">1535-7228</style></isbn><abstract><style face="normal" font="default" size="100%">In an adolescent medicine clinic with more than 1000 patients during 1982-1984, 11 male adolescents reported a history of sexual molestation by females. This molestation had commonly involved acquaintances and was unlikely to have been accompanied by threats of violence or physical coercion. One-fourth of the victims of both male and female molesters described themselves as sexually dysfunctional, and eight of the victims of male molesters identified themselves as homosexual. Both groups experienced the molestation as highly traumatic.</style></abstract><urls><pdf-urls><url>internal-pdf://Johnson, R.L. and Shrier, D. 1987 - Past sexual-0661065728/Johnson, R.L. and Shrier, D. 1987 - Past sexual.pdf</url></pdf-urls></urls></record><record><database name="NSCClibrary.enl" path="F:\NSCClibrary.enl">NSCClibrary.enl</database><source-app name="EndNote" version="17.1">EndNote</source-app><rec-number>2019</rec-number><foreign-keys><key app="EN" db-id="5s5ppfp52t55w0eadv7p5ss3vfxzs5fwwe5w">2019</key></foreign-keys><ref-type name="Journal Article">17</ref-type><contributors><authors><author><style face="normal" font="default" size="100%">Kelly, R.J.</style></author><author><style face="normal" font="default" size="100%">Wood, J.J.</style></author><author><style face="normal" font="default" size="100%">Gonzalez, L.S.</style></author><author><style face="normal" font="default" size="100%">MacDonald, V.</style></author><author><style face="normal" font="default" size="100%">Waterman, J.</style></author></authors></contributors><titles><title><style face="normal" font="default" size="100%">Effects of mother-son incest and positive perceptions of sexual abuse experiences on the psychosocial adjustment of clinic-referred men</style></title><secondary-title><style face="normal" font="default" size="100%">Child Abuse &amp; Neglect</style></secondary-title></titles><periodical><full-title><style face="normal" font="default" size="100%">Child Abuse &amp; Neglect</style></full-title></periodical><pages><style face="normal" font="default" size="100%">425-441</style></pages><volume><style face="normal" font="default" size="100%">26</style></volume><number><style face="normal" font="default" size="100%">4</style></number><keywords><keyword><style face="normal" font="default" size="100%">Mother-son incest</style></keyword><keyword><style face="normal" font="default" size="100%">Intrafamilial sexual abuse</style></keyword><keyword><style face="normal" font="default" size="100%">Incest</style></keyword></keywords><dates><year><style face="normal" font="default" size="100%">2002</style></year></dates><isbn><style face="normal" font="default" size="100%">0145-2134</style></isbn><abstract><style face="normal" font="default" size="100%">Objective: The primary objective was to examine the long-term impact of mother-son incest and positive initial perceptions of sexual abuse experiences on adult male psychosocial functioning. Method: Sixty-seven clinic-referred men with a history of sexual abuse participated. The participants completed self-report measures regarding their current psychosocial functioning and described the nature of their sexual and physical abuse experiences during childhood. Results: Seventeen men reported mother-son incest, and these men endorsed more trauma symptoms than did other sexually abused men, even after controlling for a history of multiple perpetrators and physical abuse. Mother-son incest was likely to be subtle, involving behaviors that may be difficult todistinguish from normal caregiving (e.g., genital touching), despite the potentially serious long-term consequences. Twenty-seven men recalled positive or mixed initial perceptions of the abuse, including about half of the men who had been abused by their mothers. These men reported more adjustment problems than did men who recalled purely negative initial perceptions. Conclusions: Mother-son incest and positive initial perceptions of sexual abuse experiences both appear to be risk factors for more severe psychosocial adjustment problems among clinic-referred men.</style></abstract><urls><pdf-urls><url>internal-pdf://incest-kelly-0484997633/incest-kelly.pdf</url></pdf-urls></urls></record><record><database name="NSCClibrary.enl" path="F:\NSCClibrary.enl">NSCClibrary.enl</database><source-app name="EndNote" version="17.1">EndNote</source-app><rec-number>3059</rec-number><foreign-keys><key app="EN" db-id="5s5ppfp52t55w0eadv7p5ss3vfxzs5fwwe5w">3059</key></foreign-keys><ref-type name="Journal Article">17</ref-type><contributors><authors><author><style face="normal" font="default" size="100%">King, Gillian A.</style></author><author><style face="normal" font="default" size="100%">Rogers, Cheryl-Lynn</style></author><author><style face="normal" font="default" size="100%">Walters, Gary C.</style></author><author><style face="normal" font="default" size="100%">Oldershaw, Lynn</style></author></authors></contributors><titles><title><style face="normal" font="default" size="100%">Parenting behavior rating scales: Preliminary validation with intrusive, abusive mothers</style></title><secondary-title><style face="normal" font="default" size="100%">Child Abuse &amp; Neglect</style></secondary-title></titles><periodical><full-title><style face="normal" font="default" size="100%">Child Abuse &amp; Neglect</style></full-title></periodical><pages><style face="normal" font="default" size="100%">247-259</style></pages><volume><style face="normal" font="default" size="100%">18</style></volume><number><style face="normal" font="default" size="100%">3</style></number><keywords><keyword><style face="normal" font="default" size="100%">Behaviour</style></keyword><keyword><style face="normal" font="default" size="100%">Mothers</style></keyword><keyword><style face="normal" font="default" size="100%">Parents</style></keyword><keyword><style face="normal" font="default" size="100%">Physical abuse</style></keyword></keywords><dates><year><style face="normal" font="default" size="100%">1994</style></year></dates><isbn><style face="normal" font="default" size="100%">0145-2134</style></isbn><abstract><style face="normal" font="default" size="100%">This study provided preliminary evidence of the reliability and validity of a set of scales for rating the parenting behaviors of physically abusive mothers. Thirty-two male and 32 female undergraduates viewed a videotape of either an abusive or matched control mother interacting with her son. Two tapes of abusive mothers. representative of the Intrusive mother type. and two matched control tapes were used. Subjects rated the mother&apos;s behavior on rating scales matching an observational coding system developed b y Oldershaw. Walters. and Hall (1989). Mean ratings of between six to eight raters displayed sufficiently high reliability. As expected, ratings correlated with behavior frequency data. Observers&apos; ratings discriminated between abusive mothers and nonabusive controls, providing evidence of construct validity of the scales. The potential utility of a rating scale instrument for the clinical assessment of parenting behaviors is discussed.</style></abstract><urls><pdf-urls><url>internal-pdf://King et al 1994 - Parenting behavior rating-2212295680/King et al 1994 - Parenting behavior rating.pdf</url></pdf-urls></urls></record><record><database name="NSCClibrary.enl" path="F:\NSCClibrary.enl">NSCClibrary.enl</database><source-app name="EndNote" version="17.1">EndNote</source-app><rec-number>2014</rec-number><foreign-keys><key app="EN" db-id="5s5ppfp52t55w0eadv7p5ss3vfxzs5fwwe5w">2014</key></foreign-keys><ref-type name="Journal Article">17</ref-type><contributors><authors><author><style face="normal" font="default" size="100%">Marvasti, Jamshid</style></author></authors></contributors><titles><title><style face="normal" font="default" size="100%">Incestuous mothers</style></title><secondary-title><style face="normal" font="default" size="100%">American Journal of Forensic Psychiatry</style></secondary-title></titles><periodical><full-title><style face="normal" font="default" size="100%">American Journal of Forensic Psychiatry</style></full-title></periodical><pages><style face="normal" font="default" size="100%">63-69</style></pages><volume><style face="normal" font="default" size="100%">7</style></volume><number><style face="normal" font="default" size="100%">4</style></number><keywords><keyword><style face="normal" font="default" size="100%">Female sex offenders</style></keyword><keyword><style face="normal" font="default" size="100%">Incest</style></keyword><keyword><style face="normal" font="default" size="100%">Intrafamilial sexual abuse</style></keyword><keyword><style face="normal" font="default" size="100%">Mother-child incest</style></keyword><keyword><style face="normal" font="default" size="100%">Mother-child relations</style></keyword><keyword><style face="normal" font="default" size="100%">Parent-child relations</style></keyword></keywords><dates><year><style face="normal" font="default" size="100%">1986</style></year></dates><abstract><style face="normal" font="default" size="100%">Until relatively recently, it was assumed that only young girls were sexually vulnerable to adults. It has, however, become clear that young boys are similarly vulnerable and that the initiators of such activity may be adult women as well as adult men. Dr. Marvasti&apos;s article is helpful in documenting this behavior by adult women and in exploring some of the possible reasons why it occurs. Although this behavior does exist among women, it appear that in all cultures studied, it is still the adult male who is more likely to become sexually involved with a child.</style></abstract><urls><pdf-urls><url>internal-pdf://Marvasti 1986 - Incestuous mothers-3262163713/Marvasti 1986 - Incestuous mothers.pdf</url></pdf-urls></urls></record><record><database name="NSCClibrary.enl" path="F:\NSCClibrary.enl">NSCClibrary.enl</database><source-app name="EndNote" version="17.1">EndNote</source-app><rec-number>2013</rec-number><foreign-keys><key app="EN" db-id="5s5ppfp52t55w0eadv7p5ss3vfxzs5fwwe5w">2013</key></foreign-keys><ref-type name="Conference Paper">47</ref-type><contributors><authors><author><style face="normal" font="default" size="100%">Mathews, Ruth</style></author></authors></contributors><titles><title><style face="normal" font="default" size="100%">Female sexual offenders</style></title><secondary-title><style face="normal" font="default" size="100%">Third National Adolescent Perpetrator Network Meeting</style></secondary-title></titles><keywords><keyword><style face="normal" font="default" size="100%">Female sex offenders</style></keyword><keyword><style face="normal" font="default" size="100%">PHASE</style></keyword><keyword><style face="normal" font="default" size="100%">Genesis II</style></keyword></keywords><dates><year><style face="normal" font="default" size="100%">1987</style></year><pub-dates><date><style face="normal" font="default" size="100%">23 May 1987</style></date></pub-dates></dates><pub-location><style face="normal" font="default" size="100%">Keystone, Colorado</style></pub-location><publisher><style face="normal" font="default" size="100%">The Safer Society Program</style></publisher><abstract><style face="normal" font="default" size="100%">Ruth Mathews, a Minnesota licensed psychologist, has worked for 3 1/2 years with adolescent male sex offenders and for two years wilh female sex offenders. At PHASE (Program for Healthy Adolescent Sexual Expression), for one year she and co-therapist Jody Newell have been treating female adolescent sexual abusers (n=9), and with co-therapist Jane Matthews at Genesis II for Women, for the last two years has been treating adult female sexual abusers.</style></abstract><urls><pdf-urls><url>internal-pdf://Mathews 1987 - Female sexual offenders-2709515009/Mathews 1987 - Female sexual offenders.pdf</url></pdf-urls></urls></record><record><database name="NSCClibrary.enl" path="F:\NSCClibrary.enl">NSCClibrary.enl</database><source-app name="EndNote" version="17.1">EndNote</source-app><rec-number>2818</rec-number><foreign-keys><key app="EN" db-id="5s5ppfp52t55w0eadv7p5ss3vfxzs5fwwe5w">2818</key></foreign-keys><ref-type name="Report">27</ref-type><contributors><authors><author><style face="normal" font="default" size="100%">Mathews, Ruth</style></author></authors></contributors><titles><title><style face="normal" font="default" size="100%">Female sexual offenders: Treatment and legal issues</style></title></titles><pages><style face="normal" font="default" size="100%">2</style></pages><keywords><keyword><style face="normal" font="default" size="100%">Female sex offenders</style></keyword><keyword><style face="normal" font="default" size="100%">Females who sexually abuse</style></keyword><keyword><style face="normal" font="default" size="100%">Genesis II</style></keyword><keyword><style face="normal" font="default" size="100%">PHASE</style></keyword><keyword><style face="normal" font="default" size="100%">Sex offender treatment</style></keyword></keywords><dates><year><style face="normal" font="default" size="100%">1987</style></year></dates><pub-location><style face="normal" font="default" size="100%">Maplewood, Minnesota</style></pub-location><publisher><style face="normal" font="default" size="100%">East Communities Family Center</style></publisher><abstract><style face="normal" font="default" size="100%">Presently, females who sexually abuse are just beginning to be identified and recommended for treatment. We know from reports by victims that approximately 13 per cent of females and 24 per cent of male victims state that they were sexually abused by a female (Finkelhor and Russell). Only in the last five years have females offenders been publicly recognised and few (in light of these statistics) have been referred to treatment. Although treatment programs are beginning to work with females who sexually abuse, few have had sufficient populations from which to develop explanatory models and/or treatment programs specific to adoelscent girls or women (Fay Honey Knopp).</style></abstract><urls><pdf-urls><url>internal-pdf://Mathews 1987 - Female sexual offenders treatment-2860554241/Mathews 1987 - Female sexual offenders treatment.pdf</url></pdf-urls></urls></record><record><database name="NSCClibrary.enl" path="F:\NSCClibrary.enl">NSCClibrary.enl</database><source-app name="EndNote" version="17.1">EndNote</source-app><rec-number>2823</rec-number><foreign-keys><key app="EN" db-id="5s5ppfp52t55w0eadv7p5ss3vfxzs5fwwe5w">2823</key></foreign-keys><ref-type name="Report">27</ref-type><contributors><authors><author><style face="normal" font="default" size="100%">Mathews, Ruth</style></author></authors></contributors><titles><title><style face="normal" font="default" size="100%">Genesis II: Female sex offender programming</style></title></titles><pages><style face="normal" font="default" size="100%">3</style></pages><keywords><keyword><style face="normal" font="default" size="100%">Female sex offenders</style></keyword><keyword><style face="normal" font="default" size="100%">Genesis II</style></keyword></keywords><dates><year><style face="normal" font="default" size="100%">1987</style></year></dates><pub-location><style face="normal" font="default" size="100%">Minneapolis, MN</style></pub-location><publisher><style face="normal" font="default" size="100%">Genesis II for Women, Inc.</style></publisher><abstract><style face="normal" font="default" size="100%">Program description for Genesis II - women who have sexually abused their children and/or other children.</style></abstract><urls><pdf-urls><url>internal-pdf://Mathews 1987 - Genesis II-2356439041/Mathews 1987 - Genesis II.pdf</url></pdf-urls></urls></record><record><database name="NSCClibrary.enl" path="F:\NSCClibrary.enl">NSCClibrary.enl</database><source-app name="EndNote" version="17.1">EndNote</source-app><rec-number>233</rec-number><foreign-keys><key app="EN" db-id="5s5ppfp52t55w0eadv7p5ss3vfxzs5fwwe5w">233</key><key app="ENWeb" db-id="ThEeKwrtqggAAHqv064">4511</key></foreign-keys><ref-type name="Book Section">5</ref-type><contributors><authors><author><style face="normal" font="default" size="100%">Matthews, Jane Kinder</style></author></authors><secondary-authors><author><style face="normal" font="default" size="100%">Patton, M.Q.</style></author></secondary-authors></contributors><titles><title><style face="normal" font="default" size="100%">An 11-year perspective of working with female sexual offenders</style></title><secondary-title><style face="normal" font="default" size="100%">Family sexual abuse: Frontline research and evaluation </style></secondary-title></titles><periodical><full-title><style face="normal" font="default" size="100%">Family Sexual Abuse: Frontline Research and Evaluation</style></full-title></periodical><pages><style face="normal" font="default" size="100%">259-272</style></pages><section><style face="normal" font="default" size="100%">18</style></section><keywords><keyword><style face="normal" font="default" size="100%">Female sex offenders</style></keyword><keyword><style face="normal" font="default" size="100%">Females who sexually abuse</style></keyword><keyword><style face="normal" font="default" size="100%">Sex offender treatment</style></keyword></keywords><dates><year><style face="normal" font="default" size="100%">1991</style></year></dates><pub-location><style face="normal" font="default" size="100%">Thousand Oaks, CA</style></pub-location><publisher><style face="normal" font="default" size="100%">Sage</style></publisher><isbn><style face="normal" font="default" size="100%">0-8039-3961-2</style></isbn><urls><pdf-urls><url>internal-pdf://Matthews 1991 - An 11 year perspective-2814156033/Matthews 1991 - An 11 year perspective.pdf</url></pdf-urls></urls></record><record><database name="NSCClibrary.enl" path="F:\NSCClibrary.enl">NSCClibrary.enl</database><source-app name="EndNote" version="17.1">EndNote</source-app><rec-number>2011</rec-number><foreign-keys><key app="EN" db-id="5s5ppfp52t55w0eadv7p5ss3vfxzs5fwwe5w">2011</key></foreign-keys><ref-type name="Journal Article">17</ref-type><contributors><authors><author><style face="normal" font="default" size="100%">McCarty, Loretta M.</style></author></authors></contributors><titles><title><style face="normal" font="default" size="100%">Mother-child incest: Characteristics of the offender</style></title><secondary-title><style face="normal" font="default" size="100%">Child Welfare</style></secondary-title></titles><periodical><full-title><style face="normal" font="default" size="100%">Child Welfare</style></full-title></periodical><pages><style face="normal" font="default" size="100%">447-458</style></pages><volume><style face="normal" font="default" size="100%">65</style></volume><number><style face="normal" font="default" size="100%">5</style></number><keywords><keyword><style face="normal" font="default" size="100%">Epidemiology</style></keyword><keyword><style face="normal" font="default" size="100%">Female sex offenders</style></keyword><keyword><style face="normal" font="default" size="100%">Incest</style></keyword><keyword><style face="normal" font="default" size="100%">Intrafamilial sexual abuse</style></keyword><keyword><style face="normal" font="default" size="100%">Mother-child incest</style></keyword><keyword><style face="normal" font="default" size="100%">Mother-child relations</style></keyword><keyword><style face="normal" font="default" size="100%">Parent-child relations</style></keyword></keywords><dates><year><style face="normal" font="default" size="100%">1986</style></year></dates><isbn><style face="normal" font="default" size="100%">0009-4021</style></isbn><abstract><style face="normal" font="default" size="100%">Studies of the childhood, adulthood, and parenthood of women who sexually abuse their children are rarely found in the literature. The characteristics of 26 such mother-child incest offenders are explored by the author and compared to the characteristics found in other studies and in clinical experiences with incest offenders of either sex.</style></abstract><urls><pdf-urls><url>internal-pdf://McCarty 1986 - Mother-child incest-0341975553/McCarty 1986 - Mother-child incest.pdf</url></pdf-urls></urls></record><record><database name="NSCClibrary.enl" path="F:\NSCClibrary.enl">NSCClibrary.enl</database><source-app name="EndNote" version="17.1">EndNote</source-app><rec-number>2821</rec-number><foreign-keys><key app="EN" db-id="5s5ppfp52t55w0eadv7p5ss3vfxzs5fwwe5w">2821</key></foreign-keys><ref-type name="Report">27</ref-type><contributors><authors><author><style face="normal" font="default" size="100%">McCarty, Loretta M.</style></author></authors></contributors><titles><title><style face="normal" font="default" size="100%">The twenty-six women</style></title></titles><pages><style face="normal" font="default" size="100%">3</style></pages><keywords><keyword><style face="normal" font="default" size="100%">Female sex offenders</style></keyword></keywords><dates><year><style face="normal" font="default" size="100%">1987</style></year></dates><abstract><style face="normal" font="default" size="100%">26 women offenders are placed on a continuum based on the extent of their involvement in the inappropriate sexual activity. None of the names used are their real names, rather they have been named alphabetically based on their place on the continuum and their partners have names that start with the same letter. This has been done to make it easy to refer back to them when the different factors are being considered.</style></abstract><urls><pdf-urls><url>internal-pdf://McCarty 1987 - The twenty six women-2238956801/McCarty 1987 - The twenty six women.pdf</url></pdf-urls></urls></record><record><database name="NSCClibrary.enl" path="F:\NSCClibrary.enl">NSCClibrary.enl</database><source-app name="EndNote" version="17.1">EndNote</source-app><rec-number>2042</rec-number><foreign-keys><key app="EN" db-id="5s5ppfp52t55w0eadv7p5ss3vfxzs5fwwe5w">2042</key></foreign-keys><ref-type name="Journal Article">17</ref-type><contributors><authors><author><style face="normal" font="default" size="100%">Muskens, Maarten</style></author><author><style face="normal" font="default" size="100%">Bogaerts, Stefan</style></author><author><style face="normal" font="default" size="100%">van Casteren, Marjolijn</style></author><author><style face="normal" font="default" size="100%">Labrijn, Sybille</style></author></authors></contributors><titles><title><style face="normal" font="default" size="100%">Adult female sexual offending: A comparison between co-offenders and solo offenders in a Dutch sample</style></title><secondary-title><style face="normal" font="default" size="100%">Journal of Sexual Aggression</style></secondary-title></titles><periodical><full-title><style face="normal" font="default" size="100%">Journal of Sexual Aggression</style></full-title></periodical><pages><style face="normal" font="default" size="100%">46-60</style></pages><volume><style face="normal" font="default" size="100%">17</style></volume><number><style face="normal" font="default" size="100%">1</style></number><keywords><keyword><style face="normal" font="default" size="100%">Female sex offenders</style></keyword><keyword><style face="normal" font="default" size="100%">Personality</style></keyword><keyword><style face="normal" font="default" size="100%">Recidivism</style></keyword></keywords><dates><year><style face="normal" font="default" size="100%">2011</style></year></dates><isbn><style face="normal" font="default" size="100%">1355-2600</style></isbn><abstract><style face="normal" font="default" size="100%">Few studies have examined female sexual offenders who committed a sexual offence with an accomplice (co-offender) and without an accomplice (solo offender). In this study, several offence, victim and offender characteristics of 60 adult female sexual offenders were examined. The first purpose was to explore the personality pathology among these offenders. The second purpose was to examine the sexual, violent and any recidivism rates of these offenders. These offenders were referred for an inpatient or outpatient psychiatric and/or psychological evaluation between January 1999 and December 2008. The results revealed that the mean number of DSM-IV Axis I disorder was larger among solo offenders compared to co-offenders. Conversely, the mean number of DSM-IV personality disorders was larger among co-offenders compared to solo offenders. Furthermore, the sexual, violent and any recidivism rate of these female sexual offenders was 0, 1.9 and 7.7%, respectively. Offender type (i.e. solo offender) significantly predicts a new offence of any type.</style></abstract><urls><pdf-urls><url>internal-pdf://jnlsexaggress-specissue-muskens-1068825345/jnlsexaggress-specissue-muskens.pdf</url></pdf-urls></urls></record><record><database name="NSCClibrary.enl" path="F:\NSCClibrary.enl">NSCClibrary.enl</database><source-app name="EndNote" version="17.1">EndNote</source-app><rec-number>3970</rec-number><foreign-keys><key app="EN" db-id="5s5ppfp52t55w0eadv7p5ss3vfxzs5fwwe5w">3970</key></foreign-keys><ref-type name="Journal Article">17</ref-type><contributors><authors><author><style face="normal" font="default" size="100%">Nathan, Pamela</style></author><author><style face="normal" font="default" size="100%">Ward, Tony</style></author></authors></contributors><titles><title><style face="normal" font="default" size="100%">Females who sexually abuse children: Assessment and treatment issues</style></title><secondary-title><style face="normal" font="default" size="100%">Psychiatry, Psychology and Law</style></secondary-title></titles><periodical><full-title><style face="normal" font="default" size="100%">Psychiatry, psychology and law</style></full-title></periodical><pages><style face="normal" font="default" size="100%">44-55</style></pages><volume><style face="normal" font="default" size="100%">8</style></volume><number><style face="normal" font="default" size="100%">1</style></number><keywords><keyword><style face="normal" font="default" size="100%">Female sex offenders</style></keyword><keyword><style face="normal" font="default" size="100%">Females who sexually abuse</style></keyword><keyword><style face="normal" font="default" size="100%">Sex offender treatment</style></keyword></keywords><dates><year><style face="normal" font="default" size="100%">2001</style></year></dates><isbn><style face="normal" font="default" size="100%">1321-8719</style></isbn><abstract><style face="normal" font="default" size="100%">This paper addresses the neglected and under-researched subject of female sex offenders who abuse children. More specifically, it provides a review of the nature of female sexual abuse of children and considers key issues associated with its assessment and treatment. In particular, we consider the important question of typology and its relationship to treatment. Our major aim is to provide an overview of the important factors and issues associated with this poorly understood group of offenders, rather than provide an exhaustive review of the literature.</style></abstract><urls><pdf-urls><url>internal-pdf://Nathan et al 2001 - Females who-1485356033/Nathan et al 2001 - Females who.pdf</url></pdf-urls></urls></record><record><database name="NSCClibrary.enl" path="F:\NSCClibrary.enl">NSCClibrary.enl</database><source-app name="EndNote" version="17.1">EndNote</source-app><rec-number>3971</rec-number><foreign-keys><key app="EN" db-id="5s5ppfp52t55w0eadv7p5ss3vfxzs5fwwe5w">3971</key></foreign-keys><ref-type name="Journal Article">17</ref-type><contributors><authors><author><style face="normal" font="default" size="100%">Nathan, Pamela</style></author><author><style face="normal" font="default" size="100%">Ward, Tony</style></author></authors></contributors><titles><title><style face="normal" font="default" size="100%">Female sex offenders: Clinical and demographic features</style></title><secondary-title><style face="normal" font="default" size="100%">Journal of Sexual Aggression</style></secondary-title></titles><periodical><full-title><style face="normal" font="default" size="100%">Journal of Sexual Aggression</style></full-title></periodical><pages><style face="normal" font="default" size="100%">5-21</style></pages><volume><style face="normal" font="default" size="100%">8</style></volume><number><style face="normal" font="default" size="100%">1</style></number><keywords><keyword><style face="normal" font="default" size="100%">Female sex offenders</style></keyword><keyword><style face="normal" font="default" size="100%">Females who sexually abuse</style></keyword></keywords><dates><year><style face="normal" font="default" size="100%">2002</style></year><pub-dates><date><style face="normal" font="default" size="100%">2002/01/01</style></date></pub-dates></dates><isbn><style face="normal" font="default" size="100%">1355-2600</style></isbn><abstract><style face="normal" font="default" size="100%">This paper provides clinical and demographic data on 12 female child sex offenders in the correctional system in Victoria. Information was obtained through clinical assessments completed whilst women were incarcerated or in the community setting and from sentencing comments. An analysis of this information revealed that the characteristics of these women and their offences generally fitted the profile of female sex offenders described in the current literature. However, the findings also revealed that the women differed in some respects to the typical portrayal of female sex offenders. Although the majority of women were co-offenders with males, only a few females appeared coerced and motivated by fear. In the group of male accompanied offences, women were also motivated by rejection and revenge, leading to the development and extension of a new category - the male accompanied: rejected/revengeful.</style></abstract><urls><related-urls><url><style face="normal" font="default" size="100%">http://dx.doi.org/10.1080/13552600208413329</style></url></related-urls><pdf-urls><url>internal-pdf://Nathan et al 2002 - Female sex-3549099009/Nathan et al 2002 - Female sex.pdf</url></pdf-urls></urls><electronic-resource-num><style face="normal" font="default" size="100%">10.1080/13552600208413329</style></electronic-resource-num><access-date><style face="normal" font="default" size="100%">2013/02/27</style></access-date></record><record><database name="NSCClibrary.enl" path="F:\NSCClibrary.enl">NSCClibrary.enl</database><source-app name="EndNote" version="17.1">EndNote</source-app><rec-number>2007</rec-number><foreign-keys><key app="EN" db-id="5s5ppfp52t55w0eadv7p5ss3vfxzs5fwwe5w">2007</key></foreign-keys><ref-type name="Journal Article">17</ref-type><contributors><authors><author><style face="normal" font="default" size="100%">Ogilvie, Beverly A.</style></author><author><style face="normal" font="default" size="100%">Daniluk, Judith</style></author></authors></contributors><titles><title><style face="normal" font="default" size="100%">Common themes in the experiences of mother-daughter incest survivors: Implications for counseling</style></title><secondary-title><style face="normal" font="default" size="100%">Journal of Counseling &amp; Development</style></secondary-title></titles><periodical><full-title><style face="normal" font="default" size="100%">Journal of Counseling &amp; Development</style></full-title></periodical><pages><style face="normal" font="default" size="100%">598-602</style></pages><volume><style face="normal" font="default" size="100%">73</style></volume><number><style face="normal" font="default" size="100%">6</style></number><keywords><keyword><style face="normal" font="default" size="100%">Female sex offenders</style></keyword><keyword><style face="normal" font="default" size="100%">Females who sexually abuse</style></keyword><keyword><style face="normal" font="default" size="100%">Incest</style></keyword><keyword><style face="normal" font="default" size="100%">Intrafamilial sexual abuse</style></keyword><keyword><style face="normal" font="default" size="100%">Mother-daughter incest</style></keyword></keywords><dates><year><style face="normal" font="default" size="100%">1995</style></year></dates><isbn><style face="normal" font="default" size="100%">0748-9633</style></isbn><abstract><style face="normal" font="default" size="100%">A qualitative method was used to explore the phenomenon of mother-daughter incest. Common themes were extracted from in-depth interviews with survivors of mother-perpetrated sexual abuse, some of which parallel the experience of survivors of other forms of child sexual abuse, and some of which are more specific to mother-daughter incest. These themes are discussed in detail. Counseling implications are discussed and treatment recommendations are mode for therapists working with adult survivors of maternal sexual abuse.</style></abstract><urls><pdf-urls><url>internal-pdf://motherincest-ogilvie-2957483265/motherincest-ogilvie.pdf</url></pdf-urls></urls></record><record><database name="NSCClibrary.enl" path="F:\NSCClibrary.enl">NSCClibrary.enl</database><source-app name="EndNote" version="17.1">EndNote</source-app><rec-number>2016</rec-number><foreign-keys><key app="EN" db-id="5s5ppfp52t55w0eadv7p5ss3vfxzs5fwwe5w">2016</key></foreign-keys><ref-type name="Journal Article">17</ref-type><contributors><authors><author><style face="normal" font="default" size="100%">Petrovich, Michael</style></author><author><style face="normal" font="default" size="100%">Templer, Donald I.</style></author></authors></contributors><titles><title><style face="normal" font="default" size="100%">Heterosexual molestation of children who later became rapists</style></title><secondary-title><style face="normal" font="default" size="100%">Psychological Reports</style></secondary-title></titles><periodical><full-title><style face="normal" font="default" size="100%">Psychological reports</style></full-title></periodical><pages><style face="normal" font="default" size="100%">810</style></pages><volume><style face="normal" font="default" size="100%">54</style></volume><number><style face="normal" font="default" size="100%">3</style></number><keywords><keyword><style face="normal" font="default" size="100%">Female sex offenders</style></keyword><keyword><style face="normal" font="default" size="100%">Females who sexually abuse</style></keyword></keywords><dates><year><style face="normal" font="default" size="100%">1984</style></year></dates><isbn><style face="normal" font="default" size="100%">0031-5125</style></isbn><abstract><style face="normal" font="default" size="100%">Short article that mentions female sex offender rates in the 1980s.</style></abstract><urls><pdf-urls><url>internal-pdf://Petrovich et al 1984 - Heterosexual molestation-1804082176/Petrovich et al 1984 - Heterosexual molestation.pdf</url></pdf-urls></urls></record><record><database name="NSCClibrary.enl" path="F:\NSCClibrary.enl">NSCClibrary.enl</database><source-app name="EndNote" version="17.1">EndNote</source-app><rec-number>2822</rec-number><foreign-keys><key app="EN" db-id="5s5ppfp52t55w0eadv7p5ss3vfxzs5fwwe5w">2822</key></foreign-keys><ref-type name="Unpublished Work">34</ref-type><contributors><authors><author><style face="normal" font="default" size="100%">Safer Society Program,</style></author></authors></contributors><titles><title><style face="normal" font="default" size="100%">Bibliography: Female sexual abusers</style></title></titles><pages><style face="normal" font="default" size="100%">2</style></pages><keywords><keyword><style face="normal" font="default" size="100%">Female sex offenders</style></keyword></keywords><dates><year><style face="normal" font="default" size="100%">1993</style></year><pub-dates><date><style face="normal" font="default" size="100%">January 1993</style></date></pub-dates></dates><pub-location><style face="normal" font="default" size="100%">Orwell, Vermont</style></pub-location><publisher><style face="normal" font="default" size="100%">Safer Society Press</style></publisher><urls><pdf-urls><url>internal-pdf://Safer Society 1993 - Bibliography female sexual-4067816705/Safer Society 1993 - Bibliography female sexual.pdf</url></pdf-urls></urls></record><record><database name="NSCClibrary.enl" path="F:\NSCClibrary.enl">NSCClibrary.enl</database><source-app name="EndNote" version="17.1">EndNote</source-app><rec-number>2825</rec-number><foreign-keys><key app="EN" db-id="5s5ppfp52t55w0eadv7p5ss3vfxzs5fwwe5w">2825</key></foreign-keys><ref-type name="Journal Article">17</ref-type><contributors><authors><author><style face="normal" font="default" size="100%">Saint Paul Foundation,</style></author></authors></contributors><titles><title><style face="normal" font="default" size="100%">Another secret out in the open: Female sex offenders</style></title><secondary-title><style face="normal" font="default" size="100%">Looking ahead: Innovation and inquiry in family sexual abuse intervention</style></secondary-title></titles><periodical><full-title><style face="normal" font="default" size="100%">Looking Ahead: Innovation and Inquiry in Family Sexual Abuse Intervention</style></full-title></periodical><pages><style face="normal" font="default" size="100%">4</style></pages><volume><style face="normal" font="default" size="100%">1</style></volume><number><style face="normal" font="default" size="100%">1</style></number><keywords><keyword><style face="normal" font="default" size="100%">Female sex offenders</style></keyword><keyword><style face="normal" font="default" size="100%">Females who sexually abuse</style></keyword><keyword><style face="normal" font="default" size="100%">Genesis II</style></keyword></keywords><dates><year><style face="normal" font="default" size="100%">1987</style></year></dates><abstract><style face="normal" font="default" size="100%">Twenty years ago it was widely believed that interfamilial sexual abuse was a rare occurence. Ten years ago, practitioners began to understand that incest was happening in significant numbers of families. At that time, it was thought that boys were rarely abused, perpetrators were assumed to be adults, and sexual abuse by a woman was almost unheard of behaviour. Much has been learned in this decade about male sexual abuse victims, and the adoelscent beginnings of perpetrator behaviours in males. More recently, another secret has been broken. Sexual abuse perpetrated by women is not so rare as it once appeared.</style></abstract><urls><pdf-urls><url>internal-pdf://Saint Paul Foundation 1987 - Another secret-2707920896/Saint Paul Foundation 1987 - Another secret.pdf</url></pdf-urls></urls></record><record><database name="NSCClibrary.enl" path="F:\NSCClibrary.enl">NSCClibrary.enl</database><source-app name="EndNote" version="17.1">EndNote</source-app><rec-number>2045</rec-number><foreign-keys><key app="EN" db-id="5s5ppfp52t55w0eadv7p5ss3vfxzs5fwwe5w">2045</key></foreign-keys><ref-type name="Journal Article">17</ref-type><contributors><authors><author><style face="normal" font="default" size="100%">Sandler, J.</style></author><author><style face="normal" font="default" size="100%">Freeman, N.J.</style></author></authors></contributors><titles><title><style face="normal" font="default" size="100%">Female sex offenders and the criminal justice system: A comparison of arrests and outcomes</style></title><secondary-title><style face="normal" font="default" size="100%">Journal of Sexual Aggression</style></secondary-title></titles><periodical><full-title><style face="normal" font="default" size="100%">Journal of Sexual Aggression</style></full-title></periodical><pages><style face="normal" font="default" size="100%">61-76</style></pages><volume><style face="normal" font="default" size="100%">17</style></volume><number><style face="normal" font="default" size="100%">1</style></number><keywords><keyword><style face="normal" font="default" size="100%">Female sex offenders</style></keyword><keyword><style face="normal" font="default" size="100%">Sentencing</style></keyword><keyword><style face="normal" font="default" size="100%">Gender</style></keyword></keywords><dates><year><style face="normal" font="default" size="100%">2011</style></year></dates><isbn><style face="normal" font="default" size="100%">1355-2600</style></isbn><abstract><style face="normal" font="default" size="100%">Using a sample of 138,000 offenders arrested for a sexual offence in New York State from 1986 to 2005, this study compared the criminal justice processing of females arrested for sexual offences to that of males arrested for sexual offences over the same time-period. Specifically, the study tracked the number of sexual arrests of females, as well as the rates of three different arrest outcomes: (a) conviction for a sexual offence, (b) conviction for a non-sexual offence and (c) no conviction. Additionally, the study sought to determine if female sex offenders, like female general offenders, receive more lenient sentences compared to their male counterparts. Results of the study indicated that there was no difference in the likelihood of sexual conviction for males and females. Offender gender did, however, significantly reduce the likelihood of incarceration for offenders convicted of sexual offences.</style></abstract><urls><pdf-urls><url>internal-pdf://jnlsexaggress-specissue-sandler-3938217985/jnlsexaggress-specissue-sandler.pdf</url></pdf-urls></urls></record><record><database name="NSCClibrary.enl" path="F:\NSCClibrary.enl">NSCClibrary.enl</database><source-app name="EndNote" version="17.1">EndNote</source-app><rec-number>2043</rec-number><foreign-keys><key app="EN" db-id="5s5ppfp52t55w0eadv7p5ss3vfxzs5fwwe5w">2043</key></foreign-keys><ref-type name="Journal Article">17</ref-type><contributors><authors><author><style face="normal" font="default" size="100%">Slotboom, Anne-Marie</style></author><author><style face="normal" font="default" size="100%">Hendriks, Jan</style></author><author><style face="normal" font="default" size="100%">Verbruggen, Janna</style></author></authors></contributors><titles><title><style face="normal" font="default" size="100%">Contrasting adolescent female and male sexual aggression: A self-report study on prevalence and predictors of sexual aggression</style></title><secondary-title><style face="normal" font="default" size="100%">Journal of Sexual Aggression</style></secondary-title></titles><periodical><full-title><style face="normal" font="default" size="100%">Journal of Sexual Aggression</style></full-title></periodical><pages><style face="normal" font="default" size="100%">15-33</style></pages><volume><style face="normal" font="default" size="100%">17</style></volume><number><style face="normal" font="default" size="100%">1</style></number><keywords><keyword><style face="normal" font="default" size="100%">Female sex offenders</style></keyword><keyword><style face="normal" font="default" size="100%">Gender</style></keyword><keyword><style face="normal" font="default" size="100%">Sexual aggression</style></keyword><keyword><style face="normal" font="default" size="100%">Trauma</style></keyword></keywords><dates><year><style face="normal" font="default" size="100%">2011</style></year></dates><isbn><style face="normal" font="default" size="100%">1355-2600</style></isbn><abstract><style face="normal" font="default" size="100%">In this study we investigated the prevalence of sexual aggression as reported by adolescent males and females in the Netherlands. Data were collected from a low-risk school-based sample (n = 219; 119 adolescent females and 100 adolescent males), a medium-risk school-based sample (vocational training) (n = 237; 117 adolescent females and 120 adolescent males); and a high-risk sample from eight different juvenile justice institutions (n = 377; 215 adolescent females and 162 adolescent males). Participants reported on the strategy used to force a person into sexual contact (defined as sexual touching, sexual intercourse or oral sex) against his/her will. Results showed that around 8% of the adolescent females and 10% of the adolescent males reported having used sexual aggression against a person. However, prevalence rates differed for the different samples: the juvenile institution sample showed the highest rate. Further, we found that for adolescent females ‘‘beliefs about sexual behaviour’’ was the only predictor of sexually aggressive behaviour, while for adolescent males being a victim of sexual abuse was the most important predictor. The results are discussed in relation to the literature on sexually aggressive offending behaviour.</style></abstract><urls><pdf-urls><url>internal-pdf://jnlsexaggress-specissue-slotboom-3115840513/jnlsexaggress-specissue-slotboom.pdf</url></pdf-urls></urls></record><record><database name="NSCClibrary.enl" path="F:\NSCClibrary.enl">NSCClibrary.enl</database><source-app name="EndNote" version="17.1">EndNote</source-app><rec-number>2816</rec-number><foreign-keys><key app="EN" db-id="5s5ppfp52t55w0eadv7p5ss3vfxzs5fwwe5w">2816</key></foreign-keys><ref-type name="Newspaper Article">23</ref-type><contributors><authors><author><style face="normal" font="default" size="100%">Smith, Deborah</style></author></authors></contributors><titles><title><style face="normal" font="default" size="100%">Betrayal: When women sexually abuse children</style></title><secondary-title><style face="normal" font="default" size="100%">The Sydney Morning Herald</style></secondary-title></titles><keywords><keyword><style face="normal" font="default" size="100%">Female sex offenders</style></keyword><keyword><style face="normal" font="default" size="100%">Incest</style></keyword><keyword><style face="normal" font="default" size="100%">Intrafamilial sexual abuse</style></keyword><keyword><style face="normal" font="default" size="100%">Mother-Child Incest</style></keyword><keyword><style face="normal" font="default" size="100%">Mother-Child Relations</style></keyword></keywords><dates><year><style face="normal" font="default" size="100%">1993</style></year><pub-dates><date><style face="normal" font="default" size="100%">19 October 1993</style></date></pub-dates></dates><pub-location><style face="normal" font="default" size="100%">Sydney, Australia</style></pub-location><abstract><style face="normal" font="default" size="100%">Once it was unimaginable, but it is becoming increasingly apparent that sexual abuse of children is not perpetrated only by men.</style></abstract><urls><pdf-urls><url>internal-pdf://Smith 1993 - Betrayal when women-0074301441/Smith 1993 - Betrayal when women.pdf</url></pdf-urls></urls></record><record><database name="NSCClibrary.enl" path="F:\NSCClibrary.enl">NSCClibrary.enl</database><source-app name="EndNote" version="17.1">EndNote</source-app><rec-number>2018</rec-number><foreign-keys><key app="EN" db-id="5s5ppfp52t55w0eadv7p5ss3vfxzs5fwwe5w">2018</key></foreign-keys><ref-type name="Journal Article">17</ref-type><contributors><authors><author><style face="normal" font="default" size="100%">Travin, Sheldon</style></author><author><style face="normal" font="default" size="100%">Cullen, Ken</style></author><author><style face="normal" font="default" size="100%">Protter, Barry</style></author></authors></contributors><titles><title><style face="normal" font="default" size="100%">Female sex offenders: Severe victims and victimizers</style></title><secondary-title><style face="normal" font="default" size="100%">Journal of Forensic Sciences</style></secondary-title></titles><periodical><full-title><style face="normal" font="default" size="100%">Journal of Forensic Sciences</style></full-title></periodical><pages><style face="normal" font="default" size="100%">140-150</style></pages><volume><style face="normal" font="default" size="100%">35</style></volume><number><style face="normal" font="default" size="100%">1</style></number><keywords><keyword><style face="normal" font="default" size="100%">Female sex offenders</style></keyword><keyword><style face="normal" font="default" size="100%">Females who sexually abuse</style></keyword><keyword><style face="normal" font="default" size="100%">Paraphilia</style></keyword><keyword><style face="normal" font="default" size="100%">Sex offender treatment</style></keyword></keywords><dates><year><style face="normal" font="default" size="100%">1990</style></year></dates><abstract><style face="normal" font="default" size="100%">Although there is an extensive body of literature concerning male sexual offenders, there is a marked lack of articles describing sexual offenses committed by females. The authors present a review of the existing literature on this topic and describe five cases of female sexual offenders and four cases of female sexual abusers. Implications for the effective assessment and treatment of this unique population are discussed.</style></abstract><urls><pdf-urls><url>internal-pdf://femaleoffend-travin-2085350913/femaleoffend-travin.pdf</url></pdf-urls></urls></record><record><database name="NSCClibrary.enl" path="F:\NSCClibrary.enl">NSCClibrary.enl</database><source-app name="EndNote" version="17.1">EndNote</source-app><rec-number>2046</rec-number><foreign-keys><key app="EN" db-id="5s5ppfp52t55w0eadv7p5ss3vfxzs5fwwe5w">2046</key></foreign-keys><ref-type name="Journal Article">17</ref-type><contributors><authors><author><style face="normal" font="default" size="100%">Vess, J.</style></author></authors></contributors><titles><title><style face="normal" font="default" size="100%">Risk assessment with female sex offenders: Can women meet the criteria of community protection laws?</style></title><secondary-title><style face="normal" font="default" size="100%">Journal of Sexual Aggression</style></secondary-title></titles><periodical><full-title><style face="normal" font="default" size="100%">Journal of Sexual Aggression</style></full-title></periodical><pages><style face="normal" font="default" size="100%">77-91</style></pages><volume><style face="normal" font="default" size="100%">17</style></volume><number><style face="normal" font="default" size="100%">1</style></number><keywords><keyword><style face="normal" font="default" size="100%">Female sex offenders</style></keyword><keyword><style face="normal" font="default" size="100%">Risk assessment</style></keyword><keyword><style face="normal" font="default" size="100%">Recidivism</style></keyword></keywords><dates><year><style face="normal" font="default" size="100%">2011</style></year></dates><isbn><style face="normal" font="default" size="100%">1355-2600</style></isbn><abstract><style face="normal" font="default" size="100%">Although females represent a small proportion of the sex offender population, they occasionally appear before the courts under the current generation of laws intended to protect the public from high-risk sex offenders. In this context, practitioners are called upon to provide assessment of the risk these women pose for sexual re-offending. The primary issues addressed in this paper are related to the validity of conducting such risk assessments and providing professional opinions as to the risk of further sexual offences that may be committed by female offenders. The approach taken is to summarize briefly the available professional literature regarding female sex offenders, and then to present the findings of the relatively few empirical studies that address sexual recidivism in females. The final section examines the positions taken in the published works of various international experts regarding risk assessment with females, followed by conclusions and recommendations in light of the standards typically prescribed by community protection laws.</style></abstract><urls><pdf-urls><url>internal-pdf://jnlsexaggress-specissue-vess-3837650945/jnlsexaggress-specissue-vess.pdf</url></pdf-urls></urls></record><record><database name="NSCClibrary.enl" path="F:\NSCClibrary.enl">NSCClibrary.enl</database><source-app name="EndNote" version="17.1">EndNote</source-app><rec-number>2044</rec-number><foreign-keys><key app="EN" db-id="5s5ppfp52t55w0eadv7p5ss3vfxzs5fwwe5w">2044</key></foreign-keys><ref-type name="Journal Article">17</ref-type><contributors><authors><author><style face="normal" font="default" size="100%">Wijkman, Miriam</style></author><author><style face="normal" font="default" size="100%">Bijleveld, Catrien</style></author><author><style face="normal" font="default" size="100%">Hendriks, Jan</style></author></authors></contributors><titles><title><style face="normal" font="default" size="100%">Female sex offenders: Specialists, generalists and once-only offenders</style></title><secondary-title><style face="normal" font="default" size="100%">Journal of Sexual Aggression</style></secondary-title></titles><periodical><full-title><style face="normal" font="default" size="100%">Journal of Sexual Aggression</style></full-title></periodical><pages><style face="normal" font="default" size="100%">34-45</style></pages><volume><style face="normal" font="default" size="100%">17</style></volume><number><style face="normal" font="default" size="100%">1</style></number><keywords><keyword><style face="normal" font="default" size="100%">Female sex offenders</style></keyword></keywords><dates><year><style face="normal" font="default" size="100%">2011</style></year></dates><isbn><style face="normal" font="default" size="100%">1355-2600</style></isbn><abstract><style face="normal" font="default" size="100%">Little is known about the criminal careers of female sex offenders. A meta-analysis by Cortoni, Hanson and Coache revealed that about 1.5% of female sex offenders re-offend sexually. Even less is known about the extent to which female sex offenders’ criminal careers contain sex offences as well as other offences, i.e. the extent of specialisation in sex offending. This study examines the criminal careers of all female sex offenders prosecuted by the criminal justice authorities in the Netherlands in the period 1994-2005. A latent class analysis shows that three subgroups of women can be distinguished: once-only offenders (who commit just one sex offence and no other offence), generalists (who combine sex offending with relatively many serious other, often violent, offences) and specialists (who commit relatively many sex offences next to some minor offences). Women in these three criminal career types differ in characteristics such as victimisation history, alcohol abuse and the sex of the victims.</style></abstract><urls><pdf-urls><url>internal-pdf://jnlsexaggress-specissue-wijkman-0431648769/jnlsexaggress-specissue-wijkman.pdf</url></pdf-urls></urls></record><record><database name="NSCClibrary.enl" path="F:\NSCClibrary.enl">NSCClibrary.enl</database><source-app name="EndNote" version="17.1">EndNote</source-app><rec-number>2012</rec-number><foreign-keys><key app="EN" db-id="5s5ppfp52t55w0eadv7p5ss3vfxzs5fwwe5w">2012</key></foreign-keys><ref-type name="Conference Paper">47</ref-type><contributors><authors><author><style face="normal" font="default" size="100%">Wolfe, Florence A.</style></author></authors></contributors><titles><title><style face="normal" font="default" size="100%">Twelve female sexual offenders</style></title><secondary-title><style face="normal" font="default" size="100%">Next steps in research on the assessment and treatment of sexually aggressive persons (Paraphiliacs)</style></secondary-title></titles><pages><style face="normal" font="default" size="100%">12</style></pages><keywords><keyword><style face="normal" font="default" size="100%">Assessment</style></keyword><keyword><style face="normal" font="default" size="100%">Evaluation</style></keyword><keyword><style face="normal" font="default" size="100%">Female sex offenders</style></keyword><keyword><style face="normal" font="default" size="100%">Females who sexually abuse</style></keyword><keyword><style face="normal" font="default" size="100%">Sex offender treatment</style></keyword></keywords><dates><year><style face="normal" font="default" size="100%">1985</style></year><pub-dates><date><style face="normal" font="default" size="100%">March 3-5 1985</style></date></pub-dates></dates><pub-location><style face="normal" font="default" size="100%">St Louis, MO</style></pub-location><abstract><style face="normal" font="default" size="100%">Working in a large outpatient program which specialises in the evaluntion and trentment of sexual offenders, the author has assessed twelve female sexual offenders. These females represent a tiny proportion of the total number of sex offenders assessed during the past eight years, supporting Finkelhor and Russell&apos;s hypothesis that females commit a relatively small fraction of sexual offenses (Finkelhor, 1984). A review of the literature in regard to female sexual offenders reveals almost no information. A 1977 sexual assault literature analysis and annotated bibliography containing a total of 1472 citations contains four references on female offenders (Brodsky, et al., 1977). Two of these are single case studies, one discusses delinquent adolescent females (and observes that they do not commit sexual offenses at as high a rate as do delinquent adolescent males) and one discussion of sexual politics and treatment of women. Some psychoanalytic literature discusses this population; these are single case studies, one such example is a nineteen page study discussing fetishism in one female; the fetish object is a vibrator. McCarty (1981) presents data on women convicted of rape. This paper attempts to systematically present data on eleven child molesters and one accomplice to rape. It attempts to begin framing an answer to the oft heard question: &quot;What about female sex offenders?&quot;</style></abstract><urls><pdf-urls><url>internal-pdf://Wolfe 1985 - Twelve female offenders-3581042689/Wolfe 1985 - Twelve female offenders.pdf</url></pdf-urls></urls></record></records></xml>