<?xml version="1.0" encoding="UTF-8" ?><xml><records><record><database name="NSCClibrary.enl" path="F:\NSCClibrary.enl">NSCClibrary.enl</database><source-app name="EndNote" version="17.1">EndNote</source-app><rec-number>4021</rec-number><foreign-keys><key app="EN" db-id="5s5ppfp52t55w0eadv7p5ss3vfxzs5fwwe5w">4021</key></foreign-keys><ref-type name="Report">27</ref-type><contributors><authors><author><style face="normal" font="default" size="100%">Jenkins, Alan</style></author></authors></contributors><titles><title><style face="normal" font="default" size="100%">Criteria for assessing goal attainment by adult incest perpetrators</style></title></titles><keywords><keyword><style face="normal" font="default" size="100%">Goals</style></keyword></keywords><dates><year><style face="normal" font="default" size="100%">n.d.</style></year></dates><urls><pdf-urls><url>internal-pdf://Jenkins nd - Criteria for assessing-1171481600/Jenkins nd - Criteria for assessing.pdf</url></pdf-urls></urls></record></records></xml>