<?xml version="1.0" encoding="UTF-8" ?><xml><records><record><database name="NSCClibrary.enl" path="F:\NSCClibrary.enl">NSCClibrary.enl</database><source-app name="EndNote" version="17.1">EndNote</source-app><rec-number>926</rec-number><foreign-keys><key app="EN" db-id="5s5ppfp52t55w0eadv7p5ss3vfxzs5fwwe5w">926</key><key app="ENWeb" db-id="ThEeKwrtqggAAHqv064">4543</key></foreign-keys><ref-type name="Journal Article">17</ref-type><contributors><authors><author><style face="normal" font="default" size="100%">Bizzozero, Ilaria</style></author><author><style face="normal" font="default" size="100%">Capitani, Erminio</style></author><author><style face="normal" font="default" size="100%">Faglioni, Pietro</style></author><author><style face="normal" font="default" size="100%">Lucchelli, Federica</style></author><author><style face="normal" font="default" size="100%">Saetti, Maria C.</style></author><author><style face="normal" font="default" size="100%">Spinnler, Hans</style></author></authors></contributors><titles><title><style face="normal" font="default" size="100%">Recollection of public events in healthy people: A latent-variable stochastic approach to disentangling retrieval and storage</style></title><secondary-title><style face="normal" font="default" size="100%">Cortex</style></secondary-title></titles><periodical><full-title><style face="normal" font="default" size="100%">Cortex</style></full-title></periodical><pages><style face="normal" font="default" size="100%">150-160</style></pages><volume><style face="normal" font="default" size="100%">44</style></volume><number><style face="normal" font="default" size="100%">2</style></number><keywords><keyword><style face="normal" font="default" size="100%">Memory</style></keyword></keywords><dates><year><style face="normal" font="default" size="100%">2008</style></year></dates><isbn><style face="normal" font="default" size="100%">0010-9452</style></isbn><abstract><style face="normal" font="default" size="100%">Recollection of media-mediated past events was examined in 96 healthy participants to investigate the interaction between the age of the subject and the ‘‘age’’ of memories. The results provided evidence that people older than 75 years recall recent events significantly worse than remote ones. Younger participants (47–60 years old) showed the reverse pattern. The implementation of a Markov chains latent-variable stochastic model suggested that reduced efficiency of retrieval rather than storage processes accounts for these results. The findings were interpreted with reference to models of memory trace consolidation, assuming that memory for past public events is dependent on hippocampal structures.</style></abstract><urls><pdf-urls><url>internal-pdf://PublicEventsHealthy-0927527168/PublicEventsHealthy.pdf</url></pdf-urls></urls></record><record><database name="NSCClibrary.enl" path="F:\NSCClibrary.enl">NSCClibrary.enl</database><source-app name="EndNote" version="17.1">EndNote</source-app><rec-number>460</rec-number><foreign-keys><key app="EN" db-id="5s5ppfp52t55w0eadv7p5ss3vfxzs5fwwe5w">460</key><key app="ENWeb" db-id="ThEeKwrtqggAAHqv064">4542</key></foreign-keys><ref-type name="Journal Article">17</ref-type><contributors><authors><author><style face="normal" font="default" size="100%">Janssen, Steve M. J.</style></author><author><style face="normal" font="default" size="100%">Murre, Jaap M. J.</style></author><author><style face="normal" font="default" size="100%">Meeter, Martijn</style></author></authors></contributors><titles><title><style face="normal" font="default" size="100%">Reminiscence bump in memory for public events</style></title><secondary-title><style face="normal" font="default" size="100%">European Journal of Cognitive Psychology</style></secondary-title></titles><periodical><full-title><style face="normal" font="default" size="100%">European Journal of Cognitive Psychology</style></full-title></periodical><pages><style face="normal" font="default" size="100%">738-764</style></pages><volume><style face="normal" font="default" size="100%">20</style></volume><number><style face="normal" font="default" size="100%">4</style></number><keywords><keyword><style face="normal" font="default" size="100%">Memory</style></keyword></keywords><dates><year><style face="normal" font="default" size="100%">2008</style></year></dates><isbn><style face="normal" font="default" size="100%">0954-1446&#xD;1464-0635</style></isbn><abstract><style face="normal" font="default" size="100%">People tend to recall more personal events from adolescence and early adulthood than from other lifetime periods. Most evidence suggests that differential encoding causes this reminiscence bump. However, the question why personal events are encoded better in those periods is still unanswered. To shed more light on this discussion, we examined memory for public events. Since it is often impossible to ascertain that queried events are equally difficult, we circumvented the issue of equivalence by calculating deviation scores for each trial. We found that participants more frequently answered questions correctly about events that occurred in the period in which they were between 10 and 25 years old. Furthermore, we found that the reminiscence bump was more pronounced for cued recall than for recognition. We argue that these results support the biological account that events are stored better, because the memory system is working more efficiently during adolescence and early adulthood. These results do not falsify the other accounts for differential encoding, because they are not mutually exclusive.</style></abstract><urls><pdf-urls><url>internal-pdf://reminiscencebump-2682413313/reminiscencebump.pdf</url></pdf-urls></urls><electronic-resource-num><style face="normal" font="default" size="100%">10.1080/09541440701554409</style></electronic-resource-num></record><record><database name="NSCClibrary.enl" path="F:\NSCClibrary.enl">NSCClibrary.enl</database><source-app name="EndNote" version="17.1">EndNote</source-app><rec-number>458</rec-number><foreign-keys><key app="EN" db-id="5s5ppfp52t55w0eadv7p5ss3vfxzs5fwwe5w">458</key><key app="ENWeb" db-id="ThEeKwrtqggAAHqv064">4541</key></foreign-keys><ref-type name="Journal Article">17</ref-type><contributors><authors><author><style face="normal" font="default" size="100%">McKinnon, Margaret C.</style></author><author><style face="normal" font="default" size="100%">Black, Sandra E.</style></author><author><style face="normal" font="default" size="100%">Miller, Bruce</style></author><author><style face="normal" font="default" size="100%">Moscovitch, Morris</style></author><author><style face="normal" font="default" size="100%">Levine, Brian</style></author></authors></contributors><titles><title><style face="normal" font="default" size="100%">Autobiographical memory in semantic dementia: Implications for theories of limbic-neocortical interaction in remote memory</style></title><secondary-title><style face="normal" font="default" size="100%">Neuropsychologia</style></secondary-title></titles><periodical><full-title><style face="normal" font="default" size="100%">Neuropsychologia</style></full-title></periodical><pages><style face="normal" font="default" size="100%">2421-2429</style></pages><volume><style face="normal" font="default" size="100%">44</style></volume><number><style face="normal" font="default" size="100%">12</style></number><keywords><keyword><style face="normal" font="default" size="100%">Dissociative disorders</style></keyword><keyword><style face="normal" font="default" size="100%">Memory</style></keyword><keyword><style face="normal" font="default" size="100%">Trauma</style></keyword></keywords><dates><year><style face="normal" font="default" size="100%">2006</style></year></dates><isbn><style face="normal" font="default" size="100%">00283932</style></isbn><abstract><style face="normal" font="default" size="100%">We examined autobiographical memory performance in two patients with semantic dementia using a novel measure, the Autobiographical Interview [Levine, Svoboda, Hay, Winocur, &amp; Moscovitch (2002). Aging and autobiographical memory: Dissociating episodic from semantic retrieval. Psychology and Aging, 17, 677–689], that is capable of dissociating episodic and personal semantic recall under varying levels of retrieval support. Earlier reports indicated that patients with semantic dementia demonstrate autobiographical episodic memory loss following a “reverse gradient” by which recent memories are preserved relative to remote memories. We found limited evidence for this pattern at conditions of low retrieval support. When structured probing was provided, patients’ autobiographical memory performance was similar to that of controls. Retesting of one patient after 1 year indicated that retrieval support was insufficient to bolster performance following progressive prefrontal volume loss, as documented with quantified structural neuroimaging. These findings are discussed in relation to theories of limbic-neocortical interaction in autobiographical memory.</style></abstract><urls><pdf-urls><url>internal-pdf://autobiog-3789706753/autobiog.pdf</url></pdf-urls></urls><electronic-resource-num><style face="normal" font="default" size="100%">10.1016/j.neuropsychologia.2006.04.010</style></electronic-resource-num></record></records></xml>