<?xml version="1.0" encoding="UTF-8" ?><xml><records><record><database name="NSCClibrary.enl" path="F:\NSCClibrary.enl">NSCClibrary.enl</database><source-app name="EndNote" version="17.1">EndNote</source-app><rec-number>911</rec-number><foreign-keys><key app="EN" db-id="5s5ppfp52t55w0eadv7p5ss3vfxzs5fwwe5w">911</key><key app="ENWeb" db-id="ThEeKwrtqggAAHqv064">4540</key></foreign-keys><ref-type name="Book Section">5</ref-type><contributors><authors><author><style face="normal" font="default" size="100%">Christiansen, John R.</style></author><author><style face="normal" font="default" size="100%">Blake, Reed H.</style></author></authors><secondary-authors><author><style face="normal" font="default" size="100%">Horton, A.L.</style></author><author><style face="normal" font="default" size="100%">Johnson, B.L.</style></author><author><style face="normal" font="default" size="100%">Roundy, L.M.</style></author><author><style face="normal" font="default" size="100%">Williams, D.</style></author></secondary-authors></contributors><titles><title><style face="normal" font="default" size="100%">The grooming process in father-daughter incest</style></title><secondary-title><style face="normal" font="default" size="100%">The incest perpetrator: A family member no one wants to treat</style></secondary-title></titles><periodical><full-title><style face="normal" font="default" size="100%">The incest perpetrator: A family member no one wants to treat</style></full-title></periodical><pages><style face="normal" font="default" size="100%">88-98</style></pages><section><style face="normal" font="default" size="100%">6</style></section><keywords><keyword><style face="normal" font="default" size="100%">Father-daughter incest</style></keyword><keyword><style face="normal" font="default" size="100%">Grooming</style></keyword><keyword><style face="normal" font="default" size="100%">Incest</style></keyword><keyword><style face="normal" font="default" size="100%">Intrafamilial sexual abuse</style></keyword><keyword><style face="normal" font="default" size="100%">Tactics</style></keyword></keywords><dates><year><style face="normal" font="default" size="100%">1990</style></year></dates><pub-location><style face="normal" font="default" size="100%">London</style></pub-location><publisher><style face="normal" font="default" size="100%">Sage</style></publisher><isbn><style face="normal" font="default" size="100%">0803933916</style></isbn><abstract><style face="normal" font="default" size="100%">Considerable evidence indicates that father-daughter incest does not usually involve violence or severe force. Rather, it is a deliberately planned event. </style></abstract><urls><pdf-urls><url>internal-pdf://Father.Daughter.Incest-2092898816/Father.Daughter.Incest.pdf</url></pdf-urls></urls></record><record><database name="NSCClibrary.enl" path="F:\NSCClibrary.enl">NSCClibrary.enl</database><source-app name="EndNote" version="17.1">EndNote</source-app><rec-number>1931</rec-number><foreign-keys><key app="EN" db-id="5s5ppfp52t55w0eadv7p5ss3vfxzs5fwwe5w">1931</key><key app="ENWeb" db-id="ThEeKwrtqggAAHqv064">4928</key></foreign-keys><ref-type name="Book">6</ref-type><contributors><authors><author><style face="normal" font="default" size="100%">Clark, Haley</style></author><author><style face="normal" font="default" size="100%">Quadara, Antonia</style></author></authors></contributors><titles><title><style face="normal" font="default" size="100%">Insights into sexual assault perpetration: Giving voice to victim/survivors&apos; knowledge</style></title></titles><volume><style face="normal" font="default" size="100%">Research Report No. 18</style></volume><keywords><keyword><style face="normal" font="default" size="100%">Disclosure</style></keyword><keyword><style face="normal" font="default" size="100%">Grooming</style></keyword><keyword><style face="normal" font="default" size="100%">Sexual assault</style></keyword><keyword><style face="normal" font="default" size="100%">Survivors</style></keyword><keyword><style face="normal" font="default" size="100%">Tactics</style></keyword><keyword><style face="normal" font="default" size="100%">Victims</style></keyword></keywords><dates><year><style face="normal" font="default" size="100%">2010</style></year></dates><pub-location><style face="normal" font="default" size="100%">Melbourne, VIC</style></pub-location><publisher><style face="normal" font="default" size="100%">Australian Institute of Family Studies</style></publisher><isbn><style face="normal" font="default" size="100%">9781921414633</style></isbn><abstract><style face="normal" font="default" size="100%">The Giving Voice project adds to our understandings of sexual offending by asking victim/survivors how the sexual assault(s) they experienced happened; what factors they thought facilitated it; and what strategies, behaviours and tactics perpetrators used to offend against them. Building the evidence on how sexual assault occurs, and particularly the strategies used by men to perpetrate, can assist in the development of prevention initiatives.</style></abstract><urls><pdf-urls><url>internal-pdf://Clark et al 2010 - Insights into-0306095873/Clark et al 2010 - Insights into.pdf</url></pdf-urls></urls></record><record><database name="NSCClibrary.enl" path="F:\NSCClibrary.enl">NSCClibrary.enl</database><source-app name="EndNote" version="17.1">EndNote</source-app><rec-number>2749</rec-number><foreign-keys><key app="EN" db-id="5s5ppfp52t55w0eadv7p5ss3vfxzs5fwwe5w">2749</key></foreign-keys><ref-type name="Journal Article">17</ref-type><contributors><authors><author><style face="normal" font="default" size="100%">Conte, Jon R.</style></author><author><style face="normal" font="default" size="100%">Wolf, Steven</style></author><author><style face="normal" font="default" size="100%">Smith, Tim</style></author></authors></contributors><titles><title><style face="normal" font="default" size="100%">What sexual offenders tell us about prevention strategies</style></title><secondary-title><style face="normal" font="default" size="100%">Child Abuse &amp; Neglect</style></secondary-title></titles><periodical><full-title><style face="normal" font="default" size="100%">Child Abuse &amp; Neglect</style></full-title></periodical><pages><style face="normal" font="default" size="100%">293-301</style></pages><volume><style face="normal" font="default" size="100%">13</style></volume><number><style face="normal" font="default" size="100%">2</style></number><keywords><keyword><style face="normal" font="default" size="100%">Grooming</style></keyword><keyword><style face="normal" font="default" size="100%">Minimisation</style></keyword><keyword><style face="normal" font="default" size="100%">Prevention</style></keyword><keyword><style face="normal" font="default" size="100%">Sex offenders</style></keyword><keyword><style face="normal" font="default" size="100%">Survivors</style></keyword><keyword><style face="normal" font="default" size="100%">Tactics</style></keyword><keyword><style face="normal" font="default" size="100%">Victims</style></keyword></keywords><dates><year><style face="normal" font="default" size="100%">1989</style></year></dates><isbn><style face="normal" font="default" size="100%">0145-2134</style></isbn><abstract><style face="normal" font="default" size="100%">A sample of 20 adult sexual offenders were interviewed about the process whereby they selected, recruited, and maintained children in a sexual abuse situation. Offenders were selected if they were making “successful” progress in treatment in order that they might be less likely to distort their descriptions. Offenders were interviewed by their therapist in a community treatment program using a semi-structured interview guide. Results suggest that this sample of offenders claim a special ability to identify vulnerable children, to use that vulnerability to sexually use a child, that sexual abuse is inherently coercive, even though many offender statements minimise the level of coercion and violence, and that offenders systematically desensitise children to touch. Implications for prevention of sexual abuse are highlighted.</style></abstract><urls><pdf-urls><url>internal-pdf://Conte et al 1989 - What sexual offenders-3697300225/Conte et al 1989 - What sexual offenders.pdf</url></pdf-urls></urls></record><record><database name="NSCClibrary.enl" path="F:\NSCClibrary.enl">NSCClibrary.enl</database><source-app name="EndNote" version="17.1">EndNote</source-app><rec-number>2000</rec-number><foreign-keys><key app="EN" db-id="5s5ppfp52t55w0eadv7p5ss3vfxzs5fwwe5w">2000</key></foreign-keys><ref-type name="Journal Article">17</ref-type><contributors><authors><author><style face="normal" font="default" size="100%">Haynes-Seman, Clare</style></author><author><style face="normal" font="default" size="100%">Krugman, Ruchard D.</style></author></authors></contributors><titles><title><style face="normal" font="default" size="100%">Sexualized attention: Normal interaction or precursor to sexual abuse?</style></title><secondary-title><style face="normal" font="default" size="100%">American Journal of Orthopsychiatry</style></secondary-title></titles><periodical><full-title><style face="normal" font="default" size="100%">American Journal of Orthopsychiatry</style></full-title></periodical><pages><style face="normal" font="default" size="100%">238-245</style></pages><volume><style face="normal" font="default" size="100%">59</style></volume><number><style face="normal" font="default" size="100%">2</style></number><keywords><keyword><style face="normal" font="default" size="100%">Grooming</style></keyword><keyword><style face="normal" font="default" size="100%">Tactics</style></keyword></keywords><dates><year><style face="normal" font="default" size="100%">1989</style></year></dates><isbn><style face="normal" font="default" size="100%">1939-0025</style></isbn><abstract><style face="normal" font="default" size="100%">Sexualised attention is defined as a behavioural interaction between a caregiver and a preverbal child in which the adult appears to be sexually stimulated or involves the child in sexually stimulating games. Four cases involving parents whose infants had already exhibited physical signs of abuse or neglect are presented. Research and practice implications of this exploratory concept are discussed, and caution is urged with regard to its diagnostic application.</style></abstract><urls><pdf-urls><url>internal-pdf://sexualizedattention-1128670721/sexualizedattention.pdf</url></pdf-urls></urls></record><record><database name="NSCClibrary.enl" path="F:\NSCClibrary.enl">NSCClibrary.enl</database><source-app name="EndNote" version="17.1">EndNote</source-app><rec-number>3065</rec-number><foreign-keys><key app="EN" db-id="5s5ppfp52t55w0eadv7p5ss3vfxzs5fwwe5w">3065</key></foreign-keys><ref-type name="Journal Article">17</ref-type><contributors><authors><author><style face="normal" font="default" size="100%">Lang, Reuben A.</style></author><author><style face="normal" font="default" size="100%">Frenzel, Roy R.</style></author></authors></contributors><titles><title><style face="normal" font="default" size="100%">How sex offenders lure children</style></title><secondary-title><style face="normal" font="default" size="100%">Sexual Abuse: A Journal of Research and Treatment</style></secondary-title></titles><periodical><full-title><style face="normal" font="default" size="100%">Sexual Abuse: A Journal of Research and Treatment</style></full-title></periodical><pages><style face="normal" font="default" size="100%">303-317</style></pages><volume><style face="normal" font="default" size="100%">1</style></volume><number><style face="normal" font="default" size="100%">2</style></number><keywords><keyword><style face="normal" font="default" size="100%">Grooming</style></keyword><keyword><style face="normal" font="default" size="100%">Incest</style></keyword><keyword><style face="normal" font="default" size="100%">Paedophilia</style></keyword><keyword><style face="normal" font="default" size="100%">Sex offenders</style></keyword><keyword><style face="normal" font="default" size="100%">Tactics</style></keyword></keywords><dates><year><style face="normal" font="default" size="100%">1988</style></year></dates><isbn><style face="normal" font="default" size="100%">1079-0632</style></isbn><abstract><style face="normal" font="default" size="100%">Fifty-two incest and 50 pedophilic offenders, under sentence, were interviewed with respect to verbal and non-verbal strategies used to sexually seduce children. All sex offenders had received in-hospital treatment for six months to one year and were mostly non-defensive about various forms of enticement, exploitation or entrapment, including threats of harm, used to elicit eroticized responses from female children. A sizable number of incest (61%) and pedophilic offenders (58%) confided they felt powerful and in control. One third of men in each group relied on some element of gratuitous violence (e.g., pushing, grabbing, shoving or spanking) to force compliance from unwilling children. Forty-eight (94%) incestuous and thirty-seven (74%) pedophilic men either pretended, or believed, the child enjoyed sexual activity with them. Most sex offenders exhibited stereotypic thinking about sex with children. All incest offenders and nearly half of the pedophiles assaulted children in their own home. The findings point to the slow, but deliberate, &apos;grooming process&apos; used by men who erotically prefer children as sex partners over mature adults. Owing to their vulnerability, all children should be taught safety rules in the context of early sex education that promotes self-disclosure of any inappropriate sexual contact by a stranger, family member or trusted caregiver</style></abstract><urls><pdf-urls><url>internal-pdf://Lang et al 1988 - How sex offenders-0656310529/Lang et al 1988 - How sex offenders.pdf</url></pdf-urls></urls></record><record><database name="NSCClibrary.enl" path="F:\NSCClibrary.enl">NSCClibrary.enl</database><source-app name="EndNote" version="17.1">EndNote</source-app><rec-number>5036</rec-number><foreign-keys><key app="EN" db-id="5s5ppfp52t55w0eadv7p5ss3vfxzs5fwwe5w">5036</key></foreign-keys><ref-type name="Journal Article">17</ref-type><contributors><authors><author><style face="normal" font="default" size="100%">Leclerc, B.</style></author><author><style face="normal" font="default" size="100%">Cale, J.</style></author></authors></contributors><titles><title><style face="normal" font="default" size="100%">Adult sex offenders in youth-oriented institutions: Evidence on sexual victimisation experiences of offenders and their offending patterns</style></title><secondary-title><style face="normal" font="default" size="100%">Trends &amp; issues in crime and criminal justice</style></secondary-title></titles><periodical><full-title><style face="normal" font="default" size="100%">Trends &amp; issues in crime and criminal justice</style></full-title></periodical><number><style face="normal" font="default" size="100%">497</style></number><keywords><keyword><style face="normal" font="default" size="100%">Adults who sexually abuse</style></keyword><keyword><style face="normal" font="default" size="100%">Schools</style></keyword><keyword><style face="normal" font="default" size="100%">Youth groups</style></keyword><keyword><style face="normal" font="default" size="100%">Religion</style></keyword></keywords><dates><year><style face="normal" font="default" size="100%">2015</style></year></dates><isbn><style face="normal" font="default" size="100%">1836-2206</style></isbn><abstract><style face="normal" font="default" size="100%">Currently, minimal research has been conducted worldwide on the phenomenon of child sexual abuse in youth-oriented institutions, despite increasing number of accounts that are coming to the attention of authorities and the wider public on these sex crimes. Addressing the lack of research on these offenders and how they offend is critical in developing evidence-based knowledge that can better guide effective policies. One key reason for this lack of evidence is that access to these offenders is difficult to acquire in the first place. Indeed, it is likely that relatively few of these offenders have ever been identified (ie only those who have been caught) and those offenders who are caught are subject to intense media scrutiny, making these individuals apprehensive about participating in any research. In addition, current evidence suggests that a relatively small proportion of these offenders are responsible for offending against a disproportionately high number of victims (eg Erooga, Allnock and Telford 2012; Sullivan and Beech 2004). This again points towards the critical need for empirical research to inform prevention and safety initiatives adapted to youth-oriented institutional environments.</style></abstract><urls><related-urls><url><style face="normal" font="default" size="100%">http://aic.gov.au/publications/current%20series/tandi/481-500/tandi497.html</style></url></related-urls><pdf-urls><url>internal-pdf://0062393843/Adult sex offenders in youth-oriented institut.pdf</url></pdf-urls></urls></record><record><database name="NSCClibrary.enl" path="F:\NSCClibrary.enl">NSCClibrary.enl</database><source-app name="EndNote" version="17.1">EndNote</source-app><rec-number>3140</rec-number><foreign-keys><key app="EN" db-id="5s5ppfp52t55w0eadv7p5ss3vfxzs5fwwe5w">3140</key></foreign-keys><ref-type name="Conference Paper">47</ref-type><contributors><authors><author><style face="normal" font="default" size="100%">McCaghy, Charles H.</style></author></authors><secondary-authors><author><style face="normal" font="default" size="100%">Samson, Jean-Marc</style></author></secondary-authors></contributors><titles><title><style face="normal" font="default" size="100%">Social sources of verbalized motives for adult-child sexual contacts</style></title><secondary-title><style face="normal" font="default" size="100%">Enfance et sexualité: Actes du symposium international tenu</style></secondary-title></titles><pages><style face="normal" font="default" size="100%">712-725</style></pages><keywords><keyword><style face="normal" font="default" size="100%">Child sexual abuse</style></keyword><keyword><style face="normal" font="default" size="100%">Behaviour</style></keyword><keyword><style face="normal" font="default" size="100%">Grooming</style></keyword><keyword><style face="normal" font="default" size="100%">Socialisation</style></keyword><keyword><style face="normal" font="default" size="100%">Tactics</style></keyword></keywords><dates><year><style face="normal" font="default" size="100%">1980</style></year><pub-dates><date><style face="normal" font="default" size="100%">7-9 September 1979</style></date></pub-dates></dates><pub-location><style face="normal" font="default" size="100%">l&apos;Université du Québec à Montréal</style></pub-location><publisher><style face="normal" font="default" size="100%">Etudes vivantes</style></publisher><abstract><style face="normal" font="default" size="100%">Thus verbalised motives are important aspects of behaviour because they represent socially learned reason for acting in socially disapproved ways. The shoplifter who says &quot;the store can afford it&quot; is expressing more than rationalisation for past behaviour; he or she is saying that stealing is always appropriate in this specific situation. Such a motive does not arise out of thin air or from biological or mental abnormalities, nor is it invented by this particular individual. The motive already exists in society; the shoplifter has learned and accepted that motive to support previous and possibly future behaviour.</style></abstract><urls><pdf-urls><url>internal-pdf://McCaghy 1979 - Social sources of verbalized-3326342401/McCaghy 1979 - Social sources of verbalized.pdf</url></pdf-urls></urls><custom1><style face="normal" font="default" size="100%">Montreal</style></custom1></record><record><database name="NSCClibrary.enl" path="F:\NSCClibrary.enl">NSCClibrary.enl</database><source-app name="EndNote" version="17.1">EndNote</source-app><rec-number>3211</rec-number><foreign-keys><key app="EN" db-id="5s5ppfp52t55w0eadv7p5ss3vfxzs5fwwe5w">3211</key></foreign-keys><ref-type name="Journal Article">17</ref-type><contributors><authors><author><style face="normal" font="default" size="100%">Niederberger, Josef Martin</style></author></authors></contributors><titles><title><style face="normal" font="default" size="100%">The perpetrator&apos;s strategy as a crucial variable: A representative study of sexual abuse of girls and its sequelae in Switzerland</style></title><secondary-title><style face="normal" font="default" size="100%">Child Abuse &amp; Neglect</style></secondary-title></titles><periodical><full-title><style face="normal" font="default" size="100%">Child Abuse &amp; Neglect</style></full-title></periodical><pages><style face="normal" font="default" size="100%">55-71</style></pages><volume><style face="normal" font="default" size="100%">26</style></volume><number><style face="normal" font="default" size="100%">1</style></number><keywords><keyword><style face="normal" font="default" size="100%">Blame</style></keyword><keyword><style face="normal" font="default" size="100%">Child sexual abuse</style></keyword><keyword><style face="normal" font="default" size="100%">Grooming</style></keyword><keyword><style face="normal" font="default" size="100%">Sex offenders</style></keyword><keyword><style face="normal" font="default" size="100%">Tactics</style></keyword></keywords><dates><year><style face="normal" font="default" size="100%">2002</style></year></dates><isbn><style face="normal" font="default" size="100%">0145-2134</style></isbn><abstract><style face="normal" font="default" size="100%">Objective: Little is known about the long-term consequences of “soft” perpetrator strategies. The purpose of the present study is to assess the consequences of love-bargaining strategies compared to those involving force. Method:A representative sample of 980 women, aged 20 to 40 years, in the German-speaking part of Switzerland was asked questions regarding psychosomatic well-being, sexual actions, and perpetratorstrategies, as well as motivations for tolerating long periods of abuse. The answers regarding strategies were factor analysed. The effect on psychosomatic well-being was determined by means of stepwise regression analysis and correlation analysis. Results: The prevalence of child sexual abuse (CSA) was 39.8% overall and 14.7% for severe abuse. Using the three variables love-bargaining strategy, self-blaming, and need for affection, an adjusted R2 of .44 was reached in the 3rd step as a dependent variable with a General Symptomatic Index (GSI) calculated from an abbreviated version of the SCL-90-R. The first of the three variables mentioned was by far the most influential. Force was not included in the equation but was closely correlated on a bivariate level with the SCL-90 partial scale “anxiety.” Conclusions: The consequences of CSA produced by the use of soft strategies have been underestimated in the past.</style></abstract><urls><pdf-urls><url>internal-pdf://Niederberger 2002 - The perpetrators strategy-2670121985/Niederberger 2002 - The perpetrators strategy.pdf</url></pdf-urls></urls></record><record><database name="NSCClibrary.enl" path="F:\NSCClibrary.enl">NSCClibrary.enl</database><source-app name="EndNote" version="17.1">EndNote</source-app><rec-number>4784</rec-number><foreign-keys><key app="EN" db-id="5s5ppfp52t55w0eadv7p5ss3vfxzs5fwwe5w">4784</key></foreign-keys><ref-type name="Journal Article">17</ref-type><contributors><authors><author><style face="normal" font="default" size="100%">Reid, Joan A.</style></author></authors></contributors><titles><title><style face="normal" font="default" size="100%">Entrapment and Enmeshment Schemes Used by Sex Traffickers</style></title><secondary-title><style face="normal" font="default" size="100%">Sexual Abuse: A Journal of Research and Treatment</style></secondary-title></titles><periodical><full-title><style face="normal" font="default" size="100%">Sexual Abuse: A Journal of Research and Treatment</style></full-title></periodical><keywords><keyword><style face="normal" font="default" size="100%">Sex trafficking</style></keyword><keyword><style face="normal" font="default" size="100%">Prostitution</style></keyword><keyword><style face="normal" font="default" size="100%">Trauma bonding</style></keyword><keyword><style face="normal" font="default" size="100%">Girls</style></keyword></keywords><dates><year><style face="normal" font="default" size="100%">2014</style></year><pub-dates><date><style face="normal" font="default" size="100%">July 29, 2014</style></date></pub-dates></dates><abstract><style face="normal" font="default" size="100%">Emerging research suggests that sex traffickers/pimps control the majority of trafficked girls in the United States. The youthfulness of these victims and their lack of psychosocial maturity severely diminish their ability to detect exploitative motives or withstand manipulation of traffickers. A review of 43 cases of sexually exploited girls involving non-relative traffickers and 10 semi-structured interviews with social service providers revealed numerous scripts and schemes used by sex traffickers to entrap and entangle victims including boyfriend/lover scripts, ruses involving debt bondage, friendship or faux-family scripts, threats of forced abortion or to take away children, and coerced co-offending. These findings inform potential prevention efforts and highlight the need for multi-systemic, victim-centered approaches to intervention.</style></abstract><urls><pdf-urls><url>internal-pdf://0369856100/Reid2014Entrapment.pdf</url></pdf-urls></urls><electronic-resource-num><style face="normal" font="default" size="100%">10.1177/1079063214544334</style></electronic-resource-num></record><record><database name="NSCClibrary.enl" path="F:\NSCClibrary.enl">NSCClibrary.enl</database><source-app name="EndNote" version="17.1">EndNote</source-app><rec-number>2001</rec-number><foreign-keys><key app="EN" db-id="5s5ppfp52t55w0eadv7p5ss3vfxzs5fwwe5w">2001</key></foreign-keys><ref-type name="Journal Article">17</ref-type><contributors><authors><author><style face="normal" font="default" size="100%">Rogers, Gerald</style></author><author><style face="normal" font="default" size="100%">Renshaw, Kaye</style></author></authors></contributors><titles><title><style face="normal" font="default" size="100%">Covert communication between sex offenders and their child victims</style></title><secondary-title><style face="normal" font="default" size="100%">Sexual Abuse: A Journal of Research and Treatment</style></secondary-title></titles><periodical><full-title><style face="normal" font="default" size="100%">Sexual Abuse: A Journal of Research and Treatment</style></full-title></periodical><pages><style face="normal" font="default" size="100%">185-198</style></pages><volume><style face="normal" font="default" size="100%">6</style></volume><number><style face="normal" font="default" size="100%">3</style></number><keywords><keyword><style face="normal" font="default" size="100%">Child sexual abuse</style></keyword><keyword><style face="normal" font="default" size="100%">Communication</style></keyword><keyword><style face="normal" font="default" size="100%">Grooming</style></keyword><keyword><style face="normal" font="default" size="100%">Reunification</style></keyword><keyword><style face="normal" font="default" size="100%">Victims</style></keyword><keyword><style face="normal" font="default" size="100%">Tactics</style></keyword></keywords><dates><year><style face="normal" font="default" size="100%">1993</style></year></dates><isbn><style face="normal" font="default" size="100%">1079-0632</style></isbn><abstract><style face="normal" font="default" size="100%">Covert communication between sex offenders and their child victims was examined. It was expected that sex offenders would acknowledge covert methods of communicating to their child victims (1) &quot;an intent to molest&quot; and (2) &quot;a warning of silence&quot;. Data were gathered in open ended, self report format from a known group of child sexual offenders. Examination of the data revealed that a significant number of the participants acknowledged the utilisation of covert methods of communicating to their child victims that they intended to molest them. The data further indicated that while 50% of the participants utilised overt methods of communicating a warning of silence to child victims, covert methods of communication were also used with significant frequency. The importance of the recognition of such covert communication is discussed in terms of protecting the child victim from post-disclosure revictimisation; in the courtroom, in supervised or unsupervised visitation, and in reunification of the family.</style></abstract><urls><pdf-urls><url>internal-pdf://covertcommunication-3261887745/covertcommunication.pdf</url></pdf-urls></urls></record><record><database name="NSCClibrary.enl" path="F:\NSCClibrary.enl">NSCClibrary.enl</database><source-app name="EndNote" version="17.1">EndNote</source-app><rec-number>1313</rec-number><foreign-keys><key app="EN" db-id="5s5ppfp52t55w0eadv7p5ss3vfxzs5fwwe5w">1313</key><key app="ENWeb" db-id="ThEeKwrtqggAAHqv064">4255</key></foreign-keys><ref-type name="Book">6</ref-type><contributors><authors><author><style face="normal" font="default" size="100%">Salter, Anna C.</style></author></authors></contributors><titles><title><style face="normal" font="default" size="100%">Transforming trauma: A guide to understanding and treating adult survivors of child sexual abuse</style></title></titles><keywords><keyword><style face="normal" font="default" size="100%">Grooming</style></keyword><keyword><style face="normal" font="default" size="100%">Intervention</style></keyword><keyword><style face="normal" font="default" size="100%">Tactics</style></keyword><keyword><style face="normal" font="default" size="100%">Adult survivors</style></keyword></keywords><dates><year><style face="normal" font="default" size="100%">1995</style></year></dates><pub-location><style face="normal" font="default" size="100%">Thousand Oaks, California</style></pub-location><publisher><style face="normal" font="default" size="100%">Sage Publications</style></publisher><isbn><style face="normal" font="default" size="100%">080395509X</style></isbn><abstract><style face="normal" font="default" size="100%">Practitioners helping adult survivors of child sexual abuse need to be aware of the thought processes of offenders. The premise of Anna Salter&apos;s major book is that those who do not recognize an internalized perpetrator when they hear one will often be frustrated by the tenacity of the survivor&apos;s self blame.&#xD;&#xD;Primarily oriented towards treating adult survivors, this invaluable book will also be useful for treating sex offenders. It includes discussion of crucial issues such as: what clinicians who treat survivors need to know about sex offenders; the different ways sadistic and nonsadistic offenders think and the resulting different `footprints&apos; they leave in the heads of survivors; how trauma affects survivors&apos; world-views.&#xD;&#xD;Contents include:&#xD;What Do We Know about Sex Offenders and What Does It Mean? &#x9;&#xD;The Deviant Cycle &#x9;&#xD;Sadistic versus Nonsadistic Offenders and Their Effects on Victims &#x9;&#xD;Apology and Forgiveness in the Context of the Cycles of Adult Male Sex Offenders Who Abuse Children &#x9;&#xD;Footprints on the Heart &#x9;&#xD;Effects of Child Sexual Abuse on Emotions &#x9;&#xD;Sex Offenders in the Head &#x9;&#xD;Effects of Child Sexual Abuse on Victim Thinking &#x9;&#xD;Managing Chronic Pain &#x9;&#xD;Links between Offenders and Victims &#x9;&#xD;Summing Up &#x9;&#xD;Crossing Open Ground &#x9;&#xD;Trauma and Transformation &#x9;&#xD;Epilogue</style></abstract><notes><style face="normal" font="default" size="100%">Held at Cedar Cottage Library - 1 copy&#xD;Held at New Street, Sydney - 1 copy&#xD;Held at Rural New Street Adolescent Service, Newcastle - 1 copy&#xD;Chapter 2 - The Deviant Cycle (pp. 36-103) attached</style></notes><urls><pdf-urls><url>internal-pdf://Salter 1995 - Transforming trauma ch2-2894731265/Salter 1995 - Transforming trauma ch2.pdf</url></pdf-urls></urls></record><record><database name="NSCClibrary.enl" path="F:\NSCClibrary.enl">NSCClibrary.enl</database><source-app name="EndNote" version="17.1">EndNote</source-app><rec-number>3153</rec-number><foreign-keys><key app="EN" db-id="5s5ppfp52t55w0eadv7p5ss3vfxzs5fwwe5w">3153</key></foreign-keys><ref-type name="Journal Article">17</ref-type><contributors><authors><author><style face="normal" font="default" size="100%">Singer, Mark I.</style></author><author><style face="normal" font="default" size="100%">Hussey, David</style></author><author><style face="normal" font="default" size="100%">Strom, Kimberly J.</style></author></authors></contributors><titles><title><style face="normal" font="default" size="100%">Grooming the victim: An analysis of a perpetrator&apos;s seduction letter</style></title><secondary-title><style face="normal" font="default" size="100%">Child Abuse &amp; Neglect</style></secondary-title></titles><periodical><full-title><style face="normal" font="default" size="100%">Child Abuse &amp; Neglect</style></full-title></periodical><pages><style face="normal" font="default" size="100%">877-886</style></pages><volume><style face="normal" font="default" size="100%">16</style></volume><number><style face="normal" font="default" size="100%">6</style></number><keywords><keyword><style face="normal" font="default" size="100%">Adolescents</style></keyword><keyword><style face="normal" font="default" size="100%">Grooming</style></keyword><keyword><style face="normal" font="default" size="100%">Male survivors</style></keyword><keyword><style face="normal" font="default" size="100%">Male victims</style></keyword><keyword><style face="normal" font="default" size="100%">Tactics</style></keyword><keyword><style face="normal" font="default" size="100%">Victimisation</style></keyword></keywords><dates><year><style face="normal" font="default" size="100%">1992</style></year></dates><isbn><style face="normal" font="default" size="100%">0145-2134</style></isbn><abstract><style face="normal" font="default" size="100%">The authors review the current literature on the sexual victimisation of adolescent males with attention given to victim characteristics and victim selection factors and strategies. Following this review, a letter written by a middle-aged man to entice a teenage boy into sexual activity is presented and analysed. The strategy used by the letter-writer is to refute the usual reservations a teenage boy might have about engaging in sexual activity with a man. The approach used in the letter and the ensuing analysis are generalisable to teenage boys experiencing similar encounters and highlight the sophisticated seduction and grooming strategies used to sexually victimise adolescent males.</style></abstract><urls><pdf-urls><url>internal-pdf://Singer et al 1992 - Grooming the victim-1260521984/Singer et al 1992 - Grooming the victim.pdf</url></pdf-urls></urls></record><record><database name="NSCClibrary.enl" path="F:\NSCClibrary.enl">NSCClibrary.enl</database><source-app name="EndNote" version="17.1">EndNote</source-app><rec-number>1936</rec-number><foreign-keys><key app="EN" db-id="5s5ppfp52t55w0eadv7p5ss3vfxzs5fwwe5w">1936</key><key app="ENWeb" db-id="ThEeKwrtqggAAHqv064">4933</key></foreign-keys><ref-type name="Book">6</ref-type><contributors><authors><author><style face="normal" font="default" size="100%">Smallbone, Stephen</style></author><author><style face="normal" font="default" size="100%">Wortley, Richard K.</style></author></authors></contributors><titles><title><style face="normal" font="default" size="100%">Child sexual abuse in Queensland: Offender characteristics and modus operandi</style></title></titles><volume><style face="normal" font="default" size="100%">2</style></volume><keywords><keyword><style face="normal" font="default" size="100%">Child sexual abuse</style></keyword><keyword><style face="normal" font="default" size="100%">Grooming</style></keyword><keyword><style face="normal" font="default" size="100%">Investigation</style></keyword><keyword><style face="normal" font="default" size="100%">Modus operandi</style></keyword><keyword><style face="normal" font="default" size="100%">Paraphilia</style></keyword><keyword><style face="normal" font="default" size="100%">Prevention</style></keyword><keyword><style face="normal" font="default" size="100%">Sex offenders</style></keyword><keyword><style face="normal" font="default" size="100%">Tactics</style></keyword></keywords><dates><year><style face="normal" font="default" size="100%">2000</style></year></dates><pub-location><style face="normal" font="default" size="100%">Milton, Qld</style></pub-location><publisher><style face="normal" font="default" size="100%">Queensland Crime Commission and Queensland Police Service</style></publisher><isbn><style face="normal" font="default" size="100%">0957821123</style></isbn><abstract><style face="normal" font="default" size="100%">The present study aimed to gather both official demographic and offence history data, and confidential self-report data, from a large sample of men currently serving sentences in Queensland for sexual offences against children. In particular, the study aimed to investigate a number of features that were considered to be of theoretical and practical significance, and which might inform preventative, investigative and corrective efforts, namely: offenders’ psychosocial and psychosexual histories; differences between official and unofficial rates of child sexual offending; the extent of offenders’ non-sexual criminal activity; the extent to which offenders have engaged in multiple ‘paraphilias’ (e.g. exhibitionism, voyeurism, fetishism); the offenders’ modus operandi (e.g. victim recruitment strategies; abusive behaviours; methods of avoiding detection); and, the extent of formal and informal networking among offenders, including a) their knowledge and/or membership of paedophile organisations, b) their use of the internet for communication and access to child pornography, and c) the role of the prison environment in facilitating collaboration with other offenders.</style></abstract><urls><pdf-urls><url>internal-pdf://child_sexual_abuse_2000_in_queensland_offender_characteristi_1-0834726913/child_sexual_abuse_2000_in_queensland_offender_characteristi_1.pdf</url></pdf-urls></urls></record><record><database name="NSCClibrary.enl" path="F:\NSCClibrary.enl">NSCClibrary.enl</database><source-app name="EndNote" version="17.1">EndNote</source-app><rec-number>3347</rec-number><foreign-keys><key app="EN" db-id="5s5ppfp52t55w0eadv7p5ss3vfxzs5fwwe5w">3347</key></foreign-keys><ref-type name="Journal Article">17</ref-type><contributors><authors><author><style face="normal" font="default" size="100%">Smallbone, Stephen W.</style></author><author><style face="normal" font="default" size="100%">Milne, Lynley</style></author></authors></contributors><titles><title><style face="normal" font="default" size="100%">Associations between trait anger and aggression used in the commission of sexual offenses</style></title><secondary-title><style face="normal" font="default" size="100%">International Journal of Offender Therapy and Comparative Criminology</style></secondary-title></titles><periodical><full-title><style face="normal" font="default" size="100%">International Journal of Offender Therapy and Comparative Criminology</style></full-title></periodical><pages><style face="normal" font="default" size="100%">606</style></pages><volume><style face="normal" font="default" size="100%">44</style></volume><number><style face="normal" font="default" size="100%">5</style></number><keywords><keyword><style face="normal" font="default" size="100%">Aggression</style></keyword><keyword><style face="normal" font="default" size="100%">Anger</style></keyword><keyword><style face="normal" font="default" size="100%">Extrafamilial sexual abuse</style></keyword><keyword><style face="normal" font="default" size="100%">Incest</style></keyword><keyword><style face="normal" font="default" size="100%">Intrafamilial sexual abuse</style></keyword><keyword><style face="normal" font="default" size="100%">Rape</style></keyword></keywords><dates><year><style face="normal" font="default" size="100%">2000</style></year></dates><isbn><style face="normal" font="default" size="100%">0306-624X</style></isbn><abstract><style face="normal" font="default" size="100%">Archival data on 110 incarcerated adult sexual offenders were used to examine associations between trait anger and type and level of aggression used in the commission of their sexual offenses. Intrafamilial child molesters (n = 43), extrafamilial child molesters (n = 35), and rapists (n = 32) did not differ in trait anger. In the combined group, significant associations were found between trait anger and verbal aggression, but not between trait anger and physical aggression. Offenders who used threats of death had higher levels of trait anger temperament, anger reaction, and anger directed outward, and lower levels of anger control than those who had used no verbal aggression. The absence of association between trait anger and physical aggression suggests that physical aggression employed in the commission of sexual offenses may be largely instrumental. Implications for engaging sexual offenders in anger management intervention, and for victim resistance to sexual assaults, are considered.</style></abstract><urls><pdf-urls><url>internal-pdf://Smallbone et al 2000 - Associations between trait-1717726976/Smallbone et al 2000 - Associations between trait.pdf</url></pdf-urls></urls></record><record><database name="NSCClibrary.enl" path="F:\NSCClibrary.enl">NSCClibrary.enl</database><source-app name="EndNote" version="17.1">EndNote</source-app><rec-number>3617</rec-number><foreign-keys><key app="EN" db-id="5s5ppfp52t55w0eadv7p5ss3vfxzs5fwwe5w">3617</key></foreign-keys><ref-type name="Journal Article">17</ref-type><contributors><authors><author><style face="normal" font="default" size="100%">Stanley, Janet</style></author></authors></contributors><titles><title><style face="normal" font="default" size="100%">Child abuse and the Internet</style></title><secondary-title><style face="normal" font="default" size="100%">Child Abuse Prevention Issues</style></secondary-title></titles><periodical><full-title><style face="normal" font="default" size="100%">Child abuse prevention issues</style></full-title></periodical><volume><style face="normal" font="default" size="100%">15</style></volume><number><style face="normal" font="default" size="100%">Summer</style></number><section><style face="normal" font="default" size="100%">1-18</style></section><keywords><keyword><style face="normal" font="default" size="100%">Child abuse</style></keyword><keyword><style face="normal" font="default" size="100%">Grooming</style></keyword><keyword><style face="normal" font="default" size="100%">Internet</style></keyword><keyword><style face="normal" font="default" size="100%">Paedophilia</style></keyword><keyword><style face="normal" font="default" size="100%">Tactics</style></keyword></keywords><dates><year><style face="normal" font="default" size="100%">2001</style></year></dates><publisher><style face="normal" font="default" size="100%">Australian Institute of Family Studies</style></publisher><abstract><style face="normal" font="default" size="100%">The past decade has seen rapid development and exponential growth in the use of electronic, computer-based communication and information sharing via the internet, particularly across the western world. Clearly there are many benefits that result from internet usage, but until recently there has been little recognition of the dangers that may also result from the use of such technology. There is now growing evidence that the internet is a new medium through which some commonly recognised forms of child maltreatment, sexual and emotional abuse, may be pursued. In this paper the relationship between child abuse and the internet is explored, in particular: child sexual exploitation; children’s exposure to sexually explicit or offensive material; and the use of the internet by paedophiles to legitimise, reinforce and facilitate their sexual activities. Current efforts to prevent internet-related child abuse are described. These can be broadly categorised as: the monitoring and criminal prosecution of offenders; community education; the restriction of children’s access to offensive material on the internet; and the regulation of the internet industry. The paper concludes with a series of recommendations for further action.</style></abstract><urls><pdf-urls><url>internal-pdf://Stanley 2001 - Child abuse and the internet-0952206336/Stanley 2001 - Child abuse and the internet.pdf</url></pdf-urls></urls></record></records></xml>