<?xml version="1.0" encoding="UTF-8" ?><xml><records><record><database name="NSCClibrary.enl" path="F:\NSCClibrary.enl">NSCClibrary.enl</database><source-app name="EndNote" version="17.1">EndNote</source-app><rec-number>4688</rec-number><foreign-keys><key app="EN" db-id="5s5ppfp52t55w0eadv7p5ss3vfxzs5fwwe5w">4688</key></foreign-keys><ref-type name="Book Section">5</ref-type><contributors><authors><author><style face="normal" font="default" size="100%">Browne, Kevin D.</style></author></authors></contributors><titles><title><style face="normal" font="default" size="100%">Working to Prevent Sexual Abuse in the Family</style></title><secondary-title><style face="normal" font="default" size="100%">Assessment and Treatment of Sex Offenders</style></secondary-title></titles><pages><style face="normal" font="default" size="100%">490-514</style></pages><keywords><keyword><style face="normal" font="default" size="100%">Incest</style></keyword><keyword><style face="normal" font="default" size="100%">Intrafamilial sexual abuse</style></keyword><keyword><style face="normal" font="default" size="100%">Intimate partner violence</style></keyword></keywords><dates><year><style face="normal" font="default" size="100%">2009</style></year></dates><publisher><style face="normal" font="default" size="100%">John Wiley &amp; Sons, Ltd.</style></publisher><isbn><style face="normal" font="default" size="100%">9780470714362</style></isbn><abstract><style face="normal" font="default" size="100%">This chapter contains sections titled: * Introduction * Social Policy and Legislation * The Extent of Sexual Offences against Children * Sex Offenders who Abuse Children in the Family * Sexual Maltreatment by Siblings * Intimate Partner Rape * Links between Spouse Abuse and Child Abuse * Long-Term Effects of Sexual Abuse in the Family * Prevention * Working with Families to Prevent Sexual Abuse * Treatment of Sex Offenders * Conclusions</style></abstract><urls><pdf-urls><url>internal-pdf://3407246554/Browne2009Working.pdf</url></pdf-urls></urls><electronic-resource-num><style face="normal" font="default" size="100%">10.1002/9780470714362.ch26</style></electronic-resource-num></record><record><database name="NSCClibrary.enl" path="F:\NSCClibrary.enl">NSCClibrary.enl</database><source-app name="EndNote" version="17.1">EndNote</source-app><rec-number>4634</rec-number><foreign-keys><key app="EN" db-id="5s5ppfp52t55w0eadv7p5ss3vfxzs5fwwe5w">4634</key></foreign-keys><ref-type name="Electronic Book">44</ref-type><contributors><authors><author><style face="normal" font="default" size="100%">Carmody, Moira</style></author></authors></contributors><titles><title><style face="normal" font="default" size="100%">Conceptualising the prevention of sexual assault and the role of education</style></title><tertiary-title><style face="normal" font="default" size="100%">ACSSA Issues</style></tertiary-title></titles><pages><style face="normal" font="default" size="100%">1-19 </style></pages><volume><style face="normal" font="default" size="100%">10</style></volume><keywords><keyword><style face="normal" font="default" size="100%">Sexual assault</style></keyword><keyword><style face="normal" font="default" size="100%">Education</style></keyword><keyword><style face="normal" font="default" size="100%">Sexual violence</style></keyword></keywords><dates><year><style face="normal" font="default" size="100%">2009</style></year></dates><pub-location><style face="normal" font="default" size="100%">Melbourne, VIC</style></pub-location><publisher><style face="normal" font="default" size="100%">Australian Institute of Family Studies</style></publisher><isbn><style face="normal" font="default" size="100%">9781921414169</style></isbn><abstract><style face="normal" font="default" size="100%">The first purpose of this ACSSA ISSUES paper is to consider the historical shifts that have occurred as a result of 1970s feminist campaigns that challenged the silence about the privatised nature of sexual assault: these shifts have been central to how the goal of prevention is understood. This paper begins by tracing some of the key theoretical and conceptual shifts that have occurred in the goal to prevent sexual assault. The first secion explores the evolution of ideas in how to prevent sexual assault. The author trace the role of feminist campaigns in gaining public recognition of the issue, the strategies used and the theoretical ideas that informed these developments. The author then consider local, national and international frameworks that promote multisectoral responses to sexual assault. </style></abstract><urls><pdf-urls><url>internal-pdf://2285015635/Carmody2009Conceptualising.pdf</url></pdf-urls></urls></record><record><database name="NSCClibrary.enl" path="F:\NSCClibrary.enl">NSCClibrary.enl</database><source-app name="EndNote" version="17.1">EndNote</source-app><rec-number>2749</rec-number><foreign-keys><key app="EN" db-id="5s5ppfp52t55w0eadv7p5ss3vfxzs5fwwe5w">2749</key></foreign-keys><ref-type name="Journal Article">17</ref-type><contributors><authors><author><style face="normal" font="default" size="100%">Conte, Jon R.</style></author><author><style face="normal" font="default" size="100%">Wolf, Steven</style></author><author><style face="normal" font="default" size="100%">Smith, Tim</style></author></authors></contributors><titles><title><style face="normal" font="default" size="100%">What sexual offenders tell us about prevention strategies</style></title><secondary-title><style face="normal" font="default" size="100%">Child Abuse &amp; Neglect</style></secondary-title></titles><periodical><full-title><style face="normal" font="default" size="100%">Child Abuse &amp; Neglect</style></full-title></periodical><pages><style face="normal" font="default" size="100%">293-301</style></pages><volume><style face="normal" font="default" size="100%">13</style></volume><number><style face="normal" font="default" size="100%">2</style></number><keywords><keyword><style face="normal" font="default" size="100%">Grooming</style></keyword><keyword><style face="normal" font="default" size="100%">Minimisation</style></keyword><keyword><style face="normal" font="default" size="100%">Prevention</style></keyword><keyword><style face="normal" font="default" size="100%">Sex offenders</style></keyword><keyword><style face="normal" font="default" size="100%">Survivors</style></keyword><keyword><style face="normal" font="default" size="100%">Tactics</style></keyword><keyword><style face="normal" font="default" size="100%">Victims</style></keyword></keywords><dates><year><style face="normal" font="default" size="100%">1989</style></year></dates><isbn><style face="normal" font="default" size="100%">0145-2134</style></isbn><abstract><style face="normal" font="default" size="100%">A sample of 20 adult sexual offenders were interviewed about the process whereby they selected, recruited, and maintained children in a sexual abuse situation. Offenders were selected if they were making “successful” progress in treatment in order that they might be less likely to distort their descriptions. Offenders were interviewed by their therapist in a community treatment program using a semi-structured interview guide. Results suggest that this sample of offenders claim a special ability to identify vulnerable children, to use that vulnerability to sexually use a child, that sexual abuse is inherently coercive, even though many offender statements minimise the level of coercion and violence, and that offenders systematically desensitise children to touch. Implications for prevention of sexual abuse are highlighted.</style></abstract><urls><pdf-urls><url>internal-pdf://Conte et al 1989 - What sexual offenders-3697300225/Conte et al 1989 - What sexual offenders.pdf</url></pdf-urls></urls></record><record><database name="NSCClibrary.enl" path="F:\NSCClibrary.enl">NSCClibrary.enl</database><source-app name="EndNote" version="17.1">EndNote</source-app><rec-number>2835</rec-number><foreign-keys><key app="EN" db-id="5s5ppfp52t55w0eadv7p5ss3vfxzs5fwwe5w">2835</key></foreign-keys><ref-type name="Journal Article">17</ref-type><contributors><authors><author><style face="normal" font="default" size="100%">Daro, Deborah</style></author></authors></contributors><titles><title><style face="normal" font="default" size="100%">Child sexual abuse prevention: Separating fact from fiction</style></title><secondary-title><style face="normal" font="default" size="100%">Child Abuse and Neglect: The International Journal</style></secondary-title></titles><periodical><full-title><style face="normal" font="default" size="100%">Child Abuse and Neglect: The International Journal</style></full-title></periodical><pages><style face="normal" font="default" size="100%">1-4</style></pages><volume><style face="normal" font="default" size="100%">15</style></volume><keywords><keyword><style face="normal" font="default" size="100%">Child sexual abuse</style></keyword><keyword><style face="normal" font="default" size="100%">Prevention</style></keyword></keywords><dates><year><style face="normal" font="default" size="100%">1991</style></year></dates><isbn><style face="normal" font="default" size="100%">0145-2134</style></isbn><abstract><style face="normal" font="default" size="100%">The prevention of child sexual abuse presents a major challenge to our society. One of the most common strategies to combat this particular variant of the child abuse problem has been the provision of classroom-based instructions for children of all ages on how to protect themselves from sexual assault and what to do if they experience actual or potential abuse. In addition, these programs provide educational opportunities for teachers and parents to review curriculum content, child abuse reporting procedures, and local service resources.</style></abstract><urls><pdf-urls><url>internal-pdf://Daro 1991 - Child sexual abuse-2248653313/Daro 1991 - Child sexual abuse.pdf</url></pdf-urls></urls></record><record><database name="NSCClibrary.enl" path="F:\NSCClibrary.enl">NSCClibrary.enl</database><source-app name="EndNote" version="17.1">EndNote</source-app><rec-number>5115</rec-number><foreign-keys><key app="EN" db-id="5s5ppfp52t55w0eadv7p5ss3vfxzs5fwwe5w">5115</key><key app="ENWeb" db-id="">0</key></foreign-keys><ref-type name="Journal Article">17</ref-type><contributors><authors><author><style face="normal" font="default" size="100%">Maguire-Jack, K.</style></author><author><style face="normal" font="default" size="100%">Showalter, K.</style></author></authors></contributors><auth-address><style face="normal" font="default" size="100%">325B Stillman Hall, 1947N College Rd Columbus, OH 43210, USA.&#xD;1947N College Rd, Columbus, OH 43210, USA.</style></auth-address><titles><title><style face="normal" font="default" size="100%">The protective effect of neighborhood social cohesion in child abuse and neglect</style></title><secondary-title><style face="normal" font="default" size="100%">Child Abuse Negl</style></secondary-title><alt-title><style face="normal" font="default" size="100%">Child abuse &amp; neglect</style></alt-title></titles><periodical><full-title><style face="normal" font="default" size="100%">Child Abuse Negl</style></full-title></periodical><alt-periodical><full-title><style face="normal" font="default" size="100%">Child Abuse &amp; Neglect</style></full-title></alt-periodical><pages><style face="normal" font="default" size="100%">29-37</style></pages><volume><style face="normal" font="default" size="100%">52</style></volume><keywords><keyword><style face="normal" font="default" size="100%">abuse</style></keyword><keyword><style face="normal" font="default" size="100%">neglect</style></keyword><keyword><style face="normal" font="default" size="100%">child abuse</style></keyword><keyword><style face="normal" font="default" size="100%">social circumstances</style></keyword><keyword><style face="normal" font="default" size="100%">substance abuse</style></keyword></keywords><dates><year><style face="normal" font="default" size="100%">2016</style></year><pub-dates><date><style face="normal" font="default" size="100%">Feb</style></date></pub-dates></dates><isbn><style face="normal" font="default" size="100%">1873-7757 (Electronic)&#xD;0145-2134 (Linking)</style></isbn><accession-num><style face="normal" font="default" size="100%">26774530</style></accession-num><abstract><style face="normal" font="default" size="100%">Relations between parents within a neighborhood have the potential to provide a supportive environment for healthy and positive parenting. Neighborhood social cohesion, or the mutual trust and support among neighbors, is one process through which parenting may be improved. The current study investigates the association between neighborhood social cohesion and abuse and neglect, as well as specific types of abuse and neglect. The sample for the study is comprised of 896 parents in one urban Midwestern County in the United States. Participants were recruited from Women, Infants, and Children clinics. Negative binomial regression is used to examine the association between neighborhood social cohesion and child maltreatment behaviors, as measured by the Conflict Tactics Scale, Parent-to-Child Version (Straus et al., 1998). In this sample of families, neighborhood social cohesion is associated with child neglect, but not abuse. In examining the relationship with specific types of abuse and neglect, it was found that neighborhood social cohesion may have a protective role in some acts of neglect, such as meeting a child&apos;s basic needs, but not potentially more complex needs like parental substance abuse.</style></abstract><notes><style face="normal" font="default" size="100%">Maguire-Jack, Kathryn&#xD;Showalter, Kathryn&#xD;eng&#xD;England&#xD;2016/01/18 06:00&#xD;Child Abuse Negl. 2016 Feb;52:29-37. doi: 10.1016/j.chiabu.2015.12.011. Epub 2016 Jan 11.</style></notes><urls><related-urls><url><style face="normal" font="default" size="100%">http://www.ncbi.nlm.nih.gov/pubmed/26774530</style></url></related-urls><pdf-urls><url>internal-pdf://1690360587/Maguire-Jack 2016. The protective effect of ne.pdf</url></pdf-urls></urls><electronic-resource-num><style face="normal" font="default" size="100%">10.1016/j.chiabu.2015.12.011</style></electronic-resource-num></record><record><database name="NSCClibrary.enl" path="F:\NSCClibrary.enl">NSCClibrary.enl</database><source-app name="EndNote" version="17.1">EndNote</source-app><rec-number>5077</rec-number><foreign-keys><key app="EN" db-id="5s5ppfp52t55w0eadv7p5ss3vfxzs5fwwe5w">5077</key><key app="ENWeb" db-id="">0</key></foreign-keys><ref-type name="Book Section">5</ref-type><contributors><authors><author><style face="normal" font="default" size="100%">Swift, Carolyn F.</style></author><author><style face="normal" font="default" size="100%">Ryan-Finn, Kimberly</style></author></authors><secondary-authors><author><style face="normal" font="default" size="100%">Swift, Carolyn F.</style></author></secondary-authors></contributors><titles><title><style face="normal" font="default" size="100%">Perpetrator prevention: Stopping the development of sexually abusive behavior</style></title><secondary-title><style face="normal" font="default" size="100%">Sexual Assault and Abuse: Sociocultural Context of Prevention</style></secondary-title></titles><pages><style face="normal" font="default" size="100%">13-44</style></pages><keywords><keyword><style face="normal" font="default" size="100%">Prevention</style></keyword><keyword><style face="normal" font="default" size="100%">Change</style></keyword><keyword><style face="normal" font="default" size="100%">Sexually abusive behaviour</style></keyword></keywords><dates><year><style face="normal" font="default" size="100%">1995</style></year></dates><pub-location><style face="normal" font="default" size="100%">New York</style></pub-location><publisher><style face="normal" font="default" size="100%">The Haworth Press</style></publisher><abstract><style face="normal" font="default" size="100%">This paper documents perpetrator prevention as an essential component in the prevention of sexual assault and abuse. Traditional approaches to the prevention of sexual abuse have focused primarily on changing the behavior of potential victims. Preventive interventions that have the potential for changing the behavior of potential perpetrators are explored. Although there is little empirical work to review in the prevention of perpetrator development in boys and men, some of the correlates of sexually abusing behavior are identified and related research highlighted. Three of the risk factors linked with sexually abusive behavior are explored: gender inequity, the negative effects on children and young men of media exposure to violence-particularly sexual violence against women, and the increased risk of sexually abusive behavior by males with a history of childhood sexual abuse. Preventive interventions to reduce these risks are considered. The incorporation of perpetrator prevention into an ecological approach to the prevention of sexual abuse is discussed.</style></abstract><urls><pdf-urls><url>internal-pdf://1923498168/Swift (1995) Perpretator prevention.pdf</url></pdf-urls></urls></record></records></xml>