<?xml version="1.0" encoding="UTF-8" ?><xml><records><record><database name="NSCClibrary.enl" path="F:\NSCClibrary.enl">NSCClibrary.enl</database><source-app name="EndNote" version="17.1">EndNote</source-app><rec-number>2791</rec-number><foreign-keys><key app="EN" db-id="5s5ppfp52t55w0eadv7p5ss3vfxzs5fwwe5w">2791</key></foreign-keys><ref-type name="Book Section">5</ref-type><contributors><authors><author><style face="normal" font="default" size="100%">Eldridge, Hilary</style></author><author><style face="normal" font="default" size="100%">Wyre, Ray</style></author></authors><secondary-authors><author><style face="normal" font="default" size="100%">Marshall, W.L.</style></author><author><style face="normal" font="default" size="100%">Fernandez, Y.M.</style></author><author><style face="normal" font="default" size="100%">Hudson, S.M.</style></author><author><style face="normal" font="default" size="100%">Ward, Tony</style></author></secondary-authors></contributors><titles><title><style face="normal" font="default" size="100%">The Lucy Faithfull Foundation residential program for sexual offenders</style></title><secondary-title><style face="normal" font="default" size="100%">Sourcebook of treatment programs for sexual offenders</style></secondary-title></titles><periodical><full-title><style face="normal" font="default" size="100%">Sourcebook of treatment programs for sexual offenders</style></full-title></periodical><pages><style face="normal" font="default" size="100%">79-92</style></pages><keywords><keyword><style face="normal" font="default" size="100%">Child sexual abuse</style></keyword><keyword><style face="normal" font="default" size="100%">Risk management</style></keyword><keyword><style face="normal" font="default" size="100%">Sex offender treatment</style></keyword></keywords><dates><year><style face="normal" font="default" size="100%">1998</style></year></dates><pub-location><style face="normal" font="default" size="100%">New York, NY</style></pub-location><publisher><style face="normal" font="default" size="100%">Plenum Press</style></publisher><abstract><style face="normal" font="default" size="100%">The Lucy Faithful! Foundation, named after Baroness Lucy Faithfull, is a child protection agency committed to reducing the risk of children being sexually abused. It runs a residential program for adult male sexual offenders as part of an integrated approach to working with child sexual abuse. The program exists, supported by government funding, as the result of a combination of political support and research showing positive treatment outcome.</style></abstract><urls><pdf-urls><url>internal-pdf://Eldridge, Hilary et al 1998 - The Lucy Faithfull Foundation.-2859671553/Eldridge, Hilary et al 1998 - The Lucy Faithfull Foundation..pdf</url></pdf-urls></urls></record><record><database name="NSCClibrary.enl" path="F:\NSCClibrary.enl">NSCClibrary.enl</database><source-app name="EndNote" version="17.1">EndNote</source-app><rec-number>2695</rec-number><foreign-keys><key app="EN" db-id="5s5ppfp52t55w0eadv7p5ss3vfxzs5fwwe5w">2695</key></foreign-keys><ref-type name="Journal Article">17</ref-type><contributors><authors><author><style face="normal" font="default" size="100%">Green, Liz</style></author></authors></contributors><titles><title><style face="normal" font="default" size="100%">Working with sex offenders and victims of child sexual abuse</style></title><secondary-title><style face="normal" font="default" size="100%">Psychotherapy in Australia</style></secondary-title></titles><periodical><full-title><style face="normal" font="default" size="100%">Psychotherapy in Australia</style></full-title></periodical><pages><style face="normal" font="default" size="100%">50-57</style></pages><volume><style face="normal" font="default" size="100%">2</style></volume><number><style face="normal" font="default" size="100%">2</style></number><keywords><keyword><style face="normal" font="default" size="100%">Child sexual abuse</style></keyword><keyword><style face="normal" font="default" size="100%">Reunification</style></keyword><keyword><style face="normal" font="default" size="100%">Victims</style></keyword></keywords><dates><year><style face="normal" font="default" size="100%">1996</style></year></dates><abstract><style face="normal" font="default" size="100%">Anna Salter and Ray Wyre, both leading authorities on working with sex offenders and victims of sexual abuse, talked with Liz Green during recent visits to Australia. They provide a fascinating insight into work with both the perpetrators of sexual child abuse and the victims/survivors of such abuse. Both workers stressed the need to have a good knowledge of the world of the offender, the strategies they adopt to deny the reality of their offences, and the way in which the survivor can internalise aspects of the perpetrator.</style></abstract><urls><pdf-urls><url>internal-pdf://salter-0949229825/salter.pdf</url></pdf-urls></urls></record><record><database name="NSCClibrary.enl" path="F:\NSCClibrary.enl">NSCClibrary.enl</database><source-app name="EndNote" version="17.1">EndNote</source-app><rec-number>3706</rec-number><foreign-keys><key app="EN" db-id="5s5ppfp52t55w0eadv7p5ss3vfxzs5fwwe5w">3706</key></foreign-keys><ref-type name="Book Section">5</ref-type><contributors><authors><author><style face="normal" font="default" size="100%">Wyre, Ray</style></author></authors><secondary-authors><author><style face="normal" font="default" size="100%">Bibby, Peter C.</style></author></secondary-authors></contributors><titles><title><style face="normal" font="default" size="100%">The mind of the paedophile</style></title><secondary-title><style face="normal" font="default" size="100%">Organised abuse: The current debate</style></secondary-title></titles><pages><style face="normal" font="default" size="100%">87-103</style></pages><keywords><keyword><style face="normal" font="default" size="100%">Child sexual abuse</style></keyword><keyword><style face="normal" font="default" size="100%">Epidemiology</style></keyword><keyword><style face="normal" font="default" size="100%">Paedophilia</style></keyword></keywords><dates><year><style face="normal" font="default" size="100%">1996</style></year></dates><pub-location><style face="normal" font="default" size="100%">Basingstoke</style></pub-location><publisher><style face="normal" font="default" size="100%">Arena</style></publisher><abstract><style face="normal" font="default" size="100%">In this chapter the author places the &apos;fixated paedophile&apos; in context and expands on implications for practice.</style></abstract><urls><pdf-urls><url>internal-pdf://Wyre 1996 - The mind of the-0072477441/Wyre 1996 - The mind of the.pdf</url></pdf-urls></urls></record><record><database name="NSCClibrary.enl" path="F:\NSCClibrary.enl">NSCClibrary.enl</database><source-app name="EndNote" version="17.1">EndNote</source-app><rec-number>4285</rec-number><foreign-keys><key app="EN" db-id="5s5ppfp52t55w0eadv7p5ss3vfxzs5fwwe5w">4285</key></foreign-keys><ref-type name="Conference Paper">47</ref-type><contributors><authors><author><style face="normal" font="default" size="100%">Wyre, Ray</style></author></authors></contributors><titles><title><style face="normal" font="default" size="100%">Workshop: Working through denial and assessment of sex offenders</style></title></titles><keywords><keyword><style face="normal" font="default" size="100%">Assessment</style></keyword><keyword><style face="normal" font="default" size="100%">Denial</style></keyword><keyword><style face="normal" font="default" size="100%">Sex offenders</style></keyword></keywords><dates><year><style face="normal" font="default" size="100%">1996</style></year><pub-dates><date><style face="normal" font="default" size="100%">1 November, 1996</style></date></pub-dates></dates><abstract><style face="normal" font="default" size="100%">Slides from a workshop on denial.</style></abstract><urls><pdf-urls><url>internal-pdf://Wyre 1996 - Working through-0466251777/Wyre 1996 - Working through.pdf</url></pdf-urls></urls></record><record><database name="NSCClibrary.enl" path="F:\NSCClibrary.enl">NSCClibrary.enl</database><source-app name="EndNote" version="17.1">EndNote</source-app><rec-number>4284</rec-number><foreign-keys><key app="EN" db-id="5s5ppfp52t55w0eadv7p5ss3vfxzs5fwwe5w">4284</key></foreign-keys><ref-type name="Book">6</ref-type><contributors><authors><author><style face="normal" font="default" size="100%">Wyre, Ray</style></author></authors></contributors><titles><title><style face="normal" font="default" size="100%">The sex offender in the community</style></title></titles><keywords><keyword><style face="normal" font="default" size="100%">Community</style></keyword><keyword><style face="normal" font="default" size="100%">Convictions</style></keyword><keyword><style face="normal" font="default" size="100%">Criminal justice responses</style></keyword><keyword><style face="normal" font="default" size="100%">Sex offenders</style></keyword></keywords><dates><year><style face="normal" font="default" size="100%">1997</style></year></dates><pub-location><style face="normal" font="default" size="100%">North Melbourne</style></pub-location><publisher><style face="normal" font="default" size="100%">In Good Faith &amp; Associates</style></publisher><abstract><style face="normal" font="default" size="100%">Ray Wyre writes that the real long-term safeguard in terms of the supervision of child sex offenders following release from prison includes improving the quality and availability of treatment facilities to help those offenders who wish to change their propensity and disposition, even though this will cost money, and that also changes must be considered regarding mental health legislation. </style></abstract><urls><pdf-urls><url>internal-pdf://Wyre 1997 - The sex offender-0248131841/Wyre 1997 - The sex offender.pdf</url></pdf-urls></urls></record><record><database name="NSCClibrary.enl" path="F:\NSCClibrary.enl">NSCClibrary.enl</database><source-app name="EndNote" version="17.1">EndNote</source-app><rec-number>1828</rec-number><foreign-keys><key app="EN" db-id="5s5ppfp52t55w0eadv7p5ss3vfxzs5fwwe5w">1828</key><key app="ENWeb" db-id="ThEeKwrtqggAAHqv064">4468</key></foreign-keys><ref-type name="Book">6</ref-type><contributors><authors><author><style face="normal" font="default" size="100%">Wyre, Ray</style></author></authors></contributors><titles><title><style face="normal" font="default" size="100%">Victim to victimiser: Study course handouts and other key resources</style></title></titles><keywords><keyword><style face="normal" font="default" size="100%">Abused-to-abuser</style></keyword><keyword><style face="normal" font="default" size="100%">Childhood sexual abuse</style></keyword><keyword><style face="normal" font="default" size="100%">Cycle of abuse</style></keyword><keyword><style face="normal" font="default" size="100%">Victim-to-victimiser</style></keyword></keywords><dates><year><style face="normal" font="default" size="100%">1998</style></year></dates><pub-location><style face="normal" font="default" size="100%">Melbourne</style></pub-location><publisher><style face="normal" font="default" size="100%">In Good Faith &amp; Assoc.</style></publisher><notes><style face="normal" font="default" size="100%">Held at Cedar Cottage Library - 1 copy</style></notes><urls></urls></record><record><database name="NSCClibrary.enl" path="F:\NSCClibrary.enl">NSCClibrary.enl</database><source-app name="EndNote" version="17.1">EndNote</source-app><rec-number>1829</rec-number><foreign-keys><key app="EN" db-id="5s5ppfp52t55w0eadv7p5ss3vfxzs5fwwe5w">1829</key><key app="ENWeb" db-id="ThEeKwrtqggAAHqv064">4469</key></foreign-keys><ref-type name="Book">6</ref-type><contributors><authors><author><style face="normal" font="default" size="100%">Wyre, Ray</style></author></authors></contributors><titles><title><style face="normal" font="default" size="100%">The sex offender in the community: Study course handouts and other key resources</style></title></titles><dates><year><style face="normal" font="default" size="100%">1998</style></year></dates><pub-location><style face="normal" font="default" size="100%">Melbourne</style></pub-location><publisher><style face="normal" font="default" size="100%">In Good Faith &amp; Assoc.</style></publisher><notes><style face="normal" font="default" size="100%">Held at Cedar Cottage Library - 1 copy</style></notes><urls></urls></record><record><database name="NSCClibrary.enl" path="F:\NSCClibrary.enl">NSCClibrary.enl</database><source-app name="EndNote" version="17.1">EndNote</source-app><rec-number>1830</rec-number><foreign-keys><key app="EN" db-id="5s5ppfp52t55w0eadv7p5ss3vfxzs5fwwe5w">1830</key><key app="ENWeb" db-id="ThEeKwrtqggAAHqv064">4470</key></foreign-keys><ref-type name="Conference Proceedings">10</ref-type><contributors><authors><author><style face="normal" font="default" size="100%">Wyre, Ray</style></author></authors></contributors><titles><title><style face="normal" font="default" size="100%">Professional education and training handouts</style></title><secondary-title><style face="normal" font="default" size="100%">The Second Australian &amp; New Zealand &apos;Breaking the Boundaries&apos; Conference</style></secondary-title></titles><dates><year><style face="normal" font="default" size="100%">1998</style></year></dates><notes><style face="normal" font="default" size="100%">Held at Cedar Cottage Library - 1 copy</style></notes><urls></urls></record><record><database name="NSCClibrary.enl" path="F:\NSCClibrary.enl">NSCClibrary.enl</database><source-app name="EndNote" version="17.1">EndNote</source-app><rec-number>4283</rec-number><foreign-keys><key app="EN" db-id="5s5ppfp52t55w0eadv7p5ss3vfxzs5fwwe5w">4283</key></foreign-keys><ref-type name="Conference Paper">47</ref-type><contributors><authors><author><style face="normal" font="default" size="100%">Wyre, Ray</style></author></authors></contributors><titles><title><style face="normal" font="default" size="100%">Study course handouts and other key resources: Victim to victimiser - understanding attachment disorder</style></title><secondary-title><style face="normal" font="default" size="100%">Breaking the Boundaries: The Second Australian and New Zealand Conference</style></secondary-title></titles><keywords><keyword><style face="normal" font="default" size="100%">Abused-to-abuser</style></keyword><keyword><style face="normal" font="default" size="100%">Attachment</style></keyword><keyword><style face="normal" font="default" size="100%">Child sexual abuse</style></keyword><keyword><style face="normal" font="default" size="100%">Cycle of abuse</style></keyword><keyword><style face="normal" font="default" size="100%">Empathy</style></keyword><keyword><style face="normal" font="default" size="100%">Victim-to-victimiser</style></keyword><keyword><style face="normal" font="default" size="100%">Victimisation</style></keyword></keywords><dates><year><style face="normal" font="default" size="100%">1998</style></year></dates><publisher><style face="normal" font="default" size="100%">In Good Faith &amp; Associates</style></publisher><abstract><style face="normal" font="default" size="100%">Course handouts by Ray Wyre on why some victims of abuse go on to abuse; the types and patterns of behaviour that lead to abusing; hostage theory, accommodation syndrome and attachement disorders; and, offender impact on child victims.</style></abstract><urls><pdf-urls><url>internal-pdf://Wyre 1998 - Study course-1288302593/Wyre 1998 - Study course.pdf</url></pdf-urls></urls></record></records></xml>