<?xml version="1.0" encoding="UTF-8" ?><xml><records><record><database name="NSCClibrary.enl" path="F:\NSCClibrary.enl">NSCClibrary.enl</database><source-app name="EndNote" version="17.1">EndNote</source-app><rec-number>4431</rec-number><foreign-keys><key app="EN" db-id="5s5ppfp52t55w0eadv7p5ss3vfxzs5fwwe5w">4431</key></foreign-keys><ref-type name="Catalog">8</ref-type><contributors><authors><author><style face="normal" font="default" size="100%">Cedar Cottage</style></author></authors></contributors><titles><title><style face="normal" font="default" size="100%">List of Library Holdings of Cedar Cottage</style></title></titles><dates></dates><urls><pdf-urls><url>internal-pdf://3038495378/Cedar Cottage.rtf</url></pdf-urls></urls></record><record><database name="NSCClibrary.enl" path="F:\NSCClibrary.enl">NSCClibrary.enl</database><source-app name="EndNote" version="17.1">EndNote</source-app><rec-number>4434</rec-number><foreign-keys><key app="EN" db-id="5s5ppfp52t55w0eadv7p5ss3vfxzs5fwwe5w">4434</key></foreign-keys><ref-type name="Journal Article">17</ref-type><contributors><authors><author><style face="normal" font="default" size="100%">Rural New Street Adolescent Service, HNE ---- Tamworth</style></author></authors></contributors><titles><title><style face="normal" font="default" size="100%">List of Library Holdings of Rural New Street Adolescent Service, HNE ---- Tamworth</style></title></titles><dates></dates><urls></urls></record><record><database name="NSCClibrary.enl" path="F:\NSCClibrary.enl">NSCClibrary.enl</database><source-app name="EndNote" version="17.1">EndNote</source-app><rec-number>4435</rec-number><foreign-keys><key app="EN" db-id="5s5ppfp52t55w0eadv7p5ss3vfxzs5fwwe5w">4435</key></foreign-keys><ref-type name="Journal Article">17</ref-type><contributors><authors><author><style face="normal" font="default" size="100%">Rural New Street Adolescent Service, HNE ---- Hamilton</style></author></authors></contributors><titles><title><style face="normal" font="default" size="100%">List of Library Holdings of Rural New Street Adolescent Service, HNE ---- Hamilton</style></title></titles><dates></dates><urls></urls></record><record><database name="NSCClibrary.enl" path="F:\NSCClibrary.enl">NSCClibrary.enl</database><source-app name="EndNote" version="17.1">EndNote</source-app><rec-number>4433</rec-number><foreign-keys><key app="EN" db-id="5s5ppfp52t55w0eadv7p5ss3vfxzs5fwwe5w">4433</key></foreign-keys><ref-type name="Catalog">8</ref-type><contributors><authors><author><style face="normal" font="default" size="100%">Rural New Street Adolescent Service, Western ---- Dubbo</style></author></authors></contributors><titles><title><style face="normal" font="default" size="100%">List of Library Holdings of Rural New Street Adolescent Service, Western ---- Dubbo</style></title></titles><dates></dates><urls></urls></record><record><database name="NSCClibrary.enl" path="F:\NSCClibrary.enl">NSCClibrary.enl</database><source-app name="EndNote" version="17.1">EndNote</source-app><rec-number>4432</rec-number><foreign-keys><key app="EN" db-id="5s5ppfp52t55w0eadv7p5ss3vfxzs5fwwe5w">4432</key></foreign-keys><ref-type name="Catalog">8</ref-type><contributors><authors><author><style face="normal" font="default" size="100%">New Street Adolescent Service - Sydney</style></author></authors></contributors><titles><title><style face="normal" font="default" size="100%">List of Library Holdings of New Street Adolescent Service - Sydney</style></title></titles><dates></dates><urls><pdf-urls><url>internal-pdf://2517189041/New Street - Sydney.rtf</url></pdf-urls></urls></record></records></xml>