<?xml version="1.0" encoding="UTF-8" ?><xml><records><record><database name="NSCClibrary.enl" path="F:\NSCClibrary.enl">NSCClibrary.enl</database><source-app name="EndNote" version="17.1">EndNote</source-app><rec-number>806</rec-number><foreign-keys><key app="EN" db-id="5s5ppfp52t55w0eadv7p5ss3vfxzs5fwwe5w">806</key><key app="ENWeb" db-id="ThEeKwrtqggAAHqv064">3907</key></foreign-keys><ref-type name="Government Document">46</ref-type><contributors><authors><author><style face="normal" font="default" size="100%">Bromfield, Leah</style></author><author><style face="normal" font="default" size="100%">Higgins, Daryl</style></author><author><style face="normal" font="default" size="100%">Osborn, Alexandra</style></author><author><style face="normal" font="default" size="100%">Panozzo, Stacey</style></author><author><style face="normal" font="default" size="100%">Richardson, Nicholas</style></author></authors><secondary-authors><author><style face="normal" font="default" size="100%">Australian Institute of Family Studies,</style></author></secondary-authors></contributors><titles><title><style face="normal" font="default" size="100%">Out-of-home care in Australia: Messages from research</style></title></titles><pages><style face="normal" font="default" size="100%">2009</style></pages><keywords><keyword><style face="normal" font="default" size="100%">Child protection</style></keyword><keyword><style face="normal" font="default" size="100%">Foster care</style></keyword><keyword><style face="normal" font="default" size="100%">Kinship care</style></keyword><keyword><style face="normal" font="default" size="100%">Out of home care</style></keyword><keyword><style face="normal" font="default" size="100%">Residential care</style></keyword></keywords><dates><year><style face="normal" font="default" size="100%">2005</style></year><pub-dates><date><style face="normal" font="default" size="100%">June, 2005</style></date></pub-dates></dates><pub-location><style face="normal" font="default" size="100%">Melbourne</style></pub-location><publisher><style face="normal" font="default" size="100%">National Child Protection Clearinghouse</style></publisher><abstract><style face="normal" font="default" size="100%">The purpose of this report is to extend the impact of the Audit of Australian Out-of-Home Care Research by providing an in-depth review of all available publications emerging from the Audit (as well as additional studies that have emerged). This critique of all the available Australian literature on out-of-home care highlights what the research community has learned in relation to policy and practice, focusing on elements of research design and how these can inform future research strategies to address the critical issues currently facing the sector.</style></abstract><notes><style face="normal" font="default" size="100%">New Street and Cedar Cottage Training CD September 2008</style></notes><urls><related-urls><url><style face="normal" font="default" size="100%">http://www.aifs.gov.au/nch/pubs/reports/outofhome/outofhome.pdf</style></url></related-urls><pdf-urls><url>internal-pdf://Bromfield - outofhome research-0263076353/Bromfield - outofhome research.pdf</url></pdf-urls></urls></record><record><database name="NSCClibrary.enl" path="F:\NSCClibrary.enl">NSCClibrary.enl</database><source-app name="EndNote" version="17.1">EndNote</source-app><rec-number>3009</rec-number><foreign-keys><key app="EN" db-id="5s5ppfp52t55w0eadv7p5ss3vfxzs5fwwe5w">3009</key></foreign-keys><ref-type name="Journal Article">17</ref-type><contributors><authors><author><style face="normal" font="default" size="100%">Fox, Adair</style></author><author><style face="normal" font="default" size="100%">Berrick, Jill Duerr</style></author><author><style face="normal" font="default" size="100%">Frasch, Karie</style></author></authors></contributors><titles><title><style face="normal" font="default" size="100%">Safety, family, permanency, and child well-being: What we can learn from children</style></title><secondary-title><style face="normal" font="default" size="100%">Child Welfare</style></secondary-title></titles><periodical><full-title><style face="normal" font="default" size="100%">Child Welfare</style></full-title></periodical><pages><style face="normal" font="default" size="100%">63-87</style></pages><volume><style face="normal" font="default" size="100%">87</style></volume><number><style face="normal" font="default" size="100%">1</style></number><keywords><keyword><style face="normal" font="default" size="100%">Child welfare</style></keyword><keyword><style face="normal" font="default" size="100%">Foster care</style></keyword><keyword><style face="normal" font="default" size="100%">Kinship care</style></keyword><keyword><style face="normal" font="default" size="100%">Out of home care</style></keyword></keywords><dates><year><style face="normal" font="default" size="100%">2008</style></year></dates><isbn><style face="normal" font="default" size="100%">0009-4021</style></isbn><abstract><style face="normal" font="default" size="100%">This study is an attempt to infuse into discussions about system accountability the notion that children can speak to issues of safety, family, permanency, and well-being in child welfare. The study utilised a cross-sectional survey design involving in-home, semistructured interviews with children ages 6 to 13 in two urban California counties. Of the 100 children who participated in face-to-face interviews, 59 were living with kin caregivers and 41 were living with non-kin. Standardised instruments and measures developed specifically for this study were employed. Findings indicate that while children assess their homes as safe, neighborhood conditions are often challenging. A significant proportion of children reveal less than optimal relationships with their caregivers, and many experience feelings of impermanence. Nevertheless, children report positive regard for the caregiving they receive and are optimistic about the future. Implications for practice and research are addressed.</style></abstract><urls><pdf-urls><url>internal-pdf://Fox et al 2008 - Safety family permanency-1773709313/Fox et al 2008 - Safety family permanency.pdf</url></pdf-urls></urls></record><record><database name="NSCClibrary.enl" path="F:\NSCClibrary.enl">NSCClibrary.enl</database><source-app name="EndNote" version="17.1">EndNote</source-app><rec-number>776</rec-number><foreign-keys><key app="EN" db-id="5s5ppfp52t55w0eadv7p5ss3vfxzs5fwwe5w">776</key><key app="ENWeb" db-id="ThEeKwrtqggAAHqv064">4817</key></foreign-keys><ref-type name="Report">27</ref-type><contributors><authors><author><style face="normal" font="default" size="100%">Higgins, Daryl</style></author><author><style face="normal" font="default" size="100%">Bromfield, Leah</style></author><author><style face="normal" font="default" size="100%">Richardson, Nick</style></author></authors></contributors><titles><title><style face="normal" font="default" size="100%">Enhancing out-of-home care for Aboriginal and Torres Strait Islander young people</style></title></titles><keywords><keyword><style face="normal" font="default" size="100%">Aboriginal Australians</style></keyword><keyword><style face="normal" font="default" size="100%">Foster care</style></keyword><keyword><style face="normal" font="default" size="100%">Indigenous Australians</style></keyword><keyword><style face="normal" font="default" size="100%">Kinship care</style></keyword><keyword><style face="normal" font="default" size="100%">Out of home care</style></keyword><keyword><style face="normal" font="default" size="100%">Aboriginal and Torres Strait Islander people</style></keyword></keywords><dates><year><style face="normal" font="default" size="100%">2005</style></year><pub-dates><date><style face="normal" font="default" size="100%">October 2005</style></date></pub-dates></dates><pub-location><style face="normal" font="default" size="100%">Canberra, ACT</style></pub-location><publisher><style face="normal" font="default" size="100%">National Child Protection Clearinghouse, Australian Institute of Family Studies</style></publisher><isbn><style face="normal" font="default" size="100%">0642395357</style></isbn><abstract><style face="normal" font="default" size="100%">This project aimed to identify carers, service providers and young people in care’s views on the challenges and promising practice Indigenous out-of-home care arrangements and to share promising practice initiatives among government and non-government agencies and the Aboriginal and Torres Strait Islander community.</style></abstract><urls><pdf-urls><url>internal-pdf://Higgins - Aboriginal-3570654720/Higgins - Aboriginal.PDF</url></pdf-urls></urls></record><record><database name="NSCClibrary.enl" path="F:\NSCClibrary.enl">NSCClibrary.enl</database><source-app name="EndNote" version="17.1">EndNote</source-app><rec-number>1978</rec-number><foreign-keys><key app="EN" db-id="5s5ppfp52t55w0eadv7p5ss3vfxzs5fwwe5w">1978</key><key app="ENWeb" db-id="ThEeKwrtqggAAHqv064">4975</key></foreign-keys><ref-type name="Conference Paper">47</ref-type><contributors><authors><author><style face="normal" font="default" size="100%">Macnamara, Noel</style></author><author><style face="normal" font="default" size="100%">Heland, Mark</style></author></authors></contributors><titles><title><style face="normal" font="default" size="100%">What do we know about the children and young people in OoHC?</style></title><secondary-title><style face="normal" font="default" size="100%">National Foster Carers Conference</style></secondary-title></titles><keywords><keyword><style face="normal" font="default" size="100%">Attachment</style></keyword><keyword><style face="normal" font="default" size="100%">Brain</style></keyword><keyword><style face="normal" font="default" size="100%">Foster care</style></keyword><keyword><style face="normal" font="default" size="100%">Kinship care</style></keyword><keyword><style face="normal" font="default" size="100%">Out of home care</style></keyword><keyword><style face="normal" font="default" size="100%">Parents</style></keyword><keyword><style face="normal" font="default" size="100%">Trauma</style></keyword></keywords><dates><year><style face="normal" font="default" size="100%">2010</style></year></dates><pub-location><style face="normal" font="default" size="100%">Hobart, Tas.</style></pub-location><publisher><style face="normal" font="default" size="100%">Australian Childhood Foundation</style></publisher><abstract><style face="normal" font="default" size="100%">Slides on a presentation from the Australian Childhood foundation about children in out of home care, complex trauma, brain development and therapeutic caring.</style></abstract><urls><pdf-urls><url>internal-pdf://afkcp_national_conference_2010_noel_macnamara-3587391232/afkcp_national_conference_2010_noel_macnamara.pdf</url></pdf-urls></urls></record><record><database name="NSCClibrary.enl" path="F:\NSCClibrary.enl">NSCClibrary.enl</database><source-app name="EndNote" version="17.1">EndNote</source-app><rec-number>1937</rec-number><foreign-keys><key app="EN" db-id="5s5ppfp52t55w0eadv7p5ss3vfxzs5fwwe5w">1937</key><key app="ENWeb" db-id="ThEeKwrtqggAAHqv064">4934</key></foreign-keys><ref-type name="Book">6</ref-type><contributors><authors><author><style face="normal" font="default" size="100%">Scott, Dorothy</style></author><author><style face="normal" font="default" size="100%">O’Neill, Cas</style></author><author><style face="normal" font="default" size="100%">Minge, Andrew</style></author></authors></contributors><titles><title><style face="normal" font="default" size="100%">Contact between children in out-of-home care and their birth families</style></title><secondary-title><style face="normal" font="default" size="100%">NSW Department of Community Services</style></secondary-title></titles><keywords><keyword><style face="normal" font="default" size="100%">Foster care</style></keyword><keyword><style face="normal" font="default" size="100%">Out of home care</style></keyword><keyword><style face="normal" font="default" size="100%">Kinship care</style></keyword><keyword><style face="normal" font="default" size="100%">Adoption</style></keyword><keyword><style face="normal" font="default" size="100%">Visitation</style></keyword><keyword><style face="normal" font="default" size="100%">Contact</style></keyword><keyword><style face="normal" font="default" size="100%">Birth families</style></keyword><keyword><style face="normal" font="default" size="100%">Domestic violence</style></keyword><keyword><style face="normal" font="default" size="100%">Sexual abuse</style></keyword></keywords><dates><year><style face="normal" font="default" size="100%">2005</style></year></dates><pub-location><style face="normal" font="default" size="100%">Ashfield, NSW</style></pub-location><isbn><style face="normal" font="default" size="100%">0731043332</style></isbn><abstract><style face="normal" font="default" size="100%">This literature review has been prepared for the New South Wales Department of Community Services (DoCS) as the first phase of a project set up to provide the following: 1. a comprehensive review of research on contact between children in out-of-home care and their biological families; and identification of any areas for further research; 2. a critical assessment of the advantages and disadvantages of different levels and forms of contact for children and young people; 3. a reference document that will serve as a credible source of advice on appropriate levels of contact for DoCS and Children’s Court magistrates; and, 4. guidelines (on contact) for use by DoCS staff.</style></abstract><urls><pdf-urls><url>internal-pdf://OOHC_research-2277987841/OOHC_research.pdf</url></pdf-urls></urls></record><record><database name="NSCClibrary.enl" path="F:\NSCClibrary.enl">NSCClibrary.enl</database><source-app name="EndNote" version="17.1">EndNote</source-app><rec-number>3959</rec-number><foreign-keys><key app="EN" db-id="5s5ppfp52t55w0eadv7p5ss3vfxzs5fwwe5w">3959</key></foreign-keys><ref-type name="Journal Article">17</ref-type><contributors><authors><author><style face="normal" font="default" size="100%">Spence, Nigel</style></author></authors></contributors><titles><title><style face="normal" font="default" size="100%">Kinship care in Australia</style></title><secondary-title><style face="normal" font="default" size="100%">Child Abuse Review</style></secondary-title></titles><periodical><full-title><style face="normal" font="default" size="100%">Child Abuse Review</style></full-title></periodical><pages><style face="normal" font="default" size="100%">263-276</style></pages><volume><style face="normal" font="default" size="100%">13</style></volume><number><style face="normal" font="default" size="100%">4</style></number><keywords><keyword><style face="normal" font="default" size="100%">Foster care</style></keyword><keyword><style face="normal" font="default" size="100%">Kinship care</style></keyword><keyword><style face="normal" font="default" size="100%">Out of home care</style></keyword></keywords><dates><year><style face="normal" font="default" size="100%">2004</style></year></dates><isbn><style face="normal" font="default" size="100%">1099-0852</style></isbn><abstract><style face="normal" font="default" size="100%">Kinship care is the fastest growing form of out-of-home care placement in Australia. It is now a more common form of placement than foster care in some Australian states and is the most common form of placement for Indigenous children nationally. This paper reviews national data and reports ﬁndings from a state (New South Wales) study of the experience of kinship carers, children and workers. Relative carers, children and child welfare caseworkers were found to identify psychological beneﬁts, family obligation and criticism of other forms of care as reasons for preferring kinship care. Legislation and policy, particularly the Aboriginal Child Placement Principle, are also identiﬁed as factors contributing to the rise in kinship care. Concern for the high levels of stress among carers and the low levels of monitoring of children&apos;s safety and well-being are discussed and a stronger policy and practice response from government agencies is proposed. Indications of new policy and programme responses are demonstrated by several recent initiatives at state and national levels.</style></abstract><urls><related-urls><url><style face="normal" font="default" size="100%">http://dx.doi.org/10.1002/car.854</style></url></related-urls><pdf-urls><url>internal-pdf://Spence 2004 - Kinship care-1474610177/Spence 2004 - Kinship care.pdf</url></pdf-urls></urls><electronic-resource-num><style face="normal" font="default" size="100%">10.1002/car.854</style></electronic-resource-num></record><record><database name="NSCClibrary.enl" path="F:\NSCClibrary.enl">NSCClibrary.enl</database><source-app name="EndNote" version="17.1">EndNote</source-app><rec-number>207</rec-number><foreign-keys><key app="EN" db-id="5s5ppfp52t55w0eadv7p5ss3vfxzs5fwwe5w">207</key><key app="ENWeb" db-id="ThEeKwrtqggAAHqv064">3902</key></foreign-keys><ref-type name="Journal Article">17</ref-type><contributors><authors><author><style face="normal" font="default" size="100%">Tarren-Sweeney, Michael</style></author></authors></contributors><titles><title><style face="normal" font="default" size="100%">Predictors of problematic sexual behavior among children with complex maltreatment histories</style></title><secondary-title><style face="normal" font="default" size="100%">Child Maltreatment</style></secondary-title></titles><periodical><full-title><style face="normal" font="default" size="100%">Child Maltreatment</style></full-title></periodical><pages><style face="normal" font="default" size="100%">182-198</style></pages><volume><style face="normal" font="default" size="100%">13</style></volume><number><style face="normal" font="default" size="100%">2</style></number><keywords><keyword><style face="normal" font="default" size="100%">Assessment</style></keyword><keyword><style face="normal" font="default" size="100%">Attachment</style></keyword><keyword><style face="normal" font="default" size="100%">Child maltreatment</style></keyword><keyword><style face="normal" font="default" size="100%">Child neglect</style></keyword><keyword><style face="normal" font="default" size="100%">Child sexual abuse</style></keyword><keyword><style face="normal" font="default" size="100%">Foster care</style></keyword><keyword><style face="normal" font="default" size="100%">Kinship care</style></keyword><keyword><style face="normal" font="default" size="100%">Out of home care</style></keyword><keyword><style face="normal" font="default" size="100%">Sexual behaviour</style></keyword><keyword><style face="normal" font="default" size="100%">Sexualised behaviours</style></keyword></keywords><dates><year><style face="normal" font="default" size="100%">2008</style></year></dates><isbn><style face="normal" font="default" size="100%">1077-5595</style></isbn><abstract><style face="normal" font="default" size="100%">Exploratory analyses of sexual behaviour problems (SBP) were conducted within a larger epidemiological study of 347 preadolescent children in foster and kinship care. SBP was estimated from caregiver-reported scores on the Assessment Checklist for Children. The study simultaneously examined a large number of discrete and cumulative influences on the development of children at high risk for SBP. Most children with SBP had corresponding psychopathology, most notably conduct problems, inattention, and interpersonal behaviour problems suggestive of attachment disturbances. Several correlates identified in previous studies were not associated with SBP. High concordance of SBP was found among 52 sibling dyads. Independent predictors of SBP were older age at entry into care, female gender, placement instability, and contact sexual abuse. The findings emphasize the significance of cumulative risk among children exposed to multiple adversities. The findings generated several hypothesised mechanisms involving attachment disturbances.</style></abstract><notes><style face="normal" font="default" size="100%">Special Issue on Children With Sexual Behaviour Problems</style></notes><urls><pdf-urls><url>internal-pdf://Tarren-Sweeney, M - Predictors PSB 2008-1389160961/Tarren-Sweeney, M - Predictors PSB 2008.pdf</url></pdf-urls></urls><electronic-resource-num><style face="normal" font="default" size="100%">10.1177/1077559508316043</style></electronic-resource-num></record><record><database name="NSCClibrary.enl" path="F:\NSCClibrary.enl">NSCClibrary.enl</database><source-app name="EndNote" version="17.1">EndNote</source-app><rec-number>651</rec-number><foreign-keys><key app="EN" db-id="5s5ppfp52t55w0eadv7p5ss3vfxzs5fwwe5w">651</key><key app="ENWeb" db-id="ThEeKwrtqggAAHqv064">3904</key></foreign-keys><ref-type name="Journal Article">17</ref-type><contributors><authors><author><style face="normal" font="default" size="100%">Tarren-Sweeney, Michael</style></author><author><style face="normal" font="default" size="100%">Hazell, Philip</style></author></authors></contributors><titles><title><style face="normal" font="default" size="100%">Mental health of children in foster and kinship care in New South Wales, Australia</style></title><secondary-title><style face="normal" font="default" size="100%">Journal of Paediatrics and Child Health</style></secondary-title></titles><periodical><full-title><style face="normal" font="default" size="100%">Journal of Paediatrics and Child Health</style></full-title></periodical><pages><style face="normal" font="default" size="100%">89-97</style></pages><volume><style face="normal" font="default" size="100%">42</style></volume><number><style face="normal" font="default" size="100%">3</style></number><edition><style face="normal" font="default" size="100%">2006/03/03</style></edition><keywords><keyword><style face="normal" font="default" size="100%">Child welfare</style></keyword><keyword><style face="normal" font="default" size="100%">Family</style></keyword><keyword><style face="normal" font="default" size="100%">Foster care</style></keyword><keyword><style face="normal" font="default" size="100%">Out of home care</style></keyword><keyword><style face="normal" font="default" size="100%">Risk factors</style></keyword><keyword><style face="normal" font="default" size="100%">Self-concept</style></keyword><keyword><style face="normal" font="default" size="100%">Socialisation</style></keyword></keywords><dates><year><style face="normal" font="default" size="100%">2006</style></year><pub-dates><date><style face="normal" font="default" size="100%">Mar</style></date></pub-dates></dates><isbn><style face="normal" font="default" size="100%">1034-4810 (Print)&#xD;1034-4810 (Linking)</style></isbn><accession-num><style face="normal" font="default" size="100%">16509906</style></accession-num><abstract><style face="normal" font="default" size="100%">OBJECTIVES: To report baseline mental health measures from the Children in Care study, a prospective epidemiological study of children in court-ordered foster and kinship care in New South Wales, Australia. METHODS: Mental health, socialisation and self-esteem were assessed in 347 children in a statewide mail survey, using two carer-report checklists, the Child Behavior Checklist (CBCL) and the Assessment Checklist for Children (ACC). RESULTS: Children in the study had exceptionally poor mental health and socialisation, both in absolute terms, and relative to normative and in-care samples. Levels and rates of disturbance for children in foster care exceeded all prior estimates. Rates of disturbance for children in kinship care were high, but within the range of prior estimates. Boys presented with higher scope and severity of mental health problems than girls on the CBCL, while gender-specific patterns of disturbance were shown on the ACC. A moderate age effect was accounted for by children&apos;s age at entry into care. CONCLUSIONS: Children in care are at high risk of mental health problems. Psychological support for the children and their carers is an essential secondary prevention strategy. Implications for service delivery are discussed.</style></abstract><urls><related-urls><url><style face="normal" font="default" size="100%">http://www.ncbi.nlm.nih.gov/pubmed/16509906</style></url></related-urls><pdf-urls><url>internal-pdf://tarrensweeney-0063429633/tarrensweeney.pdf</url></pdf-urls></urls><electronic-resource-num><style face="normal" font="default" size="100%">JPC804 [pii]&#xD;10.1111/j.1440-1754.2006.00804.x</style></electronic-resource-num></record></records></xml>