<?xml version="1.0" encoding="UTF-8" ?><xml><records><record><database name="NSCClibrary.enl" path="F:\NSCClibrary.enl">NSCClibrary.enl</database><source-app name="EndNote" version="17.1">EndNote</source-app><rec-number>4377</rec-number><foreign-keys><key app="EN" db-id="5s5ppfp52t55w0eadv7p5ss3vfxzs5fwwe5w">4377</key></foreign-keys><ref-type name="Conference Paper">47</ref-type><contributors><authors><author><style face="normal" font="default" size="100%">Callen, Ann</style></author></authors></contributors><titles><title><style face="normal" font="default" size="100%">Planning and implementing specialist programs for young offenders</style></title><secondary-title><style face="normal" font="default" size="100%">Australian Institute of Criminology Conference Juvenile Crime and Juvenile Justice: Toward 2000 and Beyond</style></secondary-title></titles><keywords><keyword><style face="normal" font="default" size="100%">Treatment program</style></keyword><keyword><style face="normal" font="default" size="100%">Young offenders</style></keyword><keyword><style face="normal" font="default" size="100%">Juvenile crime</style></keyword><keyword><style face="normal" font="default" size="100%">Specialist program</style></keyword><keyword><style face="normal" font="default" size="100%">Psychological practice</style></keyword></keywords><dates><year><style face="normal" font="default" size="100%">1997</style></year><pub-dates><date><style face="normal" font="default" size="100%">26 &amp; 27 June </style></date></pub-dates></dates><pub-location><style face="normal" font="default" size="100%">Adelaide</style></pub-location><urls><pdf-urls><url>internal-pdf://2868664508/Callen1997Planning and implementing.pdf</url></pdf-urls></urls><language><style face="normal" font="default" size="100%">English</style></language></record><record><database name="NSCClibrary.enl" path="F:\NSCClibrary.enl">NSCClibrary.enl</database><source-app name="EndNote" version="17.1">EndNote</source-app><rec-number>4375</rec-number><foreign-keys><key app="EN" db-id="5s5ppfp52t55w0eadv7p5ss3vfxzs5fwwe5w">4375</key></foreign-keys><ref-type name="Journal Article">17</ref-type><contributors><authors><author><style face="normal" font="default" size="100%">Flanagan, Karen</style></author></authors></contributors><titles><title><style face="normal" font="default" size="100%">Intervention with sexually abusive young people in Australia and New Zealand</style></title><secondary-title><style face="normal" font="default" size="100%">Journal of Sexual Aggression</style></secondary-title></titles><periodical><full-title><style face="normal" font="default" size="100%">Journal of Sexual Aggression</style></full-title></periodical><pages><style face="normal" font="default" size="100%">135-149</style></pages><volume><style face="normal" font="default" size="100%">9</style></volume><number><style face="normal" font="default" size="100%">2</style></number><keywords><keyword><style face="normal" font="default" size="100%">Treatment program</style></keyword><keyword><style face="normal" font="default" size="100%">Sexual abuse</style></keyword><keyword><style face="normal" font="default" size="100%">Australia</style></keyword><keyword><style face="normal" font="default" size="100%">New Zealand</style></keyword><keyword><style face="normal" font="default" size="100%">Young people</style></keyword><keyword><style face="normal" font="default" size="100%">Therapeutic intervention</style></keyword><keyword><style face="normal" font="default" size="100%">Adolescents</style></keyword><keyword><style face="normal" font="default" size="100%">Sex offender treatment</style></keyword><keyword><style face="normal" font="default" size="100%">Treatment providers</style></keyword><keyword><style face="normal" font="default" size="100%">Adolescent sex offenders</style></keyword><keyword><style face="normal" font="default" size="100%">Adolescents who sexually abuse</style></keyword><keyword><style face="normal" font="default" size="100%">Adolescents who sexually harm</style></keyword><keyword><style face="normal" font="default" size="100%">Juvenile sex offenders</style></keyword><keyword><style face="normal" font="default" size="100%">Therapeutic intervention</style></keyword><keyword><style face="normal" font="default" size="100%">Young people who sexually abuse</style></keyword></keywords><dates><year><style face="normal" font="default" size="100%">2003</style></year><pub-dates><date><style face="normal" font="default" size="100%">2003/11/01</style></date></pub-dates></dates><publisher><style face="normal" font="default" size="100%">Routledge</style></publisher><isbn><style face="normal" font="default" size="100%">1355-2600</style></isbn><urls><related-urls><url><style face="normal" font="default" size="100%">http://dx.doi.org/10.1080/13552600310001632129</style></url></related-urls><pdf-urls><url>internal-pdf://0802021675/Flanagan2003Intervention with sexually.pdf</url></pdf-urls></urls><electronic-resource-num><style face="normal" font="default" size="100%">10.1080/13552600310001632129</style></electronic-resource-num><language><style face="normal" font="default" size="100%">English</style></language><access-date><style face="normal" font="default" size="100%">2014/02/05</style></access-date></record><record><database name="NSCClibrary.enl" path="F:\NSCClibrary.enl">NSCClibrary.enl</database><source-app name="EndNote" version="17.1">EndNote</source-app><rec-number>4376</rec-number><foreign-keys><key app="EN" db-id="5s5ppfp52t55w0eadv7p5ss3vfxzs5fwwe5w">4376</key></foreign-keys><ref-type name="Journal Article">17</ref-type><contributors><authors><author><style face="normal" font="default" size="100%">Lambie, Ian</style></author><author><style face="normal" font="default" size="100%">McCarthy, John</style></author><author><style face="normal" font="default" size="100%">Dixon, Hamish</style></author><author><style face="normal" font="default" size="100%">Mortensen, Don</style></author></authors></contributors><titles><title><style face="normal" font="default" size="100%">Ten years of adolescent sexual offender treatment in New Zealand: Past practices and future directions</style></title><secondary-title><style face="normal" font="default" size="100%">Psychiatry, Psychology and Law</style></secondary-title></titles><periodical><full-title><style face="normal" font="default" size="100%">Psychiatry, psychology and law</style></full-title></periodical><pages><style face="normal" font="default" size="100%">187-196</style></pages><volume><style face="normal" font="default" size="100%">8</style></volume><number><style face="normal" font="default" size="100%">2</style></number><keywords><keyword><style face="normal" font="default" size="100%">Juvenile sex offenders</style></keyword><keyword><style face="normal" font="default" size="100%">Treatment program</style></keyword><keyword><style face="normal" font="default" size="100%">New Zealand</style></keyword><keyword><style face="normal" font="default" size="100%">Adolescent sex offenders</style></keyword><keyword><style face="normal" font="default" size="100%">Adolescents who sexually abuse</style></keyword><keyword><style face="normal" font="default" size="100%">Adolescents who sexually harm</style></keyword><keyword><style face="normal" font="default" size="100%">Juvenile sex offenders</style></keyword><keyword><style face="normal" font="default" size="100%">Sex offender treatment</style></keyword></keywords><dates><year><style face="normal" font="default" size="100%">2001</style></year><pub-dates><date><style face="normal" font="default" size="100%">2001/01/01</style></date></pub-dates></dates><publisher><style face="normal" font="default" size="100%">Routledge</style></publisher><isbn><style face="normal" font="default" size="100%">1321-8719</style></isbn><abstract><style face="normal" font="default" size="100%">This paper describes the development of adolescent sexual offender treatment programmes in New Zealand. Particular attention is paid to the important role that advocating central government played in securing long term funding and the importance of service providers maintaining close working relationships with each other. A continuum of care now operates which more adequately meets the needs of clients and the community. Recent developments in service delivery are described, along with recommendations for future developments.</style></abstract><urls><related-urls><url><style face="normal" font="default" size="100%">http://dx.doi.org/10.1080/13218710109525019</style></url></related-urls><pdf-urls><url>internal-pdf://2118080118/Lambie2001Ten Years.pdf</url></pdf-urls></urls><electronic-resource-num><style face="normal" font="default" size="100%">10.1080/13218710109525019</style></electronic-resource-num><access-date><style face="normal" font="default" size="100%">2014/02/05</style></access-date></record><record><database name="NSCClibrary.enl" path="F:\NSCClibrary.enl">NSCClibrary.enl</database><source-app name="EndNote" version="17.1">EndNote</source-app><rec-number>4824</rec-number><foreign-keys><key app="EN" db-id="5s5ppfp52t55w0eadv7p5ss3vfxzs5fwwe5w">4824</key></foreign-keys><ref-type name="Government Document">46</ref-type><contributors><authors><author><style face="normal" font="default" size="100%">MAPPS</style></author></authors><secondary-authors><author><style face="normal" font="default" size="100%">Adolescent Forensic Health Service</style></author></secondary-authors></contributors><titles><title><style face="normal" font="default" size="100%">Male Adolescent Program for Positive Sexuality - MAPPS - Interventions in Sexually Abusive Behaviours : Ethos, Information and Program Content</style></title></titles><pages><style face="normal" font="default" size="100%">1-16</style></pages><keywords><keyword><style face="normal" font="default" size="100%">Adolescents who sexually offend</style></keyword><keyword><style face="normal" font="default" size="100%">Sexual abuse</style></keyword><keyword><style face="normal" font="default" size="100%">Community-based Intervention</style></keyword><keyword><style face="normal" font="default" size="100%">Males</style></keyword><keyword><style face="normal" font="default" size="100%">Sexual Offences</style></keyword><keyword><style face="normal" font="default" size="100%">Adolescents</style></keyword></keywords><dates><year><style face="normal" font="default" size="100%">1998</style></year><pub-dates><date><style face="normal" font="default" size="100%">June, 1998</style></date></pub-dates></dates><pub-location><style face="normal" font="default" size="100%">Parkville, VIC</style></pub-location><publisher><style face="normal" font="default" size="100%">MAPPS Program</style></publisher><abstract><style face="normal" font="default" size="100%">The MAPPS program was developed, in 1993, in response to a growing recognition of the significant problem of adolescent sexual offending behaviour. The program was designed as a community-based intervention program for young males found guilty of sexual offences. It was also intended to provide consultation, education and information on the assessment and treatment of adolescents who sexually offend.</style></abstract><urls><pdf-urls><url>internal-pdf://0534662663/ETHOS.pdf</url></pdf-urls></urls></record><record><database name="NSCClibrary.enl" path="F:\NSCClibrary.enl">NSCClibrary.enl</database><source-app name="EndNote" version="17.1">EndNote</source-app><rec-number>4825</rec-number><foreign-keys><key app="EN" db-id="5s5ppfp52t55w0eadv7p5ss3vfxzs5fwwe5w">4825</key></foreign-keys><ref-type name="Government Document">46</ref-type><contributors><authors><author><style face="normal" font="default" size="100%">MAPPS</style></author></authors><secondary-authors><author><style face="normal" font="default" size="100%">Adolescent Forensic Health Service</style></author></secondary-authors></contributors><titles><title><style face="normal" font="default" size="100%">Male Adolescent Program for Positive Sexuality - MAPPS - Interventions in Sexually Abusive Behaviours : Evaluation Report - Executive Summary</style></title></titles><pages><style face="normal" font="default" size="100%">X</style></pages><keywords><keyword><style face="normal" font="default" size="100%">Sexual abuse</style></keyword><keyword><style face="normal" font="default" size="100%">Adolescents who sexually abuse</style></keyword><keyword><style face="normal" font="default" size="100%">Adolescents who sexually offend</style></keyword><keyword><style face="normal" font="default" size="100%">Community-based Intervention</style></keyword><keyword><style face="normal" font="default" size="100%">Males</style></keyword><keyword><style face="normal" font="default" size="100%">Sexual Offences</style></keyword><keyword><style face="normal" font="default" size="100%">Adolescents</style></keyword><keyword><style face="normal" font="default" size="100%">Evaluation Report</style></keyword><keyword><style face="normal" font="default" size="100%">Executive Summary</style></keyword></keywords><dates><year><style face="normal" font="default" size="100%">1998</style></year></dates><pub-location><style face="normal" font="default" size="100%">Parkville, VIC</style></pub-location><publisher><style face="normal" font="default" size="100%">MAPPS Program</style></publisher><abstract><style face="normal" font="default" size="100%">The MAPPS program was developed, in 1993, in response to a growing recognition of the significant problem of adolescent sexual offending behaviour. The program was designed as a community-based intervention program for young males found guilty of sexual offences. It was also intended to provide consultation, education and information on the assessment and treatment of adolescents who sexually offend.</style></abstract><urls><pdf-urls><url>internal-pdf://4045531868/EVALUATION REPORT.pdf</url></pdf-urls></urls></record><record><database name="NSCClibrary.enl" path="F:\NSCClibrary.enl">NSCClibrary.enl</database><source-app name="EndNote" version="17.1">EndNote</source-app><rec-number>5063</rec-number><foreign-keys><key app="EN" db-id="5s5ppfp52t55w0eadv7p5ss3vfxzs5fwwe5w">5063</key></foreign-keys><ref-type name="Report">27</ref-type><contributors><authors><author><style face="normal" font="default" size="100%">O&apos;Brien, Wendy</style></author></authors><tertiary-authors><author><style face="normal" font="default" size="100%">Australian Crime Commission</style></author></tertiary-authors></contributors><titles><title><style face="normal" font="default" size="100%">Australia&apos;s Response to Sexualised or Sexually Abusive Behaviours in Children and Young People</style></title></titles><keywords><keyword><style face="normal" font="default" size="100%">Policy</style></keyword><keyword><style face="normal" font="default" size="100%">Sexualised behaviours</style></keyword><keyword><style face="normal" font="default" size="100%">Childhood trauma</style></keyword><keyword><style face="normal" font="default" size="100%">Sex offenses</style></keyword><keyword><style face="normal" font="default" size="100%">Diversion</style></keyword></keywords><dates><year><style face="normal" font="default" size="100%">2010</style></year></dates><pub-location><style face="normal" font="default" size="100%">Canberra, ACT</style></pub-location><publisher><style face="normal" font="default" size="100%">Australian Crime Commission</style></publisher><abstract><style face="normal" font="default" size="100%">Responding to children and young people with sexualised or sexual offending behaviours presents significant challenges across the allied health, child protection, education and juvenile justice sectors. This report maps the specialised therapeutic services designed to effect positive behavioural change and thus divert young people with sexualised behaviours from the juvenile justice system. Accurate numbers on children with sexualised or sexual offending behaviours are difficult to determine. There are several factors contributing to this gap in understanding. These include entrenched ideals about children as inherently innocent, widespread ignorance about developmental sexuality, and the tendency of both young people and parents to deny or minimise incidents when they do occur.&#xD;&#xD;In Australia, data on children with sexualised behaviours are not collected uniformly and nondisclosure contributes to what might be large numbers of offences going undetected. Mandatory reporting requirements apply where children display sexualised behaviours and are thought to be at risk of harm. Yet a general lack of knowledge as to what constitutes appropriate behaviour means that many may respond inappropriately to incidents of sexualised behaviours. This context of confusion, denial and non-disclosure creates a hidden population of children that continues to be at risk. Attention to redressing the contexts for non-disclosure is urgently required to ensure that children in need are provided with specialised therapeutic care.&#xD;&#xD;This report presents qualitative data from interviews with specialised clinicians as well as submissions from service providers in both community and youth justice settings. In mapping the availability of therapeutic services, this report highlights a number of geographic and demographic gaps in service provision, including difficulties with eligibility criteria, referral pathways, funding arrangements and specialised workforce development. There are multiple challenges facing the tertiary services sector, yet the comprehensive provision of specialised services is just one part of the response required. This study emphasises the need for effective primary and secondary prevention to effect a reduction in the numbers of young people requiring counselling in the future. Consistent with the public health model, this report prioritises professional and community education strategies that would ultimately necessitate fewer tertiary services for young people and fewer places in juvenile detention centres.</style></abstract><urls><pdf-urls><url>internal-pdf://3742814719/NIITF-PSB-REPORT-2010.pdf</url></pdf-urls></urls></record><record><database name="NSCClibrary.enl" path="F:\NSCClibrary.enl">NSCClibrary.enl</database><source-app name="EndNote" version="17.1">EndNote</source-app><rec-number>5062</rec-number><foreign-keys><key app="EN" db-id="5s5ppfp52t55w0eadv7p5ss3vfxzs5fwwe5w">5062</key></foreign-keys><ref-type name="Journal Article">17</ref-type><contributors><authors><author><style face="normal" font="default" size="100%">Pratt, Russ</style></author></authors></contributors><titles><title><style face="normal" font="default" size="100%">A therapeutic treatment model for sexually abusive behaviours in Victoria Australia: What does treatment look like?</style></title><secondary-title><style face="normal" font="default" size="100%">Sexual Abuse in Australia and New Zealand</style></secondary-title></titles><periodical><full-title><style face="normal" font="default" size="100%">Sexual Abuse in Australia and New Zealand</style></full-title></periodical><pages><style face="normal" font="default" size="100%">20-30</style></pages><volume><style face="normal" font="default" size="100%">6</style></volume><number><style face="normal" font="default" size="100%">1</style></number><keywords><keyword><style face="normal" font="default" size="100%">Adolescents who sexually abuse</style></keyword><keyword><style face="normal" font="default" size="100%">Adolescents who sexually offend</style></keyword><keyword><style face="normal" font="default" size="100%">Victoria</style></keyword><keyword><style face="normal" font="default" size="100%">Treatment</style></keyword><keyword><style face="normal" font="default" size="100%">Therapy</style></keyword></keywords><dates><year><style face="normal" font="default" size="100%">2014</style></year></dates><abstract><style face="normal" font="default" size="100%">Over several decades, treatment models for adolescents exhibiting sexually abusive behaviours have shifted from adult &apos;top-down&apos; models to more developmentally appropriate ones. The overall aim of a developmental treatment model is cessation of sexually abusive behaviours by the youth learning to manage potential sexually abusive behaviours through greater understanding of emotions, better control over internal states and anxiety tolerance and reduction. In Victoria, Australia, a legislated therapeutic treatment system exists and this is described. Additionally, &quot;what happens&quot; in treatment and factors that support success, as well as those that potentially impede success, are discussed and a rationale provided as to why this treatment mode would be successful with the population of youth who sexually harm.</style></abstract><urls><pdf-urls><url>internal-pdf://4087323972/Pratt 2014 A Therapeutic Treatment Model.pdf</url></pdf-urls></urls></record><record><database name="NSCClibrary.enl" path="F:\NSCClibrary.enl">NSCClibrary.enl</database><source-app name="EndNote" version="17.1">EndNote</source-app><rec-number>4796</rec-number><foreign-keys><key app="EN" db-id="5s5ppfp52t55w0eadv7p5ss3vfxzs5fwwe5w">4796</key></foreign-keys><ref-type name="Government Document">46</ref-type><contributors><authors><author><style face="normal" font="default" size="100%">The STOP Adolescent Programme,</style></author></authors></contributors><titles><title><style face="normal" font="default" size="100%">The STOP Adolescent Programme Information Pack : Working to STOP sexual abuse for a safer community: working to STOP sexual abuse for a safer community</style></title></titles><pages><style face="normal" font="default" size="100%">17 pages</style></pages><keywords><keyword><style face="normal" font="default" size="100%">Adolescents</style></keyword><keyword><style face="normal" font="default" size="100%">Adolescent males</style></keyword><keyword><style face="normal" font="default" size="100%">Sexually Abusive Behaviour</style></keyword><keyword><style face="normal" font="default" size="100%">Families</style></keyword><keyword><style face="normal" font="default" size="100%">Safer Community</style></keyword></keywords><dates><year><style face="normal" font="default" size="100%">2000</style></year></dates><abstract><style face="normal" font="default" size="100%">The STOP Adolescent Programme was developed in 1992 and to date has provided intensive inervention for 200 young men and their families. The Programme started with two half time therapists in 1992 and now (2000) has ten therapy staff, one social worker and five contract therapists.</style></abstract><urls><pdf-urls><url>internal-pdf://1834135450/The STOP.pdf</url></pdf-urls></urls></record></records></xml>