<?xml version="1.0" encoding="UTF-8" ?><xml><records><record><database name="NSCClibrary.enl" path="F:\NSCClibrary.enl">NSCClibrary.enl</database><source-app name="EndNote" version="17.1">EndNote</source-app><rec-number>4827</rec-number><foreign-keys><key app="EN" db-id="5s5ppfp52t55w0eadv7p5ss3vfxzs5fwwe5w">4827</key></foreign-keys><ref-type name="Conference Proceedings">10</ref-type><contributors><authors><author><style face="normal" font="default" size="100%">The Victorian Offender Treatment Association,</style></author></authors></contributors><titles><title><style face="normal" font="default" size="100%">Sex Offender Programs: Successes, Dilemmas and Innovations</style></title><secondary-title><style face="normal" font="default" size="100%">2nd National Conference  - VOTA</style></secondary-title></titles><pages><style face="normal" font="default" size="100%">1-42</style></pages><keywords><keyword><style face="normal" font="default" size="100%">Sex offenders</style></keyword><keyword><style face="normal" font="default" size="100%">Adolescents</style></keyword><keyword><style face="normal" font="default" size="100%">Intervention</style></keyword><keyword><style face="normal" font="default" size="100%">National Conference</style></keyword></keywords><dates><year><style face="normal" font="default" size="100%">1999</style></year><pub-dates><date><style face="normal" font="default" size="100%">Thursday 6 to Saturday 8 May, 1999</style></date></pub-dates></dates><pub-location><style face="normal" font="default" size="100%">Carlton Crest Hotel, Melbourne, Australia</style></pub-location><publisher><style face="normal" font="default" size="100%">The Victorian Offender Support Agency (VOSA)</style></publisher><abstract><style face="normal" font="default" size="100%">Including conference agenda and abstracts of the 2nd National Conference - VOTA</style></abstract><urls><pdf-urls><url>internal-pdf://1672976422/SEX OFFENDER PROGRAMS.pdf</url></pdf-urls></urls><custom1><style face="normal" font="default" size="100%">Melbourne, Australia</style></custom1><custom2><style face="normal" font="default" size="100%">1999</style></custom2></record></records></xml>